name,corpus,text,date,region,category
1,birchbark,# (с) #остер# (села) #[и]ю ӏ ѳомѣ шло ӏ (дару ӏ п)озема трицать ӏ три бл(ѣ) [а] с лути(ѧнова села шло ӏ п)озема ӏ дару (по бѣл)кѣ а сменова села шло(ӏ по)зема ӏ д(ару) # блъ ӏ полоть а с #ина села шло ӏ поземаӏ дару ·м· блъ ӏ # (а с) #[ик]#ина села шло [ӏ] (позе)ма ӏ дару ·к· блъ ӏ шесть блъа с васильѥва с[е](ла ·)#(· бл)ъ а [с] #руньского села (шло ·)к· блъ дару а с овсѣѥва села шло ·к· блъ дару а шадрина села шло ·к· блъ дар(у с о)[с]ипова села ӏ позема ӏ дару шло ·м· блъ безъ дву с ошвина села шло (д)ару ·к· блъ у гаѳанова селашло ӏ позема ӏ дару ·л· блъ без дво а з бабинихъ (се)ла шло ӏ позема ӏ дару ·л· блъ(а с) # (села шло ӏ) позема ӏ дару шесть десѧтъ блъ ӏ полоть а хариѧнова се(ла шло дару) # (а с) #мохова села шло дару ·к· блъ а сменова стан[у] ӏѥву(шло) # (бѣ)[л]ка ѳомѣ ·д· каци солоду # [ѻ̈вс]а [·л·] кадець ·в· ка(ци) # (·) # (· ка)ци рж(и) #ружиного шло с# по бѣлкѣ,1380‒1400,Новгород,деловые записи
10,birchbark,есть градъ · межу нобомъ и землею а к ному еде посолъ безъ пути ·самъ нимъ везе грамоту непсану ·,1360‒1380,Новгород,литературные и фольклорные тексты
1000,birchbark,ѿ къѧса ї ѿ жироцька къ твьрдѧте ї къ їваноустова ти есве,1140‒1160 (с вероятным смещением назад),Новгород,письма
1001,birchbark,#а семоке алѧ по[с]леде не жѧлоуӏта оже вапродаженике поӏде,1140‒1160 (с вероятным смещением назад),Новгород,письма
1002,birchbark,# на чьлѧди [вь]вьричь не [п]лат[и]л[е]:е: на дьсѧте гривьно ѧ нꙑньково ѧли по коунь на ньдьлоу а нꙑнꙑ #,1140‒1160 (с вероятным смещением назад),Новгород,письма
1003,birchbark,# (оспо)жино дене лоубо#омоти#[е]#,1140‒1160 (с вероятным смещением назад),Новгород,фрагменты неопределенного содержания
1004,birchbark,+ ѿ лоукꙑ къ ѿтьцеви : то ти : не въдало наїмить ӏже томѧ везе:ль : на кожахъ вевѣрице : а продалъ ти есемоемоу на ѕ҃сти ногатъ сковородъ : то ти пълънѣ в҃е : а ӏдетьти во лодие съ товаромо воземи же ѫ него в҃е гривене : али ти сѧ ӏзмотаеть : а моловиво емоу поусти же ї во три+ ѿ лоуа то гоїмере аӏже то чьрени[г]ове со женоюне поменю їмѧа се ти ї҃ ре ьзаносо берестомо,1140‒1160 (с вероятным смещением назад),Новгород,письма
1005,birchbark,× ѿ лоукѣ: покланѧн[и](е ко оть)цьви : то ти вино съ лоук[о вь]з[л]а :в҃: а стьклѧниць ти л҃те :: а сама ти сѣдивь на лоуках[о] # (к)осогорѫ п[р]осѧ по пѧ[ти на] десѧте кѫнъ а изѫмѣла сѧ есвѣ : ѿ бьрьковьск[а] : [а] во[лоца](н)[о] #҃ #,1140‒1160 (с вероятным смещением назад),Новгород,письма
1006,birchbark,× ѿ лоукь грамота ко ѿтечьви то ти товозово осмь на десѧть коуно ӏ в҃ гривенѣ ӏ со провозомоа семоу водаӏ осмь ногато,1140‒1160 (с вероятным смещением назад),Новгород,письма
1007,birchbark,ѿ сновида грамота къ соулѧтѣ ѿшелѣ ти есме #седьла стрѣлъ скорене оуздѣ оти пътаеть коул#,1140‒1160 (с вероятным смещением назад),Новгород,письма
1009,birchbark,(ѿ) [лѫкꙑ и] отъ иванна къ сновидѫ сторова ти есвѣ ѫже ти сѧ есвѣ под[ъ](п)р[од]ала а товара ти есвѣгрьчьскаго не кѫпила а товарьча напꙑтаи заморьскаго,1140‒1160 (с вероятным смещением назад),Новгород,письма
101,birchbark,поклоно к огну к он# #гнь · не родилсѧ · а в ж# #зобити тои и се мот# # (по твое)му слову · а гну сѣи е гн#,1340‒1360,Новгород,письма
1011,birchbark,# (на) [иг]олахо поло пѧте резанѣ на ножѧхо пол# [дьвѧ]тѣ коунѣ : на ожерьлиѧхо поло шесть [к]#,1140‒1160 (с вероятным смещением назад),Новгород,деловые записи
1012,birchbark,(ѿ) # (покланѧ)[н]ие [:] к отьцеви сторово ти есм[ь :] а товар#ъ : а сам[ъ] ти ногатѣ коплѫ : [в]ꙑмьток#[:] (а) [къи] н[и е] # ко сновидо[ви] а самь ти грьц[ь]ника жидоу,1140‒1160 (с вероятным смещением назад),Новгород,письма
1014,birchbark,#[и]мь ти отъ зоу [ос]м[ию на] д[е]# (ко)[у]н[ахъ] а идеши къ соли а та#тъгꙑд[ъ]#,1140‒1160 (с вероятным смещением назад),Новгород,письма
1015,birchbark,# ѧк[ъ]ша с[оль]мирцоу · а коуплено ти по цетꙑри коун#,1140‒1160 (с вероятным смещением назад),Новгород,деловые записи
1016,birchbark,#стити радослава проче настави[д]еские въправи куне на немо,1240‒1260,Новгород,письма
1017,birchbark,дворъ продаи#на паробке в#покланѧни ѿ#лите детѧ п#,1240‒1260 (с вероятным смещением назад),Новгород,письма
102,birchbark,поклоно  #ѥси · велиле верше · имати · творѧце · ӏ виновати · ꙩдину · три коробѣ·ӏ оув ꙑванка · оузѧле · староста · ꙩлескандрова · погостабѣѥть · целомь · сто бꙑ ѥси · господине · ꙩкупиле · ӏ(хъ ӏ с)лово положиле · со мною · аже ти · # · ꙩкупити · ӏхъ · тꙑ ꙩтошли · #,1340‒1360,Новгород,письма
1020,birchbark,ѿ олькшѣ :· къ жѧдѣнꙋ : вере[ш]ь:въдае : оу хотъсла:ва ми бꙑло гривнвъзѧти : а творѧть и пеставивъшеа вꙑправита : коровꙋ : повѣдаю оу него :,1160‒1180 (с вероятным смещением вперёд),Новгород,письма
1021,birchbark,+ а заплачьно на бьль пло пѧта дьсѧть и двь ногать моѧ ·:·а борись заплатиль сороко гривно и :д҃: гривнь и пло шьсть куонь ·:· а бьль вохои :г҃: тꙑсѧчь и пло трьтиѧ сорочка бь#,1180‒1200 (с вероятным смещением назад),Новгород,деловые записи
1022,birchbark,[+ хс҃ъ] : въскрьсъмьртию на съмьрть настоупи сихаилъ англ҃ъ : сихаилъ англъсихаилъ анл҃ъ : проганѧеть тѧ г҃ь злаѧболѣзни трѧсавице,1160‒1180 (с вероятным смещением вперёд),Новгород,литературные и фольклорные тексты
1023,birchbark,+ уо стоють осталѣно сьмьно поло одинои на дьсѧть дьжь овьса ·:· а бобуо :з҃: мьро ·:··:· а горохуо пло пть мьрь ·:· а жита :ф҃: мьро ·:· а лнѧнаго сьмьни :з҃: мьрь ·:· а уо наслава уо поповича два бьрковьска соли а по дьсѧти кно ажь боль возмь а бьма алимьнь возмь а бьма ·:· уо ньжать уо хуодочьвича ·д҃: дьжь овьса на водмоль ·:· и рожи ньтьпьно пло стога стога :е҃: дьжь овса уо наслва бьз Вуо мьруо,1180‒1200 (с вероятным смещением назад),Новгород,деловые записи
1024,birchbark,+ а жита восьѧно ѿ с[т]авинь жи[то] #а трьтиѧѧ ѿ о[ль]кшь привьзьна : а :д҃:ѧ ѿ зуоѧ привьна#а вьса :д҃: дьжи ѿ ньжѧть привьзно : а ѿ #дьж#,1180‒1200 (с вероятным смещением назад),Новгород,деловые записи
1025,birchbark,#[чи] а #[тин]а своѧка а мати ти[зн]а[е]т[ь] и ѧкиме сь а къде ти пакъ покажеть #,1180‒1200 (с вероятным смещением назад),Новгород,письма
1026,birchbark,ѿ нежиле къ сьмъке · [се ес]# [де]ѧ#(о)[у] · а ѧзъпоѧле девъкоу твою · оли девъка · хрома · а в[е]зи ко[моеи] #отъ нежилекъ сьмъке,1160‒1180 (с вероятным смещением назад),Новгород,письма
1027,birchbark,# а жита ·ӏ҃· дь[ж]#уо стоють пло джь #,1180‒1200 (с вероятным смещением назад),Новгород,деловые записи
1029/980,birchbark,+ уо жирослава :ѕ҃:: уо муожа возѧль кадь : уо лазорѧ кадь :: уо иванка кдь уо попа :: уо ньсдь кдь :(уо) #тковье кадь : уо настасие :#҃: кад[ч]ь уо сьмьюнье кдь : уо коскинье :в҃: кади :: уо ньжи :д҃: кди,1180‒1200 (с вероятным смещением назад),Новгород,деловые записи
103,birchbark,покланѧ ѿ завида ко ѳ# #ѧ пожь возми коро[в]# #ги во [сь] грив[ь]н[о](у) #,1200‒1220,Новгород,письма
1030,birchbark,# [д]ьжь и пло т[рь]#дьжь а то во т[р]#,1180‒1200 (с вероятным смещением назад),Новгород,деловые записи
1031,birchbark,отъ нѣжька къ боудъкоу : цемоу дьрьжиши коунѣ а ѧ на то[бѣ е]млю [к]оун[ѣ]оу хотоурѣ еси казалъ атъ не въделе : съ гюръкъм[ъ еси] п[ри]сълалеа те не въдале ·ӏ҃·: грв҃нъ : лежить въ трет[ь] пар[об]ъкъ еси одь[р]ьнь въдале а нꙑнѣ сѧ вꙑпирае на пѧти грв҃нъ а п[ро]мꙑшлеито ли твоѧ бологодѣть мнѣ [ц]ьто ми соулиѧб#мъ[е]моу[х]отоупо[р]#намоуисемоусвомоу[сꙑн]#[в]#зальг#,1160‒1180 (с вероятным смещением вперёд),Новгород,письма
1032,birchbark,+ а сь на вомоль на ·к· лко бь сти #,1180‒1200 (с вероятным смещением назад),Новгород,деловые записи
1033,birchbark,а уо [ло]# (бьр)ковьскь уо стараголуобо :е҃: кно возми а лѧх ти зн[ае],1180‒1200 (с вероятным смещением назад),Новгород,письма
1034,birchbark,# пѧть на [д](вуо) пуодуо п:е҃: куоно [и г]рн[а]и ·в· вькшь #ць,1180‒1200 (с вероятным смещением назад),Новгород,деловые записи
1037,birchbark,а ѧкуонѧ жита пѧтьдьсѧ мьро и :в҃: мьркь,1180‒1200 (с вероятным смещением назад),Новгород,деловые записи
1039,birchbark,#[ѧ]но в(да)ль :ѳ҃: кно и двь :· а во м[оло]дищь :в҃: вдали,1180‒1200 (с вероятным смещением назад),Новгород,деловые записи
104,birchbark,# а землѧ [г](н҃)е самасѧ ꙩкупить твоимъ здоровиѥмъ,1360‒1380,Новгород,письма
1040,birchbark,+ а сь на :ѕ҃: пуодово :г҃: рьзнь и сроко,1180‒1200 (с вероятным смещением назад),Новгород,деловые записи
1045,birchbark,+ ѿ лоукѣ : и ѿ микоулѣ : къ сновидоу не коупила ти есевь ницего же : заволъцескаѧ бела :и҃: гривенъ : а възди на весть : какоу любо во бъръзѣ : ѫже бꙑховь дома : нъ роспоутие : и челоую вꙑ : домъкѣ [·д·ї·]коун[е] вꙑправить вевьриц : и семи гривенъ савь гюровицю присоунить до мене : творитьсѧ вонемъшиѿ л,1140‒1160 (с вероятным смещением назад),Новгород,письма
1046,birchbark,[+] отъ оуеца к[ъ] #съ#за#уфо#о#[л]ив[е]#езмѣнъ ати#наюв#туив#[о]ни бра своего понеже#жив#рати оу менебуде#[т]ибꙑ#на#мъи #али # моем#оми #о[и]#[ж]#,1140‒1160 (с вероятным смещением назад),Новгород,письма
1047,birchbark,+ ѿ дъмъка : къ сновидови попътаи оуѥча ѥ ли тоумои дълъженикъ : али ти ѥстѣ тоу а възѣми на нѣмѣдъвѣ гривенѣ : али ти ѥго нѣ тоу : а тако зе ми възъдаи,1100‒1120 (с вероятным смещением вперёд),Новгород,письма
1049,birchbark,#нъ ти отъда[мь] а [жи]#боуди а словѧто крьни ми#брѣ :в҃: коун[е] а,1100‒1120 (с вероятным смещением вперёд),Новгород,письма
105,birchbark,+ ѿ сьмъка къ коулотъкѣ ожето ѥси казале несъдѣ вѣверичь тихъ дѣлѧ коли то есиприходиле въ роус[ь] съ лазъ(в)къмъ тъгъдъ възѧле оумене лазъвке переѧслав[ь]лѣ,1160‒1180 (с вероятным смещением вперёд),Новгород,письма
1050,birchbark,о словѧтѣ грамота къ гюрьцеви вꙑведъ отрокъна микоулоу и на лѣшѧнъ възьми полъ питѣгрв҃нѣ славомире сьде не въда а есте прави авꙑведете отрокъ на славомиръ,1100‒1120 (с вероятным смещением вперёд),Новгород,письма
1051,birchbark,# (пов)[о]знико цетверете бор #ю и семь мордоко поло рꙋ(блѧ),1320‒1340 (с вероятным смещением назад или вперёд),Новгород,деловые записи
1053,birchbark,ѿ онос[а] покл(он)о · ко (да)нил(ѣ с)ꙑнꙋ м(ое)мꙋ при[ш]и м[и] сор#ю по(ло)тене(це)по(р)от(о)ки · [п]овод(о) сестр(ѣ) мое · п#пришли полотена · а бꙋдꙋ жив(о)заполацюсѧ,1320‒1340 (с вероятным смещением назад или вперёд),Новгород,письма
1054,birchbark,поклонъ ѿ митъ к луке ӏ ко ѳралю у лодиӏ ·в· беремене кожь ӏ коробиюѧ ӏ кругъ воскуӏ курово беремѧ кожь малое куре даӏ грѣвну ӏ ·г· кунъ#[о е]му полуторъ грѣ(вни) у кого грамота у тогополуторъ грѣвни,1260‒1280 (с вероятным смещением назад или вперёд),Новгород,письма
1055,birchbark,#[у]# на розва[ж]и · уличи · вдаи · кожюѡстафьи · деꙗкону · аꙗзъ с тобою ⁘ саме сѧ ведаю · кожѧ ми надобе,1260‒1280 (с вероятным смещением назад или вперёд),Новгород,письма
1056,birchbark,(д)анилово л(оукъшько) [л(оукъньце)](а) петрило ши(ле)л,1075‒1100,Новгород,ярлычки
1057,birchbark,на въдъмолѣ :г҃: десѧте гривьнъ и гивьна и :ӏ҃: коунъполъ осма съта : на съкроудоу полъ шестѣ гривьн[ѣ],1160‒1180,Новгород,деловые записи
1058,birchbark,ѿ содила ко радокоу мꙑсла#коуноу :в҃: гривен[е] #:в҃: гривене а оу #,1160‒1180 (с вероятным смещением вперёд),Новгород,письма
1059,birchbark,ѿ перьнѣга къ гълочаноу въземи почьстѣе ѧкъ тъ еси мъловиль съ мно въсади же и семълика кълико въземоу въдамъ ѧзъ,1160‒1180 (с вероятным смещением назад или вперёд),Новгород,письма
1060,birchbark,# (т)[и е]см[ъ р]о[т]е# (грам)[оту] посълалъ а тꙑ мъне не[присъ]л[е]ши кунъ сем[и] гривънъ и зї [резанъ] п[о]им[а]въ у мен[е] м[сч]ън[ое] (в)[ъда]ж[ъ] госпо(ж)и ·,1160‒1180 (с вероятным смещением назад или вперёд),Новгород,письма
1061,birchbark,# а попърътишь да боудь ни тобе ни мъне и целю та ·:,1160‒1180 (с вероятным смещением назад или вперёд),Новгород,письма
1062,birchbark,#ть [и] д[о] д[рож]#а нꙑнѣ на недѣлю хо[ч]емъ поити · н#,1120‒1140,Новгород,письма
1063,birchbark,#[д]#[ѧть] : оу пьтра поло пѧта дьсѧть : оу станѧтѣ [п]#са дьвѧть оу волохва шьсть [д]#сѧтъ оу сонови#[а] шьсть дьсѧто сигово : оу солого[в]#и дова дьсѧт#[рад]# [д]ьсѧть оу дан[ьш]#,1180‒1200,Новгород,деловые записи
1064,birchbark,#[а]# [гривна :]оу [:]о·лексе :д҃: коне :и: гривна [:]оу[:] #коуно ·и· гривна :оу: ѳларѧ :е҃: коуно #коуно ·и· [г]ривна :оу: теренет(еѧ :) # (:)#(: гри)[в]н[е] :оу с[т]епана :ӏ: коун# [а :]з: # п[о] #ила ⁞ михале :о:ретемеѧ : еваневасиле :о:сипе : вареге [:]онисиме лагине нестере,1260‒1280 (с вероятным смещением назад или вперёд),Новгород,деловые записи
1065,birchbark,#у [п]ос[а](д)и мѧ гне на лу(чѧ)ниновѣ · мѣстѣ #,1380‒1400 (с вероятным смещением назад или вперёд),Новгород,письма
1066,birchbark,внуцат[ꙑ] а мнѣ ть и моимъ дѣтьмъ · ·в҃· со[х]у #та псать · и правда взѧть а будет[е] #т#,1340‒1360 (с вероятным смещением назад или вперёд),Новгород,официальные документы
1068,birchbark,#а#[ск]о#за д гривꙑ ӧс(мь десѧтъ кадьць жита) за трицѧть пѧтьнацѧть кадьць ӧвса за три грвꙑ по[л](ъ трет)[и]ѥ гривънꙑ оу тимошки цьтꙑрь катци ржиза дви гривнꙑ оу дитьи на берези кожю за полъ гривнꙑ полотна десѧть локотъ холоста веретищь за полъ гривнꙑ пѧть ӧвцино мѧтꙑхъ,1340‒1360 (с вероятным смещением назад или вперёд),Новгород,официальные документы
107,birchbark,# ож[ь] хоцьши поит(и) #цьто ти товара во роукахо #,1180‒1200,Новгород,письма
1070,birchbark,ю # #[н]е# #поудоу · а тоби · [м]#бье · целомо · ѳо[м]#ороудие · с то#ю,1300‒1320,Новгород,письма
1072,birchbark,степанова полутори илие поло гривнꙑ тимощи поло гривнꙑ полутори лисею василюсьмницѧ ꙋшку семницѧ вхогод҃: золотнко и дви серебра,1200‒1220 (с вероятным смещением назад),Новгород,деловые записи
1073,birchbark,ѿ гаврили ко канадратоупоиди симо,1260‒1280 (с вероятным смещением назад или вперёд),Новгород,письма
1074,birchbark,#ъ сꙑнъ [ви]#[к]а[к]о [и т]ы а нонь ѡсп# # #мѣ подаите #,1380‒1400 (с вероятным смещением назад или вперёд),Новгород,письма
1075,birchbark,а оуфомки взмиполтиноу ӏ ·коуниприказъ ѿ ю(рьѧ) # (к она)ни·ӏ т за т #идоую · ӏ · про[м](ꙑсли) #сака к с #ъ полтин #дахта #прода #,1380‒1400 (с вероятным смещением назад или вперёд),Новгород,письма
1076,birchbark,поклонъ ѡсподину ѧкову и ивану ѿ сирътъ что ѥси ꙩс[по](д)[и](не пожаловалъ)(л)[они р]убльмо насъ тъто рубль не дошелъ[д]о насъ в[ъ]с[пр]о[с]и ѡсподине #,1340‒1360 (с вероятным смещением вперёд),Новгород,письма
1077,birchbark,во имѧ ꙩца · и сн҃а · и сгто дха · се азъ рабъ б҃и · афанасъ пишюрукописаниѥ · при своѥмь животѣ · приказꙑваю животъ свои · сн҃у · своѥму · ꙩндрѣю · взѧти ми · оу ꙩафоносаоу дьꙗка оу кузмодемьꙗньско · полъ шести коробьиржи · оу конища полъ четверти кобьи ржи да ет· ꙩвсѧ · оув онисимка оу шадрина ·ѕ҃· коробе ржи · оу степанкаоу комарова коробьꙗ ржи · оу логꙑновꙑхъ дѣт· оу кудринихъ коробьꙗ · ржи · оу коста полъ гривни да ногата : оу зѧтѧ оу ѥрмолѣ полтѣнакоробьꙗ оу дыда шюба бара[н] · оу грѣшкѣ оу комара·з҃· к[о](робеи ржи) # полт[ѣ]ну а друга за мною,1380‒1400 (с вероятным смещением назад или вперёд),Новгород,официальные документы
1078,birchbark,(во имѧ) [ѡ]ц҃а ӏ съ҃на ӏ св҃ѧ[т]о(го дх҃а) #ѳн,1380‒1400 (с вероятным смещением назад или вперёд),Новгород,официальные документы
1079,birchbark,поклонъ · ѿ смена и ѿ ѥго дѣтеи · и ѿ моисиѧ · к михию · и к федору · и к несифу · и к нюрню · пошлите · позовникъ · по вицка · и по иванца по дроздова · и по ꙩнцифорова · ивана,1380‒1400 (с вероятным смещением назад или вперёд),Новгород,письма
108,birchbark,# дьсѧть#цьту увовъзь п[ь]шьно ти у дьвѧти гривь(но) #чь и кльтище у гривьнь у сумь двь гривьнькор[о]токꙑхо мородоко,1200‒1220,Новгород,деловые записи
1081,birchbark,# (с)[оц]кли [ӏ] # у ѡлькси ·з҃ӏ· бьлъ у вилива#ото в лембъви бьла у дмитра# ув ънъдрьѧ,1320‒1340,Новгород,деловые записи
1082,birchbark,уов ортимие уо посака три берековесеке,1320‒1340 (с вероятным смещением вперёд),Новгород,деловые записи
1083,birchbark,+ ѿ радила къ радонѣгоу дѣлаи цепи дъвои обои ладьнѣ не моутѧ мѣди розвѣсѧ намъ ти пожигати добрѣ нꙑнѣ къ свѧтъкоу двьръдо,1180‒1200 (с вероятным смещением вперёд),Новгород,письма
1084,birchbark,# марка ·з҃· бьлъ#[л]ици ·д҃· бьли#ла · у павшици#или бьла у [р]а#,1320‒1340,Новгород,деловые записи
1086,birchbark,# (пше)нкѣ сѣмо : кадь · а толока · гоши[ти] # (св)[ѧ]т[окъ],1340‒1360,Новгород,письма
1087,birchbark,+ ѿлькъшь къ дьмьѧнъкоу какъ ты за мъною творишь коун[о](у) #за въноухъцью ти :ѳ: коунъ показаль ти данило ем#възьми жь на нь въ трьть а ѧзъ ти с[ъ з]#[на]#внь дъвь гривнѣ а въноухъцѧ бьжѧл#ѧвлѧѧсѧ,1140‒1160 (с вероятным смещением назад),Новгород,письма
1088,birchbark,# (съ бр)атомокоснотини : съдила не сережере матие геще вълъдеславе лареене ме:кесереге (г)ри[г]а ѳедоре со братею борисе съ братомо сепоне оленьцеѳедере сънъмн съмене съ братъмъ,1200‒1220 (с вероятным смещением назад или вперёд),Новгород,деловые записи
1089,birchbark,[м]ного сгрѣших[ъ][ст]уфхѿѻцчшъ[ѣ]#[мо]на у насъ [ӏ]м[утъ] #ру# #ѻм[у]#,1360‒1380 (с вероятным смещением назад или вперёд),Новгород,varia
109,birchbark,грамота : ѡтъ жизномира : къ микоуле :коупилъ еси : робоу : плъскове : а нꙑне мѧ :въ томъ : ѧла кънѧгꙑни : а нꙑне сѧ дроужина : по мѧ пороучила : а нꙑнека : посъли къ томоу : моужеви : грамотоу : елиоу него роба : а се ти хочоу : коне коупивъ : и кънѧжъ моужъ въсадивъ : та на съводꙑ : а тꙑ атче еси не възалъ коунъ :техъ : а не емли : ничъто же оу него :,1100‒1120,Новгород,письма
1090,birchbark,#[у?] при[с]ли #ти есмь попоу о[т]#,1180‒1200,Новгород,письма
1091,birchbark,¦ ѧнока ¦ мацеха ¦ ѧкиме+ ѳома ¦ стш жена ¦ м#[х]а ¦ мати мику[ла] ¦,1180‒1200 (с вероятным смещением вперёд),Новгород,деловые записи
1092,birchbark,цто ходилъ пѣшь чл҃в#и соболинъ · ѡ[да]#кнѧжъ кост#н#,1320‒1340,Новгород,официальные документы
1093,birchbark,# любо · полтину # #кланѧець своему ѻс(подину) #,1380‒1400 (с вероятным смещением вперёд),Новгород,письма
1094,birchbark,челобѣтьѥ ѿ волоса ги҃ну к ъфоносу и къ михалѣ · первоѥ · оубѣле сꙑна моѥго · а нꙑноцо вамѥне · васѣлъке · и ѥска · а нꙑнь · ги҃не · ꙩт томъ пецалтесь · а ѥще на мене похупаѥтсѧ,1380‒1400 (с вероятным смещением вперёд),Новгород,письма
1095,birchbark,#[ома] а н[е ѻ̈]купаѥ# худо буде а на то у# (дѣ)теи и своихъ хоромо#не у те[бе ѻ̈]#,1380‒1400 (с вероятным смещением вперёд),Новгород,письма
1096,birchbark,поклонъ ѿ климентѣꙗ ӏ ѿ марьӏкъ п[ѧ]тк[у къ] оп[ар]ин[у] а# ӏване #,1380‒1400 (с вероятным смещением вперёд),Новгород,письма
1097,birchbark,ѿ миханла поклоно к офоносу и к теретнию ѡсподине пост[о]ить в орюдии томъ за родника моѥго теретиѧ и за братана ѥго а цто буть имъ надоби а то им ꙑ дать,1360‒1380 (с вероятным смещением вперёд),Новгород,письма
1098,birchbark,поклонъ ѿ тереньтеѧ к онътону и к моӏсиюоуж[ь] к вамъ шлю третьюю грамоту а вꙑко мни не пришлете накладьного серебра ни рꙑбъ нꙑни не пришлетек недили накладъного серебра нирꙑбъ ӏ слат[ь] ми по васъ [би]рици а на ме сѧ не жальте,1360‒1380,Новгород,письма
1099,birchbark,поклоно ѿ смена к офоносуи ѿ мортки к осподину · моѥмуцто половники · посажени · твоскииа нꙑни · постои за нихъ,1360‒1380 (с вероятным смещением назад или вперёд),Новгород,письма
11,birchbark,поклонъ ѿ смешка фоми цо оставиле воць козе у ми[к]и[шк]а дан[и]лку далъ каз(анъ),1430‒1450,Новгород,письма
1101,birchbark,иванко кузминъ далъ рбльу ѡртемьѧ взѧтъ рбль · шюстъс федкомъ далъ рбль · сава съпритꙑкою далъ рбль июдадалъ рубль самсонъ далъ · рбл[ь]микула далъ полътину · федъркобъшаровъ плтину далъ · ꙩсипъмшилъво плтину далъкукла далъ рубль · минка кулотинъ зарубою рубль дал[ъ]деньсеи · ѻлисѣи рубль далиабвгдежѕзиӏк,1340‒1360,Новгород,деловые записи
1102,birchbark,поклоно ѿ лукерии ки макти коли[в]ка ѡстави ѧ рубили свои возми а потину пришликланисѧ про потиноу сварити а це ремиѧприди сама симо слю ти бижалюбо сесрупришли хои,1340‒1360 (с вероятным смещением вперёд),Новгород,письма
1103,birchbark,#мъ мистакоу добриноу#д[ьни]коу задѣ,1160‒1180 (с вероятным смещением назад или вперёд),Новгород,письма
1105,birchbark,се ѿ соуботъкѣ къ гюрѣ се еси прода(ле)дѣтѧ мое а нꙑнѣ веди с[ѣ]мо налѣз[ъ]не налѣзеши ли ни приведеши къ мънѣа ѧзъ хоцоу къ кнѧзоу на тѧ,1160‒1180 (с вероятным смещением назад или вперёд),Новгород,письма
1106,birchbark,#[и пѧти гривь]но [п]о[пѫ] #[к]#[а]#шь а промъсли а ѧзъ ти шьль смольньскѫ : а ѫ ло# (ко)[ж]ѫхѣ на городищи а ѫ лѫкѣ ѫ бирицьвичѧ възь(ми),1160‒1180 (с вероятным смещением назад или вперёд),Новгород,письма
1107,birchbark,#ѥго гдѣ б[уд]#не покощено : ѻди[н]#,1360‒1380,Новгород,деловые записи
1108,birchbark,# [грив]но а самомуо творѧ[х]уо [в]о ньдьл[уо] # (во)[зидь в]о нь[дьл]уо ти + ко ньмуо едуо а уо бориса ти :ѕ҃:[с]ти тои гривьно нь лап[ь] в[озѧти] а из#[ти о] нь[мо] а восол[и]та# (п)[рисл]а[в]о [ти из г]орода стоѧничь фома# [бьрьг]уо [а х]арѧ на молодогь сокриль поло чьтвьрть на дьсѧть куонь,1160‒1180 (с вероятным смещением вперёд),Новгород,письма
1109,birchbark,# (де)жѧ у радошка пѧть деже рожи · жита дежѧ ꙩвса дежѧ пшеници зобница · у пѧнтелеѧ · пѧть деже рожи · ꙩвса полотретиӏ дежи жита ·в· дежи · ӏ зобница семени зобница· пшеници · зобница у ꙩфоноса рожи дежѧ ꙩвса · лонеского три дежи · у жихна · поло шестꙑ дежи рожи · ꙩвса пѧ·ть· горох[у]три зобници · пшеници · поло дежи у ꙩхна · полоутори · дижи · рожи ·у зубка пѧте деже ꙩвса · жита пѧ зобниче,1340‒1360 (с вероятным смещением вперёд),Новгород,деловые записи
111,birchbark,#авита сама на своемо ·ӏ· с#,1240‒1260,Новгород,письма
1110,birchbark,отъ рощенѣ къ ѧкимоу: крьнь кожоухъ гривьною : и цетꙑри ожьрелиѧ паволоцита въда иваноу нѣгодорожицоу а : коунѣ ти въ лодие боудѫть,1160‒1180 (с вероятным смещением назад или вперёд),Новгород,письма
1112,birchbark,#все#сѧ кто пьри а съць[тъ о]#въ треть до мене : оу домаслав#ѧ : #,1140‒1160,Новгород,письма
1113,birchbark,[ѿ и]ванка и ѿ мирослав[ѣ] къ иванкоу и къ #ѣ покланѧниестворита добро : моѧ падцерица : на радѧтинѣ оулицеа мълвита : посли вороже : цужу хълъстиноу : мнѣ нꙑнѣ : платити :и:҃ӏ: коунъ : а тъщѣ : роукѣ : а оно ти еси вꙑлгала оу иванка гривноу : а на то : любо си золотникъ : присли полѣпѣ : цемоу тобѣ тако дѣѧти не ослоушаи же сѧ : посли въ бързѣ,1180‒1200,Новгород,письма
1114,birchbark,# (·)[з](·) на ·ӏ·[сть л]оу[к]ън(ъ)жицемъ на соукънѣхъа жеребъка не продаите,1120‒1140,Новгород,письма
1116,birchbark,#къновидоу продаже то ти в(ъ) # не даи же скота никомоу[ж](е) #же то ти въ въръвонѣ#,1120‒1140 (с вероятным смещением вперёд),Новгород,письма
1117,birchbark,демен[тѣ]·и ꙗково илеꙗ · захареꙗ туфтѣибалинꙑ,1280‒1300 (с вероятным смещением вперёд),Новгород,деловые записи
1118,birchbark,на ть взѧлѣ с лазоремъ другъ полъ семѣ бѣлѣ оу боткова сꙑна :з:бѣлъ оув олекси полъ семѣ бѣлѣ оув обакши :ѕ: бѣлъоу дороѳѣѧ гривна оу нездилѣ на дву :г:ӏ:#[г]омъ шест[ь] бѣлъ #,1280‒1300 (с вероятным смещением вперёд),Новгород,деловые записи
112,birchbark,(ѿ) #а : ко : ѳлароу : [се : е:с]и : поѧле : и:споло:вницоу : мо:ю : те:ли:цоу : вода(е ко)[р](о)во(у) со : пле:ме:не:мо и:ли : ти : тѧ:жа : а по:е:ди : во го:родо :хонѧ : же:на · то:е : грамоте : гос:подꙑ:ни,1200‒1220 (с вероятным смещением вперёд),Новгород,письма
1120,birchbark,# [н]а къ или не съли отрока шъле # лони товаръ[ц]а [възло]жити на [мѧ] #,1120‒1140 (с вероятным смещением назад или вперёд),Новгород,письма
1121,birchbark,# [: и ѧ]з[ъ] крале бебрꙑ : про дан[ь] :и: грн҃ве :въ беб[ръ]хъ : а се крали :[к]: мѣ[х]ъ ѫ мило# #мъ тать въ(грв)[н҃оу] .:,1120‒1140 (с вероятным смещением назад),Новгород,официальные документы
1122/1123,birchbark,прокопью · на єсипи на васильєвиснꙑ · полъ четворта рублѧ · на черницини оулици · на илинархи и на єгобрати на ивани на ивлелихъдитехъ · три рублина костьки · на ѻнаньини дви гривни · далубъ соли · па[т]ерикеда два полти · на пугвици · на є̈и дѣтехъ ·полтина · да коробьꙗ ржи · на ѻсташкина єго дѣтехъ · полтина#к(на м)а[кс]имкови б[ра](т)иполторꙑ гривнꙑ кунъна сести на м[о]є[и] на ꙩвдотьи · полтина (· а) [прик]азꙑваю зѧтю своєму мартушу · на є̈нини женина мавури · полтори гривни полъ третьи гривнꙑ ⁘,1420‒1430 (с вероятным смещением назад или вперёд),Новгород,официальные документы
1124,birchbark,# (·)ѕ· семниць кон#а на городищи ·г҃· бѣлк# # (зѧ)темъ родиваномъ #[о]ва оу кожевника оу # (по)лтиною брата ево #,1380‒1400 (с вероятным смещением назад или вперёд),Новгород,деловые записи
1125,birchbark,поклонъ ѿ е[в]ана к# #ду цто с литошни[м]# #[ть]#ни не мо[л]#,1380‒1400 (с вероятным смещением вперёд),Новгород,письма
1126,birchbark,ꙩспод(ину)# (ти)моѳи# #ови а ин#ни а # (н)адобь и тꙑ [ѿ]#ина #ка къ мни правити т#ни в землу не поиду а са(м)#а не хошь какъ тоби лу(бо) #иби попецаловалесе б#це по дви наца билки [к]# да шатришко пришли,1380‒1400,Новгород,письма
1127,birchbark,при(казъ)#те п[о]#ину ѡ#у куд#коле#ю а ш#рова#ржи оу#ъ мѣ#а мѣр#авге#ь ип#,1380‒1400 (с вероятным смещением вперёд),Новгород,письма
1128,birchbark,#землю · и ѡв#ньскѣи · бер#оудную воду#дити · а проу#рить · поистин#[аѥть · а] на то р#,1320‒1340 (с вероятным смещением вперёд),Новгород,письма
1129,birchbark,блгословльниѥ · и покл(онъ) #далъ · пожню · мни #ви (дит)[и] · коунꙑ · носѧ(ть) # (по)[ж]нѧ лежить · а коу(нꙑ во)з# #ни · пришли ми ·# # мои · ·в҃· грв҃ни · и ꙗзъ · возмоу оу #[р]#вꙑхъ · дитьи# #ни · или не пришльши · ·в· грв҃нѣ [пен]ѧ · оуцинитсѧ ·# # (вѣ)даѥши .:.,1340‒1360 (с вероятным смещением назад),Новгород,письма
113,birchbark,ѿ чьрьнѣка къ лоудьславоу въдае бѣст[ръ]#далъ еси то дъва лѣта а въдае [си]#,1160‒1180 (с вероятным смещением вперёд),Новгород,письма
1130,birchbark,се посла и[ва](н)# #ру ѡсетрину ·[к҃·] [х](ре)[бтовъ безъ] · ѡдного с филипо(мъ съ) # (и съ) #[тко]мъ со ѡлисѣѥвꙑмъ,1320‒1340 (с вероятным смещением вперёд),Новгород,деловые записи
1131,birchbark,поклонъ ѿ юриѧ ѿ жидилова ко ѡлеѯсанду жидиколосакажипаганнананоланажаасовосаюжо[кака]сакакасасꙋсакун[н]анаканаакасахогасокосиа[к]оноасаанаасававо,1320‒1340 (с вероятным смещением вперёд),Новгород,varia
1132,birchbark,# [фили]пова двора да цто бꙑ еси господи(не) #лилесь ци поидеть рать за волокъ цто бꙑ вѣстка бꙑла напс(ана бл‐)устисе ль намъ рати ци не блустись азъ тобѣ своему годину цело[м](ъ бью),1360‒1380 (с вероятным смещением назад или вперёд),Новгород,письма
1133,birchbark,(ѿ ст)епана къ # [в]хо т[в](ое) #(к)уно(ӏ с)ѣроӏ #ушковꙑхъ дѣтеӏ оу]#[з]#[ѿ]реӏ # (на паре)[н]ину ꙩрешь,1340‒1360,Новгород,письма
1137,birchbark,# #ли гнь ∙ татѧ ∙ над #арин[овꙑ]# #скомъ ∙ ӏ пьрьмчали гн҃ь за робьжь до хоту[нѧ ӏ н]ѣ гн҃ь ∙ ети ӏхъ да татѧ оу [н]и вꙑнѧли рькшь на порукуано силою да [с]рокъ оучинили в суботу (с)тати ӏмоӏ нѣ гн҃ь ∙ прискочи ко мнѣ [ӏ] #ю крьсть[цн](ую) #,1400‒1410,Новгород,письма
1138,birchbark,ѿ селефо∙нта ∙ къ ∙ спиркучто ∙ ѥси ∙ запо∙вѣдалъ ∙ с по∙лу рублѧ чему ∙ еси неприслалъ,1320‒1340 (с вероятным смещением назад),Новгород,письма
1139,birchbark,отъ къснѧтина къ пькѣ : се въдале еси гюрѧтѣ :е҃: сорочькъа гюрѧта оу мене възѧле :е҃: сороцькъ : а възьми тамо оу гюрѧтѣ тꙑ а ѧзъ хоцю оу тебе възѧти,1100‒1120,Новгород,официальные документы // письма
114,birchbark,+ ѿ богош ко оуикеводаи гривеноу истуо,1200‒1220,Новгород,письма
1140,birchbark,# #[к]# [голод]е ни [в]о л[ь]с[ь] лова а нꙑньча намо н[ь] со чимо его [бꙑ]ло пꙋсти(ти) #,1180‒1200 (с вероятным смещением вперёд),Новгород,письма
1142,birchbark,# [ѡмъ сл]# (гр)амотѣ и вз#(н)а посулехъ уведаш(асѧ)#и а по семъ #удьѣ ниц#,1400‒1410 (с вероятным смещением назад или вперёд),Новгород,официальные документы
1143,birchbark,#животъ и павле м[ѣх]# #съ двора не сварись и гу#сѧ да павла за в#,1400‒1410 (с вероятным смещением назад или вперёд),Новгород,официальные документы // письма
1144,birchbark,отъ борицк грамота къ доброши на коликѣ хоцеши въдати отрокъа въспиши ми грамота,1160‒1180 (с вероятным смещением назад),Новгород,письма
1145,birchbark,# иванович пан[ѣи] #и здѣсе изꙑмал #,1420‒1430 (с вероятным смещением назад или вперёд),Новгород,письма
1146,birchbark,# (кор)(об)[иӏ] ржи на петрѣ на [в](аси)левѣ на велицковѣ ру[бль]на смонкѣ на захарьӏнѣ [за]мхомъ полътора рублѧ на наумѣ на курилови полътора рублѧ на молвот[и](цехъ),1420‒1430 (с вероятным смещением назад или вперёд),Новгород,деловые записи
1147,birchbark,#даӏ ѥго [∙] фофану ∙ а цимъ ∙ ѥсмь ∙ тобивиновате ∙ пол[ъ] шести (∙) семници ∙ а то тебе ∙ буде ∙ а [к] тоби ∙ цоло бию ∙:∙,1420‒1430 (с вероятным смещением назад или вперёд),Новгород,письма
1148,birchbark,серькию ∙ лосось ∙ юрью лосось [мику]линьскому лосось лазорю коробоцка ӏкри да торпица зехънуторпицѧ да сухꙑхъ ∙ да федору торпицѧ церници лосось ∙ степаниди лосось ∙ сторожю смену лосось,1420‒1430 (с вероятным смещением назад или вперёд),Новгород,деловые записи
1149,birchbark,# [на]д[ъ п](е)[ць]к[о]# # (де)[ньг]и за дверьми а вхо[ӏ] клани(сѧ) #а у павла в шурина своего возми полътора #,1420‒1430 (с вероятным смещением назад),Новгород,письма
115,birchbark,+ ѿ прокошь къ ньстьроу шьсть гр[и]#плати а вире не плати а домит#зь на плотъ а жироць#льи#,1180‒1200,Новгород,письма
1150,birchbark,[ꙋ] фелара чаша . ꙋ брата его [ч]#,1180‒1200 (с вероятным смещением назад или вперёд),Новгород,деловые записи
1151,birchbark,+ ѡ : волиле ко ста[в](орови по)шеле есте из города (коуно не)водавоше а вамо б(ꙑло вода)ти коу во [г](о)[роде да] #ваше с#мне коун# #коуне : во#,1160‒1180 (с вероятным смещением назад или вперёд),Новгород,письма
1152,birchbark,оу торопьчанина на довоу во[з]оу по п[ѧти] поу[дово] и по три бь[р]ьк[овьск]# #оч[ьк]# #,1160‒1180 (с вероятным смещением назад или вперёд),Новгород,деловые записи // официальные документы
1153,birchbark,поклоно ѿ женꙑ ко борисоу боу[ди] семо (ко)зарокоу на воздвижение ажь тꙑ не боуши [си]жоноу ӏ дети кнѧжь поӏмало а вꙑроуцило не зѧт#ӏ лазаре ӏ глебо ӏ зароко оуцинили боуди сьм[о]ӏли не а кнѧже молви тако ѧ срѧжю а оуме[н]ша,1260‒1280 (с вероятным смещением назад),Новгород,письма
1155,birchbark,# а намъ ꙩспо[д]ене дать силѣ нѣтъ . а# (сво)[е]му ꙩсподарю мно[г]о целомь бь[ѥ](мъ),1420‒1430 (с вероятным смещением назад или вперёд),Новгород,письма
1156,birchbark,#о . ӏ тꙑ ꙩ томо попецалуӏ . веди# [цто д]оспиѥц протор(ово) . в томо,1400‒1410 (с вероятным смещением назад),Новгород,письма
1157,birchbark,ꙋ ходжировѣи ⋮в⋮ глазнѣча ꙋ спиридановѣи ⋮в⋮ локти непрѣ ꙋ прокшѣ со михѣеме ¦в¦ипередкѣ,1240‒1260 (с вероятным смещением вперёд),Новгород,деловые записи
1158,birchbark,(п)рик[а](з)о [ѿ] ꙩнуѳр(иѧ к) #тру понабол[ьс](ѧ) # #[є]ди жь [ꙩ] вели по#пшьници тоби,1380‒1400 (с вероятным смещением назад),Новгород,письма
1159,birchbark,#[л]ому [го]роду [и] капусту# [н]а то послухо,1400‒1410,Новгород,официальные документы
1162,birchbark,# [ꙋ н]асо неможете микула# (б)[у]демо ꙋ тебе на поли в#адꙑ т[в]#,1280‒1300 (с вероятным смещением вперёд),Новгород,письма
1163,birchbark,поклоне ѿ ꙩндреꙗ · к ѥва · и к микифору про · [с](е)[ре]бро · ѡкупи · ꙩсподине · насъ · сере[б](р)о (твоѥ) [н]е погинеть · а ꙗзъ · тоб(ѣ чело бию),1300‒1320 (с вероятным смещением вперёд),Новгород,письма
1164,birchbark,ѿ родивана до луки ·ӏ҃· ѿ матфиѧ до колинца ·ӏ҃· ·ѿ пѧнтелиꙗ̈ · до курьѥго ӏ҃ : ѿ курьѥго · до перькола ·ӏ҃ :ѿ перекола до ӥлиӥ ст҃ого ӏ҃· ѿ ӥлиӥ ст҃го · до вожанъ · ӏ҃·ѿ вожанъ до федорова села житкого ·ӏ҃·,1340‒1360,Новгород,деловые записи
1165,birchbark,ув ов[си]ꙗ [це](тве)[рк](а) [рж](и) #три цетверки ржи у степка у # (т)ри цетверки ржи у п[авл]овꙑх[ъ] # (т)ри ц[е]тверки ржи у федора (у) # (д)ви коробьѥ ржи ув ꙑгна[т](а цетвер)ка ржи у п#[п]# [це](тверка ржи),1450‒1500 (с вероятным смещением вперёд),Новгород,деловые записи
1166,birchbark,#пѧн[е]тьлиѥваѧ ѡсипо[в]а(ѧ) #[оуха]#,1300‒1320 (с вероятным смещением назад или вперёд),Новгород,фрагменты неопределенного содержания
1168,birchbark,# (дав)ꙑдъ парфинъ з братаномъ лука ванов,1360‒1380 (с вероятным смещением вперёд),Новгород,официальные документы
1169,birchbark,# детемъ · и ко ꙗкуновꙑмъ · детем(ъ · и ко иѥ)[л]имъ детемъ · и ко всимъ · помужьникамъ · и к(о всимъ)скотника · вамъ · ѡ̈ томъ · много · кланѧѥмсѧ [ѥ](же) #ѥстьчь · не ѥхале · занеже · кунъ · у насъ (нету ни иного)[цего] а мꙑ #,1360‒1380 (с вероятным смещением назад или вперёд),Новгород,письма
117,birchbark,ѿ стьпана ко иванокоу [д]овь#,1160‒1180,Новгород,письма
1170,birchbark,# #ръ рьце сеи си#педъ боѧрꙑ не вѧзанъ ѥсмь ни # #лъ ѡже не битъ а реклъ тако ꙗ# #не в городъ и дорѧд# #цевъ #,1380‒1400,Новгород,официальные документы
1171,birchbark,гж҃е · анѣ целомъ бие · труха · и хрт҃нѣ · броцкии ·· и гн҃у · ѻ·ндрѣю и · ѻ·лександру · ѻ·сподо изъбижени есмѧ · ѻт · степанца · ѻт · посадница · изима·въ кондратка · взѧлъна немъ · # (а на ѻ)[нуфр]ѣикѣ ·г· рубриро#,1420‒1430 (с вероятным смещением назад),Новгород,письма
1172,birchbark,+ ѿ тоудора к алѣкъши продае шидоу [в]#идеть ти монаго,1180‒1200,Новгород,письма
118,birchbark,(+ ѿ прокош)[ь] къ нестьроу не е(мли гри)[в]ьне [ꙋ] о[л]ькоше дьре# ѧзъ възѧль[т]о али еси въ(зѧ)ль [а вор]отихотѧть в[ъ]# (въ)зѧ[т]и,1180‒1200,Новгород,письма
119,birchbark,отъ рознѣга въдале есмь гюрьгевицоу без девѧти коунъ :в҃: гривьнѣ възьмъши въдаже прочь людьмъ,1120‒1140 (с вероятным смещением назад),Новгород,письма
120,birchbark,ѿ ѧкима къ нестьруовъдаи вѣкъшуо,1100‒1120,Новгород,письма
121,birchbark,[т]оу на соудила ти#[и ·з·ӏ·] #въдадѧть ти ю до#,1100‒1120,Новгород,фрагменты неопределенного содержания
122,birchbark,слово добро ѿ ѥсифа брату фомѣне забудь льва ѻ позъвѣ дѻрьжиа позъвале родиване падиногинеа иноѥ все добро здорово а тъ то помъни,1410‒1420 (с вероятным смещением назад или вперёд),Новгород,письма
123,birchbark,(г)рамота ѿ чр#дѧтѣ [ꙋ] ко[г](о) # [а] повѣ(ж)ь ми # (ѧ)зъ вѣд[а]ю а [п]# (мъ)нѣ грамотꙋ #[н]е [п]ьс[ъ],1050‒1075,Новгород,письма
124,birchbark,пришлите ми · паробокоборана · или ꙋдꙋ · мнѣ сѧне можетсѧ · а лодку даипавлꙋ · соболецеву · изо нама,1400‒1410,Новгород,письма
125,birchbark,поклонъ · ѿ маринѣ · къ сн҃у · к моѥмугригорью купи ми · зѣндѧнцю · добр·у · а кунꙑ ꙗзъ · дала · дв҃ду · прибꙑшѣ · и тꙑ чадо · издѣи · при собѣ · да привези · сѣмо ·,1400‒1410,Новгород,письма
126,birchbark,сино · мики·тино · лашене · стинково,1400‒1410,Новгород,ярлычки
128,birchbark,#чаємъ #дв҃о · всѧка · слава · тобѣ ·лѣпо · дв҃о · пѣс · всѧка ·дх҃внаѧ · то[бѣ] (·) [лѣ]по (·)#щимъ · и грѣховъ · избавлѧющес · тѧ величаємъ ·сущую · мт҃рь · сн҃а · би҃ѧ ·#млть · пребгатую · и долговъ · избавлѧєши ·#чеше · свер#достоино · сдѣваємъ ·#,1380‒1400,Новгород,церковные тексты
129,birchbark,цолобитьѥ ѿ ѥсифа брату своѥму фомѣ цо бъ ѥси прислаль восъку да мъла да ꙩвьцини добро по шубѣ сошьѥмъ а п[уху] (зд)(ѣсѣ доб)у[д]емъда переслъшиваиѻ таньи цо бъ не блодила цого зрѧтолько поцьнепродавать тобѣи тъ у ѥи купи а юблу п[рова]дил[е] (ѥсмь)#ь а па(къ творѧ)ть виновату а иноѥвсе добро здоровоздѣсе,1410‒1420 (с вероятным смещением назад или вперёд),Новгород,письма
130,birchbark,у вигарѧ :к҃: локото хѣри безо локти у валита в кюлолакши :ӏ҃:д҃: локтихѣри у ваиваса у ваѧкшина :ӏ҃в҃: локти водмолу и поло третиѧ нацате локти хѣри у мѣлита в куролѣ :д҃: локти хѣри,1360‒1380 (с вероятным смещением назад или вперёд),Новгород,деловые записи
131,birchbark,цто бꙑло в пудоги празда ту празку сѣргиѣ взѧле изооѧтѣ закрою с проста  ѧ бꙑле о русалеѧхо в пудогѣ а цто про сѧмозерци хедꙑле есемо не платѧце а платѧце в томо цто про межи рѧду нѣту а нꙑне сѧмезерци в городѣ говорѣ с нѣми саме а ѧс тиосподине буду а ѧ борзо буду а нине есеме к тобѣ рибоко послалеа во шуѣ ни лидиѣ ни ловоу,1360‒1380,Новгород,письма
132,birchbark,# [ꙋ] ца[с]лава [ꙋ кꙋ]пре[ѧ]ница дви сер[ь]бра ꙋ лебека т[рои] н(ами)#,1320‒1340,Новгород,деловые записи
133,birchbark,поклоно ѿ григории к ос(подину мо)ѥмо ко смену послало [ѥ](см) # (с) #аномо со своимо су[к]ладн(икомо)кипу непрѣ :ѳ҃: сото и :г҃ в#вѣревки узкои а то далѣ [ӏз] (оди)н(о)го нацате рублѧ а (тꙑ о)[с]подине прод[а](и) при собѣ (а с)ереброк собѣ возми,1360‒1380 (с вероятным смещением назад или вперёд),Новгород,письма
134,birchbark,приказо ѿ григориѣ ко домонѣ ико репеху нарѧжѧ истебкуи клете а недана пошли во лугуко илину дн҃и,1360‒1380 (с вероятным смещением назад или вперёд),Новгород,письма
135,birchbark,целобѣтьѥ ѿ иѥва къ василью игнатьву цо ѥси посла дѣтину да сѣдла давꙑжлѧ по тому ѻпознавъ да ѻтадбѣли а цо бꙑло живота твоѥго и моѥгото все взѧли а самого смертью казнили а нонеце ѻсподин пецалесь дѣтьмѣ моими,1380‒1400 (с вероятным смещением вперёд),Новгород,письма
136,birchbark,се доконьцѧху мꙑсловѣ дѣтѣтруфане з братьею даватиоусповъ ·ꙅ҃· коробеи ржи да коробьѧ пшеници ·г· солоду · дару ·г· кунници · да пудъ меду · дѣтемъ · по бѣлки ·п· горсти лену ·боранъ оу новину,1360‒1380,Новгород,официальные документы
137,birchbark,# [н]а суд[ъ] · ӏ не ста филипець# (пос)лахомъ грамоту бесудну(ю) # (в)олод[ѣт]и [ӏ]мъ пожнею по#,1300‒1320,Новгород,официальные документы
138,birchbark,се азо рабо бж҃и селивьстро · напсахъ · роукописаниѥ · оу лоунькаполтина оу захарьи · полтина · оу алюѥвиць · полтина · оу коузмиць · оу ѻнисимова ·в҃· грв҃нѣ · оу смена · оу ѧколѧ · двои чепи · въ ·в҃· рꙋблѧ · съ хт҃мь · брони · во ·в҃· серебра · оу кюрика · оу тюлпина · семьдесѧто грв҃нъ · оу бориска · полоутора · роублѧ [и] оу петрѧица · бꙋмажнико · и корова · пороуцьнаѧ · оу селилѣ ·ӏ҃· грв҃нъ · оу слинька · шапка · въ ·г҃ӏ· грв҃нѣ · оу иваниса · ѧпкꙑто · оу федореца ·в҃· грв҃нѣ · оу [се]лекоуѥвица ·г҃· грв҃нѣ · оу григорьи · оу роготина ·в҃· роублѧ (и ·)#(·)грв҃нѣ,1300‒1320,Новгород,официальные документы
139,birchbark,ѿ аврама покланѧние ко в[ѧ]цькоу#,1260‒1280,Новгород,письма
14,birchbark,слово добро ѿ фомѣ к ѥсифу цто позвалъ тебе · сава здѣ су[ду] нѣт[ь],1420‒1430,Новгород,письма
140,birchbark,господинꙋ · сьменꙋ · марко целомо · бьѥть · ꙋпомни · цто · ѥсмь · платилъ · серебро · перьдо [· тобою ·] д[ав]ꙑд[ꙋ]а тогдꙑ ꙋлицанѣ · поминалѣ ·#,1320‒1340 (с вероятным смещением назад),Новгород,письма
141,birchbark,+ оу сидора · оу тадоуѧ · оу ладопги · положиле гри·шка · с костою а во тоболахо а гришки кожюхе · свита сороцица · шѧпка · а костина свита · сороцица · а тоболи костини · а сапоги костини · а дроуги:и : гришки·ни : а цто сѧ подите на мовозери приславъши възмете,1280‒1300 (с вероятным смещением назад),Новгород,официальные документы
142,birchbark,· ѿ есифа · к ънфиму · чтъ пришле ѿ маркь к тобѣ людии ѡ̈лькса · или къ жене мъѥи · ѿвѣцаи ѥму · такъ · какъ ѥси дъкънчалъ маркесъ мнъю · мнѣ вꙑѥхати на петръво дн҃е · к тобѣи росмътрити сьла своѥгъ · тъбѣ ръже свъѧ снѧтиа мнѣ накладꙑ твоѥ дати · а истина дана · а четъ · ѡмьшѣ пришлю · и вꙑ имъ къне мъи голубꙑи даите съ людми дате съхѣ не кладе · а не възме и вꙑ · во стадъ пустите педъ людми · пусти на немъ тѧжѧ а не на мнѣ · а ѧзосѧ саме с нимо [ꙋ]ведаю ·,1300‒1320,Новгород,письма
144,birchbark,приказъ · косарикꙋ · ѿ есиѳа ·възми · ꙋ тимоѳѣѧ ·н҃· сиговъ · [ѡ] ·г҃· рꙋблѧ а роко · на роство ·,1320‒1340,Новгород,письма
146,birchbark,поклоно ѿ давꙑда къ матѳиюкꙋме не и[з]м[о]т[ча](въ) #,1320‒1340 (с вероятным смещением назад),Новгород,письма
147,birchbark,поклоно ѿ подвоискаго ко ѳилипу нь пожали г(ос)подине про сигꙑѣще сигово нету а поцта тобь будегъже а ѧзо тобе кланѧюсѧ,1220‒1240,Новгород,письма
148,birchbark,поклно ѿ иева ко прокопѥ го҃спод(ине) #ѿказале тоби ꙋ мене ·ӏ҃· гривено с(еребра) #не заимаѥ ѧзъ како бо҃ дасте #ꙋвидаюсѧ,1280‒1300,Новгород,письма
149,birchbark,#да домажи[р]ова ·ӏ·ь же[р](ебьевъ) #,1280‒1300,Новгород,фрагменты неопределенного содержания
15,birchbark,члбтьѥ (ѿ) нестерка гну ивану борисо(вичу) # [м]ѧ гн҃е ѥси пожа[л]овал#,1410‒1420,Новгород,письма
150,birchbark,#возо[у и]л[и п]о[уст]иши [п](е)родо собоѫ во#о не [о]станеть ти сѧ ни моуже#[л]ъса се см[ь] и побѣгли,1180‒1200 (с вероятным смещением вперёд),Новгород,письма
152,birchbark,(покланѧн)ие ѿ афанаса къ гъспъ(диноу) #[в]ꙑхъ ко тобь а при[ш]ь# #,1180‒1200 (с вероятным смещением вперёд),Новгород,письма
153,birchbark,крини лосиноу ꙋ ѳодора оу ꙋроке в[о] #а живе во славне сокоуи же,1180‒1200 (с вероятным смещением вперёд),Новгород,письма
154,birchbark,воспросилѣ правищикѣ ꙩманта ростѧгалесь фипе с ꙑваномъ стоикомъ виделе ѥсмь и цюле промежи филипомъ иваномъ дале филипестоику ·г҃· рублѣ серебромъи з҃ гривенъ кунъ и конь а увѣдаѥтсѧ стоике в вири и с посадникомъ и с сочкꙑми а то сѧ диꙗлось седнѣ во велики дн҃ьа то диꙗлось напогостѣ наторгѣ,1420‒1430,Новгород,официальные документы
155,birchbark,+ ѿ полоцька къ #[а]к# [п]оѧле дѣвъкꙋ оу домаслава на мнѣ ти дом[асл]аве възѧле :в҃ӏ: грв҃нѣ : а присли :в҃ӏ: грв҃нѣ или не прислеши а мнѣ ти стати [о](у кнѧ)зѧ и ꙋ влд҃кѣ а больши ти протерѧ гоши(ти),1160‒1180 (с вероятным смещением вперёд),Новгород,письма
156,birchbark,отъ завида къ мън къ женѣ и къдѣтьмъ а женоу ти били не измоучиличего жекъ лоукѣиди,1140‒1160,Новгород,письма
157,birchbark,гн҃у михаилу юрьѥвичю биютъ челомъ хрс҃тѧнечеренщани чо ѥси гн҃е велѣлъ намъ перест(а)вливати дворъ и ключникъ намъ гн҃е велитъ пер(е)[с]та(вливати) # #и гн҃е ли#вꙑ# не оупра#,1410‒1420,Новгород,письма
159,birchbark,+ ѿ клишь ко цюди[н]оу и ко жен[е] #,1160‒1180,Новгород,письма
160,birchbark,ѿ василѧ къ ростих[ѫ] продаите половъи конь а ризьи къринитевъ [х]лѣвъ а бѫръи напишите нарѧдите же мѫжь въложитеже :д҃: рзнѣ,1140‒1160,Новгород,письма
161,birchbark,перха г҃ кад ржи наумь г҃ ржиѻгафаноко кад ржи григав҃ кад ржи · кулба кад ржи филимонь г҃ кад ржи ѻфромѣѥць кад ржи васкев҃ кад ржи у ѻбакунцѧв҃ кад ржи у максимцѧв҃ кад ржи шестьникие҃ кад ржи у ѻкиша в҃ кад ржиу тораха ·г҃· кад ржи исакьполь г҃ третьи ржи у съсьѧв҃ ржи у токарѧ в҃ ржиу микитци кад ржи у доманта г҃ ржи у ѻвсѧникакад ржи у понарьи поль треть ржи у юрка в҃  у чупровꙑхье҃ ржиперхи в,1410‒1420,Новгород,деловые записи
162,birchbark,на ргигорьи ·е· коробѣ ꙩвса да коробьѧ жита на минѣ ·в· гривни на машкѣ ·в· гривнина терехѣ и на лоутьѧнѣроубль и на ихъ вноучате намикифорѣ на григорь д· гривни на ѻнане на [п]елемчѧхъ полтин на меш(кѣ) # (к)[оро]бѣ ржи,1420‒1430,Новгород,деловые записи
163,birchbark,покланѧн(ие ѿ) дьмиѧна ко д#е парꙋ дова [ти]#а тꙑ прода[е] коне колико ти водадѧ а чето потерѧеш[и]а то помени а кꙋзеке соци абꙑ не истьрѧле кꙋно · лихе есте,1180‒1200,Новгород,письма
164,birchbark,(ѿ) #жимира гра[м](ота) # (ко)невꙑхъ коу(н)#ти коунѣ въ#,1120‒1140,Новгород,письма
165,birchbark,ѿ миха(л)ѧ ко стьпаноу гюрег[и ти д]ошьле сто(ров)е а поутила пришьлеа товаро продале а б[о]#,1180‒1200,Новгород,письма
166,birchbark,# доити до ва#[ш]ь · чл҃вкъ · бош#асо · аже ѡгн҃(е) #,1400‒1410,Новгород,письма
167,birchbark,чолобитьѥ · ѿ мелника · из лостьици · к юрью · к оньцифорову · чо би · господинепопецелилесѧ · зоронами · а ннь · посли · свои · чоловекъ ·,1380‒1400,Новгород,письма
168,birchbark,# [о]у дъмитра пълъ :а҃:ї҃: гривень оу радъка :[в҃](: г)р(и)[в](ен)[е]# #[ъка] [грв҃]н[а] а по нъгат[е] (н)[а]#,1140‒1160,Новгород,деловые записи
169,birchbark,василевѣ · софонтѣѥва ·ѻ̈нтане · послале · ѻвдокиму · два клеща · да · щука · с василевꙑ · рꙑбꙑ ·клещь послале · клещьстопане · цетвортꙑ ·,1400‒1410,Новгород,деловые записи
17,birchbark,поклонъ ѿ миха[ӏ]л[ѣ] · к осподину своѥмутимофию · землѧ готова надобь сѣмѧнапришли ꙩсподине цлвкъ · с проста · а мꙑ не смиѥмъ ни · ӏмать ржи безъ твоѥго слова,1410‒1420,Новгород,письма
170,birchbark,(ѿ) # (къ)[и]рꙋ кꙋнѣ ѥсем# # (по)имаю въ дрꙋ(г)ꙋю трьть#[ж]ѣи на тѧ,1160‒1180,Новгород,письма
171,birchbark,# лаз[ить] занодо какъ виꙗли п#,1360‒1380,Новгород,письма
173,birchbark,поклонъ ѿ панфил к мар#и ко попу купите маслецадревѧного да пришлитесимъ,1400‒1410,Новгород,письма
176,birchbark,#по полоу ц[етѣ рѣзн](ѣ) [д](а поу)стисѧ в бъръзѣ домови,1140‒1160,Новгород,письма
177,birchbark,поконо ѿ маскима ко попу даи ключи ѳоми а тꙑ поши григорию ѡнеѳимова что б(у)[д](е на)доби #ат#е ѳома,1360‒1380 (с вероятным смещением назад или вперёд),Новгород,письма
178,birchbark,поклонъ · ѿ синофонта · ко братумоѥму · ꙩфоносу · буди тоби · сведомо · купиле · ѥсомъ · перво · максима · ѣщерски · уѥздъ · ӏ замолмовсови · ӏ сво:ѥ · сироти · в симовли · ана хвоӏни · а максиме · ӏване · широки · ту же бꙑле ·,1380‒1400,Новгород,письма
179,birchbark,(коробиѧ) [р](ж)[и у гр]а[ц]ѧ кор(о)[б](иѧ) р[ж]и · у лу# #р[ъ]бѣикина и ·г· бѣлѣ на замкѣ коробиѧ ржи у ко[рб]атъва в[ъ] а[м]б[а]рѣ ·и· (б)ѣл[ъ] у бобачк[ѣ] полъ·г҃· бѣл · у скудлѣ ·г҃· куньнич,1380‒1400,Новгород,деловые записи
18,birchbark,#вич и брат ѥго к ти(мофѣю) #ъ на дорѣ помѣ# иде на ново к па# #нѣ гн҃е буде ѿ ва(съ) # #е жалуѥте ино# бꙑвать · а вамъ (повѣдать),1410‒1420,Новгород,письма
180,birchbark,#[ков]иӏ ӏ ѿ дѣтиӏ ѥӏ : к онсиѳорꙋ#,1340‒1360,Новгород,письма
181,birchbark,грамота ѿ дробьна къ [мѣ]# # (гора)здо вьз[ьми] #,1050‒1075,Новгород,письма
182,birchbark,# (с)воѥму ѡспо[д](ину) # (бью чело)мо,1360‒1380,Новгород,письма
183,birchbark,#[въ а] надо мною снъ мои ѡлофереи · с дорофѣѥмъ з дѧдею ·слова тв[оѥг](о) #,1360‒1380,Новгород,письма
185/184,birchbark,поклонъ ко захари ӏ ко дм[итру][ѿ] в[ъхо](го) # [по]к[ло]нъбѣрковскомъ сол[и] н#,1360‒1380,Новгород,письма
186,birchbark,поклоно ѿ стьпана ко смьнкувозми · оу · кануниковꙑхо · десѧть лосои · а · другую десѧть возми · оу данилки оу бѣшкова · а да·и · смьну флареву · а · ѧзо тобѣ сѧ кланѧ·ю ·,1360‒1380,Новгород,письма
187,birchbark,# поѣдите# сокорѣѧ уѥмли сѣнику и камѣнѣѧи цто надоби вꙑ вѣдаѥте а поѣдите [д](о) пожѣного веремѧни,1360‒1380 (с вероятным смещением назад или вперёд),Новгород,письма
188,birchbark,#е коробьи #[ндр]а же василь ж[огине а] тара#,1320‒1340,Новгород,деловые записи
19,birchbark,да цо бъ ти година ѿт[ъ]править ѻтьцу ино бъ добро да только буде которому мъсель до водълѣ ино надо бꙑдворѧнине а приставе ино здѣсе филисть ѥхать хоце а судъно ѥстьу мене а хлѣб[ѣ] сухѣи су и тъ саме ѿпразновавъ да поѥдь сѣмъ а хлѣбе здѣсе в,1410‒1420 (с вероятным смещением назад или вперёд),Новгород,письма
192/191,birchbark,# (ве)рши ко мне ·ӏ· деже ржис оаѳрлемовими людмиа наима даи коробию ржи,1300‒1320,Новгород,письма
193,birchbark,# [а ѧзо тобѣ п]р[и ихо] водамо или велиши ѧзо ѡстафии с[едѣ] [д]амо и[л]и бо[б]р[ꙑ] #,1360‒1380 (с вероятным смещением назад или вперёд),Новгород,письма
194,birchbark,#бо нь чол[о ѫ] #[ѫ г]ородошо ѫ домаслава ч[оти]ри кон[и] ѫ м[о]лд[и]на [жит]а,1200‒1220,Новгород,деловые записи
195,birchbark,(ѿ о)[л]ексѣѧ ко гаврилѣ реклъ ѥси бꙑлъво своѥмь селѣ верши всѣ добры и ѧраѧ жита#,1300‒1320,Новгород,письма
196,birchbark,# [ѥсе]мо милослава [и] оставило ·д҃· кадцепшенице · поже полти ·в҃· и лоньскии нꙑнецнеи · а рожь петровоу повелело ѥсемо измолотиво кривꙋдати,1300‒1320,Новгород,письма
197,birchbark,се даѧ иеве · серебро · матѳею · # (де)сѧте сере[бр]а · аже и#,1280‒1300 (с вероятным смещением назад),Новгород,официальные документы
198,birchbark,ѿ сьмьюна сь возѧло есмь у храрѧ задницю шибьньцьву а боль нь надобѣ никому,1260‒1280 (с вероятным смещением вперёд),Новгород,официальные документы
199,birchbark,а б в г д¦ е ж ꙅ з ии к л м но п р с т уѳ х ѿ ц ч шщ ъ ꙑ [ь] ѣ ꙋю  ѧ ¦ бава га дажа за кала ма напа ра сата ѳа хаца ча шаща бе веге де же зеке ле мене пе ре сете ѳе хе цече ше ще :би ви гиди жи зики ли мини пи ри сипоклоно ѿ нѳима ко данилѣѧ звѣре,1240‒1260,Новгород,учебные тексты
2,birchbark,мѣкꙋѥвь бѣла росомꙋха ꙋ фомѣ ·г҃·кꙋници ꙋ мики ·в҃· кꙋници ꙋ фомѣ сохꙋдаль · дарꙋ кꙋницю вѣльѧказа ·д҃· кꙋници · гꙋгморо наволоки кꙋница · ꙋ мѧтещи·в҃· кꙋници ꙋ вѣльютовꙑхо ·в҃· кꙋници ꙋ воземꙋта ·в҃· кꙋници · ꙋ филипа ·в҃· кꙋници ꙋ намѣста ·в҃· бѣли · ꙋ жидили кꙋница · воликомо ѻстровѣ кꙋницаꙋ вихтимаса ·в҃· бѣлоки · ꙋ гостили ·в҃· кꙋници · ꙋ вѣльюта ·г҃· кꙋници ꙋ лопинкова :ѕ҃: бѣло,1360‒1380,Новгород,деловые записи
20,birchbark,# (ѥ)[с]ми сикли · суки · на рики ·#у · давꙑдовꙑ присиквали# (оу) #ана оу шеменкина конь пале,1380‒1400,Новгород,письма
200,birchbark,а б в г д е жꙅ з и ӏ кнѳиме,1240‒1260,Новгород,учебные тексты
201,birchbark,а б : в г : д е : ж ꙅ :з и : ӏ к : л м :н о : п р : с т : у ѳх ѿ : ц ч : ш щ :ъ ꙑ : ь ѣ : ꙋ ю : ѧ : ба : ва га :да : жа : за : ка :ла : ма : на : па :ра : са : та : ѳа : ахца : ча : ша ща :,1240‒1260,Новгород,учебные тексты
202,birchbark,на домитрѣ возѧтидоложзикѣ,1240‒1260,Новгород,учебные тексты
203,birchbark,ги помози рабу своѥму онѳиму :,1240‒1260,Новгород,учебные тексты
204,birchbark,ѧко же бе ве ге де же зеке ле ме не пе ре се те ѳехе це че ше ще,1240‒1260,Новгород,учебные тексты // церковные тексты
205,birchbark,а б в г д е ж ꙅ з и ӏ к л м н о п р с т у ѳ х отъ ц ч шщ ъ ꙑ ь ѣ ꙋ ю  ѧон[ѳ],1240‒1260,Новгород,учебные тексты
206,birchbark,иже во ѕ҃ чс҃а насо ба ва гга да жа за ка а ра са ка ра,1240‒1260,Новгород,учебные тексты // церковные тексты
207,birchbark,ѧко со нами бо҃ꙋслꙑшитедо послꙋ ѧкоко же мо личе твоѥ на раба твоѥго бо҃,1240‒1260,Новгород,учебные тексты
21,birchbark,# (ог)[а]фиѥ уозцинкуи вꙑткала и тꙑ ко мнѣ пришли а не угодице с кꙑмъ прислать и тꙑ у себѧ избѣли,1410‒1420,Новгород,письма
211,birchbark,на село во ѥгиѥхо вдало ѥсомо :е: гривено вхогосоцклосѧ и ѿ меже дахо сарати погостꙋ :в: гривни возѧти бꙑло #,1240‒1260,Новгород,деловые записи
212/214/216/217,birchbark,ꙋ попадеѥ ꙋ павловеѥ з҃ грив[ено и] (в҃) (бе)рковеска#се#[е ꙋ] д# # (д)[в]е гривне доѧло мате(и) # (б)еркꙋвеск[о] а со# # (ꙋ п)опа ꙅ҃(гривено) # (гриве)но и ·д҃· б(ерковеска) # ꙋ страшк(а) #ваѥ сере(бр)# # (ꙋ с)мена ко#,1240‒1260 (с вероятным смещением вперёд),Новгород,деловые записи
213,birchbark,про местѧткꙋ памѧть на радослава како ѿказало бꙑло на местѧтке ·з҃· гривено проженьню татбꙋ бꙋди с то сꙋднеѥ кꙋне а самопощипало в ꙑномо сꙋде за то цетвертои жеребеи,1240‒1260 (с вероятным смещением вперёд),Новгород,официальные документы
215,birchbark,#лнаѧ же по :ӏ: резоно намо ¦ ꙋ марка ꙋ половниика :г: гривне по :ӏ: резано и полоте дарꙋ и поцтеꙋ дома(с)[л]ава :в: гривне ꙋ поповицѧ по :ӏ: резано,1240‒1260 (с вероятным смещением вперёд),Новгород,деловые записи
218,birchbark,+ ꙋ ѡси[па ·в҃] · гривне · на тꙋске по ·ӏ҃· и полоть поцтꙑ ⁞ ꙋ воилꙑ·ꙅ҃· гривенъ · по ·[е҃]· бело и полоть почтꙑ и четвереть пшенице · алоньскꙑхо намо недоплатило ·и҃· ногато ⁞ ꙋ манꙋиле ꙋ кꙋмаполо цетве[р](ти) # ѿ жюпанка перешлопо семнице наме кроме поцте ⁞ ꙋ некраса гривнаꙋ [д]ми[т](ра) #,1240‒1260 (с вероятным смещением вперёд),Новгород,деловые записи
219,birchbark,оу ивана въ земль девѧть гривень възми полъ чьтвьрть гривьии овеса пѧть на десѧдежекъ овьса оу боуѧкъва брата дови гривене пѧтъ кнъ ⁞ оу данешиници за три гривене възимить верьшью на низъ сѧси оу ѧръшъвиц на доувоу бьрькъвьскоу дове гривенеи десѧть кнъ оу тоушоуевиви гривена на съли и дови ногаи на чьрьвьѧхъ сьм,1200‒1220,Новгород,деловые записи
22,birchbark,целоб[ит]иѥ  лен[ь](т)ь(ѧ к) #ю ходилъ · ѻ̈сподину · снъ мо(и) #ѧн[ъ п]шенъке# взѧлъ ·ӏ· кадець пшениц[и] [а нꙑ]ни [ц]то [у] на[съ] #,1380‒1400,Новгород,письма
220,birchbark,ꙋ попа на церменце ·в҃· горошка масла ·:· а ꙋ нездꙑле ꙋ старосте поло деже пшенице · а ꙋ кюриле горохꙋ цетвертина · ꙋ свгто же петра а тꙋ приказахонездꙑле же · а ꙋ манꙋиле поло деже рожи тꙋ же,1240‒1260 (с вероятным смещением вперёд),Новгород,деловые записи
221,birchbark,#[грн]е оу оливоринѧ воземи #серебра а онанею посли с[е]моу со [прост]а н[е посли] #,1240‒1260,Новгород,письма
222,birchbark,·:· ѿ матьѧ къ гюргю : топьрьво есмо пришль тога д[ьлѧ] н[ь шль]оусрѧцю тѧ н[ь] # [сь] # [ко] пьси · ожь ли право запираютьс(ѧ)а ѧ даю кнѧжю дьцьскамоу гривноу сьрьбра · едоу с нимо · ожь мѧ татьмо поставили · оужь ти нь бьжѧли колобѧгь оу тьбь жрьбьескоть по людьмо · ни тоу тобь тощины вькшь одоное,1200‒1220,Новгород,письма
223,birchbark,#рька[хъ]ть ⁞ оу ивана шесть #ъсъскоули ⁞ оу съвъкъѧ # (п)олъ съръцька ⁞ оу са#са осьмь бьлъ ⁞ # бьлъ ⁞#ъ оу дьснива чьтъ[р]и бьли#рьльсев#оу ли#оу ли#в[ъ]съд#[гъ]цева ⁞ оу съ#оу сам#дьса#,1200‒1220,Новгород,деловые записи
224,birchbark,# [ѫ] олемова [з](ѧти) # [ѫ р](а)дом[и](р)а дове : ѫ стан[ѧте] #,1220‒1240,Новгород,деловые записи
225,birchbark,ѿ тороцина ко гю[р](егю)оу михалѧ ѿберан(а по)ловина беле са#добра же мехе од(ине),1180‒1200,Новгород,письма
226,birchbark,(поклан)[ѧ]ние ко [и](в)анокоу и ко мирошь[к](е ѿ) #(вꙑ моѧ г)осподина : а испꙑтал[ь т]и есьмо к# (три р)[а]зꙑ ти есьм[ь] (ходил)# въ полюдие семо м# #а по паше,1160‒1180,Новгород,письма
227,birchbark,(ѿ) # (покл)[а]нѧние ко матьри водае семоу :в: гривьне не моги же ми матоко согре(шити) # (оже ли) оу себе не боуде а и заемоши моги же водати ѿ тога ти нама хоце болого# [т]о ти зем[л]ѧ вода[н]о ти :ꙅ: гр[ив](ьно по)лоуц[и](т)и ти сот(о г)ривьно одиномо ти мь(сте) # (со дав)ꙑжею сед[ети] а радоковаѧ т# #едае прашѧе [о]#е дьвьри т[и е]ѥ бꙑла землѧ павьлова# #[м]оу со зем(л)е ти хотѧци сѧ не [ц]ьтисѧ пеюци едоуц соудо воземеше доброю женою п[оро]# # (се)[д]ѧци цьсть енюци пеюци едоуци со давꙑжею а торого риневь тамо поценеши тиро(вати) # (кла)нѧю ти сѧ а се пакꙑ шьдоши воземи десѧть гривьно ногатами оу а# #аз[ок]а н[е]цето ес[о]#,1160‒1180,Новгород,письма
228,birchbark,оу даброжира полоуторе : оу ѧръшековее дѧвѧте : оу завида[се]м[е] в[е]кош[е] ӏ резана : оу олисеѧ резана : оу горег[ѧ девѧте],1160‒1180 (с вероятным смещением вперёд),Новгород,деловые записи
23,birchbark,поклоно ѿ карпа · к осподину ·моѥму фоми · бꙑло ѥсми ѡсподинь · на пустопьржи · рожь ѥсмьроздилило · с ольксо[ӏ] ·ӏ· съ гафанкомо · ньмного ѡсподинь · ржи ·на твою · цасть · два ѡвина · цьтвьрти ·а пѧнтьликь видьль самь,1400‒1410,Новгород,письма
230,birchbark,оу [о]ѧвьлъгь по тр[ьтиѧ] (съ)рицека и била,1200‒1220,Новгород,деловые записи
231,birchbark,+ѡ твьрьдилъ къ да[нил]# #ль есьмъ ньжиль пъпъвьдъвь гривьнь въдаль за та а нꙑнь в[ъд]ае стьпан[оу],1180‒1200 (с вероятным смещением назад),Новгород,письма
232,birchbark,# (в)озьми а ѧзо [среб](р)# #номо орат·и · и цѧстꙑ# (по)[де]рнити а оже хоцет# #ца,1140‒1160 (с вероятным смещением вперёд),Новгород,письма
233,birchbark,ѿ домажира къ нажирꙋ иже то при ветре(поид)[е] в[ъз]ьми ж[е]#,1180‒1200,Новгород,письма
234,birchbark,ѫ люта [·ӏ҃·] отъ фолар# [ѿ] мерьтова ѫ люта,1140‒1160 (с вероятным смещением вперёд),Новгород,деловые записи
235,birchbark,+ отъ сꙋдише : къ нажирꙋ : се жѧдъке пославъ : ѧбетника дова : и пограбила мѧ : въ братни долгьа ѧ [не п]орꙋцене : жѧдкꙋ : а възборони емоуоти не п[осл]е на мѧ опас[а] #едꙋ в#,1160‒1180,Новгород,письма
237,birchbark,ѿ бъриса къ стани[л]ь и къ жи[рошь се] мьне въ[лоца] въ в[а]ю#,1160‒1180,Новгород,письма
238,birchbark,#несъдицеви полъ пѧтѣ рѣза[нѣ : а] (мъ)нѣ есивъдале дъвѣ коунѣ цьто же за м[ъ](но)[ю] твориши[за] мъною осмь коунъ и гривьна : поиди же въ горо(дъ) [мо]гоу сѧ съ тобою ѧти на водоу,1100‒1120,Новгород,письма
239,birchbark,ѿ жадъка и ѿ степана къ гюргю #,1160‒1180,Новгород,письма
24,birchbark,# #[имъ ц]оловѣкомъ грамотку пришли · таино,1400‒1410,Новгород,письма
240,birchbark,ѫ (в)[ъ]нѣга со братьею ⁞г⁞ гривьнѣ ⁞ ѫ дражьниць :в: гривьнѣ ⁞ ѫ пьсана гривьна ⁞ ѫ ко[ло]# (гри)[в]ьна ⁞,1160‒1180 (с вероятным смещением вперёд),Новгород,деловые записи
241,birchbark,ѿ къснѧтина къ жьданѫ запла[ти]стьпаньцю к[ъ] ро[жеств]ѫ н[е] з[апла]тиши а на отроке [о] д[ъ]во[е] то[го]бѫди,1100‒1120,Новгород,письма
242,birchbark,цолобитьѥ ѿ кощѣꙗ · и ꙩѿтъполовниковъ : у кого : конѣ а тѣхудѣ · а · у нꙑх[ъ] нѣть · какъ · ѻсподине жалуѥшь хрѣстьꙗнъа · рожь · ѻсподине велишь мнѣмолотить (ка)къ укажешь,1420‒1430,Новгород,письма
243,birchbark,поклонъ ѿ сменка ѿ корѣлина пришле гн҃ет кобѣ на село на пꙑтарево цимъ ѥго жалуѥшь и тꙑ ѡспд҃не · прикажи всѧкоѥ слово а ꙗзъ тобѣ своѥму гн҃у цоломъ бѣю,1420‒1430,Новгород,письма
244,birchbark,# з[а](молви)[те] слово · за мене · владꙑцѣ и б҃а дѣлѧ · а цто позвале · ѥсмь #[и]ж[ин](а) (с)[н҃а]#,1400‒1410,Новгород,письма
245,birchbark,# [соукъ]на моѧ за то[бою] # (чь)р[ь]мьно : вельми добро ·з҃· [л]ок[ъ](тъ) #,1075‒1100 (с вероятным смещением назад),Новгород,письма
246,birchbark,ѿ жировита къ стоѧнови како тꙑ оу менеи чьстьное дрѣво възъмъ и вевериць ми неприсълеши то девѧтое лето а не присълешими полоу пѧтꙑ гривьнꙑ а хоцоу ти вꙑроутивъ тѧ лоуцьшаго новъгорожѧнина посъли жедобръмь,1025‒1050 (с вероятным смещением вперёд),Новгород,письма
247,birchbark,# [п]о[клѣ](п)ает[ь] сего :м҃:ми рѣзанамиа замъке кѣле а двьри кѣлѣ а господарь въ не тѧжѣ не дѣеа продаи клеветьника того а оу сего смьръда въз[ѧти] еп҃оу# # смьрьди побити клеветьник[а] #,1025‒1050 (с вероятным смещением вперёд),Новгород,письма
248/249,birchbark,бѣють · челомъ · корила · погоскаѧ · кюлоласкаѧи кюрӏѥскаѧ · господину новугороду · приѡбижениѥсмь · с нимечкоӏ · половинѣ · ѡцтина · наша · и дидѣна[ѿ](им)ана оу вꙑмолчовъ господъ · а имали · крецетеѧ ·# лопь · ӏ вьрьжи · пограбилѣ · а сами · ѥсмь ·# ·ӏ· и на # (ми)[х]алчи ·ӏ· а оу #оу питина · сн҃а · оу ӏгалѣ · и оу микитѣ · третиѥго · л[ѣ](та) #на ·д҃ӏ· рублѣ · микулинь · чл҃вкь · стен[ь] · на#коневꙑхъ · водахъ · оу жѧбиѧ носа · оуби(лѣ оу) насъ · #вуѥва · сн҃а · и кавкагалу · а оузѧлѣ · товара · на ·ӏ҃· [рубле]въкиреѥвь · сн҃о · и новзѣ · лопинь · лонѣ · оу гювиѥва · сн҃а · оу того жь ·жѧбѣѧ носа · приѥхавшѣ · севилакшанѣ ·и҃· чл҃вкъ · взѧлѣ ·товара · на ·е҃· рублевъ · ӏ лотку · на тꙑх жь · коневꙑхъ водахъ · оу мундуѧ · оу вармина · сн҃а · взѧлѣ ·ӏ҃· лендомъ · рꙑбъ ·(·)#(҃· со)[роков](ъ взѧ)[л]ѣ #,1380‒1400,Новгород,письма
25,birchbark,#ухо к тобѣ с васил[ь]ѥмъ со желутковꙑмъ и тꙑ ухо положи на судѣ а на мене се шли на томъ цто еси конь позналъ у нѣмцина и ухо ѥси за мене дале и нѣмцине с себеповодъ сложиле а вег[лесе на в]игуѧ и тꙑ г[риго]#на передъ рублѧ на перед[ъ] на мене се не на[дѣ]и,1400‒1410,Новгород,письма
250,birchbark,# (с д)ѣтми съ племенемъ луцнов# #[к]ине со братѥю федоре лену# # иѥве · на рицици#ове костке · с дѣтми би# # #ко ѻ[л]ексинъ,1380‒1400,Новгород,деловые записи
251,birchbark,#ну свою и не ста [н]а (с)[у](дъ) # (гра)мтоту бесудную по среци на тре[тии днь] ѳедорцю на н(его),1380‒1400 (с вероятным смещением назад),Новгород,официальные документы
252,birchbark,# [снох]у есть у мьнь убилѣ а живото естьу мьнь розграбилѣ лѣзнимѧ въ плищьӏ снохою ӏ своӏмъ грабьжъмъ поедъмъ в городъ к[у]н[у п]ок[лад]ъ(ше),1360‒1380,Новгород,письма
253,birchbark,ѿ маскима ко десѧсцѧнамо дать мелеѧну ·и҃· деже накладо и вешиа тꙑ старосто сбери,1360‒1380 (с вероятным смещением назад или вперёд),Новгород,письма
254,birchbark,# [ст]а ѧече а е[си](ѳ)[у] # [б]орови[ц]ки ·в҃· короби пшеници ·в҃· короби#оши колачицкии во жи и во пшеници а с ве#еи пшеници а в[о]скои рожи и во жи#скини дружини а ко м#мо [д]а[л]е ли есиѳе рубеле у# емли вереше #,1360‒1380 (с вероятным смещением назад или вперёд),Новгород,письма
256,birchbark,#ци ѥ[г]о во крошенои тадби во пѧ[т](и) # #ре тадбу свою ·ӏ҃· рублово на григорици и #,1360‒1380,Новгород,официальные документы
257,birchbark,#а ѧкуну серьбро даи а жебеи воз[е]ми а грамоту · с тобо спишемо · на зими#[ае]мо · а к намо · гн҃ь · ꙩ всемо#шли,1380‒1400,Новгород,письма
258,birchbark,у давꙑда ·ѳ҃· лососи сухꙑхо ·г҃· просолни · у ивана ·з҃· лососии с[ухꙑ](хо),1360‒1380 (с вероятным смещением назад или вперёд),Новгород,деловые записи
259/265,birchbark,приказо ѿ григориѣ ко домѣнѣ послалоѥсьмо к тобѣ вѣ[дѣ]роко ѡ[се]тринѣ зап[е]# [а] само тамо не леж[и ӏ тꙑ] воспѧтѣ во лугу иди а тꙑ репехо слушатѣ домни и тꙑ фовро,1360‒1380 (с вероятным смещением назад или вперёд),Новгород,письма
26,birchbark,(ѿ) ѻнтана# #у · мъю# · а съ свъѥ# # (с)въѥи · лю# # (ес)мь зьмл(ю) # (ѥ)[р]мълѣ : ц# # [ѻ]спъд(инь) # на ѥрм(ълѣ) # и · пръ ту# #(в)[ѣ]даю : п# #[л]ѣ : так# #нюю : а# #ть ·,1380‒1400,Новгород,письма
260,birchbark,(прик)азо ко ѡстафии [ѿ си]дора возми у григории у тимощина рубль · и ·д҃· лососи · д·а возми · у григориӏ поло рублѧ цто сидору сулиль · у клима возми у щекарова рубль·ӏ҃· било и ·д҃· лососѣ наклад · у ꙩльксандрау рацлалѧ возми ·н҃· било · у ѻндриꙗ[у ц]ирицина возми поло сорока · у кондрау [в]озгреши возми поло сорока · у попа у михаили возми поло ру[б]лѧ ·ӏ҃· лососѣи · то за иванка поруцнь · у вигали у ѻстафии · възми·н҃· било,1360‒1380,Новгород,письма
261/262/263/264,birchbark,ѿ федора · ѿ синофонтова ·д҃· блюда · тимо · ѿ поре[ца]#ѿ сꙑповои ·е҃ тимо · ѿ ѡнании · ѿ курицкого ·д҃ #ѿ гюр(ьгѧ) # ѿ василеѧ # (ѿ)попа ·г҃· полосца · козиѧ пуха · ѿ ѧкуновъи · ѿ фомине · снохꙑ ·г҃· ѿ терьнтеѧ · ѿ коѧ ·е҃· [порт](ище) # [ѿ] (ѡ)фоносова ·в҃· тимо · ѿ фларѧ · ѿ коцанкова ·е҃· портище · голубине · ѿ бориса ѿ пѧнте(леева) # тимо · ѿ павла · ѿ ѥванова ·г҃· тимо · ѿ ѡндр# (ѿ ф)илофинои · блудо · ѿ лар[иѧна] #[ла]лѧ ·г҃· тимо · ѿ саве · ѿ т[имо]щина ·г҃· ѿ ѡ# [ѿ богусл]алѧ ·г҃· #тимо #ѿ горислалица #ꙅ҃· соръцица · цатрова · ѿ фларѧ #портище · зелени ѿ рацлава · ѿ подв(оиского) #ѿ макс[и](м)а · ѿ машкова ·е҃· тимо,1360‒1380,Новгород,деловые записи
27,birchbark,поклоно ѿ фалеѧ ко ѥсифу послалеѧзо к тоби · беросто написаво вꙑшли за[г]#[ое беросто],1380‒1400,Новгород,письма
270,birchbark,поклонъ ѿ ꙩкру# #а что землѧ · п# #совѣ а ту землю # #нъкинѣ дѣти · #свою ча даль ми # (ꙩ)сподинь дал#,1380‒1400,Новгород,письма
271,birchbark,поклоно ѿ ѧкова куму и другу максиму укупи ми кланѧюсѧѡвса у ѡндреѧ ѡже прода возми у него грамоту да приш[ли]ми цтениѧ доброго да вести ми прикажи [ѡ]#дее во годе ѡже ти ту не буде ѡвса и ##возми со собою,1360‒1380,Новгород,письма
272,birchbark,ѿ савлиѧ ко максиму како стоѧ пришли коньцему мѧ єси погубиль · въ другꙑ рѧдъ рать ударила подо копорию · а ѧ · безъ другого конѧ животъ пометаль · а иноє розронѧль : а нонѣ пришл[и] #полохе ли буде на ꙩдиномо конѣ · нѣ дома #ни дровна · ни матери послати на цемъ · а #ти # #т[е] а съ мною #,1360‒1380,Новгород,письма
273,birchbark,поклоно ѿ павла ӏ ѿ всих мравгици ко юрегꙋ ӏ ко ѻфоносꙋ# #[р]ию# #[аш]ꙋ#,1360‒1380,Новгород,письма
274,birchbark,# (за дми)тромъ · пошло ·ӏ҃· рубльвъ ·а братѣ · не надъби ·,1360‒1380,Новгород,официальные документы
275/266,birchbark,приказъ · ѡ сидора · къ грѣгории · что · оу подоклити ѻ̈ленини ·вꙑдаи · сторъжю · в цр҃къвь · а что · дви · коръби · сидърови · и бе# ру[ка]мъ · [до] мень · и [д]о ѻ̈стафии · а про верешь · вели мамцю · брати · да сꙑпль · съби · в кли[ть] · а про к[о]н[ѣ]поими · моѥго · цалца · корми · ѥже · дн҃ь · ѻ̈всъмъ · а тоби · погиха(ти) [б]#[о] · [о]у п[ор]ъховъ · поими · коне · корилескꙑ а что ѻ̈билие# (д)митрову ·,1360‒1380,Новгород,письма
276,birchbark,поклоно ѿ ѡдреѧ со братию ко василию ӏ ко сидру[бꙑл]а жалоба передо вами ӏ по гземи#,1360‒1380 (с вероятным смещением назад или вперёд),Новгород,письма
277,birchbark,# (п)ришлю : ѡже буше поимала се# # #[е ѡс]та[ле] у июри на ѡхво(т)#,1360‒1380 (с вероятным смещением назад или вперёд),Новгород,письма
278,birchbark,у икагала у кривца :г҃: куницѣ у иголаидовѣи в лаидиколѣполо рублѧ и :в҃: куницѣ : у лѣинуѧ в лаидиколѣ :ꙅ҃: бѣло : у филипа у дѣѧка :л҃: бѣло : у захарии ⁞ в калиница поло сорока и :е҃: бѣло : у сидуѧ : у авиници :д҃: куници : у микитѣ исто в ноиу ѥванова :ꙅ҃: куници : у муномѣла в куролѣ у игалина брата полорублѧ и :в҃: куницѣ : у лег,1360‒1380 (с вероятным смещением назад или вперёд),Новгород,деловые записи
279,birchbark,поклонъ ѿ старостѣ ѿ михалѣ · и ѿ всѣхъ пашезерчевъ · къ сотьс[кꙑ]мъ · к [м](а)[]иму · и ко ѡнаниӏ · и к кост[ъ](кѣ) #,1360‒1380 (с вероятным смещением назад или вперёд),Новгород,письма
28,birchbark,во ӏмѧ ѡц҃а ӏ сн҃а ӏ ст҃го д[х҃а] #ѳетиниѧ ѿход[ѧ се](го свѣта) # #ь при сво[ѥ](мъ животѣ) #,1400‒1410,Новгород,официальные документы
280,birchbark,#·г҃· таимени ·в҃· просоле и·е҃· сигово ·е҃· таимени ѧко[л]и[хо],1360‒1380 (с вероятным смещением назад или вперёд),Новгород,деловые записи
281,birchbark,поклоно ѿ наума и ѿ григории к данику новгороцдему и к новгородцамо кто изгодидце тамо послале ѥсме свои люди г҃ целовѣкѣ свои#,1360‒1380 (с вероятным смещением назад или вперёд),Новгород,письма
282,birchbark,# [уп]равь(а со)[ли] не купи · купилъ ѥсмь · соль нѣмецкую · то бъ ѥси сѣмъприпровадилъ,1380‒1400 (с вероятным смещением назад),Новгород,письма
283,birchbark,# уцинилъ пособи ба дѣлѧ по сиро[т]а[хъ] да попецалусѧ ѡ мнѣ перостави сѣникъ уцини ми добро а ѧзъ тобѣ много кланѧсѧ брату своѥму а да купи ми[ӏс]т[еп]ку а васи[л]ко [л]итвин[ъ] #,1360‒1380,Новгород,письма
284,birchbark,#и своѧ а нь сѧ вамо [кл]анѧюѻсподь своеи,1340‒1360,Новгород,письма
285,birchbark,#еб#иб#даи# #(пра)вите исте(рю) # (се)ребра,1360‒1380 (с вероятным смещением назад или вперёд),Новгород,официальные документы
286,birchbark,(ѿ г)ригориӏ ко дмитроу м(ꙑ зд)[о]ровѣ а тꙑ ходи не боисѧ миро взѧлѣ на(с)[т]арои межѣ юриѧ кнѧзѧ (а ме)[н]ѧ послалѣ корѣлѣ на каѧно море а(не п)омѣшаӏ не испакости каѧнецамо ни соби присловиѧ возми а#и пои[ма]ло дани лонескиӏ возми ӏ моӏ а уцюѥши а не поӏду к но# ӏ тꙑ тогодъ иди а дома здорово а на менѧ вѣстѣӏ перецинѧ ц[т]о аже возможеши пособлѧӏ мнѣ цимо,1360‒1380 (с вероятным смещением назад или вперёд),Новгород,письма
288,birchbark,#хамоу ·г· лок[ти] #золотнике зелоного шолкоу дроугии церленого ·третии зелоного жолтого золотнъ бѣлилъ на бѣлкоумꙑла · на бѣлкоу боургалскога · а на дроугоую бѣлкоу#,1320‒1340,Новгород,деловые записи
289,birchbark,поклонъ т дороѳеѧ к осипусъ братеиею попецалуисѧмною позвале дворѧнинеѳедоре внездове внуке а что даси дворѧнину ѧ пзъвъ#,1320‒1340 (с вероятным смещением назад или вперёд),Новгород,письма
290,birchbark,поклоно ѿ маскима ко гюргю беи чело батку#,1360‒1380 (с вероятным смещением назад или вперёд),Новгород,письма
292,birchbark,юмолануолиїнимижиноулирѣханолиомобоуюмоласоудьнипохови,1240‒1260 (с вероятным смещением назад),Новгород,литературные и фольклорные тексты
293,birchbark,+ ѿ по(п)а къ завидꙋ : дъвѣма десѧтьма гр҃ивь · безъ гривьнѣ · на[м]#рѣзанъ · дъвое · то ти ·е҃· гривьнъ и ·и҃· кꙋнъ · въдаи волотъковѣи # (в)[ъ]зми за сѧ : и кланѧюсѧ : тои гиривьнѣ серебъра :,1240‒1260 (с вероятным смещением назад),Новгород,письма
295,birchbark,# з[натьбꙋ свою : и] жер[ебьи] р[ощѣпив]ше [съ] вами : по# # (м)[ꙋ]жьмъ вѣдание опѧть : и о старꙑхъ кꙋнахъ о :н҃: гр҃нъ : пакꙑ ли али [ѧ сл]ю [дѣ]# # бꙋде · погона :,1220‒1240,Новгород,письма
296,birchbark,# (покланѧ)ние и къ братѫ а водае и бога дьлѧ съ :е҃: гривь(нъ) # [к]ланѧю ти сѧ а есть мѫжь съ нимь а хоцѫ про# #дьлъ ти есьмь въ погрьбь идоу къ свѧтꙑмъ и вода#,1180‒1200,Новгород,письма
297,birchbark,целобитьѥ ѿ сергиꙗ з братьѥиизъ рагуилова гн҃у михаили юрьѥвицу стогъ гн҃е твои · ржанꙑи цетверетьнъи тати покралиѡвиновъ · пѧть свезли въ[х]ъ и#,1420‒1430,Новгород,письма
298,birchbark,ко҃стка сна · лу҃кина ·ѡф҃рѣмова · сн҃а · купра · ив҃анова · сн҃аѡн҃ишкьва · ку҃пра ·фо҃мина · сн҃а · иг҃натъ·ꙗ юрьѥва сн҃(а),1430‒1450,Новгород,деловые записи
299,birchbark,а оу гриска смина жри оу са# (рж)и оу михали оу шила ѡсм[ин](а) # (рж)и оу лѧгаца смина ржи и оу н#смина ржи оу феф[ана] # (см)ина ржи оу фефилата смна в[ъс]а оу в# #да полъ смин[и] жита,1430‒1450,Новгород,деловые записи
3,birchbark,поклонъ ѿ грикши къ ѥсифу приславъ ꙩнаньꙗ мол[ви]#ꙗзъ ѥму ѿвѣчалъ не реклъ ми есифъ варити переварꙑ ни на кого ӏ ѡнъ прислалъ къ федосьӏ вари тꙑ пивъ сѣ[д]ишь на безать[щ]инѣ н[е] в[аришь] ж[ита],1360‒1380,Новгород,письма
30,birchbark,ѿ ꙗкова · къ ѥвану что слешь ко мнѣ про серебро товѣдаю аже тꙑ дале серебро на собѣ · то вѣдаю а иного не вѣдаю како ли тꙑ венилесѧкако ли что дале ѥси рубль на собѣ,1360‒1380,Новгород,письма
300,birchbark,#иѣ [·] гн҃у · михаи(лу ·) [ю]рь·евицю · ѿ тероха (·) и ѿ тимощѣ · и терохъ · возилесь · бꙑле · в#[х]имовѣ [·] хоромѣ · а(ти)мошка · въ терохо(вѣ) #,1420‒1430,Новгород,письма
301,birchbark,сподиню михаилу юрьвицу синю посадницупаробокъ твои клѧ · цоло биѥ како сподине пожалуѥши волости половинѧ пуста и которъсталисѧ · и ти хотѧ жалуби хотѧ сподинежалоби цо би сподине подати оубавитиа тоби своѥму сподиню цоломи бию,1420‒1430 (с вероятным смещением вперёд),Новгород,письма
302,birchbark,# (ꙩсподи)не [·] за ѧковомꙑ (·) за по[сад](никомъ · за) #вичомꙑ како · ꙩсподи · попечалуѥшь · ꙩ м[о](ѥи)голови · чо бꙑ сѧ · на менѧ · не родила · грамота · бесуднаѧ · а ѧзъ · тобѣ · своѥму · ꙩсподину · много · ѻ томъ(челомъ · бью),1420‒1430 (с вероятным смещением вперёд),Новгород,письма
303,birchbark,приказъ ѿ ꙩ̈ндрѣꙗна михаїлович ·к пуцнѣ здѣсе ми билъ че[ломъ] #,1420‒1430 (с вероятным смещением вперёд),Новгород,письма
304,birchbark,# [нꙑнѣ]ца ѡспо(до к)[а]к[о] пом[ꙑш](лѧ)[е]те в бозѣ · гадка да в вашемо здоровиѣ,1420‒1430 (с вероятным смещением вперёд),Новгород,письма
305,birchbark,# у мьнь конѧ познали ӏ [ѧ ѻ](спо)динь коню зову : ӏ : сьӏ ѻсподинь коню нь ѣдь азъ ѻсподинь в томъ кони по(гибль есм)[ь] : даӏ ми(ѻсп)одь свѣта видить · а т(обѣ своѥму ѻсподин)[у](челомъ б)ию,1400‒1410 (с вероятным смещением вперёд),Новгород,письма
306,birchbark,покло(нъ) # (миха)илу · юрьѥвицю · ув# #бабикъ · мене · и д#господину · целом[ъ] · бь#,1420‒1430 (с вероятным смещением вперёд),Новгород,письма
307,birchbark,ѻсподѣну ꙩнд(рѣѧ)[н]у михаиловицю ꙩспо[д](ѣ)ну микꙑти михаилоцю ꙩспож(ѣ н)ашеи настасѣи михаиловѣ женѣ чоломъ бѣюхрѣстьѧнѣ избоищѧнѣ · здѣсе ꙩсподо оу вашеи вълости ѧвлѧютсѧпозовницѣ оу горот[ъ]неи здѣ ѧвлѧтсѧ позовници ложивꙑи здѣсе ꙩсподо ѧ(влѧютсѧ ру)куписание лживꙑѧ · а · перепѣсꙑсꙑвають вашь нетребуи дѣѧкъ позовници и рукопѣсаниалживꙑѧ · а · творѧтьсѧ печаталесмꙑ ва парфѣ рукусаниѧа хрѣстьѧну вашь вамъ своеи ꙩсподи чоломъ бѣю,1420‒1430 (с вероятным смещением вперёд),Новгород,письма
308,birchbark,[г]н҃у михаилу юрьѥвичю (бьѥтьчеломъ) па[р]о[бе]нь твои зѣнов[еи]#,1410‒1420 (с вероятным смещением вперёд),Новгород,письма
309,birchbark,а се билъ челомъивашь · с симаномъ · ꙩ жеребьцѣ,1410‒1420 (с вероятным смещением вперёд),Новгород,ярлычки
31,birchbark,#дину своѥму много целомъ бью · а сиротѣ тобѣ осподине и по томъ приходѧ · куньницею на годъ ·,1340‒1360,Новгород,письма
310,birchbark,цълобитиѥ · ѡсподину посаднику но·вгороцкому · ѡнедрию · ивановицю ѿ твъѥ·гъ клюцника ѿ вавулꙑ и · ѿ твоихъ хрестиѧно которꙑѥ хрестиѧни · с ꙑлова пришли за тебѧ захарка · да нестерке жили за ѡлексеѥ · за щукою · ноне ѡсподине ѡлекси·и не хоце намъ ржꙑ дати како сѧ ѡсподине намисвоими хрестиѧнꙑ попецѧлишсе на·де·ѥмсѧ ѡсподине · на бога · и на тебѧ на сво·ѥго ѡсподна,1400‒1410 (с вероятным смещением вперёд),Новгород,письма
311,birchbark,[гн҃у с]воѥм·у · миха·илу · юреѥ·ви·[ч]у [хрест]ѧ·ни · твоі [·] череншаничело · бию·те што ѥси ѡдода · деревенеку · климецу ѡпарину а мꙑ ѥго не хътимо ⁞ не сусѣднеи [·] человѣко · волено б҃ъ де і тꙑ,1400‒1410,Новгород,письма
312,birchbark,толко · за · нами · словъ · пр#поѣдъ · ѻнаньꙗ · тебе · зове ста#и ѻнкѣф[ъ] гн҃е не вожевалъ · ꙗ#,1410‒1420,Новгород,официальные документы
313,birchbark,гн҃у михаӏ·лу юрьѥвичю · челомь бьють · хт҃ьꙗни[твои] · смердꙑньскиӏ : здѣсе · гн҃е у насъ · глѣбъ · не по# # [ст҃](м)[у] #ъ нѣ чимъ и #,1410‒1420,Новгород,письма
314,birchbark,(че)лобѣтьѥ ѿ ѡлоферьѧ · къ ѡлендру · велѣлъ ѥсѣ · ѥго мѣкѣфора · съгнатѣ# чюлъ · ѥсмь · ѿ людь·ӏ · мѣкѣфорко · хъцьть · оу тьбе · прошатѣсѧ · на лунѣну · а на лунѣнѣ · человѣкъ · добръ · а сбродну ·# (вѣрꙑ) не · ӏ·мѣ,1380‒1400,Новгород,письма
315,birchbark,# [ми]кулѣ грѣгорьѣ [ӏ ко] #чѧтоѥ #,1380‒1400,Новгород,письма
316,birchbark,#[м]ѣль[ꙗ](на) # у рач# у фла(рѧ) #ниць #,1360‒1380,Новгород,деловые записи
317,birchbark,#[хо сль]зꙑ проливаюстѧ прѣдъ бъмо за то гнѣ бж҃ии на васо меце поганꙑи а нꙑнѣ покаитесѧ того безакониѧ а на то дѣло ѡканѣноенемного поводитъ а тꙑх бꙑ хотѧ и не постꙑдѣтисѧ,1340‒1360 (с вероятным смещением назад),Новгород,церковные тексты
318,birchbark,се купило михало у кн҃зѧ великого бороце у василиѧ ꙩдреѧнакузнецѧ и токову и ꙩстровнуи ротковици кодрацѧ и ведровода в҃ рублѧ и г҃ гринꙑ дастеѧковъ атно се замѣшете михалу брату ѥг дасте серебро двоѥ,1340‒1360 (с вероятным смещением назад),Новгород,официальные документы
32,birchbark,фешке юрьгию целомъ [бьѥ] #соле на борзи не бꙑла ѿ тебе сол[ь] по ·в· года мни[д]а п[р]# # купиле,1340‒1360,Новгород,письма
320/337,birchbark,# (ов)са полоуторе деже оу тьр# овса ·з҃(ӏ· оу)[лк]ово · оу радеха ·ѳ҃· деже овса десѧтаꙗ а коун(о ·)#(·)гр҃вне оу милъслава · со милонего ·ѳ҃· деже овса · десѧтаꙗ и безъ ·ӏ҃· коуно ·в҃· грвне оу ми[л]ого(ст)#поло пѧть деже овса поло деже · а коуно ·м҃· реза[но оу] #а коуно ·м҃· резанъ овса ·з҃ӏ· оулковъ : оу м#оу ратше оу рикиница п[оло] п[ѧт](ь деже) #,1300‒1320 (с вероятным смещением назад),Новгород,деловые записи
321,birchbark,#прьдальсе къ мни [в] в[и]#[ьце] за# #[и]гожирь лбиске и та[иша] # [ѧ]зꙑко,1340‒1360 (с вероятным смещением назад),Новгород,письма
322,birchbark,#тоу и на# безо пѧти д[ежь] пѧти сотъ · а оу пѧти#[въ] · бела а жеребеꙗ нетоу ть ни коунамъ ни вершӏ,1300‒1320 (с вероятным смещением назад),Новгород,деловые записи
324,birchbark,#до · селу · на кнѧжоꙩсторови ·#,1320‒1340 (с вероятным смещением назад),Новгород,фрагменты неопределенного содержания
326,birchbark,# #во жта оу первѧк# #жта ӏ ·д҃· гр҃внѣ · оу тѣ#,1320‒1340 (с вероятным смещением назад),Новгород,деловые записи
328,birchbark,поклонъ · ѿ ѥвъѳимеѥ · къ пер[е]деслав[е] ѧз(ъ) #м[о] по[ло]тиноу · ине · н[е] възѧле : и ѧзъ рекла полтиноу #,1300‒1320 (с вероятным смещением вперёд),Новгород,письма
331,birchbark,#го слово пло[щ]#г[и] аще на не азоги не ѧростию ·,1240‒1260 (с вероятным смещением вперёд),Новгород,церковные тексты
332,birchbark,#[т]ом[ъ] # [п]рис[ъ]# (гри)вьнъ в[ъ] тр(еть али) нь прис[ъ](леши) а хочѫ в[ꙑ]рѫ[т]и ѫро[ст][ть]ч[ь] въ дрѫгѫю тр(е)[ть],1180‒1200 (с вероятным смещением вперёд),Новгород,письма
333,birchbark,#[оу] хътьна#ъ ньсъдь#ю любо вѣ#ии моеи#[р]и и аѳон#тоѣ,1220‒1240,Новгород,фрагменты неопределенного содержания
334,birchbark,ѿ мирослава · ко ратмироу · вослю · [ѳе]д[о]то[у] три гривне · серебра · и гривноу · [ко]уно · во[зм]и · оу [дра]ц[ѧ рожи]дежк[оу],1220‒1240,Новгород,письма
335,birchbark,#нье : добро же : мѣни же ми : кълътъкѣ :цетꙑри : по полоу гривнѣ : кълътъкъ : золотꙑхъ : а за тобою :в҃ї: коунѣ : робьихъ : вѣ(вериць : крьни) же : тими : вѣверицами шело(мъ) # #[е] : оп[ѧ]т# : н[ап]и(ши),1160‒1180,Новгород,письма
336,birchbark,ѿ петра гр[а](мот)а · къ влъчькови · то еси тꙑповѣдалъ къ рожънѣтови · на нусту[и] емати ·в· срочька · ни векшею не длъжьнъ · а нꙑне · оу даньши · заѧлъ есмь ·в҃· ·в҃· срочька въ ·е҃·ть · срочькъ · а емли на немь даньша ·,1120‒1140 (с вероятным смещением назад),Новгород,письма
338,birchbark,#[захв]а[т]иле ко[с]ношкове # (соро)слосѧ во :з҃: гр҃вн҃о :[д҃]: гр҃[в](н)# #,1140‒1160 (с вероятным смещением назад),Новгород,деловые записи
339/341,birchbark,пклонъ ѿ ръдивацак ог҃идиноу посадкоусе ѿхъ[дѧ сего] (свѣта) #[ф]н[з] [а] ли[ш](е бꙑ отда)ли зати а мъѥ ѡтъцъ бꙑ по(слоухъ),1380‒1400,Новгород,официальные документы // письма
34,birchbark,# (съ бра)тьєю ·# [г]сне ни #оривъ # (же)ребец#ѧ оу се#литъ #,1340‒1360,Новгород,письма
342,birchbark,а҃ : в҃ : г #: з҃ : и҃ : ѳ҃ : ӏ҃ : к҃ : л҃ : м҃ #: ѯ҃ : о҃ : п҃ : ч : р : с҃ : т҃ : у҃ : ф҃ : х҃ : ѱ҃ : #в҃ : г҃ : д҃ : е҃ : ꙅ҃ : з҃ : и҃ : ѳ҃ : а в г д [е] #,1320‒1340,Новгород,учебные тексты
343,birchbark,# [пос]л[ꙋ]хе : бор[исе : попе :] #[с]паса : петре сомолѧнине : прок[о]ша [во]дин[иц]# #ма [д]омитре милославов[е] #е ·,1280‒1300,Новгород,официальные документы
344,birchbark,[ѿо пе]тра ко коузм[е] ꙗзо тобе братоу своѥмоу приказале про себе [так]ооурѧдил[о] ли сѧ со тобою ци ли не оурѧдил[о]сѧ ти тꙑ со дроцилою по сомолове прави а ꙗзо сѧ кланею,1300‒1320,Новгород,письма
345,birchbark,# а звало ѥсмьвасо в городо и вꙑ моѥго словань послушали а како приѥдуто по васо дворѧнь тако буди т#,1340‒1360,Новгород,письма
346,birchbark,ѿ микиѳора : ко тьтоке молови ратемирꙋ · оти сѧ соцете со моною моловиж[е] # #[и]ч[ь сол]# ѧле во торожеку# (а) # (не на)[р]ѧжѧе лихо деете :,1280‒1300,Новгород,письма
348,birchbark,ретънихо у илее у тудора :д: цетверти у милошка цетверетеу ратше :в: цетверети у страхона цетвете у мала цетвете у ѧрꙑша :в: цетверети у надеѧ цетвьрте у хоцу у сꙑна его цетвертеу содлилке цетверте у сѣлѧте цетверте у вонега цетверте у васѣке цетверте у несула цетверте у терпиа :в: цетверти у тешиле цетверте у обидена :в: цетверти у дешевкацерте у станѧте цетверте у наслава цетверте у иелее :з: цетверти,1260‒1280,Новгород,деловые записи
349,birchbark,# #[с]ѣ порома :и҃·ӏ: коуно во плото на соли :е· коуно и гривна · на рꙑбахо семница на церевахо :е: коуно к# # #[жике] :ѳ: гривоно · бе :е: коуно,1260‒1280,Новгород,деловые записи
35,birchbark,#ле (о)[у] ф[е]д[ор](а о)[у в]аси# (ска)зивале,1360‒1380,Новгород,фрагменты неопределенного содержания
350,birchbark,ѿ стьпана и о[т] матьри ко полюдоу восоли рожи конь продаво,1240‒1260,Новгород,письма
351,birchbark,# дꙋшила и бьлꙑна сто(ро)вь добрь · и товарь вохь ·кьль бес пецали бꙋдистепан[ь] · [землѧ] #,1260‒1280,Новгород,письма
352,birchbark,# (ѻлекс)[а]ндровичю сну посадничю · слуги твоӏ гн҃е# мосюку што ѥси · гн҃е хлѣбо велѣло# (пу)стошомо · ӏно тото хлѣбо гн҃е · крѣстьꙗне перемо(лотили) # гн҃е · не слушали · а которꙑѥ · гн҃е · ѻ̈стат(ки) # [и м]ꙑ тꙑ гн҃е · молотимо · да сꙑплемо · гн҃е · в жꙑ(тницу) # #[р]ꙑ [хл]ѣб[а] · гн҃е · перемолотили · кретеꙗне ·#,1420‒1430,Новгород,письма
353,birchbark,#н[ꙑ] нѣту · у вдовкинꙑ·хъ дѣтѣӏна тꙑхъ · сохахъ · сѣмѧнъ нѣтуни дѣжѣ ӏ нонѣ дашь · кони ӏ ·ӏ сѣмѧна · п[од]н[ѧ]т[а] бу[д]е [зе]м[лѧ],1380‒1400,Новгород,письма
354,birchbark,челомъ битиѥ к огж҃и мт҃ри ѿ ѻнсифора · вели нестерю · рубль · скопити · да ити · к июрию · к сукладнику · молисѧ ѥмчто бꙑ конь купилъ да иди с обросиемъ к степану жеребии возмѧ · или возметъ рубль · купи и другии конь · да прошаи оу юриѧ · полтини · да купи соли · с обросиѥмъ · а михи и серебра не добудеть · допути · пошли с нестеромъ симъ · да пошли ·в҃· кози корѧкулю пѧтенъполъсти · веретища михи и медвидно · вели оу максима оу ключника пшенки попрошати ·.·и диду молисѧ что бꙑ ихалъв июриѥвъ · монастиръ пшенки попрошалъ · а сдисе не надиисѧ ·,1340‒1360,Новгород,письма
355,birchbark,на симане · на лисидциникѣ · гривна · на дорофѣи накожевникѣ :ꙅ: семенци · наклимѧтѣ · на парфѣневе·г· гривнѣ · на василѣна #,1300‒1320,Новгород,деловые записи
356,birchbark,#прокроутоу пос[ь]ли · [т]вое[ӏ] ж[ь]н[юсѧ]оу тьбь сьль гж҃ѧ · волѧ · ӏ твоѧ,1360‒1380,Новгород,письма
357,birchbark,поклоно ѿто юрки ко мари цто ѥсомо оу тебе свезли на [сл]а[в]#,1300‒1320,Новгород,письма
358,birchbark,поклонъ ѡс҃пжи мт҃ри · послалъ ѥсмь с посадницимъ мануиломъ ·к· бѣлъ · к тобѣ · а тꙑ нестерепро чицѧкъ пришли ко мни грамоту с кимъ будешъ послалъ · а в торжокъ приихавъ · кони корми добрꙑмъ синомъ · к житници свои замокъ приложи · а на гумни стои коли молотѧть · а кони корми ѡвсомъ при[соби] а в ми[ру] а в [кл](и)т[ь р]жи [с]# [п]еремиръ и ѡвесъ тако же · а сказꙑваи кому надоби рож ли · или ѡ(весъ) #,1340‒1360 (с вероятным смещением назад),Новгород,письма
359,birchbark,покло ѿ парфѣниѧ к угумѧну ꙩсподине како ѥсьмъ порѧдилесе тако и живуа василке село пустоши вежу свезле двѣрѣ ·г· свезле а село а на вхꙑхъ се грозитьце у ладогу звати ѡсподине ꙩ всѣмъ томо понаболисе,1400‒1410 (с вероятным смещением назад),Новгород,письма
36,birchbark,# (гри)вна : ꙋ селих[ѣ] гривна : ꙋ ѥ# (ꙋ) [с]мона ·,1360‒1380,Новгород,деловые записи
361,birchbark,поклонъ ѿ шижнѧнъ и ѿ братиловицьгн҃у ꙗкову поѥди гн҃е по свою верешь датьгн҃е не гнеѥ̈ а нꙑнеца ѥсме гн҃е погибливерешь позѧбла сѣꙗ̈ти гн҃е не чего ӓ ѥ̈сти тако же не чего вꙑ гн҃е промежю собою исправꙑ не учините а мъ промежю вами погибли,1380‒1400 (с вероятным смещением вперёд),Новгород,письма
362,birchbark,ѡсподѣну юрию ѡнцифороцю ѡндрике цолобѥ послалъ ѥсме тъ[с]ѧцю су[щ]а [ко ѡс](под)и сво[ѥ](и),1380‒1400 (с вероятным смещением вперёд),Новгород,письма
363,birchbark,поклонъ ѿ смена к невѣстъкѣ моѥ ажѥ будешь не помина[л]а ино у тебе солоду бꙑло а солодъ ржанꙑи в потклѣтѣ и тꙑвозми колобью · а мукѣ колконадобь и тꙑ испеки в мѣруа мѧсо на сѣньникѣ а цторубль дать игнату и тꙑ даи,1380‒1400,Новгород,письма
364,birchbark,поклонъ ѿ смена ѿциха к сидору какъимешь продавать и тꙑдаи намъ ржи на полтину какъ людомъ поцнешь давать а грамота к тобѣ с моимъдѣтиною ·,1380‒1400 (с вероятным смещением назад),Новгород,письма
365,birchbark,#да пришли сѣмъ с [ъ]бдор[и] # #ѥмъ съ[ц]тьмъ(сѧ) # по[ло] #,1360‒1380 (с вероятным смещением назад),Новгород,письма
366,birchbark,сь урѧдѣсѧ · ѧковь съ гюрьгьмо · и съ харѣтономъпо бьсудьнои грамотѣцто бꙑлъ возѧлъ гюрьгѣ грамотув ꙑзьѣжьнои пьшьнѣцѣ а харѣтоно во проторѣхо своѣхъи возѧ гюрьгѣ за вьсь то рубьльи трѣ грѣвонꙑ и коробью пьшьнѣцѣ · а харѣтонъ возѧ · дьсѧтьлокотъ сукона и грѣвону · а больнь надобѣ гюрьгю нѣ харѣтонудо ѧкова нѣ ѧкову до гюрьгѧ нѣдо харитона · а на то рѧдьцѣ и послусѣдавꙑдъ лукѣнъ сꙑнъ сьтьпанъ таишѣнъ,1360‒1380 (с вероятным смещением назад),Новгород,официальные документы
367,birchbark,#посули а знамѧцко #[со оу]имꙑ [а] н[а]мъ [с]ап(ог)# #,1380‒1400,Новгород,письма
368,birchbark,се бл҃гви · попе · максим[е] #село · а землѧ тому · селоу · по зарубъ · синофо(нтовъ) # #ньѥму,1360‒1380 (с вероятным смещением вперёд),Новгород,официальные документы
369,birchbark,# (св҃)[т]аго дх҃а се ѧзъ рабъ б(ж҃ии) # (сꙑ)[н]у · своѥму конъдра[т](у) # бѣлки оу петра в ла[в]# (с)емена шюбиницѧ з#,1360‒1380 (с вероятным смещением вперёд),Новгород,официальные документы
37,birchbark,# [и]ва[н]а · ко #[у]бе · те ї м#ите · ꙗз[ъ] # (са)[м]е · буду ·,1360‒1380,Новгород,письма
370,birchbark,поклонъ · ко юрью · и к миѯсиму · ѿ всихъ · сиротъ ·цто ѥси даль · намъ за клуцка · за насъ · не стоть ·насъ · продаѥть · и крадони · ѿ ного · ѥсми · а лежи ни ·ѿ ного · не ѿѥзде да · а ми · ѥсми · в томъ · погибли · аже ѥму · будьть ·сидить · намъ · сили : ниту · сидити : а да · намъ ·смирного : чл҃вка : а на томъ : тобѣ · цоломъ,1360‒1380 (с вероятным смещением назад),Новгород,письма
372,birchbark,# [ѻс]подине сино не #а нꙑнеце ѻсподине наб#[оц]и # зан[е]ж[е] #,1360‒1380 (с вероятным смещением вперёд),Новгород,письма
373,birchbark,#серебра не даю а нине говори тим[ъ] х[то] з[на]#ини[вал]ъ а здисе коурила мезенъ ѿꙗлъ ӏ куни# (а нин)е ꙩ томъ попецалисе како тому би#,1410‒1420 (с вероятным смещением вперёд),Новгород,письма
374,birchbark,# ко[нѧ н]а [них ку]не даше стора луди елали свале на луди не ӏде моӏ кони оу тебеа твоӏ конь оу мене не буде моӏхь конвь оу тебе ӏ тꙑ даӏ ми рубелъ# [мо]ӏ кони к[о]#,1420‒1430,Новгород,письма
375,birchbark,#нъѥ за два рубѧ иван# #спин[иц](ю ко)[ли б]ы[лъ] па[р](обокъ) #,1360‒1380,Новгород,деловые записи
376,birchbark,а҃ в҃ г҃ д҃к[ѧ][ѧ]нъзаѧѧкꙋстражьжѧь[ь],1280‒1300 (с вероятным смещением назад),Новгород,varia // учебные тексты
377,birchbark,ѿ микити к маланӏи поиди за мьне ѧзъ тьбехоцю а тꙑ мене а на то послоухо игнатомо[исиѥвъ а] во жи[во](т)# #,1280‒1300 (с вероятным смещением назад),Новгород,письма
379,birchbark,# (къ) т[ѫ]горадоу и къ [к]волинѣ вꙑправи [м]и [к]ъ(р)ъчѧгоу#и п[р]оудъ о(бь)чь ѫст(р)ои [ц]ин(ю) покланѧние,1160‒1180 (с вероятным смещением вперёд),Новгород,письма
38,birchbark,#кони# федор# #[с]тък[ꙋ] ꙩко ростави[л]и [сох] #,1380‒1400,Новгород,письма
380,birchbark,#остѧтѣ къ ѧжи съкопивъши вѣверъ#[ъ]жи же ѧз[ъ] ти придоу по великѣ дъ(ни),1140‒1160 (с вероятным смещением назад или вперёд),Новгород,письма
381,birchbark,ѿ игната къ климѧтѣ възми оу доушилѣ(о)[у ѳ]оминица полъ цетвьртѣ гр҃внѣ и крь(ни ко)[жюхъ] чьрмьницнъ женьс(к)#[и] и крьни#,1160‒1180,Новгород,письма
382,birchbark,#[у] (ч)олъвѣка и вѣка # е[си] (при)е[х]а[л]ъ [в]#,1380‒1400,Новгород,письма
383,birchbark,приказъ ѿ романа к пѧтелѣю цо прилбица · ꙋ тебе ꙩндрѣѥва · прилбица · даӏ ꙩндрѣю ·,1380‒1400,Новгород,письма
384,birchbark,ѿъ стъенѣга къ матери то ти есмь дале савѣ :е: кꙋнъвъже трькъвище лъжици :в: ножа :в: брꙋсе : вожѣ оленики ·,1160‒1180,Новгород,письма
385,birchbark,поклоно посаднику онсиѳору ож[е ѥ](си во)пор[и] наболисѧ посзовно грамото(ю) #,1360‒1380 (с вероятным смещением назад),Новгород,письма
386,birchbark,#ь ꙋ тьбѧ [т]о ӏ [г]о#(о)[т]вецꙋ ӏ о земл[е]#,1360‒1380 (с вероятным смещением назад),Новгород,письма
387,birchbark,#оп#кы#(о)стаф[ӏ]ѧ па#мъ · ско#(бе)[щ]ести·е сво[е] #ни#,1340‒1360 (с вероятным смещением вперёд),Новгород,официальные документы
388,birchbark,#[ъ] ѡ[вьр]к[ӏи и и]рак[ъ] и созо и оула[сӏи],1340‒1360,Новгород,церковные тексты
389,birchbark,ѿ лоукꙑ : ко марфи · цто олекса · колбинць · далъ : пороукоу · в коунахъ : дати бꙑ дати : коунꙑ : на пьтровъ дн҃ь : в [р]оуса[л]ь#,1320‒1340,Новгород,письма
390,birchbark,бологожь :в: жерьбьѧ : козьлеско : плꙋ:тьць :в: жерьбеѧ : во подогореи : плисина :в: жьребьѧ : старо поле : завьтьрение : по рꙑдино :в: жеребьѧ : а бороть : по рꙋцьи : по голиное : и по конѧжь : людьщико : до ꙋсть воломи :в: жьрьбеѧ : а по голиное : рꙋцье заньтьцье : и до колина : вохо мое : и за ивьницꙋ : а бориславꙋ : дорꙋгаѧ : соторона : нетьца : поцьрьтово рꙋцьи : и до вьрьховьѧ и по пꙋть рꙑдьньскоикозелеско дорогуне плисина завьтьрьние,1280‒1300,Новгород,деловые записи
391,birchbark,+ ѿ олѳоромеѧ к доманцю и ко лахнꙋ и ко еванꙋ и к олее секите сꙋко нмого · а рожи много · #,1280‒1300,Новгород,письма
392,birchbark,оу тешена возѧле ·к҃· гривено #и гривна · из · ногато ·,1280‒1300,Новгород,деловые записи
393,birchbark,кузма · далъ ·о҃·и и ·в҃ӏ· своӏхъ · с·к҃· а что · гри·го#,1280‒1300,Новгород,деловые записи
394,birchbark,# [во]з[ов]але : и на#еипо#ть проси : бе сорома ид(и) #доеди [д]о сь[л]а : со[бе]р[и св]#,1280‒1300 (с вероятным смещением вперёд),Новгород,письма
395,birchbark,поклоно ѿ григори ко матери ꙋдаи л҃ гринво и таꙋм[у]ли исца с та[т]бе · сюда,1260‒1280 (с вероятным смещением вперёд),Новгород,письма
398,birchbark,#[и] дорогобꙋд[е] #гꙋ : ож[е] зов[е] #,1280‒1300,Новгород,письма
4,birchbark,ѿ микит·ѣ · ко цертоу · цто ѥсм·ь # #руцилъ · оу петра · на городищ·ѣ · н#юрги · бꙑлъ · вꙑдалъ · со дворѧ·н# #не оувѣдалсѧ · а мене вꙑдалъ # (ре)клъ · ѥси железного · по#рубль взѧв·ъ · а тꙑ н(а ѻлекса)ндр[ѣ] · исправи госп#возми · сапозѣ ·,1320‒1340 (с вероятным смещением вперёд),Новгород,письма
40,birchbark,#[ть] внеи гвозду ·а стоѧть во потклѣтѣ кто придеть з беростомъ#,1410‒1420,Новгород,письма
400,birchbark,(ѿ) [и ѿ т]оу[г]ош[ѣ и] (ѿ в)[о]ю[т]ꙑ [и ѿ коузь]мꙑ [и ѿ] # (пог)[ꙑб]ло [оже] нꙑ ѥси холопꙑ нарек[л]а #оут[и] · [ꙗз]ъ те[б]е не наре[к]#,1180‒1200 (с вероятным смещением назад),Новгород,письма
402,birchbark,поклонъ ·  [ива]#гж҃е · жонку ту дала за своѥго ж паро(бка) #,1410‒1420 (с вероятным смещением назад или вперёд),Новгород,письма
403,birchbark,у марка коробѣѧ у гꙑмуѥва брата полуторѣ бѣлки в сандалакшиу мунданахта :в҃: бѣлѣ у пюхтино коробѣѧ то в погии у наимита бѣлка,1360‒1380 (с вероятным смещением назад или вперёд),Новгород,деловые записи // учебные тексты
404,birchbark,ѿ михалѧ к атцеви оже поиде кнѧзеа поими коне оу ѳедора и седло возми а ковриго не сли семо дешево,1220‒1240,Новгород,письма
406,birchbark,#и риби и масло [и си]р[и] а [то п]раз[к]а [·г· го]д(о) #[даи]то а ми тоби ги҃не фоносе кланѧесме а даро ведаеше ·г· куници ·г· годо а поцне прошати жени или синовижени ·в· бели а сину белка,1360‒1380,Новгород,письма
407,birchbark,#а десѧте гривено ѳедоре [с]#ꙑславе,1280‒1300 (с вероятным смещением вперёд),Новгород,деловые записи
408,birchbark,# (бьрковьс)ка : соли : # (а)[ли есте п]оимале : на(м)ь а вода[д]ить : а ѧ во #,1280‒1300 (с вероятным смещением вперёд),Новгород,письма
409,birchbark,#арѧ : ꙋ собꙑслава : ꙋ саве # [п]ꙋдово медꙋ : ꙋ гавриле ꙋ #,1280‒1300,Новгород,деловые записи
41,birchbark,#те даи[те] нам[ъ] в[олно] ход[и](ти) #кунахъ землю вамъ ꙩ̈цистимъ · а вамъ кланаѥмсѧ,1340‒1360,Новгород,письма
410,birchbark,#[а ꙋ с]мьрд[а] [ꙋ б]о[ѧ]н[а тр]о[и нам]# # [гри]вь[н]е : ꙋ митрощь :в: гривнь намо : ꙋ домитра :в: гривнь намо ꙋ[д]омана ꙋ смьрда полꙋторе гривнь по :ꙅ: ногато намь : ꙋ по#[ь]шь о:и:ӏ: бьло и :в: гривьнь кꙋно : ꙋ козьла :е: бело и поло гривнь : ꙋ братьши ꙋ сь(м)ьрьда поло :л: бьло [ꙋ] (смьрда ꙋ дь)мьѧна :ӏ: бьло и поло гривнь намо ꙋ колокꙑ#[а] :е: кꙋно и гривна намо :,1280‒1300,Новгород,деловые записи
411,birchbark,(ѿ) #ора к оксьнье ѡжь ѧль будь матѳьеца добрь скуеть а цьпье могить добꙑ(ти) # [п]рикуеть в подкльть в пивномо а дае кснѧтиньцу его оть блюдь до мьнь# (по)[ед]и в сьло с посто,1280‒1300,Новгород,письма
412,birchbark,поклоно ѿ · ли·хо·це · ко ми·ки·ѳо·роу · про · ро·же · про · со·до·сла(лю) # [не · ве·л]е·ле · ни·ко·моу · же · во·да·ти · та·ко · жь#,1260‒1280 (с вероятным смещением вперёд),Новгород,письма
413,birchbark,цолобитье ѻть смона к попу ивану цо бꙑ еси моего москотьѧ пересмотреле дад бꙑхорь не попортиль а ѧ тобисвоему ѻсподину цоломь бию в коробки а послаль есмь клуць стопаномь а помитка горносталь,1400‒1410 (с вероятным смещением вперёд),Новгород,письма
414,birchbark,покло ѿ ѳиликса ко сменꙋ и ко юргюна бозѣ полжено и на васо аже цто прибꙑтка вовѣсѧ бꙋдете то вложиво церкове : а цто бꙋде надобе женемоѥи и тꙑ брате смене даи женемоѥи а ѧзо тобе много кланѧюсѧ,1340‒1360,Новгород,письма
415,birchbark,поклоно ѡ ѳовронее к ѳиликсу с плацомо убиле мѧ пасꙑнке · и · вꙑгониле мѧ изо двора велише ми ехате в городоили самь поеди семо убита есемо,1340‒1360,Новгород,письма
416,birchbark,(с)[е] погибло · сено · оу дорофеѧ (бꙑ)ло · сено в острове и смене · п(оѣ)дѧ к сену : и зуба позвал(е),1360‒1380,Новгород,официальные документы
417,birchbark,приѣхавъ · и заволоцѣѧ · носилѣ · серебро · климѣц[ь]с племенъ·мъ · на завѣтрѣ · по петровѣ дн҃и · носилѣфодорку · слепеткову · съз братѣю · а серебромъ хо(ди)лъ григорѣи фларевъ · давꙑдъ поповъ · матвѣике нище · лука ѻнишковъ · софронъ · м#шкинъ,1320‒1340,Новгород,официальные документы
418,birchbark,# метель за тобою п# (сер)ебра не сли а цто за то(бою) # #инꙑ присли,1320‒1340 (с вероятным смещением вперёд),Новгород,письма
419,birchbark,ис҃ хтꙋ · ѧко со бо҃мь поциваѥмог҃и благословиоц҃ьВьцерьнѧѧ наша молитвꙑприими свѧтꙑг҃и и подаженамо оставльниѥ грьхово ѧко ѥдино ѥси ѧвлии во мирьвоскрьсьниеОбидьть лоудие сиона и обоиимьть и дадить славꙋ во немьмь воскрьсошьмоу и мьртꙑихо ѧко тъ есть бого нашь избавлии ото бьзаконии нашихоПридьть лꙋдие поимо ипоклонимасѧх҃оу славѧщь ѥго свѧтое воскрьсени·е ѧко то естьбо҃ нашь избавлѧѧ ото безакони нашихоСтрастиютвоею ѿъ страстиисвободихомосѧ и воскрьсениѥметвоимь из истелениꙗ избꙑхъмо ги҃ славатобь ·,1280‒1300 (с вероятным смещением вперёд),Новгород,церковные тексты
42,birchbark,въ имѧ · ѻца · и сꙑна и свѧ[т]#[го д](х҃)а се азъ бъ бж҃и · михаль · ѿхождѧживота · сего · пишю · рукопсаниѥ при своѥмь · животѣ · что ми кобил[ъ]ке и ·в҃· рублѧ вѣдатис[ѧ бра](т)ии моѥи а дѣт[е]мъ · м(о)имъ [н](е) #о · а г[р]амо(т)#,1380‒1400,Новгород,официальные документы
420,birchbark,ѿ панка къ захарьи · и ко ѡгаѳоноу продалъ есмь сорокъбобровъ милѧте на десѧти гривнъ серьбра олна же ·взьмъ серьбро то же даи бобрꙑ а да[и] серобро захарьи,1240‒1260,Новгород,письма
421,birchbark,+ ѿ братѧтѣ къ нежилоу поиди соуноу домовьсвободне еси паки ли не идеши а послоу н тѧѧбьтьникъ ѧ заплатиль ·к҃· грв҃нъ а тꙑ свбонь,1120‒1140,Новгород,письма
422,birchbark,ѿ мѣ:стѧ:ть : ко га:во:шь : и :ко : со:ди:ль : по:пꙑ:та:и:та ми : конѧ : а : мѣ:стѧ:та : сѧ : ва:ма покланѧ : а:же : ва : ць:то : на:до:бь : а солита : ко монь : а грамотуо : водаитаа уо павла : скота попроси:та а мь:стѧ,1140‒1160,Новгород,письма
424,birchbark,(г)р[а](мота) ѡ[тъ гю]р[ьг]ѧ к[ъ] о[ть]чеви и къ матери : продавъше дворъ идите же сѣмо смольньску ли кꙑевоу ли : дешеве ти хлебе : али не идетеа присъте ми грамотичу сторови ли есте,1100‒1120,Новгород,письма
427,birchbark,покланѧние (ѿ) пьр# (къ)рагоулови #,1075‒1100 (с вероятным смещением вперёд),Новгород,письма
428,birchbark,#нѣ : промꙑшлѧи о дѣтии : си[х]#,1075‒1100 (с вероятным смещением вперёд),Новгород,письма
429,birchbark,монисто оусьрѧзи кожоуха ·в(·) сь пьльд#три отоцька польпьна и съ цьльцьмо #од#шьсть гоубиць пьрьни и възогъловие лоудиц#е҃· роужьнꙑхо а три бѣла оков(ьц)ь мѣд[ѧн]#гълько ларь,1160‒1180,Новгород,деловые записи
43,birchbark,ѿ бориса · ко ностасии · како · приде · сѧ · грамота · тако · пришли ми · цоловѣкъ · на жерепцѣзане ми · здѣсе · дѣлъ · много · дапришли · сороцицю · сороцицѣ забꙑле ·,1380‒1400,Новгород,письма
430,birchbark,ѿ хоритана ко моисе[ю] [а в](озьми) [г]рвну сеоже ти иване не дале бу‐ р[е](бр)[а] оу #[де] #,1180‒1200,Новгород,письма
433,birchbark,+ ѿ за[в](ида къ о)нот(а)ноу къ пꙋнѣ къ жад#и къ вохъи [б](р)ат[ь](ѣ) поклан[ѧ](ние) #,1120‒1140,Новгород,письма
434,birchbark,ѿ жирѧ[ц]ѧ ко #шесте на дес(ѧте) #,1100‒1120,Новгород,письма
436,birchbark,#еша а тоу # [д]а [и]н[е]х[о]д[ев]ѧте гривено осталосѧ а кланѧюсѧ добꙑво серебра присоли же а ѧзо ти на поути [а] о[ур]ек[ꙑ] воземо,1200‒1220,Новгород,письма
437,birchbark,#[о]во во семе гривено#[т]ꙑхо молодꙑхо коне#да дороге# #еце и вохе за коне#[а] доѥни [к]# #ле по ос(м)и коуно по# гривен# #це по девѧти резано,1200‒1220 (с вероятным смещением вперёд),Новгород,письма
438,birchbark,# м҃· рѣзанъ · подъшьвѣ ·ꙅ҃· рѣ и ·л҃· а въ ·л҃· рѣзан[ъ] # грв҃на : въ пьрвое коробье на ·в҃·ӏ· грв҃нѣ · въ дрꙋгее коробье дробь# (п)о рѣзанѣ · а большѣе по ·г҃· рѣзанѣ · ножевъ ·н҃· полъ грв҃нѣ · головице#мъ ·в҃· грв҃нѣ · на гребеньхъ грв҃на · # н[о]гатѣ # (ко)жюхъмъ ·,1180‒1200 (с вероятным смещением вперёд),Новгород,деловые записи
439,birchbark,(+ ѿ) [моисе]ѧ [ко] спирокоу оже ти не возѧло матее капи воложию со проусомо ко мне ѧзо ти олово попродале и свинеце иклепание вохо оуже мне не ехати во соужедале воскоу коупленꙑ :г: пи а тобе поити соуда воложи олова со цетꙑри безмене полотенеца со дова цереленаѧ а коунꙑ прави со проста,1200‒1220,Новгород,письма
44,birchbark,# (пр)[оклꙋ и] наꙋмꙋ со лѣновихтомо ӏ цѣлованиѥ не надоби# побѣглѣ во нѣмьцѣ а товаро ꙋ#,1360‒1380,Новгород,письма
442,birchbark,ѿ радиле ко матери [во]# #:ѳ: гривено поло воза рож(и) #,1220‒1240,Новгород,письма
443,birchbark,ѿ домитра коко ѳеларю и конесодиле,1200‒1220,Новгород,ярлычки
445,birchbark,всѧло горончаро ·в҃·сорока · куницю · кобꙑлу·г҃· кожи · шапка · санихомутꙑ · а целовало · ѥсико мнѣ · а не прислало ѥсиѧсо · погибло ·,1320‒1340 (с вероятным смещением назад),Новгород,письма
446,birchbark,поклонъ · ѿ кондрата · ѻсподину своѥму юрьюи ѿѻ всихъ селѧнъ · что ѥси · ѻсподине конѣ подавалъ · и тꙑи · ѻсподине · конѣ · захарьꙗ въдаваѥть · оу насъ · что бꙑ ѥсь ѻсподине · оунѧлъ ѥго · или ѻсподине · не оуимешь · и тꙑ · ѻсподине · пошли по ѻстатокъ · а намъѻсподине · немоч[ь]но жить ·,1380‒1400 (с вероятным смещением назад),Новгород,письма
449,birchbark,(ѿ) # [къ] #л#оу [и] ко тоуд[ъроу и]з[ѧла еста мою] дълож[ь]ницоу оу ѧрꙑш[е]въ :[в]ъзѧла еста оу неи :ꙅ҃: гривьнъ : и ещь : въ дъложениц[ь],1180‒1200,Новгород,письма
45,birchbark,се соцетесѧ бобро со семеномо на полотеретеѧ рублѧ на г҃· годꙑ поло цтевертꙑ натцѧ гривно а руб[л]#,1320‒1340,Новгород,официальные документы
456,birchbark,а въдае емѫ г҃ рѣзан[ѣ] # (д)о сꙑти крени сѫща а маса # #[хѫ]#осѫда,1180‒1200,Новгород,письма
46,birchbark,н в ж п с н д м к з а [т] с [ц] т #е ѣ ѧ и а е у а а а х о е и а #невѣжѧ писа недума каза а х[т]о се [ц]ита #,1320‒1340,Новгород,литературные и фольклорные тексты
460,birchbark,а б в г д е ж ꙅ з и ї к л м н о п р с т уо ѳх ѡ ц ч ш щ ъ ѣ ѫ ю  ѧ,1180‒1200,Новгород,учебные тексты
463,birchbark,поклонъ ѿ ѳедорѧ и ѿ коузми и ѿхого десѧикѧ сидору и к маѳию переми посѧдници кунѧминеси подѧи а ото в лонихъ в недоборехъ в нинишнихъ и проси борца петрови дни лонщии бориць своимъ недоборомъа нишнии борицьсвоимъ в недоборехъплати ми сѧживотиною,1300‒1320 (с вероятным смещением вперёд),Новгород,письма // учебные тексты
464,birchbark,поклонъ  игнатьѧ · и ѿ григорьи ѿ матфѣѥви[ца ко] #,1420‒1430 (с вероятным смещением вперёд),Новгород,письма
465,birchbark,цолобитье [ѿ] # (к осподи)ну к осподар(ю моему кнѧзю ве)(ли)[к]ому коста(нтину) #,1420‒1430 (с вероятным смещением вперёд),Новгород,письма
466,birchbark,#на софонтеѥ во дворь голову оубиле а нꙑхъ без вѣстѣ нѣть · а животъ взѧле какъ сподине пецалуѥше,1420‒1430 (с вероятным смещением вперёд),Новгород,письма
467,birchbark,# того а ѧзъ тобѣ цол(омъ бью),1420‒1430 (с вероятным смещением вперёд),Новгород,письма
470,birchbark,#цю ꙩстаѳь#слѧѥ клюц# (ц)ерковъ · поста# # [живе] ту,1380‒1400 (с вероятным смещением вперёд),Новгород,письма
471,birchbark,оу ꙩнкифа ·ꙅ҃· коробѣ · ржи · коробьѧ · пшеницѣ ·ꙅ҃· годъ · а ѿ бирица бѣлъ в отъсилкѣ билъ ми трꙋфане,1410‒1420,Новгород,деловые записи
473/468/472,birchbark,поклонъ (ѿ) # (к)и к ивану #приѧлѣ в# # #мъ правду # #дѣль а  м# #те мѧ · а ж# шлите по #у харла : а#,1400‒1410 (с вероятным смещением вперёд),Новгород,письма
474,birchbark,[ѿ] # #цѧ гн҃е пережата церосъ межѣ дѣт[ъ]кѣ мо[и зоби]жонꙑжона моѧ зобижона ба҃ [д]ѣ[л]ѧ гн҃е ѡб[оро]ни ѧ[зъ] тобѣ [цоло](мъ бью),1380‒1400 (с вероятным смещением вперёд),Новгород,письма
476,birchbark,# (с)тар[ѣ]шимъ сидовꙑ(мъ) дѣтемъ ѡбо[ро]ните ѡ#,1360‒1380 (с вероятным смещением назад),Новгород,письма
477,birchbark,поклоно анѣ  микꙑфора з дорофѣѥважеребеѧ что ѥси дала пожню в бꙑкощинѣ то шюѥга ӏмаѥть : другую ꙩсипоко землици мало а пожни ӏмаютьнн чимь пособити нѣ ꙩ че и сѣдит[и]а нꙑне даӏ ми то мѣсто бꙑковщи[н]у,1360‒1380 (с вероятным смещением вперёд),Новгород,письма
478,birchbark,# (ку)нѣ оу ращка · аже не боуде кунъ оу рашка · коуписвоими кунами колушк[ю]шапоцникоу,1340‒1360,Новгород,письма
479,birchbark,#а и ѿ [ѳ]#ста#и ӏ ко глеб(ꙋ) #оци# # ко т#ꙋ пое[д](ите) #(в)о гор(о)до а м#ꙋ воз(мите) #,1320‒1340 (с вероятным смещением вперёд),Новгород,письма
48,birchbark,(на) турки(нѣ) # (ру)[б]лѣ на #ѣ на м# и на в#ѧть р(ублевъ),1320‒1340,Новгород,деловые записи
480,birchbark,#(в)зѧло [ѥс]м[е] · а [прив]#ино томуо исправа,1280‒1300 (с вероятным смещением вперёд),Новгород,письма
481,birchbark,поклонъ · ѿ ловца ко ѡ̈стаѳии посли грамоту ѡ̈же кунꙑ ·на сѣть · и наимиту · а роже како въ·зѣиду бо҃ дасть ловъ · та·ко въ·змуть,1280‒1300 (с вероятным смещением назад),Новгород,письма
482,birchbark,#[о] взѧ ѥсме пѧть наца(те во)[з](о ꙩ̈)[вс]а · и · лоне·скоко · и · нинешнекоа цто ѥси повельло уо ѥвши взѧти возо ꙩ̈вса · и жита друогꙑ старꙑхо уо·сопо то сѧ не(вино)[ва]т[о] твори [· а] · нꙑне[ши][х](о) [уос](опо),1280‒1300 (с вероятным смещением вперёд),Новгород,письма
483,birchbark,# (п)[оло цет][ве]ре[т]и гривни тиме ти есем# # ꙋ смена ꙋ мѧсника за цето еси ·в҃· гривни ꙋзѧле мое лише возми захарие ꙋ попа · се [ли не] ꙋдасте да со изростꙑ водасте,1260‒1280 (с вероятным смещением вперёд),Новгород,письма
487,birchbark,# [вь]лѧшьдѣѧти а тꙑ чьрьсо силу дѣѧшьажь бꙑ тꙑ дбромь жила братом## [по]жи[в]ижь съ гурьгьмь жь со лукою а возꙑвахо тѧ сьстрою нь вѣстокою,1140‒1160 (с вероятным смещением назад),Новгород,письма
488,birchbark,"Venit[e], exultem(us) d(omi)no, iubilemus de[o s]alutarin(ost)ro, p(rae)ocupem(us) facie(m) ei(us) in (con)fessi[(one)] (et) i(n) psalmisiubile[(mus)]Viro. Viri. Virtute.Voce. D(omi)ne H(ymnus) M(ari)a V(irgo). V(ersus). Weni e(lecta).Libri testament sancti. Kalendae aprilis lectiones III ewangelii",1380‒1400 (с вероятным смещением назад),Новгород,церковные тексты
489,birchbark,#  попа · ко моисею · воступисѧ#[л]ѧ · хотѧ бꙑ ти · истерѧти# [ѧ]зо во томо · а дома п[р]о‐#,1320‒1340 (с вероятным смещением назад),Новгород,письма
49,birchbark,поклонъ · ѿ ностасьи къ гн҃у къ моѥи къ бъратьи · оу менебориса в животѣ нѣтъ · какъ се гсдо мною попецалуѥтеи моими дѣтми ·,1410‒1420,Новгород,письма
490,birchbark,# продажи три дни[в г]ороди а ко [би] ходило оу дворо и ко складникоутовоѥмоу а тꙑ ко мни нь ѧвишисѧ коуни шити ношю,1340‒1360 (с вероятным смещением назад или вперёд),Новгород,письма
492,birchbark,#[е]ном[ъ] оу ѻстафьи со вхим[и] за[лѣ]шн(ѧ)не полтина оу дудѣ в гостьмеричахъ#ти т[р]и ч[е]вте[р]откѣ ржи коробь(ꙗ)#,1360‒1380 (с вероятным смещением назад или вперёд),Новгород,деловые записи
494/469,birchbark,#ꙩспн҃е село еремкинское ӏ кокова ꙩспн҃еу менѧ ꙩтнѧлъ та ещо мѧ ѻспн҃е напраснопродалъ ӏ лоша[к](ъ) #а покинулъ ми кобꙑлу здесо #моего ѻспн҃е на правку бъ ӏ на порукудалъ #,1410‒1420 (с вероятным смещением вперёд),Новгород,письма
495,birchbark,у ѡндриѧ три денги ивана денгау степана денга у вана денга у зуба московкау степана московка,1450‒1500,Новгород,деловые записи
496,birchbark,ни[ко]єв за мною рѣцѣи оударивсѧ розбоємъ на михаилицн҃ъ дворъ на сн҃а єво на ива(н)[ка] д[во]ръ нов а жигалꙗ с сꙑном с офоноском : игнаткѣ симꙋєвѣ з братомъ с макхи[мк]ом ва[си]лѣ вѣцѣркѣ грихънѣ васлко климѣнтѣикѣ стѣхънов · мартꙑнѣ [т]атаѧхрапѣ [с]ѣ[люєв] крѣстник да дворъ розграбили а животъ взѧл да и [ж]итницꙋ єлизарѣвꙋ вѣрхъ [да] д[в]оръ разграбили да и людѣи пѣрѣбили пѣрѣкололи : азъ в томъсѣлѣ [н]ѣ одинъ бꙑл а то деѧлось всю нѣделю до прокла :,1430‒1450 (с вероятным смещением вперёд),Новгород,официальные документы
497,birchbark,поколоно ѡ гаврили ѡ посени ко зати моемоу ко горигори жи коумоу и ко сестори моеи ко оулити чо би есте поихали во городо ко радости моеи а нашего солова не ѡставили да бого вамо радостеми вашего соловавохи не ѡсотавимо,1340‒1360 (с вероятным смещением вперёд),Новгород,письма
5,birchbark,(покло)но [ѿ] дав[ꙑ](да и ѿ) есиѳа · къ матѳѣю · постои ·за нашего сироту · молви · дворѧнину · павлу · петрову брату дать · грамотѣ · не дасть · на него ·,1320‒1340 (с вероятным смещением вперёд),Новгород,письма
50,birchbark,#·г· дежи трьтие# (за) радославомо дижѧ семаѧ воислали ·в· деж[и] · [исполо](виѧ р)[а]дослалѧ исполовиѧ ·г··ӏ· у·локи · за олександромо лонеского жита · ·г·ӏ· улоки олександре дале коромолник·у· ·г· ·у·лки верши волосе на хомутини у#искорми ладога ·г· дежи ондришк·у ·д· улки искормилид·ӏ· улки овиса олександрь с волосомо,1360‒1380,Новгород,деловые записи
500,birchbark,#полъра роублѧ серьбромъ · ѡжерьлиѥ въ# дроугоѥ съ хроустаю · шюба немечькаꙗ · кожа дьланаꙗ · ржи ·з· коробьи ·а ·в҃· недьланꙑ · кожи · чепь котьльнаꙗ · мьхъ коунъ ·е҃· телѧнъ ·е҃· ѡвьцинъ : котлець ·сковорода · скобъкарь полътна ·в҃· локти · ѡ# полъсть ·г҃· хомоутꙑ рьмѧнꙑ · оуздакована · робична · икона с[ъ гот]аном[ъ](по)п[о]н[а к]онев[а]ꙗ ·#[р]о · оу ꙗковли кобꙑлк[и],1320‒1340 (с вероятным смещением назад),Новгород,деловые записи
501,birchbark,а поколоно ѿ некефако маруку подо[б]оро[п]о[ѥ]ни по розмери [ӏ] мене ѥни а ѧза тобе колонеюсѧ,1320‒1340 (с вероятным смещением назад),Новгород,письма
502,birchbark,ѿ мирслава к олисьеви ко грициноу а [т]оу [т]ивънидьте гавъко полоцанино прашаи его кодь ти на господь витаеть ать ти видьло какоти бꙑло ѧ ивана ѧлъ постави ·и· пьредъ людьмикако ти взмоловить,1180‒1200 (с вероятным смещением назад),Новгород,письма
503,birchbark,ѿ изосиме покланѧ(ние) #л[ъ] века ѫ в[а]съ а нꙑнѧ не [и](м)[амь въ]лости лише въсъ а ѧ за вꙑ бга молюсъдила и гравриѧ и мариѧ и олисаваи домьника мънога жев[ꙑ] лѣта,1140‒1160 (с вероятным смещением назад),Новгород,письма
504,birchbark,ѳом · тимоѳлариѧна · о#ск#ь · оньн,1160‒1180 (с вероятным смещением вперёд),Новгород,церковные тексты
506,birchbark,+ петре : евана : маримиѧна : ѧна :георегиѧ : ѳедорь прокопиѧоводокиѧ ев[а]на · рожвоеоу[п]#,1160‒1180 (с вероятным смещением вперёд),Новгород,церковные тексты
507,birchbark,# (ост)ав[и] (намъ) доло(г)[ꙑ] наша клевету · зависть (·) ненавист# навѣт[ꙑ] #,1200‒1220 (с вероятным смещением назад),Новгород,литературные и фольклорные тексты // церковные тексты
508,birchbark,иосиѳъ · оноуѳри ӏѡ҃ : милостиви [а]настиѧсоѳиѧ · ѳедосиѧ · ꙋлиѧна · пелагиѧ ·демитре павелооводокиѧ оѳимиюгюрьги мироѳа,1160‒1180 (с вероятным смещением вперёд),Новгород,церковные тексты
509,birchbark,оу воислава възьми :ӏ: коунъ истинь а :е: коунъ намомъне въдале дъвоихъ намъ ⁞ оу нѣжѧть възьми десѧть коунъ и гривьноу ⁞ оу боудоть възьми гривьноу намѣноую ⁞: оу боѧна възьми шестѣ коунъ намьноуюозеревахъ а отрокоу въдаите по коунѣ моужь,1160‒1180 (с вероятным смещением назад),Новгород,деловые записи
51,birchbark,# #мꙋю а ꙋ рꙋ# # ꙋ зꙋекевица ·в· лососе #,1300‒1320,Новгород,деловые записи
510,birchbark,сь сталь бьшь коузма на здꙑлоу и на домажировицаторговала еста сьломь бьз мьнь а ѧ за то сьло пороуцнь : и розвьли есть цьлѧдь и скотиноу и кобꙑльи рожь а домажирь побѣгль нь ѿкоупивъ оу вѧцьслава из долгоу : како жь еста торговала тако жь(исправит) [ис]тьрю мою :ꙅ: сотъ пакꙑ жь ли по[сл]и(та) #,1220‒1240 (с вероятным смещением назад),Новгород,официальные документы
511,birchbark,ѿ лазорѧ : ко : от#сꙋконо свить : #,1160‒1180 (с вероятным смещением вперёд),Новгород,письма
512,birchbark,#а [кътъ] истинъ боудь ньвьрь(нъ) #,1180‒1200,Новгород,фрагменты неопределенного содержания
516,birchbark,ѫ опалѧ :ꙅ҃: кѫнъ мълъвотицѣхъѫ сновида :з҃: кѫнъ мълъвотицѣхъѫ търъцина :г҃: кѫнѣѫ боѧна :ꙅ҃: кѫнъ озеревахъѫ мѣстък[а] :в҃: (кѫнѣ) ве[л]им[и]цѣхъ,1160‒1180 (с вероятным смещением назад),Новгород,деловые записи
519/520,birchbark,се азъ · рабъ бж҃иӏ · мосии · пишю рукописаниѥ · при своѥмъ · животѣ · а приказꙑваѥживотъ · свои · дѣтемь · своимъ · сосенескую землю · и засосенкую землю · по дѣловои · грамотѣ · и · зашолонкую · землю · гдѣ матфѣю · и · тарасиинимъ · дѣтемьа ту мнѣ трьть · и во вшашкеи · землѣ · и кромиски земли · свою · треть · и на вꙑшковѣ · свою · трьть · а вꙑшковскии · грамотѣ · за юриѥмь · за попъмъ · за илиӏнскимъ · а сосенкии · грамотѣ · за тарасииними · дѣдми · и пожарискую · землю · а грамоти · за лукои · за степановимъ · а дѣти · свои приказꙑваю · василию ѥсифовицю · и максиму · василиѥвицю · и ꙩ(с)подѣ · своѥи · роду · племѧни · своѥму · аже не будьть ꙩстаткадѣтеи · моихъ · ино мои · оучастокъ · зашелоскои · землѣ · ст҃ому николѣ · на струпини · а сосенскаꙗ землѧ · тараснинимъ дѣтемъа скутовескаѧ землѧ · матфѣю · и ѥго братану · гри·гориюа кромескаꙗ · и вꙑшкевескаѧ землѧ · ст҃ѣ · бц҃ина дубровни · а пожарискаѧ зе·млѧтѣсту моѥму · костѧнтинуа дворъ мои · в городѣ · а пожнѧ · на глушици · а другаꙗ · за городищемь а тоданиловимъ · дѣтемь · а не виноватъ · ѥсмь · никому ницимъ · развиѥбу҃ д·щ҃ю · а на то бо҃ послухъ · и ꙩц҃ь мои душевнѣ · игумень демидъ · ст҃го · николѣи попъ ꙩфоносъ ст҃ѣ бц҃е,1400‒1410,Новгород,официальные документы
52,birchbark,#·м҃· бьле в пꙋе :а҃: а в кокше[н](ге) #·м҃· бьло : у [зꙋ]екн#,1260‒1280,Новгород,деловые записи
521,birchbark,#ѣ ·г· цетверотк# (жита)оу (ѧ)[къ]шѣ ·г· цетверотки житаоу тимошкѣ в гуслехьпоторѣ коробьи ржиоу кюра ·г· цетвероткѣржи оув ꙑѥвка ·г· цет(ве)ретки пшеницѣ ·г· це(твер)#тки жита,1400‒1410 (с вероятным смещением назад или вперёд),Новгород,деловые записи // официальные документы // литературные и фольклорные тексты
522,birchbark,пр|о|ко|пи|исемь|м#хр|ьс|ти|намихѳо|вр|оспири|(д)ономариѧ г҃,1180‒1200 (с вероятным смещением назад или вперёд),Новгород,церковные тексты
524,birchbark,# [прис]ли[те]:л҃: гривнъ олѧ възмꙋкꙑеве :҃: гривнъ,1160‒1180,Новгород,письма
525,birchbark,+ ѿ хрьстила къ вꙑшькови · се оу насила есмь възѧлъ ·# (г)[р]в҃не · а че[т]#,1100‒1120 (с вероятным смещением назад),Новгород,письма
526,birchbark,на боѧнѣ въ роусѣ : грвна : на житоб(о)[у]дѣ въ роусѣ :г҃ї: коунѣ :и грвна истинѣ : на лоугѣ на нѣгорадѣ г҃: коунѣ и : грвна съ намꙑ :на добровитѣ : съ людьми :г҃ї: коунѣ и грвна : на нѣжькѣ на пръжневици :полъ : грвнѣ на сиромѣ : без дъвоу ногатоу грвна : на шелонѣ на добромꙑслѣ :ї҃ коунъ на животъкѣ :в҃: грвнѣ кроупѣмь : серегѣри на хъмоунѣ : и на дрозьдѣ ::е҃: грвнъ бес коунѣ : на азъгоутѣ и на погощахъѳ҃: коунъ семѣѣ грвнѣ :⁞ доубровьнѣ на хрипанѣ : :ѳ҃ї третьѣѣ грвнѣ :,1050‒1075 (с вероятным смещением назад),Новгород,деловые записи
527,birchbark,#д[ъ]шин[ѣ]и # #ати боуде воина а намѧ почъноу а молитесѧгостѧтою къ кънѧзю,1050‒1075 (с вероятным смещением назад),Новгород,письма
528,birchbark,от[о]ци поклонь к олоскадру [сто б]ꙑ [еси] д[об](рѣ дос)пѣле сто у тьбь сирꙑ то бꙑ есима[сло] то бꙑ еси продѧле с климомьа ѧ тобѣ клѧнаосѧ продѧва да бꙑ есиклиму гиевькѧ стопанѧ братомь гѧковѧ,1360‒1380 (с вероятным смещением вперёд),Новгород,письма
53,birchbark,поклонъ ѿ потра к марьѣ покосиле єсмь пожню и ѡзерици · оу мене сѣно ѿѧлиспиши списокъ с купноиграмотѣ да пришли сѣмокудꙑ грамота поведе датьми розумно,1320‒1340,Новгород,письма
530,birchbark,#будете тобѣ н[е] # [сил]н[е] а си[л]но ѧзъ не говору ѧ(зъ) # [ис]пытно м#,1360‒1380 (с вероятным смещением вперёд),Новгород,письма
531,birchbark,+ ѿ ане покло ко климѧте брате господине попецалоуи о моемо ороудье коснѧтиноу а нꙑне извета емоу людеми како еси возложило пороукоу на мою сестроу и на доцерь еи назовало еси сьтроу мою коровою и доцере блѧдею а нꙑнеца ѳедо прьехаво оуслꙑшаво то словои вꙑгонало сетроу мою и хотело потѧти а нꙑнеца господине брате согадаво со воелавомо молови емоутако еси возложило то слово такоко доведи аже ти возомолови коснѧтино дала роукоу за зѧте тꙑ же браце господине молови емо такооже боудоу люди на мою сьтроу оже боудоу люди при комо боудоу дала роукоу за зѧте то те ѧ во винетꙑ пако брате испꙑтаво которое слово звело на мѧ и пороукоу а боудоу люди на томо тобе не сетраа моужеви не жена тꙑ же мѧ и потени не зерѧ на ѳедора и даѧла моѧ доци коунꙑ людеми с ꙑзветомо а заклада просила и позовало мене во погосто и ѧзо прехала оже оно поехало проце а рекѧ такоѧзо солю :д҃: дворѧно по гривене сьбра,1200‒1220 (с вероятным смещением вперёд),Новгород,письма
532,birchbark,оу марьꙗна оу иѥлꙗ полтина да гривна и семъку цѣна оу волъфромѣѧ полтина ·в· коровѣ два конѧ оуцане дровъ оуцане сѣна оу кондра тако въ двоѥ,1380‒1400 (с вероятным смещением назад),Новгород,деловые записи
534,birchbark,#[ъ]вану мѣлицю · федо[р]# #[а]ле : ӏ поѥхале · оу городъ#[в]ане · приӏми : звале смене · ѥг# · шлеть · ѥго · на воцкую · землю : ӏ тꙑ ѥго · при# #цебе · ѥго · не даваӏ · занъдо · оузѧти · то#ною ·,1380‒1400 (с вероятным смещением назад),Новгород,письма
535,birchbark,# (н)а слободу : а · жит# (не на)доби · мануили # ни · его сн҃у фоми · а на #,1380‒1400 (с вероятным смещением назад),Новгород,деловые записи
536,birchbark,поклонъ (ѿ) #к[ъ] #[п]у · посл(але) # (де)негъ да ·е(·) # (т)[о]тарьского полъ локти · а#ского дви трети · омочи и пристриги а личе послалеа пошли с тꙑми же людьми а го(во)з(д)[ь]човъ на деньгу сапож(ь)нꙑхъ а ꙗзъ тоби кланѧю(сѧ),1380‒1400 (с вероятным смещением назад),Новгород,письма
538,birchbark,приказъ ѿ попадьи · к попу что оу тебе бꙑло а пошло к онании а нинеце проноситсѧ ѿ кюрьꙗка · анинеце понаболи ѻ томъ,1380‒1400 (с вероятным смещением назад),Новгород,письма
539,birchbark,оу мосѣѥва гривна о(у) #мхомъ гривна оу ѥс# #щи оув ꙑванова б# # (оу)мосиѧ оу бѣлого #,1380‒1400 (с вероятным смещением назад),Новгород,деловые записи
54,birchbark,#а оу микулици соколо оу #стуѧ соколъ оу микифорцѧ#,1320‒1340,Новгород,деловые записи
540,birchbark,ꙩсподѣну # (челомъ бью)[ть] · твои христьѧни дублани · здѣсе за нась #ане твои доконцалъ в порховѣ воѥводамъ тримѧ коробьѧми ꙩвсаними · ӏ в томъ · намъ[срос]ти[лъ] #,1400‒1410 (с вероятным смещением назад или вперёд),Новгород,письма
541,birchbark,#вано мариѧ# меѳодиѧ# онотони,1180‒1200 (с вероятным смещением назад или вперёд),Новгород,церковные тексты
542,birchbark,маноуилаклимѧо ам#ѧна соѳиѧнастасиѧ,1180‒1200 (с вероятным смещением назад или вперёд),Новгород,церковные тексты
543,birchbark,(ѡсподин)у поса(днику) #(бьѥть че)ломь #(ѡ)споди(не) #(бл҃)гослв(лениѥ) #жька # сена н#,1410‒1420 (с вероятным смещением назад или вперёд),Новгород,письма
544,birchbark,павла : климентаспиридона олексу,1180‒1200 (с вероятным смещением назад или вперёд),Новгород,церковные тексты
545,birchbark,гергь ириниѧ · мароѳу · мароѳу · стеѳана · ѳоврониѧ ·романа · ма҃ро·ѳу,1180‒1200 (с вероятным смещением назад или вперёд),Новгород,церковные тексты
548,birchbark,(ѿ) #бъга · къ моиславоу · и къ миките · цьмоу бра(те) (ба҃ не б)ъишисѧ · а ѧ вьде ожь · ѫ васъ е·сте тъваръ ольскꙑ(нъ) [а] ѧзо не едино · бꙑлъ · ѧрѧмиръ а инихо моуже ·г·#[ъ] а правите · имъ тъваро · ба҃ сѧ боѧць,1180‒1200 (с вероятным смещением назад или вперёд),Новгород,письма
549,birchbark,покланѧние ѿ попа къ грьциноу · напиши ми · шестокрїленаѧ англ҃а :в: на довоу икоунокоуна верьхо деисѫсоу и цьлоую тѧ а бъ҃ за мѣздою или ладивьсѧ,1180‒1200 (с вероятным смещением назад),Новгород,письма
55,birchbark,покл[оно] # #[вот]омо а гра(мо)[тꙋ] господине возми дворнюю ꙋ ѳоминь жене како соко# # (госп)[од]ин[е] #господине торгъвати беле вод[ал] # [ѳедоро] а ко мне# дворнюю грамотꙋ ели ꙋ те[бе],1300‒1320,Новгород,письма
550,birchbark,+ покланѧние ѿ петра к аврамоу матьеви еси молвиль толико мнѣ емати скота боле же за мьне скотане поусти а вьжники творѧтесѧ въдавоше собꙑславоу цетꙑри гривне а посьлищенꙑхо коуно ·е҃·ӏ· гривно а готилъ съ мною боудьть а дороганици ти шливъ городо ·,1180‒1200 (с вероятным смещением назад),Новгород,письма
551,birchbark,григории : и настасию : а#ѥвана : гергѧ : прокопи[ю : с]м[ь]онамарию : катьриноу :,1160‒1180 (с вероятным смещением назад),Новгород,церковные тексты
553,birchbark,соѳ|иѧ | ма|ну|ила | мариѧ | ѳеларьлоука | ӏѡ҃ кюрил[о] | стеѳано | мариѧ | мариѧ | васил# | ӏѡ҃ · аѳ# |#ѧ · д# |#иѧнагригориӏс҃ хс҃ѳедосиза|ха|ри|и,1180‒1200 (с вероятным смещением назад или вперёд),Новгород,церковные тексты
556,birchbark,(покланѧние ѿ) #(к)ъ дома[сл](а)воу иди [в]# (въ за)(к)ромѣ сѣме[н]а и ѣм(ена) #(ц)ьрьнь(ц)#,1140‒1160 (с вероятным смещением вперёд),Новгород,письма
558,birchbark,ѿ попа ѿ минь ко грьциноу а боуди семо ко петровоу дени съ икоунами семо,1180‒1200 (с вероятным смещением назад),Новгород,письма
559,birchbark,#ѳьворониѧ настасиѧпрокопиї ѳеодоро гворьгиї,1140‒1160 (с вероятным смещением назад),Новгород,церковные тексты
56,birchbark,#н[ӏ :] водомоаа локо(т)# # [под]ошьви [п]ерь#[е]#,1240‒1260,Новгород,деловые записи
560,birchbark,+ [ѳекла к]оура иевана олькъсоу ѳедорахръстиноу мариѧ оноусию оѳимеюваръвароу ѳъвърънию окоулинанастасиѧ,1140‒1160,Новгород,церковные тексты
563,birchbark,(ѿ) #ра : ко тимофею : добꙋди : кла(нѧюсѧ) #,1260‒1280,Новгород,письма
564,birchbark,#а ѧзъ кен# #е полъ че(тверт)# # (ж)ита ꙅ҃: осм(инъ) # #еного и пе# (б)езъ дън#,1280‒1300 (с вероятным смещением назад),Новгород,деловые записи
566,birchbark,боуди въ соуботѫкъ ръжи или вестьвъдае,1100‒1120 (с вероятным смещением назад),Новгород,письма
567,birchbark,(на)[кла]де [ꙋже] а [не] да[ѥте ӏ] (вы)даӏте ӏстинꙋ дате не повержегозбе #,1340‒1360 (с вероятным смещением вперёд),Новгород,письма
568,birchbark,(у) #ька на ѡстровѣ короьѧ соли у домана въ микулин(ѣ)# коробьи соли у болъдѣ въ слав[ни]цахъ · коробьѧ соли · у # на кшетахъ · полторꙑ коробьи соли у старостѣ на кшета(хъсъ др)ужиною ·г҃· коробьи соли · в олисѣѧ на кшетахъ · полтор[ꙑ] (коробь)и соли · у кузмѣ у рѧдѧтина · пол коробь соли · у родивана с(ъ) #(ом)ъ · коробьѧ соли · у кнѧзѧ в болъсинѣ селѣ полторꙑ короб(ьиу) #кꙑта на сопшахъ съ зѧтомъ коробьѧ соли · у ива(на) #,1340‒1360 (с вероятным смещением вперёд),Новгород,деловые записи
570,birchbark,# а(г)[о]реле передо ѡлѳоромеӏ глогшине данилаѧколе ѥване ѳаоустове брате ѡмбросеӏ[да х]роме киселеве брате,1360‒1380 (с вероятным смещением назад),Новгород,письма
573,birchbark,#вътастое заславо ж#имъвъложѣ жиръсла(в)#,1160‒1180,Новгород,фрагменты неопределенного содержания
575,birchbark,#коуна · на хомолю це[т]ꙑри · коун[ь] на мѧс[ьх]о ·з· коу(но) #,1200‒1220 (с вероятным смещением назад),Новгород,деловые записи
576,birchbark,+ а б вг д е ж ꙅз и ӏ к л мн о п р с т уф хоу,1360‒1380 (с вероятным смещением вперёд),Новгород,учебные тексты
577,birchbark,#ру · даи [х]# [л]авре двѣ даи кум(у) #,1360‒1380 (с вероятным смещением вперёд),Новгород,письма
578,birchbark,поклонъ · ѿ ꙩнцифора · к бабѣ · к марѣмьꙗнѣ ·что ѥсми гж҃е тобѣ далъ · полтину · дати биричю · а грамота взѧть · ажь будешь · грамотувзѧла · даи ꙩнтану · или будешь · грамо(т)# #,1360‒1380,Новгород,письма
579,birchbark,поклоно ѿ бориса к зѣновѣӏ ӏ федору вꙑ моѧ ѻга҃ даӏте коницкадо видомирѧ вѣрѣ ци до мстѣ,1360‒1380 (с вероятным смещением назад),Новгород,письма
580,birchbark,#[ѧ] улеѧна ѡпишу · рукъписаниѥ синъ(мъ свои)[м]ъ василею ивану чтъ дале свекре мъѥ ми# (з)[е]млу мнѣ в здаръвеѥ на сеи стърънѣ кълъм(ен)[ѣ]цкѣ побѣ стърънѣ пути деревѣцкъгъ а#,1340‒1360 (с вероятным смещением назад),Новгород,официальные документы
581,birchbark,ѿ орьшька ко борисоу око ми еси продаль жито т[о] во#,1180‒1200,Новгород,письма
582,birchbark,цето еси прислале дова целовекате побегли а коне не ведаю г[д]ѣ поимавоши а тимонѧ меретве,1280‒1300 (с вероятным смещением вперёд),Новгород,письма
583,birchbark,поклоно ѿ мартина · къ милѧ(т)ѣ · како мѧ еси · ма,1280‒1300 (с вероятным смещением вперёд),Новгород,письма
586,birchbark,отъ нѣжатѣ вишнъ и вина и гароусъи моукоу кожоухъ иванъи сковородоу,1100‒1120 (с вероятным смещением назад),Новгород,деловые записи
588,birchbark,поклоно [ѿ] # #во [ѥщ]ь ѻ то[бъ]л[ѣ м]оѥи · оу#,1360‒1380,Новгород,письма
589,birchbark,ѿ жилꙑ к чюдину даи ѡндрѣю рубль не даш личто мнѣ ни доспѣѥ в рублѣ томь нечи ѧти тотвоѧ ѿ жилѣ к савѣ даи# [пол]тин[у] #,1340‒1360,Новгород,письма
59,birchbark,поклоно ѿ ѡ·мроси·и · ко степаноу #ѧзо во : пороуки за си:роти · а нꙑ:н[е :] #полои води · ѧзо : вида·ю·сѧ с тоб(ою) #мꙑ·сливсѧ · та·ко бꙋдꙋ к тоби : а тꙑ · видаеши а#а дар ко соби восми · а по семо : болша боу#,1320‒1340,Новгород,письма
591,birchbark,а б в г д е ж ꙃ з [м] л н оп р с т оу ф х ц ч ш ъѣ ѫ ѭ  ѧ,1025‒1050,Новгород,учебные тексты
592,birchbark,# [тв]о[р]и[т]с[ь] (о)[у т]е[бе] [вох](о зап)[л]атилъ · при·сли · ко мнѣ · грамоту · и · до(пиши) с кꙑмъ бу[дешь пр](ислалъ),1280‒1300,Новгород,письма
594,birchbark,приказо [ѿ м]# ко ѻнсифору п[о]с[а]дни⁞ку ⁞посли господине микулу #ми ѥ#мовозо[у]#,1360‒1380,Новгород,письма
595,birchbark,настасѧѧ настасьѧ марѳа марьѧ ѧна ѳьдосѧсьмьна ильѧ,1180‒1200 (с вероятным смещением назад или вперёд),Новгород,церковные тексты
596,birchbark,#уо вавоцо грьн[и] #уо перьница гри#(уо) #ехи о тр[и] #,1260‒1280 (с вероятным смещением назад или вперёд),Новгород,деловые записи
599,birchbark,ѳедокалоукоше[ко]ѳедок(и)но лоукош(е)коѳедокино лоукоше(ко),1160‒1180 (с вероятным смещением назад или вперёд),Новгород,ярлычки
6,birchbark,поклоно ѿ ѳилипа ко г# # [м]ною про#,1300‒1320,Новгород,письма
600,birchbark,[по](кл)[о]но  # се послали два моужахотꙑнѧне к # про ту тѧжю · про реку · про что то послале · негане · ѿ кнѧзѧ и ѿ тебе · симо же ти соулити много · хотꙑнѧномо · тѧжѧ велика · оурекꙑваютсѧ бебрꙑ · молвѧте вꙑтоло · изловили ·# [противоу] (мо)лвѧ · а вꙑ[то]ле того · изловили · ѿсоу[л]ивати#,1220‒1240 (с вероятным смещением назад),Новгород,письма
601,birchbark,+ посадьникоу л҃ да(н)[и] а за са(н)[и] по е҃ коуно за довое · а [тре]теее возѧле а за мехо и за г҃ попоне ·е҃ коуно а боле недае : а кнѧгꙑнине дани десѧте гривено а за двоесани по е҃ коуно а за мехо и за дове ппоне е҃ коуно : астаниславоу со дроугмо з҃ гривено а крꙑтеное дове коу(н)[е и гривена] #,1180‒1200 (с вероятным смещением вперёд),Новгород,деловые записи
602,birchbark,димитриѧ хрьстинꙋ а на дрꙋгои евана марие : а на третиеи еванаа цетвьртои сьмьона,1140‒1160 (с вероятным смещением назад),Новгород,письма
603,birchbark,[ѿ] смолигꙋ къ грецинови и [к] мирославоувꙑ ведаета оже ѧ тѧже не добꙑле тѧжѧ ваша нꙑнеча жена моѧ заплатила:к҃: гривнъ оже есть посоулили дв҃дъви кн(з҃ю),1160‒1180 (с вероятным смещением назад),Новгород,письма
604,birchbark,ѿ петрока грамота ко волосоу : и[з]обид#,1160‒1180,Новгород,письма
605,birchbark,покланѧние ѿ ефрѣма къ братоу моемоу исоухиѣне распрашавъ розгнѣвасѧ мене игоумене не поустиле а ѧ прашалъсѧ нъ посълалъ съасафъмь къ посадьникоу медоу дѣлѧ а пришьла есвѣ оли звонили а чемоу сѧ гнѣваешиа ѧ вьсьгда оу тебе а соромъ ми оже ми лихомълвлѧше и покланѧю ти сѧ братьче моито си хотѧ мълви тꙑ еси мои а ѧ твои,1100‒1120,Новгород,письма
606,birchbark,# (ꙋ) #илѣ :г# (жи)та дѣжа пь(шеницѣ) # (ꙋ она)н[ь]е дѣжа пь(ш)[е]ницѣ дрꙋгаѧ жита,1160‒1180,Новгород,деловые записи
607/562,birchbark,жизнобоуде погоублене оу сꙑчевицьновъгородьске смьрде а за ним[и и] з[а]дьницѧ,1075‒1100,Новгород,официальные документы
609,birchbark,на ·в̈· коноу безъ полоу ·ї· кне ·ӥ· грвнъна третьемъ ·д̈· на ръжи полъ ·ї· коунеи ·в̈· грвне на санхъ ·ї· кнъ · на веретищ·г̈· нгте на ·м· локътъ ·ѳ· кнъ · на овсе полъ ·а · на ·ї· кне на полти пол ·з · рзнена полотне ·в · коуне наемоу ·г · рзнеоу творимира полъ грвне безъ ногат,1180‒1200 (с вероятным смещением вперёд),Новгород,деловые записи
61,birchbark,# [ис](п)[равить по и]зростомо поло трьтиѧ дьсѧто гривьно сьрьбраистинꙑ :ӏ҃: пудово мьду а три годъи а ное самь вьдает[е] код цо исправить кодь что взѧтиа ко мне кажить о всьмо,1240‒1260 (с вероятным смещением вперёд),Новгород,письма
610,birchbark,поклонъ ѿ роха · к огн҃у моѥмук фефилату · что бꙑ ѥси гн҃едале мѣсце мнѣ на дорѣ · и ѧзъбꙑхъ гн҃е собѣ ӥзбу поставилеа ѧзъ тобѣ гн҃е цоломъ бию · аминъги҃ помилуи · дьѧка бѣльского ·,1360‒1380 (с вероятным смещением вперёд),Новгород,письма
611,birchbark,покл(онъ) # (къ о)нань(и) #мои[м](ъ) #гн҃е · #пожа(ловалъ бы ѥ)си ме(не) #нѣ · гн҃(е) #и мѧ · #оутѣ#тича#гн҃е и о#,1380‒1400,Новгород,письма
613,birchbark,грамота ѿ вонѣга къ с[т]ав[ъро](ви) # и ногате в[ъ боръзѣ] а добръ сътвори хъчоу и[т]и#,1050‒1075 (с вероятным смещением назад),Новгород,письма
614,birchbark,#[ех]о ·к· [в]о # (во) [гл]оу[бокеи] ·ме·во стромине ·ѳ҃· во сельче ·з҃· во доброкостечихо ·ѳ҃· во своподь ·ӏ҃·ꙋ селокове горь ·ӏ҃· ꙋ лоуготь ·е҃·,1280‒1300 (с вероятным смещением назад),Новгород,деловые записи
615,birchbark,+ покланѧние · ѿ лѧха · къ ѳлареви · исправилъ ли еси · десѧть гривенъ : на русилѣ · съ микулоюпосли семо · или еси не исправилъ · а исправии кланѧюсѧ · а дьцьскии приима ·,1280‒1300 (с вероятным смещением назад),Новгород,письма
616,birchbark,# (об)ести ю до мене порозна# (д)але будьше а то сѧ ведаю#,1220‒1240 (с вероятным смещением назад),Новгород,письма
618,birchbark,# (б)ратъ его куземка пришелъ# его · тꙑ · пожаловалъ · лошатку# · нарадилъ · еси би его,1360‒1380 (с вероятным смещением вперёд),Новгород,письма
619,birchbark,блс҃влние и поклонъ ѡ попаѡ перхурии · ко микифору#,1360‒1380 (с вероятным смещением вперёд),Новгород,письма
62,birchbark,#а декѧбрѧ # еꙋгѣниѧ се #(помо)цница жь н(а)#техо · а · ꙩнѣ за#,1280‒1300,Новгород,церковные тексты
621,birchbark,#на :в҃: гривнь и дьвѧ рьзно · а за мною пло осмь гри(внь) #,1180‒1200 (с вероятным смещением назад или вперёд),Новгород,деловые записи
622,birchbark,приказо ѿ матѳеѧ ко марк(ꙋ)ӏ ко саве про не[п]рѧноѥ сереб[р](о) ге донаболисѧ да ѧ сѧ дивлю[ц](ем)[ꙋ м]не вести ѿ [в]асо нетꙋ тако# (моӏ)мо животомо зоблетесѧ# ѿ#е#т# [не] хоцете при(с)[л]ати лихо ли вамо добро ли ӏ ѻ мо(ѥ)[м]о животе о ѧколи вамо наболи[т]исѧ моӏмо приказомо болшимоцюжимо ли наболити[сѧ ѻ](же в)[ꙑ]тако деѥте бг҃а сѧ боӏ(те) # (б)людите ни ѻ сменове то(варе) #шлете,1360‒1380 (с вероятным смещением вперёд),Новгород,письма
623,birchbark,ба ва га да жа за ка ·ла ма на па ра сата фа ха ца ча ша#,1360‒1380 (с вероятным смещением вперёд),Новгород,учебные тексты
624,birchbark,ѿ кꙋземе ко цереню водае паробокꙋ моемꙋз на десѧте гривено а не ꙋдережи посоли семо а со берековеско соли посоли семоа ци цето ти товара надобе а то восолю,1160‒1180 (с вероятным смещением вперёд),Новгород,письма
625,birchbark,# (ѿ) смьна (и ѿо) дт҃иӏ# поеди п(о св)ою жо# (вьр)[ь]шь · нас#ѧтижѧ# [т]воихо д#никово#овже[н]#о#и#и#,1360‒1380 (с вероятным смещением назад или вперёд),Новгород,письма
626,birchbark,#бо :л: а # (съка)заль мне#му станими(р)# #вѣ :д: се[рь](бра),1180‒1200 (с вероятным смещением назад или вперёд),Новгород,письма
627,birchbark,(ѿ г)[юрег]ѧ ко ѧковоу оже еси забꙑле моего добродеѧниѧ а прислати ти# (к)[е](н)[да]р[ѧ соли да] ж[е] ти то н[е любо а] #,1160‒1180 (с вероятным смещением вперёд),Новгород,письма
630,birchbark,о : ньжька дова дьсѧть бьрковьско бьз ьрьковьскаоу гоницѧ бьз бьрьковьска дова дьсѧть оу станьмираоу жоуцьковицѧ цьтьри бьрьковьскь ӏ шьсь коунооу гоурьгѧ ӏ ньпробоужѧ воноука поло гривьнь оу поутоковьӏ поло гривьнь оу мьстока оу коузньцѧ бьз довоу ногоутоугривьна оу жирока поло гривьнь оньковицѧоу станишь поло гривьнь,1140‒1160 (с вероятным смещением назад),Новгород,деловые записи
631,birchbark,ѫ мирѧтѣ бес полоусеме коунѣ ·г҃· вне · а#,1120‒1140 (с вероятным смещением назад),Новгород,деловые записи
632,birchbark,коузема тоудорове блез[о]ке селѧтине сꙑно :,1140‒1160 (с вероятным смещением назад),Новгород,ярлычки
633,birchbark,# #[в]#[не веде] а [не повель]#о#[ьскь] с[ь]кꙑроу городкоу а иване вьде,1120‒1140 (с вероятным смещением назад),Новгород,письма
635,birchbark,# [къ те]тъке приде ти ѧ#[и] нежѧтоу сътоумаи же кот#[п]итъ не оупоускаи же оти и#(л)юб[ъес]#,1120‒1140 (с вероятным смещением вперёд),Новгород,письма
636,birchbark,пришьль искоупникь ис полоцька а рать поведае великоу а водаить пошьниць во засадоу,1260‒1280,Новгород,письма
638,birchbark,#[ѧ] ор(т)[ь]мие гривьна дан# # коунꙑ оу мьнь корозьно шиль есмьсо[б]ь н#н[ь]к# # оу микить аж[ь] избоудоу [долга] (сего)то восолю попрѣдьно и осиню а нꙑне ми нь пакости,1160‒1180 (с вероятным смещением вперёд),Новгород,письма
640,birchbark,#мѣць а полъ грвнѣ творит[е]# # [·в·] ногатѣ поногатьнаго оу которѧнъа оу д[ьѧ]къ оу хоудꙑцѧ ·г· рѣзанѣ а собѣ [коу]ноу а оу добрꙑцевиць оу романи[цѧ] к[оуноу а собѣ] коу[ноу] # (коу)ноу а собѣ коуноу,1160‒1180 (с вероятным смещением вперёд),Новгород,письма
642,birchbark,#цьмо [во]зьми в м# # (га)врил[ь о]трока [в҃] #,1160‒1180 (с вероятным смещением назад или вперёд),Новгород,письма
644,birchbark,+ ѿ нѣжеке ко завидꙋ чемоу не восолеши чето ти есемо водалаковати · ѧ дала тобѣ а нѣжѧтѣ не дала · али чимо есемо виновата а восоли отроко · а водале ми еси хамече · а чи за то не даси · авосоли ми вѣсть · а не сестра ѧ вамо оже тако дѣлаете не исправить ми ничето же · а во три колотокѣ вокꙋе то ти ·д҃· золотьникѣ вокольцю · тию,1100‒1120 (с вероятным смещением вперёд),Новгород,письма
645,birchbark,ѿ ӏсаѧ ко мишкоу посли сѣмоондриӏцѧ на б[ор](зи) #,1260‒1280 (с вероятным смещением вперёд),Новгород,письма
649/650,birchbark,# оу озъкь оу объкъшь [с](ь)[мга :в:] съроцька # (съ)[р]о[ць]к# # коуна #ѧжѧнина д: съро[ц]ь[ке] [оу къпр]е[лѧ]н[о] :#: съроць[к]ь # (съ)ръцьке а :г: къромьнье :г: грвьнь коунами по :ꙅ: коунамо,1200‒1220 (с вероятным смещением вперёд),Новгород,деловые записи
65,birchbark,поклно ѿ матвиѧ ко ѥсиѳу ко давидову : вꙑвези ми :в҃: медведна · да веретиша : да попонь : а к[о]#ажь водѧ по :г҃: рꙋблѧ прода : али не водѧ нь продаӏ,1300‒1320,Новгород,письма
651,birchbark,#бе:с твъ·е:го по:ве·ле·ни:ѧ · не : сме:ю возѧти · н·и[цего] ж[е а] восли грамотоу ко моне,1200‒1220,Новгород,письма
652,birchbark,# въ врѣмѧ живо(т)[а] моѥго : не остави мене# не пороучи мене нъ сама# творьче зижителю из[б]ав[ит](елю) # (по)милоуи ѥгда хощеши мѧ испꙑтати #,1180‒1200 (с вероятным смещением назад или вперёд),Новгород,церковные тексты
653,birchbark,#моеживи#и радость тамо подати #,1180‒1200 (с вероятным смещением назад или вперёд),Новгород,церковные тексты
654,birchbark,+ ѿ иванока · ко хотеславокоу грамота з# #оуциле содиль а во томо сѧ соросло поло п(ѧте) #[и] во мо[их]о коун[ахо] #,1160‒1180 (с вероятным смещением вперёд),Новгород,письма
655,birchbark,#ютье а коупѧть ти и а чьто ти о[с]# # (так)оую же грамот[ицоу],1160‒1180 (с вероятным смещением назад или вперёд),Новгород,письма
656,birchbark,# коулотъке грамъта къ хоудъ# иди реки пльсковоу,1160‒1180 (с вероятным смещением назад или вперёд),Новгород,письма
657,birchbark,+ поклѧнѧние ѿ пелаге ка аѳимие сь ст҃ее дьлѧ варъвре вьверице твое въ городь ѿдомацка а оу жирослава соуть а потоснисѧвъ городъ а ст҃ье варъварь тьлицѧ сторова ли,1180‒1200 (с вероятным смещением назад),Новгород,письма
659/648,birchbark,васкина то[б](ола) # #чкъ кꙋн[и]ч[ь] :в: къръзно кожюх# свита оперьсникѣ пок[ро]вѣ[чь сь]#,1200‒1220 (с вероятным смещением вперёд),Новгород,деловые записи
660,birchbark,бльстъкѣ в҃ ножь : соудокь : тьмьѧна,1180‒1200,Новгород,деловые записи
662/684,birchbark,#[х]во#[ос]#[ови]#[ь] #дила : а ѭ дроугъхо возѧтъа не заглажьно,1160‒1180 (с вероятным смещением назад или вперёд),Новгород,деловые записи
663,birchbark,милоке ꙋенеге бꙋдишѧ заплатили поло гривене коростокине рала невиде касиѧ сморочьва рала заплатилапло девѧть кꙋне,1180‒1200,Новгород,деловые записи
664,birchbark,+ ѿ доброшькѣ къ прокъшѣ присъли ми гривьнꙋ а давꙑдъ ти ми невъдалъ велить възѧти ꙋ вежьникъ,1160‒1180,Новгород,письма
665,birchbark,ото доброшьк[ь] ко завидоу възьми оу р[а](ть)шь шьсть гривьнъа оу наболь три кадьчь и гривьна а рат(ьшь) молови а и жито есипоказаль оу полотевица н три гривьнь а т(о есь)[м]о поворотиль во намьа оу пожьгь возь[м](и) #ь кадьць [жит](а) #,1160‒1180 (с вероятным смещением вперёд),Новгород,письма
666,birchbark,+ сьраѳиѧна ко ма[т]#[а]мовь отрокь [д]роу[г]#,1160‒1180 (с вероятным смещением вперёд),Новгород,письма
667,birchbark,отъ [и]ван[ъка] къ [орте]мьѣ и# # #ье ѫ захарьѣ [г]ривьнѫ серебра # (въда)и опѧ[ть] гавр[ил]ѣ а ѧзъ съ тобо(ю ѫвѣдаюсѧ са)ме,1160‒1180 (с вероятным смещением вперёд),Новгород,письма
67,birchbark,+ поклоно ѿ ѧкова : ко (ва)силью : и ко васильеви·и : иди господин(е) : ко тимоѳью жиросл(а)вь бьщести [л]ишь дв[о]рѧни с[л]ь т[и]#,1300‒1320,Новгород,письма
670,birchbark,(покланѧни)е к онотанꙋ ото матери(ст)[орови] ти есме вохе оже ти не ꙋго#,1180‒1200 (с вероятным смещением назад),Новгород,письма
671,birchbark,ꙋ ѳ[о](мь) лꙋкон : ꙋ климѧть лꙋкноꙋ тор#[к]ь :г҃: лꙋкн : ꙋ бориса лꙋк :ꙋ твь[р]ьши лꙋкон : ꙋ стьпанаг҃ лꙋкон : ꙋ попа в҃: лꙋкна : ꙋ чьрьмьна лꙋкна : ꙋ събꙑслава лꙋкно,1180‒1200 (с вероятным смещением назад),Новгород,деловые записи
672,birchbark,и оркадь вьльли бь себь жьнитисѧнь вода #[ь]го а повьжь и оу твьрдѧтьчьт[о сѧ] ѧло коуно,1160‒1180 (с вероятным смещением вперёд),Новгород,письма
673,birchbark,#[въ п]ѧтницю али нь въслешиа заемоу ти#ноу попа со[у]#,1120‒1140 (с вероятным смещением вперёд),Новгород,письма
674,birchbark,гѧиньжоутосѿиѧжарвасаслгѡиѧциньшѣр#и ѡ глсаса вражиѧ и ѿ сотоужьниѧ грѣшьницѧ,1180‒1200 (с вероятным смещением назад или вперёд),Новгород,литературные и фольклорные тексты
675,birchbark,# (къ милѧ)т[ѣ б]рать милѧто кꙑевѣ : бг҃ъ : мьжи нама послоухо бꙑлъ : фофоудьи бꙑлъ твоихъ :ѳ҃: рьклъ ѧ собѣ то ти на лоукахъ гривьнъ :ꙅ҃:# ажь # [тво]риши : при[ш]ь соуж[ь]далоу роздаѧвъ : въ дълъгъ съ сѣ#,1140‒1160 (с вероятным смещением назад или вперёд),Новгород,письма
676,birchbark,# [т]р[и] (г)ри[вьнь] н[ь] отопоу(с)ти їли нь вода [а] вьди ко старость ко ѧкоуноу,1160‒1180 (с вероятным смещением вперёд),Новгород,письма
677,birchbark,#ти г грвнѣ истинѣ : сьди кꙑ[е](вѣ),1160‒1180 (с вероятным смещением назад или вперёд),Новгород,письма
679,birchbark,#и а продале ти е ес[ь]м[ь] а #ми и покланѧю ти сѧ,1140‒1160 (с вероятным смещением назад),Новгород,письма
68,birchbark,#[уд]у ожь ти будь гость мьнь жди торгуи м[нь двь гривь]нь правѧ ѧ како доспьво буду а борь[ц]ь оставиво а тꙑ брать нь дьщиси сде ли ти буть тамо ли в соши ити а ци восопрашееть местиловь сꙑно цого малаго даи ту ѧ стою,1240‒1260,Новгород,письма
681,birchbark,#(п)родаво [о]#ниноу : оуцини же погрѣбание чьрнеческое : атъ сърочьке и полъ [дь]в[ѧ]т[ь] #,1160‒1180 (с вероятным смещением вперёд),Новгород,письма
682,birchbark,+ покланѧние ѿ харитание ко съѳии ежь то [т]и есьмьпосълѧлѧ г҃ резане михальви на повои да же ти въдаль да молю ти сѧ госъпоже ка моѧ да посълъво борожь и рꙑбиць вꙑдаль ти и целоую тѧ,1160‒1180 (с вероятным смещением вперёд),Новгород,письма
685,birchbark,+ѡ дъманѣга : к[ъ] с[ь]м[ьюноу :] (и къ) # [въ]да[е]# [л]ьст[ь] : [мъ](л)[ви]та : за вълъкъ : ръспꙑтав[ъ]шѧ[гъ]раз(дъ) # #[дъбр]а : а лиха : нь крьни[та] #,1160‒1180 (с вероятным смещением назад),Новгород,письма
686,birchbark,без довоу три десѧте ко стоу во простемоа въ дроугемо :р҃: бе щетꙑре,1160‒1180 (с вероятным смещением вперёд),Новгород,деловые записи
687,birchbark,#вологоу соби коупи а дитьмо пор[т]и к#[д]аӏ грамоти оуцити а кони [б]#,1360‒1380 (с вероятным смещением вперёд),Новгород,письма
688,birchbark,#[дъ]#е : [д](ома)[с](ла)ве : [ꙋ]м[к]овице :домане : малѧта : радонежь воноуке : гости[л]#,1160‒1180,Новгород,официальные документы
689,birchbark,по рукописанию възѧле рубель ·а прочи рукописаниꙗ · поло третиꙗ рублѧ · после ѥго смѣртидалъ · ѥсемь полотину ѻц҃ю дшевному нестеру · другую далъ ѥсемь дмитру церенецю полотинуна молодогъ далъ ѥсемь рубельи пиво вариле ко со[р]оцинамъвзѧлъ ѥсемь оу шюги двѣ коби рожи и · оу микитки на оузи взѧле коробию рожи · на ксонови · взѧлъ · потори коробии рожи · оу врамана полонои · оу сменка оу савина взѧлъ ѥсемь поло коробии ѻвса · оу сидоркавзѧле коробию ѻ̈вса · оу другога сидоркавзѧле поло коробии ꙩвса поло коробии жита,1360‒1380 (с вероятным смещением назад),Новгород,деловые записи
69,birchbark,ѿ тьрѿ тереньтеѧ къ михалю пришьлить лошакъ съ ѧковьцем[ъ]поедуть дружина савина чадьѧ на ѧрославли добръ здоровъ и с григоремь оуглицане замерьзьли наѧрославли ӏ тꙑ до углеца и ту пакъдружина,1280‒1300,Новгород,письма
690,birchbark,поклоно ѿ кура ко борану ӏ ко кузми возми свою полтину у ѥвана у вꙑѧнина во плотниццикомо конци подо борисоглибомо,1360‒1380 (с вероятным смещением вперёд),Новгород,письма
691,birchbark,#в[ѣк]а в[о д]ру#пьрвꙑ годо взѧло [у н]а[с](о) # #ново по томо гн҃ь добили ѥ[с](ме) #,1360‒1380 (с вероятным смещением вперёд),Новгород,письма
692,birchbark,во · имѧ · ꙩц҃а · и сн҃а · и ст҃ого · дх҃а · се азъ · (раба · бж҃ьѧ)мариѧ · ѿходѧ · сего · свѣта · пишю · рукописа(ниѥ · при)своѥмъ · животѣ · приказꙑваю · ꙩстатоко · сво·и · #своѥму · максиму · зандо · ѥсмъ · пуста · пусти · ѥго · т[ꙑ](мъ)по мнѣ · помѧн[е](ть),1400‒1410,Новгород,официальные документы
693,birchbark,(ѿ) ѻлис[ѣ](ꙗ) #[·ӏ]·вану [ч]то бꙑ ѥс[те]сиротокъ моӏхъ поблюлѣ глѧденцевъа ꙗзъ вамъ челомъ бью своѥи ѻсподѣ,1410‒1420 (с вероятным смещением назад),Новгород,письма
694,birchbark,#[у ѡспо]дину · твои сироте · бью цоломъ ·,1380‒1400 (с вероятным смещением назад),Новгород,письма
695,birchbark,ѿ оульѧне · к ꙑгначю поиди сѧмо а [д]#,1240‒1260,Новгород,письма
696,birchbark,#иль · а тобе сѧ клѧнѧемъ сѧ,1360‒1380 (с вероятным смещением вперёд),Новгород,письма
697,birchbark,#что есте мнѣ велѣли оу путила коньвзѧти · инъ мнѣ не дасть · не виноватъ · есмь · кузмѣ · а еще мене зазва(лъ) #родъ · а рка · такъ за тобою · хлѣбъ · мои · и жи(во)тъ · вѣсь и нꙑнь при# #а [г]у[б]а сѣно поималъ на завалѣ ·,1360‒1380 (с вероятным смещением вперёд),Новгород,письма
698/699,birchbark,поклоно ѿ евана ко сидору гахонетвои землю пѣсьѧнескую роздавале посадничимо ⁞ людемъ и посадничѣ люди землю поѡрав ⁞ даросокладеную межю содралѣа того люче василеи пограбиле землю со свомоизореникомъ како печѧлуешь ѡ своеи ѡчинѣ,1340‒1360 (с вероятным смещением вперёд),Новгород,письма
7,birchbark,# сочита оу короман(а) # (гри)вьно сороке лисичь соро(ке) #ко осмь шесть бьбороко #[мал]е п#,1200‒1220,Новгород,письма
700,birchbark,# оу кого лю·бо · и · [г]рь·чь·ска·го · бо·боу · с[ь]·мь·ни · жь ·#,1160‒1180 (с вероятным смещением вперёд),Новгород,письма
701,birchbark,# (б)[ерк]овске оу бо[р]иса оу пита[р]ева · берковске оу прошкевии г҃· розми(ри) #,1360‒1380 (с вероятным смещением вперёд),Новгород,деловые записи
704,birchbark,ѿ городьцано ко посадникоу ко вьликомоусь побьгль ѧсьнѧ[н]#,1260‒1280 (с вероятным смещением назад или вперёд),Новгород,письма
705,birchbark,+ покланѧние ѿ домажира ко ѧковоу ѧ оу тебе слꙑшоу цето тꙑ моловише оце е тобе н[е] годена а попровади ко моне сестроу азъ бꙑле лони наделиле а нꙑне бꙑхо посолале а нꙑне слꙑшю боленоу сестроу оце ю б҃опоемете а присоли соно ко моне со ее знатебою оте побоуде сꙑно у мене а ѧ сѧ имо потешоу и посолю ю опѧте во городо пакꙑ ли не оуправише того а ѧ тѧ передамо свѧтее богородице ко нееже еси заходиле роте,1200‒1220 (с вероятным смещением вперёд),Новгород,письма
706,birchbark,ѿ милоста ко захари хомела же не прода а саме потоснисѧсемо,1240‒1260 (с вероятным смещением вперёд),Новгород,письма
707,birchbark,·×· по:кло:но : ѿ : кли:мѧ:ть : к о:си:пу : во:да:и : по:ло: гри:в[не : с]р[е:б]ра :⁞ по : це:тве:рта : [з](о:ло:)[тни]:ка : пе#,1280‒1300 (с вероятным смещением назад),Новгород,письма
708,birchbark,# [а] посоли семо а не пелите ничимо же а #ти сѧ оженилъ а вамъ кланѧюсѧ съ ж[е](ною) # (бу)ду на зимѣ у васъ,1240‒1260 (с вероятным смещением назад),Новгород,письма
709,birchbark,отъ · милоста ко захарии годихомела не продаи аже тие по сьпехо то са#,1240‒1260,Новгород,письма
710,birchbark,+ ѿ сьмьюна къ доброшьке : възьми ꙋ тодоръка полъ десѧ[т](е) [г]рв҃нѣ серебра : а ·ї҃· грв҃нъ : кꙋнами : а ꙋ моисеѧ полъ шесте гривьне кꙋнами възьми :а ꙋ вънега възьми г҃: гривьнꙑ : безь девѧти кꙋнъ : а ꙋ полюд[а] (в)[ъ]зьми :(в҃ : г)ривьне бе шести ногатъ : а ꙋ радъ[ка] (възьми) # [ꙋ]резъкъ : а ꙋ ильке възьми ꙋ ме[д]ꙑн(и)[ц](а) пол[ъ] ц[е]тверъ[т]а д[ес](ѧте) р(е)занъ : а ꙋ гюрьгѧ въз[ь]ми : ꙋ с[ь]мъкиниц(а) # (:) р(е)занъ : ꙋцелелъ ти есмь : ѿ пожѧрꙋ и целꙋю тѧ,1160‒1180,Новгород,письма
711,birchbark,# (св)[об]однꙑхо да же еси тими коунами не исполнила св[о]# [т]и исполониши головами а (ѿ) #,1240‒1260 (с вероятным смещением назад),Новгород,письма
713,birchbark,(ѿ) михалѧ : ко прокоше : цето ти воудоро : цето ти церѣмени : цето ти роудавещене : и голоубине добре(т)[о]го ж[е] #҃# [:]#[: бес полоу] цетверете : [а] оу хот[ена оу це]лопа гривена новаѧ : оу спирока во прасолехо#,1200‒1220 (с вероятным смещением вперёд),Новгород,письма
714,birchbark,отъ бориса · къ # соу[щ]иць · аже боуд# #роу да клѣти · оу ѧр#и цѣлоую тѧ · и рать#,1200‒1220 (с вероятным смещением вперёд),Новгород,письма
715,birchbark,три девѧ(т)о анеело три девѧ ароханелоизбави раба жеѧ михеѧ трасавичемолитвами свѧтꙑѧ богородичѧ,1220‒1240,Новгород,литературные и фольклорные тексты
717,birchbark,покланѧние ѿ игоумение къ офросение присли привитъкоуи повои ци ти многи повои а присли и до ⁞е҃⁞ти повои а ѧ ноугене пецалоусѧ цереницами постригати въ борозе томоу даи попꙑтаи есте ли мафеї оу манастꙑри,1160‒1180 (с вероятным смещением вперёд),Новгород,письма
718,birchbark,на городьцькемъ погрод(ье)дани ·л҃· гр(и)вьнъ бѣжи(ц)ькаѧ цьрнꙑхъ кꙋнъ ·м҃(·)медꙋ ·г҃· бѣрковьске · ѧловице ·г҃· дар[ꙋ] ·в҃· гривьне · дѣцькꙑ[м](ъ) # (гри)вьне · полъти ·в҃· [г](ърнь)ць масла · сани ·в҃· поп[он](е)·в҃· меха ·в҃· клетищѧ ,1220‒1240 (с вероятным смещением вперёд),Новгород,деловые записи
719,birchbark,покланѧние ѿ дома# # (пос)адьнику годь ти сьловозѧти а сꙑно ти м[ь]# # (в)[ѣ]дание восоли,1180‒1200,Новгород,письма
720,birchbark,#ѧ [:]ѳ: к(оунъ) # (гри)[вь]но [оу] # (на)клада п[ъ] моръце на мсце,1200‒1220,Новгород,деловые записи
721/647/683,birchbark,+ се въ кънее : бебръв[ъ] #полъ дьвѧт[ь] # :#҃: гривьнъ [:] а дроу[гꙑхъ] ми д[ъ]ва : [л]#е : нъвиць :ꙅ: коун[ъ] # #[р]# #тв[а : а] # [бьль :и҃ӏ:] сър[р]ъцьвъ : ижь тъ ти [ꙋ]т[а]ил[ь въ] оньгоу : ꙋ ньжька ти есте : на#[и въс]пеньть : а# (к)оу[п]и жицоу,1160‒1180 (с вероятным смещением назад),Новгород,деловые записи
722,birchbark,вьвериць :в҃ӏ гривьнѣ во бѣлѣ и во сьрьбрѣ соболь :д҃: гривенѣво сѣтьхо :г҃: гривьнѣ во соукънѣхо и во хлостѣхо мьдьвѣдьно :в҃: гривьнѣ,1200‒1220 (с вероятным смещением вперёд),Новгород,деловые записи
723,birchbark,+ покл[а]+ покланѧние ѿто душиль ко нѧсть шьль ти есьмъ кучькъву ажьти хътѧ жьдати ааи ти нь хътѧ жьдати а оу ѳьдокь обруць ее водадѧ а свое възьму,1160‒1180 (с вероятным смещением вперёд),Новгород,письма
724,birchbark,ѿ савꙑ покланѧнее къ братьи и дрꙋжине оставили мѧ бꙑли людье да остать дани исправити бꙑло имъ досени а по первомꙋ пꙋтипослати и отъбꙑти проче · и заславъ захарьѧ въ в[ѣ]ре ꙋроклъ не даите савѣ ни одиного песцѧ хотѧ на нихъ емати самъ въ томьа въ [т]омь ми сѧ не исправилъ въ борзѣ никъ вамъ ни [т]ꙋ ти бꙑлъ а въ томь есмь осталъпо томь пришли смерди ѿ аньдрѣѧ мꙋжь приѧли и дане ѿѧли людье · и осьмь вꙑсѧглачто о тꙋдоре порозꙋмѣите братье емꙋ даче что въ с[е] емꙋ състане тѧгота тамъи съ дрꙋжиною егъ ·а се[л]ечѧномъ свомъ къ[н]ѧз[ь] самъ отъ [в]олокꙋ [и]отъ [м]ъс(т)ѣ ꙋчѧстокѣ водале а[ч]е ли ти брат[ь]евинꙑ л[ю]дье на мѧ не ищꙋ[ть] а до[вѣд]ок[а] бꙋд[е]то же нꙑнеца радъ бꙑхъ послале [грам]о[тꙋ],1160‒1180,Новгород,письма
725,birchbark,ѿ рьмьшѣ покланѧнье къ климѧ(тѣ) и къ павьл[ꙋ] ·б҃· дѣлѧ котореилюбо потроудисѧ до владꙑчѣ съка(ж)ита владꙑчѣ мою обидоуи мои бои желѣза а ѧ емоу не дълъжьне ничимъ же и молю ва сѧ,1180‒1200 (с вероятным смещением вперёд),Новгород,письма
726,birchbark,ѿ гостила къ домажиру заплати три гривьнѣ(ми)халю целюстъкѣ молисѧ ему колико ти#,1180‒1200 (с вероятным смещением вперёд),Новгород,письма
727,birchbark,+ блг҃ословлено господе ·г҃· хрт҃съ въ + людие + хрс҃тъ во + да исповѣдѧтьсѧ го[сп]одеви + нꙑнѧ [и п]ри +та жь + хрс҃то въскрьсѣ + ѧкъ съкрꙋши господе : врата мѣдѧнаѧ + людие + хрс҃тъ въ + [се]и дн҃[е] +ижь сътвори господѣ возрадꙋемъсѧ + та жь людие : хрс҃тъ въ + слава отец[ю и сн҃]ꙋ во в[ѣ]# + да ꙋз[ѣ]р(ѧть) #и нꙑнѧ и присно + людье + хрс҃тъ въ + та же попо + хрс҃тъ въскрьсѣ изъ м[ь]р[ь]твꙑхо +людее + и гробенꙑимо и живото дарова + попо ·и гробенꙑмо живото д[ар](ова) #та же : трьпаре : кондако : та же : светилѣно + плотию ꙋсъ та же #та же :г҃: хрс҃тсъ въскрьсѣ : та же трьпарь : та же конодако + та же [п]# (свѧ)тꙑе боже : та же молитва + тако сѧ поеть обеденѧѧ : :г҃: хрс҃т(ъ въ) #е чѧсо + ѳомѣ свѣтилено мъихъ оудо ѧзвꙑ рꙋкою си испꙑ(тавꙑи),1180‒1200 (с вероятным смещением вперёд),Новгород,церковные тексты
729,birchbark,+ иване : кюрила жироке гюлопа+ жи[ро]ке филипе (до)[м]ит[р]е жѧдо(ке) #,1160‒1180 (с вероятным смещением назад или вперёд),Новгород,деловые записи
73,birchbark,на смьне три гривнь со братомь,1220‒1240,Новгород,деловые записи
731,birchbark,покланѧние ѿ ѧнокѣ со сьлѧтою ко ѧринѣ · хоцьть ти твоего дѣтѧтиць · о свт҃о · жь ти еѣ хоць · ажь хоцьши во брозѣ жь седь бꙋди · и ѧла есмо сѧ емꙋ по рꙋкꙋ ѧко тꙑ си мловила емꙋ тꙑ дни придьши томодни поимꙋ и нѣ ли ти тамо повоица · а крьвоши присолиа кодь ти мнѣ хльбь тꙋ и тобѣ,1160‒1180 (с вероятным смещением вперёд),Новгород,письма
732,birchbark,#[ж]е еси продал[ъ] (а) [крь]ни ми неч[ьто въ]же ми присъли али еси не продалъ да прис[ъли ли](цьмъ) # [осъл]ю #,1160‒1180 (с вероятным смещением вперёд),Новгород,письма
734,birchbark,їс хс сихаїлъ сихаїлъ сихаїлъни ка : аньгѣлъ аньгѣлъ аньгѣлъги҃дьнь гѣ има аньгѣла,1140‒1160,Новгород,литературные и фольклорные тексты
735,birchbark,+ ѿ ѧкима и ѿ сьмьюна къ дъмитроу въдаи паробъкоусемоу конь полоубоуивъже шизꙑи и сътворѧ добрѣпомоги емоу · поправити любо и до коростомлѧ,1140‒1160,Новгород,письма
736,birchbark,+ отъ ивана къ дрист[ьл]ивоу [а]же то [на]мъ възѧле еси павьловъ (а)[н]а прокопьѣ възѧти а възѧле ли еси а в[ъзь]ми [и] з[а]#доу #е а възѧл[е а] (пр)[и]съ[ли т]акоую же вѣсть сѣмо [ц]и есть саме в[ъ]хоу [ли]хв[оу въд]але,1100‒1120 (с вероятным смещением вперёд),Новгород,письма
737,birchbark,#[оѧ] приими ь въ городѣ# дес[ѧть т]о ти иде къ то[бѣ] #и мое[и ц]ьсти#,1160‒1180 (с вероятным смещением назад или вперёд),Новгород,письма
739,birchbark,отъ глѣбъка к[ъ] воло[чѧ](н)[омъ въ]да[ите]сему диаку :е҃: и грин : цьркъвную стрѣже(н)[ѣ] (мала цьрк)[ъвичѧ си] (м)[илс]тн[ю] (в)ѣ[чьн](у) [е](млеть),1120‒1140 (с вероятным смещением назад),Новгород,письма
742,birchbark,#ѣна къ борисови въда#нꙑ и гривьноу нежате#сълеть къ мъне,1100‒1120 (с вероятным смещением назад),Новгород,письма
743,birchbark,#рѧвѧтѣ дѣла прис[ъ]лали # #о таку же вѣсть присъли,1140‒1160 (с вероятным смещением назад),Новгород,письма
744,birchbark,#[тѧ]ко емꙋ с ꙑзв[ѣ]томо #з борисомо цо [д]ержишо и# [свезлѣ с]того [с]#,1360‒1380 (с вероятным смещением назад),Новгород,письма
745,birchbark,ѿ павъла из ростова къ братонѣжъкоу аже то лодиѧ присълана кꙑѧнинѧ обѣсти ѫ кънѧзоу дати не боуде присловъѧ ни тобѣ ни павълови,1100‒1120,Новгород,письма
746,birchbark,ѿ михалѧ ко лазореви присоли [в]#,1180‒1200 (с вероятным смещением вперёд),Новгород,письма
747,birchbark,(покланѧн)[и](е) ѿ матери ко миросла(в)#,1180‒1200 (с вероятным смещением вперёд),Новгород,письма
748,birchbark,# (въ чьс)[т]и ходити оу моего рода ци оумѣе# (оу) [н]асъ въ чьсти ходити а нꙑнѣ тꙑ рекле# (д)есѧти дъва а за которъ мѧ [ѿ]дасть,1160‒1180 (с вероятным смещением вперёд),Новгород,письма
749,birchbark,поклонъ ѿ ѥвана к [л]ен[ьт]е[ю] #[с]о [ѡт]цмъ # #ӏте на мене [ч]то ѥсмь передъ вами говорилъӏсправи слово то тꙑ моӏ брат[ъ] во ч[т]о # (ѥ)[си]надобѣнъ · а заду не боӏсѧ · ѧзъ в томъ · а домоѥго живота пособ[ь]никъ ѥсмь тобѣ[з](а) твоѥ [д]об[р]о,1380‒1400,Новгород,письма
750,birchbark,оу зубецѧ поло гривнѣноваѧ и ножъ во ѡсминацтѧте,1300‒1320,Новгород,деловые записи // письма
752,birchbark,# (к)[ъ] тобѣ тришьдъ а въ сю недѣлю цьтъ до мьнь зъла имееши ожее[с]и къ мънѣ н[ь при]ходилъ а ѧзъ тѧ есмѣла акꙑ братъ собѣ ци оуже ти есмь задѣла сълюци а тобѣ вѣдѣ ѧко есть не годьнъ аже бꙑ ти годьнъ то [из] оцью бꙑ сѧ вꙑтьрьго притькль# [нꙑ]нѣ к[ъ]дь инодь въспиши жь ми про #[тьбь] хаблю ци ти боудоу задѣла своимъ бьзоумьемь аже ми сѧ поцьньши насмихати а соудить бъ [и] моѧ хоудость,1100‒1120 (с вероятным смещением назад),Новгород,письма
754,birchbark,ѿ #нти(ѧ къ) [м]атѳ(ию) #[о]нѧт[е] # [ж]ерди[ѥ] (у м)енен#[с]у кв#[л]ѧси[ц]# (л)[ю]бо са(мъ) по[и]ди ал[и т]и (на)кажи а[т](е) н[е] измѧтусѧ · а · цто по[в]елило ѥси [у п]ерхури[ск](ота в)зѧт[и а] того не далъ · а скотьно# далъ а [ц]то б[ꙑ]ло :ѕ҃[:] би[л]ъ моѧ · а того не далъ · а у мене коне палъ [а] землѧ твоѧлежите а ѡмеши за (л)юдними,1380‒1400 (с вероятным смещением назад),Новгород,письма
755,birchbark,толко за мною и словъ позвале менеѡ̈лекьсѣи на гумно ажь ѡ̈сташька ѡ̈вꙑдь молоти ѡ̈лекъсѣи [ѥг]о воспроси цому молотишь безъ нашихъ сиротъ а намъ в землѣ половина а верьши цасть и велѣлъ ми старѣшѣимои и сѣмѧна и ѣмѧна молотить ваша иване,1420‒1430 (с вероятным смещением назад),Новгород,официальные документы
756,birchbark,(поклоно ѿ) # (ко) [в]ладики цто есо(мо) # (к)онми за то господи(не) # возарало на паре(нину) # (и кланѧ)юсѧ да·и· господине# #[л]и ниту,1360‒1380,Новгород,письма
757,birchbark,ѡсподину ѥсиф[у] блас҃ловл(ен)иѥ цел(о)битиѥ ѡто попа ѿ тѣмофиѧ гублѧнетвоѥго слова не слушають федоркане прии͘млюте волно бу҃ ӥ тоб[и],1380‒1400 (с вероятным смещением вперёд),Новгород,письма
758,birchbark,прольжь : три гривнебес пати мордоко,1280‒1300 (с вероятным смещением вперёд),Новгород,деловые записи
759,birchbark,а҃ : в҃ : г҃ : д҃ е҃ ѕ҃[ъъ][з] [ъз]еда[л]еꙅ҃,1280‒1300,Новгород,учебные тексты
76,birchbark,# (гривь)но а наимит[оу] # (:)#(҃): гривьн[ь] #,1200‒1220,Новгород,деловые записи
761,birchbark,на жьстове селищь девѧносото а в оке третеѧ цасте на радошкове зе[м](ле :)#(:)грвно а на баране на бьсꙑньске :п: грвно на ньговить сороко на хотиль ·г: грвне на #диль поло :д: грвне оу гренѧ грвна оу пѧтшь грвна на хвибовь земле :в·ӏ· грвне на сен#:ѳ: грвно но насиловь :в:ӏ: грвне на льскь сороко на бабине грвна зарьць[н]#на саль[к]ь в грвне,1280‒1300,Новгород,деловые записи
763,birchbark,#ослꙑ[ш]а[ти] # #[о]ров[ее и п]о[кл]анѧюсѧ,1220‒1240,Новгород,письма
765,birchbark,+ покланѧние ѿ данила ко брату к ꙑгнату братьпопецѧлисѧ о мне хожю ти наго ни мѧт[л]ѧ ни иого цого[а] прислꙑ мѧтьле рудаво а седе кунꙑ дам[о][а] сомеци колико даси на сукне ⁞ а госпожа не придалаа уомилоседри[с]ѧ брать дае ми место зади не на цеме сѧ кормити и кланѧю ти сѧ,1240‒1260,Новгород,письма
766,birchbark,# возъ в# #себѣ которои взѧли бч(елꙑ) #мьрꙑ вꙑдерли въ [:](:) # (гри)внахъ : шест(ь) #взѧл[и] #,1300‒1320 (с вероятным смещением назад),Новгород,деловые записи
768,birchbark,# во[х]о ли# (со)[вь]зли ко собе оутворо#[дь] · а тꙑ како велиши,1240‒1260,Новгород,письма
771,birchbark,оѳимиѧ каже весте кътобе грв҃нꙋ серьбра присли на дьвке ⁞ дѣтѧтиюприсли весте ажь долгобꙋде долго медлѧтиприсли весте,1300‒1320,Новгород,письма
772,birchbark,# мною [п]ро хороме з҃ї грвно тако поусти [м]н(е) #,1300‒1320,Новгород,письма
773,birchbark,#и ѿ п# выпр(ави)# (в)[ъ] треть #моу# дьрж[и]#ѣто поклан#,1160‒1180,Новгород,письма
774,birchbark,# възьмъши а тако собѣ възм# #[о]до пе[л]ьпьлоке на къ#,1160‒1180,Новгород,письма
775,birchbark,ѿ дроцили · ко поникаропу · куплено ти рожи · ѡсми надсѧте полушоко :а пешеници ·е· полушоко · а нинѧ · намово нету · а бес куно не везюте · любо же ·присли кунꙑ · любо же · а смолови с кꙑмо [·] любо е · седе тите приеха возмете : а куплено по полу гривни роже · а пешеница · по сороку бес куни · а на кони приши·ли ми ·в· гривни серебра · а ѧ муже небогатое кланѧюсѧ · нама ти хотѧ ти по ·и҃·куну и по мородоки,1280‒1300,Новгород,письма
776,birchbark,грамота отъ їли ї отъ дъмитра пльсковѫ ко либинѫ :ко мостокѣ то ти мѧтьль въ поло гривьнѣ · ложьнике въ цетꙑри кѫнѣ юбрѫсе въ трьї кѫнѣ заѧле еси оу тьшетрьї кѫнѣ а въ томь шесть кѫно присъли :присъли же мою ї малѫю нитокѫ ѣли не присолешиа рѫти тѧ хоцѫ :,1140‒1160,Новгород,письма
777,birchbark,(къ) м[и]ха[лю не росход](оуи)сѧ про село аче и пр(ода то)(на гр)[ив]ьнъ ·ӏ҃· и бол[е] #,1280‒1300 (с вероятным смещением назад),Новгород,письма
778,birchbark,а б в г д е ж ꙃ з и ї к лм н о п р с т оу ф х ѿ цч ш ъ ѣ ѫ  ю ѧ,1200‒1220 (с вероятным смещением назад),Новгород,учебные тексты
779,birchbark,ѿ дъ[б]р#носъка сьмь[н]#ноу криль ти есмь зь[м](лю) #скь не моги сѧ ослоушати,1180‒1200 (с вероятным смещением вперёд),Новгород,письма
78,birchbark,+ въземи оу тимоще одиноу на десѧтѣ грив[ь]ноуоу въицина шоурина на конѣ и сани и хомоут[о] и воже и оголове и попоноу ·,1160‒1180,Новгород,письма
780,birchbark,графиѧ #е : сновиде : страшькапо[л]оге,1180‒1200 (с вероятным смещением вперёд),Новгород,деловые записи
781,birchbark,# цто сѧ оу васо дье посол#цивши к[т]о [п]оедь аѧ #па конь сѧ охроми[л]ь бо# о[п]ако посли · оже боуд#инее ко пльсков(оу) # (к)оромилице · обь#котѣ шишѧ # (сл)[о]вомо : и нам#,1220‒1240,Новгород,письма
784,birchbark,#ею ѧзъ ти заб[ꙑ]# (на) двъръ приде соли#,1200‒1220,Новгород,письма
788,birchbark,#ѣ гривьнѣ · а гриди полъ третье(гривь)н[ѣ] оклада же добрѣ же створѧ н нивоше въправи же лоньскоую гривьноу · къде ти недоем[л]е безьдѣде тъ вѣдаеши,1180‒1200,Новгород,письма
789,birchbark,шидовицихъ на нѣгосѣмѣ на рьжьковѣ зѧти грв҃на шидовицихъ ѫ домана ѫ тоудорова изгоꙗ ї҃ коунъ городьцьскѣ вълъцинѣ на рокꙑши ꙅ҃ коунвъ ламѣ,1075‒1100,Новгород,деловые записи
790,birchbark,# (пе)[р]#д[ъ л]юд[ь]ми ажь н[е] # #[т]и мою п[ѧ]т[ь] г[р](ивьнъ) #,1180‒1200,Новгород,письма
793,birchbark,# (о)[вь]са съ возъ и вези же въ село ко ра# оу илькѣ оу полюжа старостѣ аче ти сѧ# #ти а [с]амъ не мог(и) #,1160‒1180 (с вероятным смещением вперёд),Новгород,письма
794,birchbark,+ отъ петра к[ъ] маренѣ ци ти пъц[ь]не кнѧзь кꙋпьцѣ надѣливати аци ти присъле къ тъбѣ а тꙑ емꙋ мълъви тꙑ кнѧже вѣдаешь цьт(ъ)мꙋжь мъ[р]е зимꙋси възѧле т[ъ] #,1160‒1180 (с вероятным смещением вперёд),Новгород,письма
798,birchbark,(покла)[н]ѧние от завида къ те#кѣ оу котораго ти сꙑноу вьр[ь]шь повели оти ѿъдадѧ датть маренѣ оже ѧ придоу ти въдажь опѧть вьрьшью жеи покланѧю ти сѧ,1160‒1180 (с вероятным смещением назад),Новгород,письма
799,birchbark,#рѣзана въ середоу на рꙑбахъ ·ї҃: въ пѧтьницоу нарꙑбахъ ·ї҃ на смолѣ в҃їоушькъ положена коунаѫ радѧтѣ не възѧто полътретьѣ гривьнѣ,1160‒1180,Новгород,деловые записи
8,birchbark,о сьмнꙋн[ье] къ игꙋчькꙋ чьѧ ти есть корова да молови емꙋ ожь хочьшикоровь а едеши по коровꙋ а вьзи три гривьнь,1180‒1200 (с вероятным смещением вперёд),Новгород,письма
800,birchbark,#оу : ѧле ти сѧ [е]с[ь]мь за погосто : аци цьто ми #,1160‒1180,Новгород,письма
801/802,birchbark,(покла)нѧнье (ѿ) #[е] къ ж# искоу[п]# #съ# обѣсти#,1180‒1200,Новгород,письма
803,birchbark,(поклан)[ѧ]ние · о[тъ брат]илѣ · къ за#тве ти полотьскѣ д#,1160‒1180,Новгород,письма
804,birchbark,отъ незнанъка къ рюрѣ хоцеши ли платити ·ꙅ҃· гривьнъ · али не хочешиа поеди въ городъ,1180‒1200 (с вероятным смещением назад),Новгород,письма
805,birchbark,#люч(е) хото(сла)[в]лю [з]емлю кром[ѣ т]р[уфа](н)#ож[е] (т)[и] съв[ь]р[ь]ж[е](ть) шишакъ рало посъли же с# (на) житищ(е) # (от)[р]окомъ оти орють орогъа ѧ пьшеничю · пр(а)[вл]ю · а отрок# оже ти шишакъгонить · посади же въ радъко[в](ѣ) [в]ежькѣ,1180‒1200 (с вероятным смещением назад),Новгород,письма
806,birchbark,#езд[а]#мене борисе а повѣжь е[м](оу) # #[а]#хот[ѧ] · а поуст# # отъ степана къ бе#то же ѧ даѧло коу(н)#а брате его добр# #оу а ж[и] # з[а](сла)ло въ погостъ въ въхъ то [с]# #(гри)вьнѣ а по пол(оу цетвь)рьтѣ н(а) мѣсѧчь,1160‒1180 (с вероятным смещением вперёд),Новгород,письма
809,birchbark,#пъвели нѣкъмоу ѿ оуцинѧ[ть] #жемецюженѣ окънъ бꙑше стрѣ[лъкꙑ] #и кланѧю ти сѧа полостецю крени церъноу а к[роу]#ошее же а цето истерѧешь а оу [пѧтьлѣ](ѧ) #вѣверицѣ,1160‒1180,Новгород,письма
810,birchbark,# кадь · дови осмини (и четв)ьртиноу а п сорокоу ризано : на тои[л]иричи#,1160‒1180 (с вероятным смещением назад),Новгород,деловые записи
811,birchbark,#ъ дань# #кома се в#авде о# #ъложа ест#,1160‒1180 (с вероятным смещением назад),Новгород,фрагменты неопределенного содержания
812,birchbark,#[о]у и ко ѧкоше не дають вирьних#[е] ти не во[дад]ѧт[ь] а то ти дова моу#,1160‒1180 (с вероятным смещением вперёд),Новгород,письма
814,birchbark,#е [т]и есмь а собꙑт[и] м[и] #свое,1160‒1180 (с вероятным смещением вперёд),Новгород,письма
815,birchbark,# [в]ъдамъ тамо ажо ти не въда# #[ов]#[л]ъ [л]ега ми е въ девѧно[с]ъ(т)# # гривьнъ,1160‒1180,Новгород,письма
817,birchbark,#ѧ#пра#:оу#ми предаво в[ꙑ]#иживохо,1160‒1180,Новгород,фрагменты неопределенного содержания
818,birchbark,оу пьсоковьнѣ е҃: коунъ и гривьна · оу ѳимѣ е҃· коунъ · оу завида·е҃· гривьнъ · въ тоулѣ ·д҃· гривьнѣ серебра · а се даю въхо братоу,1160‒1180,Новгород,официальные документы
819,birchbark,ѿ борѧте къ борисꙋ : емли за свои отрокъ колико ти годьно : правъ ти естьсъли же на съводъ къ селѧномъ : правъти есть : и сочилъ есмь : и тѣ же ·в҃· гривьне на сватѧтѣ възьми,1180‒1200 (с вероятным смещением назад),Новгород,письма
82,birchbark,+ѡ творимира ко ѳъмь кланѧюсѧ брать прихажѧи во дворо : ожь ти приедѧ вьрьшь а водаи ро# # (м)[ол]и воньзда шюрина и моега оти вꙑволоци доскь и#,1180‒1200,Новгород,письма
820,birchbark,#мале юпропередъ мъною ачи то ти почьнеп[ь]нати не їми вѣрѣ соу[д]и[лѣ] # #годьно,1160‒1180 (с вероятным смещением назад),Новгород,письма
821,birchbark,отъ нѣгъла къ петръкоу и къ ѧкъши сънаѧле землоу на :е҃: лѣтъ а нꙑнѣ въкоупъникѣ пришъи съгонилѣ и соуди староста и неслоуе,1160‒1180,Новгород,письма
823,birchbark,# [в]етъхъе клѣмѧ[т]# (с)торове и чѣлоую т(ѧ),1160‒1180 (с вероятным смещением назад),Новгород,письма
824,birchbark,+ ѿ жиръка къ завидоу се въсълале заха(рьѧ) # #в[ъсп]иши грамотоу къ мънѣ лоубо ли а са(ме)# #в[ь]рьти тобою а промꙑсли о томъ :,1140‒1160 (с вероятным смещением назад),Новгород,письма
825,birchbark,покланѧни ѿ тоудорока ко м[а]#ше#,1140‒1160 (с вероятным смещением вперёд),Новгород,письма
829,birchbark,# (во бо)рзѣхо ити ти ми к[ꙑ]е[в]ꙋ [б]ра[ть сот]вори жьми добро а ѧзо ти сѧ отоплачꙋ а и чѣлꙋютѧ,1160‒1180 (с вероятным смещением назад),Новгород,письма
831,birchbark,ѿтъ коузьме и отъ дети его къ рагоуилови ко старьшоум[о](у) # (ко)[р](ъ)воу тобе во полоуторь [гривь](не) #[и сире] а то гривьною кри(лъ есмь и) [дьс]ѧ[ть сиг]ово и пол[ъ]ть во дьсѧть коуно а попови твоемоу коръвоу во[гривь]ноу а троке тво[е ч]истило есмь и даѧлъ дарꙑ а сь еси поѧлъ оу мьнероубоу и паръбоко во сьми гривьно а дроугоую робоу во довоу гривьноу да бласлови тѧ бо҃го а сь на мѧ чето воздираеши и на мое дети кото ли на мѧ тѧжоу дьет[ь] #[тѧ бъ҃] пострьчьть оужь на мѧ и на мое дети а во то еси#[и] дова отрока а ѧ съ дьтьми то къ# [к]оуно дош[ь]#[ъ] писк#[п]оу во дворо #т[ъ]к# # отъ по#боудьть да то тоу боудоу ото нхо посадь[ник]о(у) [с]о [пи]#ото весьхо шьсть а ни ѧ тобе кобѧжанино ни ѧ то[бь] скоу[дь]тинаа и горъзно ми [бе]шь тоу# тъгда да надо вьсьмь тѧ бласловило а тꙑ спепане пьрьпесаво на харотитию посъли жь,1140‒1160 (с вероятным смещением назад),Новгород,письма
832,birchbark,#а#да[т]# [въ] съто : къде ми [л]ю[бо :] а там(о) #,1140‒1160 (с вероятным смещением вперёд),Новгород,письма
833,birchbark,# (коу)не и гривьна оу # (коу)не оу медовеника десѧть коуно(оу) #[ж]ѧнина поло десѧте коуне,1140‒1160 (с вероятным смещением вперёд),Новгород,деловые записи
834,birchbark,+ се илько пок[л](епали т)и мѧ · а въходить мѧ погосте ротѣа не виновате есьмъ · ни вѣк(ъ)шею · а посъли отрокъна погостъ · (п)[ер]е[дъ кꙑ](мъ боуде)[ш]и въд[а]ле,1140‒1160 (с вероятным смещением назад),Новгород,письма
835,birchbark,# (к)[ъ] иваноу то ти за петръмъ п[ол]ъ#,1140‒1160 (с вероятным смещением назад),Новгород,письма
836,birchbark,#ад[ьлъ] бери# (об)[ъ]рънь [д]ѣтъкъ мъихъ #,1140‒1160 (с вероятным смещением назад),Новгород,письма
839,birchbark,#ръкоу тꙑ же о#(съ)[л]алъ дъмитръ грамотоу#(кън)ѧзю а ба҃ дѣлѧ отъгъци# (гра)мотоу и покланѧю ти сѧ,1140‒1160,Новгород,письма
84,birchbark,+ отъ твьрьдѧтꙑ къ зоубери възмиоу господꙑни три на десѧте рѣзанѣа,1120‒1140,Новгород,письма
841,birchbark,# [нь] забꙑваи моего# (до)[бр]ѣ [с]т[вор]ѧ помо[ли] #,1120‒1140 (с вероятным смещением вперёд),Новгород,письма
842,birchbark,+ ѿ дьѧка и ѿ илькѣ се посълаховѣ лоукънъ ·ѕ· на ·ӏ҃· а масла ·г҃· молоствѣ а середѣ ·в҃· свиньи хрьбьта ·в҃· а ·г҃· заѧцѣи тетеревѣ · и кълъбасоу а конѧ ·в҃· и сторова,1120‒1140 (с вероятным смещением вперёд),Новгород,письма
843,birchbark,#м[ь] оба сор[о](ка)[н]а семи гривьно а цего ти хотѧ #ни собь #,1140‒1160 (с вероятным смещением назад),Новгород,письма
844,birchbark,(отъ и)[м]оволожѧн[ъ къ] # [п]окладено о[ть] не буд[еть] #,1140‒1160 (с вероятным смещением назад),Новгород,письма
846,birchbark,ѿ дъмитра мольба къ [п]#попꙑтаї съчетъкѣ слоужь[б](ьн)#и коубицѣ въдаї съ къни(гами),1140‒1160 (с вероятным смещением назад),Новгород,письма
847,birchbark,#дворъ шьдъ нарѧди жо # #[ов]ѣ [сор]оубѣ ед#дъ по[ѣди] #ними пъвозъ · ѧ бꙑ[хъ] # н[и] # ни молодога а # за то#,1140‒1160 (с вероятным смещением назад),Новгород,письма
849,birchbark,цѣлъвъ ѿ петра къ дьмъшѣ даи микоулѣ кꙑшькѣ гривьнъ ·ꙅ· възьмѧ оумаренѣ · самъ же привед[ѧ] его даи же передъ мареною · ци ти ѧръко въ[сп]росить а томоу не даи · и цѣлоую тѧ добрѣ же створѧ исправи же сам[ъ],1140‒1160,Новгород,письма
850,birchbark,покланѧнье ѿ бъръза и отъ поутеши и отъ въхоѣ дроужинѣ къ петръкоу се еси въдале землю н[а](мъ) #в[о] и свѧтопъ(лъ)къ а нꙑнѣ п#[го б]оуде [в]ъ тобѣ оправ[ь]и нꙑ бг҃а дѣлѧ али о# поуть а жѧдѣ[н]оу въда[ѣ] е#,1140‒1160,Новгород,письма
851,birchbark,#стилѣ оу жиръцкѣ ви# (т)ри на десѧ гривнѣ бе#нѧ скъта оу гъвъшѣ# [гр]ивнѣ а кънѧзꙑ# [д]ати ведете гъ# [т]ебе къ дроужинѣ#[к]инъмъ къ варѧж# (и цѣ)[л]оую тѧ,1140‒1160,Новгород,письма
852,birchbark,#дасть же [ни] о[с]#[те] мое н[ѣ]#а#ако#е#мъ а боуде сторовъ кнѧзь дать да о васъпромꙑслимъ,1120‒1140 (с вероятным смещением вперёд),Новгород,письма
853/898,birchbark,:+: ѿ мароть грам[от](а) #оу тебе : ис[пь]савъ : и[с] # #аи т[а]#городьшинее,1120‒1140 (с вероятным смещением вперёд),Новгород,письма
854,birchbark,#ен# (о)[тръ]къ и лъ[вьц]а о# (п)ривезꙋть събѣ пъръма дрꙋ[г]#[ѣ]гꙋрьгеви : из ъръмице ка въсп(и)шими грамътицю о свъемъ стъ[р](ъ)вье и о дѣтьхъ а ловьца н#о# [в]ъ ловитвахъ # п#[з]ꙋть [с]обѣ сотепꙋть #н# (гри)вьн[ѣ] забꙑли есме гюрьгеви #и#зи со дѣт[ь]ми а вво клѣти,1140‒1160 (с вероятным смещением вперёд),Новгород,письма
855,birchbark,# н[ꙑ]не[въ горъ]дъ но не лего ѿ дьа : а зоубь вꙑбитьа нежѧтиници отроки били шьсть : ӏ:хъ а доужебоу а испралоу : ӏ:мъ,1140‒1160,Новгород,письма
857,birchbark,# (:)и: коу(нъ оу) #а :е҃: коунъ : оу [п]#,1140‒1160 (с вероятным смещением назад),Новгород,деловые записи
858,birchbark,#[в]ъ : ко[г]о #ронꙑ и оу себе дьрьжи : и челоую те,1120‒1140 (с вероятным смещением вперёд),Новгород,письма
862,birchbark,#гривьнѣ не въдаси ли а посълю на тѧ#,1100‒1120,Новгород,письма
863,birchbark,#д[ъв]# # д[ѣ]жѣ овьс(а) #[аѧ пь]шениц[ѣ] · оу хотьшѣ оу воинѧтѣ · оу нѣжика · оу хотѣна · по дѣжѣ молодога · асъ городьна дъвѣ дѣжѣ молодога · а оу нѣжизнаи оу тотова дъвѣ джѣ молодога · а оу раховица дъвѣ дѣжѣ молодога,1120‒1140,Новгород,деловые записи
865,birchbark,а г д ¦ е ж з к # м [н] п и и дмв,1140‒1160 (с вероятным смещением назад),Новгород,учебные тексты
866,birchbark,# (до)ро[г]а[ѧ] [к]руж[ивѣ б]ол[ъ]шии по осми гривъвъно круживо мьнешее шъстъ гривън[о],1120‒1140 (с вероятным смещением назад),Новгород,деловые записи
867,birchbark,отъ [не]гола и ото говѣна ко дурьдѣв#п[р]иш# [въдаи х]#,1140‒1160 (с вероятным смещением назад),Новгород,письма
87,birchbark,ѿ дрочке ѿ папа пъкланѧние ко демеѧноу и къмине и къ ваноукоу и къ вьхемо вамо добре створѧ#,1180‒1200,Новгород,письма
870,birchbark,пъкланѧние отъ вьсѣхъ лоудье къ петръви и къ ѧкъшѣ се есме слꙑ[шали о]же грамът[ѣ]#,1120‒1140 (с вероятным смещением вперёд),Новгород,письма
871,birchbark,# [с]ꙑн[ъ]мъ ¦ помет# бриханици три [с]л#,1180‒1200 (с вероятным смещением вперёд),Новгород,деловые записи
872,birchbark,[+] ѿ ж[ѧбьнѧ]нъ къ кнѧзоу и къ петръкоу ѧко то есмꙑ вꙑдали мѣзо#,1140‒1160,Новгород,письма
876,birchbark,#[ьз]#м[ь л]оу[ди а изъ ѧ]жь[л]ъби(ць) #,1120‒1140 (с вероятным смещением назад),Новгород,фрагменты неопределенного содержания
877/572,birchbark,(ѿ) # (къ) [пет]ръкоу велѣлъ ми еси оу розвадицѧ възѧ[ти гр](ивьноу) # (с)ѧ запирае# [ѧ съ] тобою коуплъ дѣѧлъ то дикати людъе а за ними скотъ а ѧ къ людъмъ хо[д]илъа лю[дъе] # (не въд)[адѧ] а славънъ не ходи ротѣ ни # [ес]и вел[ѣл](ъ) [въда](ти) # (въ)[зъм]и грамо(тоу) #,1120‒1140 (с вероятным смещением вперёд),Новгород,письма
878,birchbark,#а ѧ ж(е о)[б]а[г]орю ва[съ] а за полоу[д]а# #и[л]и ѥсте #,1100‒1120 (с вероятным смещением вперёд),Новгород,письма
879,birchbark,ѿ жирѧть покланѧние ко радѧть водаи семꙋ ежерькло вьрьшцю тꙋ,1120‒1140 (с вероятным смещением вперёд),Новгород,письма
88,birchbark,#[з]# (къ) [ив]анъкоу и къ петри[лѣ] (с)е сьдѣ лони есмь на#ш[ѧго]#оучькли петръ# [та]мо а ив(анъкоу по)[вѣ]ж[ь т]ак[о] #ѣ е[с]мь бꙑ[л](ъ) #,1120‒1140,Новгород,письма
881,birchbark,#ъ валътꙑроу бого сѧ боѧ идоу #и по[щ]епав[ш]и грамотоу #,1120‒1140 (с вероятным смещением назад),Новгород,письма
882,birchbark,на соли резана : на рꙑбахъ резана : на копоу съ :д: векъше : на ро,1140‒1160,Новгород,деловые записи
885,birchbark,отъ имоволожѧнъ и отъ жѧблѧнъ къ петру и къ ѧкъшѣ шьли мꙑ на мълевъ а и[ва]не [къ] намъ не [съ]#,1140‒1160,Новгород,письма
886,birchbark,# (пере)д[ъ] к[ъ]нѧз[ьмь] о[б]а[в](и)[в]# #ни без васъ али мѧ имѣе[т]#,1100‒1120 (с вероятным смещением вперёд),Новгород,письма
887,birchbark,# (помоз)и раб(о)[у] свое(моу) # [р](а)[б]оу с(воемоу) #,1140‒1160 (с вероятным смещением вперёд),Новгород,церковные тексты
888,birchbark,# (до)[бр]ѣ сът[в]ори [и] кл(а)нѧю ти с(ѧ) # #[т]ѧ#еме боудише же# #,1140‒1160 (с вероятным смещением назад),Новгород,письма
889,birchbark,(ѿ д)ъбрилѣ · къ п[ь]троу [· бг](а) дѣлѧ#,1120‒1140 (с вероятным смещением назад),Новгород,письма
890,birchbark,#[вьв]ериц#[бе] лони а того не берьгоу [а] #ка со дроужиною алѧ [ѧ]ковоу повели ати прие[м]#,1140‒1160,Новгород,письма
891,birchbark,ѿ петра къ вълъдѣноукетъ ти бъръже поидеть въ гъръдъ к(ъ) тъмоу же пристави къне,1120‒1140,Новгород,письма
892,birchbark,грамота : отъ дьмъкꙑ къ ньжѧть #есмь : въклъчилъ : въ подъв#ногатъ : по толику и от#просѧть : а отъ покровь[ц](ь) #рьзан : съдоровъ,1120‒1140,Новгород,письма
893,birchbark,#[е :] (п)[ьшьниць :в: осмине и] #самь абьно же : промꙑшлаѧ : въ домоу : рано : въстани : а поздо л[ѧги : а] ѧзо [ти : есм](ь) # [ти : б]оу[д]оуть : и чьревие : и въхо : ачи ти не боудьть : солили : соущ[а] # [п]рисовесть : [съпꙑ](та)#[б]е [д]ь[л]ѧ : али ти : [не д]ьлаета : а наеми : въ нѧ : наимито :,1120‒1140 (с вероятным смещением вперёд),Новгород,литературные и фольклорные тексты
897,birchbark,#на нь на ивана а и вꙑвѣдаи #[д]а[с]т[ь з]а #оу молѧсѧ,1120‒1140 (с вероятным смещением назад),Новгород,письма
9,birchbark,+ ѿ гостѧтꙑ къ васильви [е]же ми отьць даѧлъ и роди съдаѧли а то за нимь а нꙑнѣ водѧ новоую женоу а мънѣ не въдасть ничьто же избивъ роукꙑ поустилъ же мѧ а иноую поѧлъ доеди добрѣ сътворѧ,1160‒1180,Новгород,письма
90,birchbark,(оу) #снѧ дъв[ѣ] # #ши пол[ъ] # #нь на хар[ъ](тиѧхъ) #,1050‒1075 (с вероятным смещением вперёд),Новгород,деловые записи
900,birchbark,отъ гъбъницъ къ старостѣ прадаи хотъжъръ не можемъ его тищат(и) #[в]ъ се[л]ѣ гривън# #та#,1120‒1140 (с вероятным смещением назад),Новгород,письма
901,birchbark,#же ти избоудоу сего : ис[к]#(мь)[зд]а ти ѡтъ ба҃ боу[д]ет[ь] #,1100‒1120,Новгород,письма
902,birchbark,ѿ домагости къ хотѣноу ѣзьскѣроздроубили полъ пѧта десѧте гривьнъда ѧзъ ти тоу сѣжоу а вълъчиноу си посъли моужь инъ :,1100‒1120 (с вероятным смещением назад),Новгород,письма
903,birchbark,#[оу] #[ѣ]ж[ъ] :иван : въда тдо(р)#,1075‒1100 (с вероятным смещением вперёд),Новгород,письма
904,birchbark,ѿ тюткꙑ къ нѣжѧтѣ д[а]# тиноу :ꙅ: гривьнъ : а тꙑ д# роценови,1100‒1120 (с вероятным смещением вперёд),Новгород,письма
905,birchbark,оу рьтъкѣ : грин : оу хвалиса : грин ⁞ оу тѣшадѣ·е·,1075‒1100,Новгород,деловые записи
906,birchbark,ха҃ : бц҃ѣ : петра и пл҃акозмадьмьѧна : оч҃авасильѧ : и бориса и глѣба : и свѣхъ ст҃хъ,1075‒1100 (с вероятным смещением вперёд),Новгород,церковные тексты
907,birchbark,грамота ѿ тоука : къ гюрѧтѣ : крали ти братъни холопи а оу братаа нънѣ ти сѧ съмълъвивъ съ близокъ : вътъкале въ [т]оу татъбоу вътоѣ мѣсто татъбѣа оу него ти крадено атъ ти възѧлъ оу иванъкова съмъръда :г҃ гривнъ : а татъбоу кънѧжоупотаилъа оу него ти к,1100‒1120 (с вероятным смещением назад),Новгород,письма
909,birchbark,#[т]ѣнови оже ми еси при#вѫ ·д҃· гривьнꙑ то вꙑме# [гри]вьноу да даи т[врд]ѧтѣ#и не [д]ъ#,1075‒1100,Новгород,письма
91,birchbark,поклонъ ѿ ларьꙗна ·ко свату моѥму · максиму · тако #,1360‒1380,Новгород,письма
910,birchbark,мьдвьнаго :е҃: соръчьцьи :г҃: ѧрци :е: съ кно,1075‒1100,Новгород,деловые записи
911,birchbark,по[к](ланѧние ѿ) # да иди сам[ъ въ] со[р](окѣ) # (съ же)нам[и] и съ дѣтьми и до # #ѣта[ю] ни м# #и р[о]т#,1075‒1100,Новгород,письма
912,birchbark,грамота ѿ [л]юдьславъ хотѣноуприсъли ми вѣверичѣ : ожети свѣнѧ не поустѧ : а присъли,1050‒1075,Новгород,письма
913,birchbark,на ржьство бц҃ѣ : на възвиженье крс҃та : лоукꙑ : дьмитрью : коузмꙑ дьмьѧ : михаила и гаври : филипа : врръварѣ : нарожьство хв҃о : на обрѣзанье :на крщ҃нье,1050‒1075,Новгород,церковные тексты
914,birchbark,ха҃ : бц҃и : николꙑ : м[р]# : климта : възнесениѧ : дъмитр#волоса : петр# павла : всх҃ъ ст҃ꙑх : маръѳ[ꙑ],1050‒1075,Новгород,церковные тексты
915,birchbark,ѿ : ро:жнѣ:та : къ : къ:снѧ:ти:ноу : вь:зѧлъ : е:си : оу : о:тро:ка : мо:е:го : кꙑ:е:вѣгри:вь:ноу : се:ре:бра : при:съ:ли : коу:нꙑо:же : ли : не : при:съ:ле:ши то : ти : въ : по:лꙑ,1050‒1075,Новгород,письма
916,birchbark,[си] глт҃ь есиѳ[о] (ко) дьвць марие : цто дьло се ежь тьбь ви:жю ньдоꙋмью и дивлюсѧ и ꙋмомь ꙋжѧсаюсѧ : таї ѿ мьнь бꙋди скоро и бꙑ ѿ цр҃кви и ѿ ерьиѧко гн҃ю тѧ приѧхо хꙋлꙋ ми приньсла еси за цьстьсрамꙋтꙋ за вьсьлье скорбь за нь хвалитисѧ,1280‒1300 (с вероятным смещением вперёд),Новгород,церковные тексты
92,birchbark,на спѣховѣ на стефана · лососъ · на шюрине ѥгоо лосо · на сидоре · лосъсъ · на брате ѥго · слсосъ · на фларе ·к҃·и҃· ӏ на заꙗце ·д· беле · на лавре ·в· лососи · на ѻлферьѥ ·ѳ· лососеи · на зуике ·ѳ· лосооу петра ·г҃[ӏ] лососи · на стуковиць ·в· лососи · намиките ·д҃· лососи · на сидоре ·в· лососи,1340‒1360,Новгород,деловые записи
920,birchbark,# [а пои]д[и во] городо бороз[о] а рожи не продаи цето е[си с]#ль ано пе[ре]#,1180‒1200 (с вероятным смещением назад),Новгород,письма
922,birchbark,# [и :]в: гривнь а водано :ѳ: кно и #,1180‒1200 (с вероятным смещением назад),Новгород,деловые записи
924,birchbark,#[оуже не н]а(добе ниц)[ето же попо р]адила шеломꙑна послоухꙑ,1180‒1200 (с вероятным смещением назад),Новгород,официальные документы
926,birchbark,·д· грвнѣ на т[ѣ]хони кони · сн҃оу ѥго · грвна · микиѳороу полъ ·ꙅ·кнѣ и грвна · гюлопиницю ·з· кнъ · пльсковитиноу полъ ·ѳ· кнѣдомашкоу · полъ ·ѳ· рѣзанѣ · на соли кна · на рꙑбахъ ·в· кнѣ · на салѣ ·ѳ҃·ѡ церевии ·д· вѣкш,1180‒1200 (с вероятным смещением назад),Новгород,деловые записи
927,birchbark,:+ а сь на водмолчь пло :ѕ҃: куонь на їночььмо,1180‒1200 (с вероятным смещением назад),Новгород,деловые записи
928,birchbark,#ю [гр]аницю ѥлов#и вь ѥловую изь ѥловои на путь и на ѡстровескои ѡстровескимъ путемъ до ѡстровескои межи по ѡстровескои межи с махновескои межи на великеи путь старои межеив лубьницю в руцеи верхъ на болоце з болоцьца на верховьѥ дубницкого руцьѧ дубницкимъ руцьѥмь в низъ до см(енова ру)[цьѧ] сменовимъ руцьѥмъ сменова руцьѧ на логъ# # [л]уговою ѥлан[ь](ю)#,1430‒1450 (с вероятным смещением назад),Новгород,официальные документы
929,birchbark,и позвале насъ · господинена комелъ и пошли єсме на комѣине с максомъ росле ре[ц]ии макее прикинѣ да,1280‒1300 (с вероятным смещением вперёд),Новгород,письма
93,birchbark,се приказъ ꙩ микуликуцееви ꙩ ме,1340‒1360,Новгород,письма
930,birchbark,ст҃ꙑи сисинѣи и сихаилъ сѣдѧщ# (н)[а] горахъ синаистии смотрѧще на море · и [бѣ] шюмъ с небесѣ велико · и страшно · и види анг҃ла летѧща с нб҃сѣ ст҃го сисиниѧ · и сиха(ила) [н]аруци имуще ледѧнꙑ · а в руку · д[ѣ](ржа)ща ꙩружьꙗ пламена [·] но аби(ѥ) [въ]змутисѧ море · изиидоша ·з· женъ · простовласꙑхъ · ꙩкании · видѣниѥмъ · изꙑманꙑ бꙑша силою · невимаго цр҃ѧ · и рѣша ст҃ꙑ[и сис](инии) [и] сихаилъ ѿ(ку)[д]у г(рѧ‐)(дете) #,1400‒1410 (с вероятным смещением назад или вперёд),Новгород,литературные и фольклорные тексты
931,birchbark,приказъ къ смену ꙩ жени ꙩ женѣ цо бꙑ ѥси оугомонъ доспѣлъ по просту а мене здуци аѧзъ тобѣ целомъ бѣю,1400‒1410 (с вероятным смещением назад или вперёд),Новгород,письма
932,birchbark,костанина ꙩстафнина самсонаиванова кузму з дитми силванова,1400‒1410 (с вероятным смещением назад или вперёд),Новгород,официальные документы
933,birchbark,приказъ [ѿ] (посадн)ика ѿ ивана к [и]гумну и ко всему стаду по цто намъ ѥздитиѿ васъ на посельѥ аже нмъ земли не досмотрить сиротъ не росмотритъ н,1400‒1410 (с вероятным смещением назад или вперёд),Новгород,письма
934,birchbark,:+: ѿ дъмашеке къ братиле иди ѡко стоѧ во гъродъ вꙑправиле ти есмѣ сꙑносъ гавошею,1140‒1160 (с вероятным смещением вперёд),Новгород,письма
935,birchbark,ꙋ ѳьдора ¦к¦ ꙋ василѧ ¦ӏ¦ ꙋ ѳьдора ¦и¦ ꙋ гавориле¦д¦ ꙋ сидора ¦д¦ ꙋ смьрьдо ¦д¦ ꙋ соутимира ¦ӏ¦ꙋ гюрьгева старости ¦ӏ¦ а ꙋ бориса ¦е¦ ꙋ грицина ¦д¦ ꙋ ѧкима ¦к¦д¦ ꙋ григе со радѧтою ¦л¦,1180‒1200 (с вероятным смещением вперёд),Новгород,деловые записи
936,birchbark,отъ ивана къ мирошекѣ же то[пь](рьво) # #вицѧ[хо] #т[ое] монѣ [л]оукѣ т#,1160‒1180,Новгород,письма
937,birchbark,ѿ юреѧ к носу послале ѥсемъ[с] михалъкою сто коробѣи м#,1380‒1400 (с вероятным смещением назад),Новгород,письма
938,birchbark,у савѣ у пацина полъ коробьи ржив землѣ у братана полъ коробьиржи,1380‒1400 (с вероятным смещением назад),Новгород,деловые записи
939,birchbark,#ку со женои даи коро[бь]ю рж[и] а #,1380‒1400 (с вероятным смещением назад),Новгород,письма
94,birchbark,биють целомъ крт҃ьѧне гн҃у юрию ѻнцифоровицю ѻ клюцникѣ зандо гн҃е не можемъницимъ ѥму оудобритисѧ · того гн҃е съ села(гонить се)[го] гн҃[е го]нить · а себѣ гн҃е #,1400‒1410,Новгород,письма
942,birchbark,#[ꙗ къ]жени своѥи ульꙗни поидь симь какъ стоꙗ,1380‒1400 (с вероятным смещением назад),Новгород,письма
943,birchbark,# (р)ожь куопити то куопи тамо а сьмо сѧ нь надьи# (по дь)[в]ѧти рьза а жито по двь ногать [а в]охо ти #,1180‒1200 (с вероятным смещением назад),Новгород,письма
944,birchbark,# [п]ро живото а то бг҃ови и тобь на руци и про села а про села сама веси а на тобо҃го,1140‒1160 (с вероятным смещением назад),Новгород,письма
945,birchbark,#съ иноу роботоу дома а то тобѣ [г]о[стѧта] #,1180‒1200 (с вероятным смещением назад),Новгород,письма
947,birchbark,# бранѣ възь[ми]# (п)олъ гривьнѣ гюрѣти# # (н)е въда · да пристави отрокъ,1140‒1160 (с вероятным смещением назад),Новгород,письма
948,birchbark,приказъ ѿ пареѳеѧ (къ) ѥрем#цто про роже мину[л]# не хо(ди) да про вꙑжлѧ посл[ю] (ѡк)сент[и]ѥмок остаѳеи · [ѥ]же буде[ш]е не ѿда(л)#,1360‒1380 (с вероятным смещением вперёд),Новгород,письма
949,birchbark,поклонъ ѿ потра ко смону и ко ꙗковоуи ко ѥремъи · и степаноу что бꙑ мѧѥсте жаловалѣ про своѥ коунѣ и нꙑ[н]ѣ [мѧ] жалоуите възмите два роу(блѧ) # #и [поуз]#,1360‒1380 (с вероятным смещением назад или вперёд),Новгород,письма
950,birchbark,#[ц]оу въдалъ бꙑ кънѧзоу#[ити а] поп[ъ] ти [сѧ м]о[л]и[л]ъ# а сеньникъ продаи а чьто ти на немь#[с]ано а оно ѧзъ в[ꙑ]правлоу емоу и не ве# (ѧ)[зъ] т[и] сѧ пок[ла]н[ѧю по] сторовоу ва есмꙑ,1100‒1120,Новгород,деловые записи
952,birchbark,ѿ радъка къ отьцьви покланѧние товарьць есьмо посълальсмольньскоу а поутилоу ти оубили а хотѧть нꙑ ѧти въ ѳомоу съ вѧцьшькою а мълъвѧ заплатите четꙑри съта гривьнъили а зовите ѳомоу сѣмо пакꙑ ли да въсадимо вꙑ въ погрьбои покланѧние ѿ вѧцьшькѣ къ лазорьви послаль есмь коньюковоуцько а самь есмь доспѣль,1160‒1180 (с вероятным смещением назад),Новгород,письма
954,birchbark,грамота · ѿ жирочька и ѿ тѣшькакъ вьдъвиноу · млви шильцеви · цемоу пошибаеши свиньѣ цюжѣ · а пьи села нъдрька · а еси посоромилъ коньць въхъ людинь · со оного полоуграмата · про къни же та бꙑс оже еси тако сътворилъ ·,1120‒1140 (с вероятным смещением назад),Новгород,письма
955,birchbark,Ѿ милоушѣ къмарьнѣ коси вѣликее пъехати бъ еи за сновидаМаренкопеи пиздаи сѣкꙑлеРѣкла титакъ милоушѧвъдаи :в҃: гривене вецѣрашенеи,1140‒1160 (с вероятным смещением назад),Новгород,письма
956,birchbark,ото [ми]ха[лѧ ко] # (вѣве)рицѧми въземо ѳ҃ г[ри]в[ь]н#,1140‒1160 (с вероятным смещением назад),Новгород,письма
957,birchbark,воибоудино лоукъньчо иже е уклъдеть да проклѧтъ боудеоуть а шьвъко ѱлъ,1100‒1120,Новгород,литературные и фольклорные тексты // ярлычки
958,birchbark,# [е҃ г]ри(в) (на) #хъ на вълищевѣ грив ·г҃· гриви пол ·и҃· коун ·на дѫецинѣ грив и пол ·в҃· грив,1075‒1100,Новгород,деловые записи
959,birchbark,ѿ станигости къ олоучи то ти (еси пор)оуб[л](ъ)оу мене кобꙑлоу а ѧзъ не в[и](новат)[ъ] въ (то)мъ а тобѣ съказъвалъ (про ста)до ж[и]рънѣжъко а продаи на ·[г҃](· гривън)ꙑ,1075‒1100,Новгород,письма
96,birchbark,# (клю)[ц]ника # [с] н[и]в[ъ зг]он[иле и] пожен(ь) # #ле · беземниковъ · и ѧ ѡмеши двои за ѳедора з бра(т)#,1410‒1420,Новгород,письма
962,birchbark,чоломъ бьѥть ꙩлексеі + ѻ заболотьѧ · софонтею · тимоф[ѣ]ю · чо есте приказалимнѣ · свою землю · нонѣ · ӧсподо подовалъ ѥси пожни вашимъ здоровьѥмь · попъ молвить положи · грамоту по чому еси давалъ олесеі приказали ми старѣшии · и ѧзъ давалъ · а нонѣ попъ повѣстуть такъ д[а]валъ ѥси пожн[и в наим]ꙑ ї хто іметь тꙑи пожни косить · и ѧзътꙑхъ поимаю да траву на воротъ взвѧжю да ихъ веду в городъ нонѣӧсподо какъ ѻ мнѣ сѧ печалутесѧ : а ѧзъ вамъ свои ѻсподе чоломъ бью · толко ӧспо имете мене жаловать · ѻѿтошлите ѻ̈сподо ко мнѣграмотьку · до петрова дн҃и · занежь · ӧсподо сено косѧть ӧ петроведни,1430‒1450,Новгород,письма
963,birchbark,ꙩсподину · архи·ѥпискупу новъгоцкому · влд҃кѣ семену ст҃ѣ҃ · бц҃и · оуѥздъ · сиротѣ твои ꙩшевьски погостъ ржевици · тебѣломъ · бьютъ вси · ѿ мала и до велика · ꙩсподарю · послали · ѥсме ꙩсподине · дьѧка · ꙩлекъсадра за[нежѣ и ѿѣць] и дѣдъ · ѥго · пѣлъ · оуст҃ѣ · бц҃и · в ошевѣ · и цто бꙑ ѥси ꙩсподине · к ст҃ѣ бц҃и · того · дьѧкапоставилъ попомъ · а с нимъ · ѥсме послали труфана ѿ погоста · занежѣцѣркв҃ъ · стоить бес пѣтьѧ · а другоѥ · ꙩсподине ст҃ꙑ влд҃копрестолъ · в[о цѣр](кв҃ѣ) [ѿ]# какъ ꙩсподине · ꙩ томъ оукаже(шь) # (ꙩс)[т҃иж] п[рестолъ гсдине],1410‒1420,Новгород,письма
964,birchbark,ꙩгн҃у · ѥлизару · много челомъ биюпослалъ · ѥмь · ꙩгн҃е · к тобѣ · с лариѡнь(цем)[ъ :р҃]· клещевъ · пошли · ѡсподине #,1360‒1380 (с вероятным смещением вперёд),Новгород,письма
966,birchbark,#[н]адо никомоу ж[ь ѿ]# (положи)[ло] есме :д҃: на милосвави :г҃: гривини ѿ мариѧка в остро[в]#ложило есмъ ӓдиноу гривоноу · ѿ наш(е)ка · нии пол(ожи)‐#ло есмъ ·҃: гривоно,1240‒1260 (с вероятным смещением назад или вперёд),Новгород,деловые записи // varia
97,birchbark,гн҃у · юрию · челомъ бѣѥ · [ѡ]ртьмъка и дѣица рожь · продають по #,1410‒1420,Новгород,письма
971,birchbark,поклоно# #ьс# #ад#племьне[м]# #ща #ли#ьв# #иѥх[о]#,1320‒1340 (с вероятным смещением назад),Новгород,письма
972,birchbark,тако и не бꙑвало на н# #хъ боровъ · оу плаци #сѧ а нꙑнѣ ѥше не вѣ[д]#,1320‒1340 (с вероятным смещением назад),Новгород,письма
974,birchbark,#[а] ·:· уо вьрина сьсричича на молодогьуо воигости ·з҃·· куона рьзно ·:· уо [б]а[бь] #҃ [кно]#он#[у]о наст[ь] ·з҃· кно · нь#,1180‒1200 (с вероятным смещением назад),Новгород,деловые записи
976,birchbark,# [о]смь на дьсѧть гривно бьз осмикуоно ·:· алькшин[о]#+ а уо#,1180‒1200 (с вероятным смещением назад),Новгород,деловые записи
977,birchbark,#: глс҃о :в҃: [ег]д[а]#[лс҃о :г҃:] да вьсьлѧтьсѧ н҃б : г[лс҃о] :[д҃:]#: глс҃о :е҃: со бьзначѧль о : глс҃о :ѕ҃:· англскꙑѧ силꙑ :·: глс҃о :з҃: раздрруоши : глс҃о : глс҃о :и҃: со вꙑшнхо сни,1180‒1200 (с вероятным смещением назад),Новгород,церковные тексты
978,birchbark,(уо д)орожиньжичь пло трьтиѧ дьсѧ л[к]тоа п ·з҃· в рьзнь·#[о]го·#҃#уо ждана розм#,1180‒1200 (с вероятным смещением назад),Новгород,деловые записи
979,birchbark,+ ѿ ѧкма ко млославь посоли на ож#,1180‒1200 (с вероятным смещением назад),Новгород,письма
98/100,birchbark,поклоно ѿнуѳрѣѧ ко пос(адни)[ку к онси](ѳору) #ӏ смену господине ѡнсиѳоре роба ӏ холопо твоӏ дѣтѣмоӏ у мене невѣрови[ци] д# а вохо то мнѣ го#вѣ моѥ ӏ дѣтѣӏ моӏхо,1340‒1360,Новгород,письма
983,birchbark,а [х]льбь мои¦ а мьдуо#дино пло :ѕ҃:· а вохмо пло :е҃: пта пуодуо и брковьскь моего :ӏ҃: #[пл](о) (бьрков)[ь]ска,1180‒1200 (с вероятным смещением назад),Новгород,деловые записи
984,birchbark,#н[ь пакꙑ ли] не [исп]равиш[и] # [въз]ѧ[ле оу] #,1180‒1200 (с вероятным смещением назад),Новгород,письма
986,birchbark,#[ь двь к]нь на сьнь двь знь а на волгь двь знь,1180‒1200 (с вероятным смещением назад),Новгород,деловые записи
987,birchbark,# (на з)[ав]иде а (т)ꙑ въземи три гривене на петрово [го](вѣнье) #,1180‒1200 (с вероятным смещением назад),Новгород,письма
988,birchbark,#а[л]о#[отаи]#[еред]# # (п)[ол]о коуне [:] засолале еси # ж[е]#о а про[дал]# (б)ересто водаи ѧкимоу сам[е],1180‒1200 (с вероятным смещением назад),Новгород,письма
989,birchbark,+ ѿ ѧкима ко ньжиль и ко милославь то ти есмо гаври(ль) # п[ло] трьтие гривнь а милославь,1180‒1200 (с вероятным смещением назад),Новгород,письма
99,birchbark,поклоно  #рика к оциѳоруо · прикажзиваѥши прориби · а мни смедри не платѧ без руоба · а ни посла ѥси цоловѣка · да грамотоу ·а цто оу тебе недоборе стари пришли зеребе,1340‒1360,Новгород,письма
990,birchbark,#цитъ тиша ост#оудизьн[о]мъ# # :м: гривьнъ :а: #[а]#,1160‒1180 (с вероятным смещением вперёд),Новгород,фрагменты неопределенного содержания
992,birchbark,[+] а [ѧ у]о попа на [гр]од[и]#+ а на :е҃: лкто на чрми грвна : а на хартиѧхо [г]#,1180‒1200 (с вероятным смещением назад),Новгород,деловые записи
994,birchbark,# [рьз]ан[ь] : а :[г҃]: рьзно нь имуо :· на #,1180‒1200 (с вероятным смещением назад),Новгород,деловые записи
997,birchbark,(ѿ н)[ѣ]го[жир]а къ тѣшеноу : моѧ же[ребе]цѧ не виновата никомоу ж[е] а продале есем[ъ] лоукѣ[да] (въз)ем[и] : ѫ [тѣ]шена гриве[н]оу [ж](и)[зн]омироу : тѣшеноу ѫ ра# :[в]: коун[ѣ],1140‒1160 (с вероятным смещением назад),Новгород,письма
998,birchbark,# #(к)[у]она[хо] # (:)д:: бьрковьскь а по одинои на дьсѧть кн[ь],1180‒1200 (с вероятным смещением назад),Новгород,деловые записи
999,birchbark,ѿ лоукѣ ко отьцеви вꙑсꙑпли вьрьшь оу тоудора а :в҃: гривьнѣ въдаи ꙗкъшѣ оу тоудоровѣи[:в҃: г]р[ив]нѣ [възьми]а повели оти прода лѧшьке въ роспоутье тоудорове лѧшькеновотъръжьскꙑхъ и жита и ръжи :и҃:ї: котьлъ великꙑхъ а пшеницѣ г҃їкотьлѣ мѣри же право ли ти есть и цѣлоую тѧ а наимитоу въда[но]#҃#[то]#[оу :]в҃: ногатѣ,1140‒1160 (с вероятным смещением назад),Новгород,письма
Вит. 1,birchbark,ѿ стьпана ко нежилови оже еси продало портꙑ а коупи ми жита за·ꙅ҃· гривено али цего еси не продало а посли ми лицеме али есипродало а добро сътворѧ оукоупи ми жита,1280‒1300,Витебск,письма
Вол. 1,birchbark,г·ѧ·ково к тобѣ к тобѣ сѧ : ·ꙩнанико тьстьбрать ·ꙩ·стафе : посла·лъ с тобою ѥмьрубле : · ко самълу · рубле : ни мнѣ рубл:ѧ: ни мнѣ проторъвъ,1320‒1340 (с вероятным смещением вперёд),Вологда,письма
Звен. 1,birchbark,#ънъ а мъне не [н]адобе сем[о] ч#,1120‒1140,Звенигород Галицкий,письма
Звен. 2,birchbark,+ ѿ говѣновое : ко нѣжьньцю дае : ꙅ҃: десѧкоуно лодиеноую повѣдало говѣно ида на соудо : а попъ ѱл҃ъ : а дае лоуцѣ оли нь водаси то ѧ ꙋконѧзѧ поема отроко прижь приедюа во боле ти вонидь :,1120‒1140,Звенигород Галицкий,письма
Мос. 1,birchbark,(си) суд судл# #ѧ дав#нович #[а] иска#оӏло# ӏ о брт # гн҃е по#д гн҃е #ес ту#ӏ и#о ӏ ов# так рек #и т#аи#и суд#брн#,1410‒1420 (с вероятным смещением назад или вперёд),Москва,официальные документы
Мос. 3,birchbark,а се кони турабиѥвы а от ѥздовныхъ жеребець ·в҃· конѧ саврасы лошачька·в҃· сивъ коуро лошачек гнѣд да # лошачеккооуръ да другои с(и)въ ост(а)влен турабьѥвѣженѣ а (с)традных лошадѣи двоѥ а троѥ жеребѧтъ лоньских да кобыл страдныхже ·ѕ҃· да к(о)былка лоньскаѧ а всѣх ѣздовных девѧтер(о) а страдных двоѥнатцатеродвѣ коровы н(а) дворѣ ·в҃· вола а ·ѕ҃· коров ѥгоже страдник ѣдѧтъ молок ·г҃· боров в саду иоутича ·еӏ҃· а на погребѣ котел пивноижелѣзен да горнець желѣзен же да вѣдерце мѣдѧно да котел мѣдѧнъ вѣдра въ два да сканець жестѧнъ а стоговъ ·вӏ҃·и стогъ вѣлѣно же турабьѥвѣ челед с людми ѣсти а людитурабьѥвых молодых ѻникѣико молчан игнаткомос(ѣи) баирамъ ахмед ѻнташь жалорь ѥска а страдниковъ ·еӏ҃· созонко мосѣи лухов(ъ) ѻртемик ивакачермен родивонко иванець ѧковъко да четыре паропки д(а) ключник а оу тѣх ѥго людеи четверонатцатеро конь а при сох турабьѥвых а коровъ ·ѳ҃· А в дѣлѣ на людех серебра оу григорьѥца полтин оу ѻстафьѥца полтин оу бѣлка полтиноу семенца полтин оу сидора полтин оу мосѣица полтин оу осѣица полтин оу курьѧна полтина всего серебра на людехъ турабьѥва в дѣлѣ·д҃· руб а конюх сказываѥ(т)ъ суждальскиѥ лошад кобыл бура да ворона да пѣга дарыжа тѣ четыре страдныѥ три же ихъжеребѧтъ а жереб(ч)ики лоньскиѥ(в)орон да рыжь (д)а чал да сивъ да гнѣд бѣлоногъ(д)а кобылки лоньскиѥ (са)враса бѣлонога(г)нѣда бѣлонога ж(е) да гнѣда да голуба да му(х)орта кобылка а страд(ны)ѥ карѧ с жеребѧ(т)емъ да вор(он)ыхъ кобыл двѣ да сива да ворона же кобыла да жеребчикъ гнѣдъ бѣлоногъ да стара кобыла бу(р)а да жеребчикъчетв(е)ртак ворон а всѣхъ л(о)шачков и кобыл(и) жеребѧтъ ѻтдал (ѥс)м(ь к)ощѣю посельского человѣк дватцат(е)ро и шестеро асе дал передъ ѥлбугою п(е)ред ыгумномперед федором ылиин(ь)ским пер(е)д (кл)имом перед петром перед гу(р)ьѥвыма ѧзъ взѧл лошачка ·в҃· сивы д(а ры)жьда гнѣд да ворон да жеребчик ло(ньс)коирыжь звѣздк(а) в чел #за#аромъ а конюховъ ѥсм(ь вс)просилперед ѻлексѥ(м)ъ перед оньдрѣ(ѥм)ъ чтоиз стада лошад н(е) погибло ньдр(ѣѥв)о все (т)оимали ѻспода ·р҃·· а ѣда почне#передъ ѥлбугою перед #а что ѧзъ ѻтдал #(за м?)ною пошло ·ѯ҃· и двоѥ лошад а за мене дашь·л҃·ро и двоѥ ис(т)орою мо(ѥю) по(ш)ла ·ѳ҃· лошадеик тобѣ и пошло за (и)ныѥ помора (з)а ѻсподои,1400‒1410 (с вероятным смещением назад),Москва,деловые записи
Мос. 4,birchbark,поѥхали ·є·смꙑ гн҃е на кострому юрьӏ с матьрью насъ гн҃е оуверънулъвзадь а взѧлъ себѣ с матьрью еӏ҃ бѣл ти оувзѧлъ ·г҃· бѣл по томо гн҃е взѧлъ к҃ бѣл да полътину,1380‒1400,Москва,письма
Мст. 1,birchbark,#[н]ице полу патꙑ гривн[и]ни# осм[ь на д]#,1200‒1220 (с вероятным смещением вперёд),Мстиславль,деловые записи
Переясл. Ряз. 1,birchbark,#[р](а)[з]ум[ну · о бра](т)врѣм бѣгаӏ бежиневѣриѧ быша при#,1450‒1500,Переяславль Рязанский,литературные и фольклорные тексты
Пск. 2,birchbark,ѿ степана ко ж#что людѣи м#[д]аешѥ ѿло# [оучкли] #,1180‒1200,Псков,письма
Пск. 3,birchbark,ѿ герасима къ кюр[и]#[оу] # #св# #ѥстьнамое# #нн# #а#твор#поуст# #намопопосо#,1260‒1280,Псков,письма
Пск. 4,birchbark,а оу даних[е] доуб[е]ничи двои сапоги · оу кюрилаоу соух[м]ина сн҃а · измази[ци],1320‒1340 (с вероятным смещением назад),Псков,деловые записи
Пск. 6,birchbark,ѿ кюрика и ѿ герасима к аноѳимоу про белоу оже ѥстене стороговале то прислите со проста занода оу насокоуплѧ есте беле а про себе оже боудьше порожне то боуди к намо а намо ксиноѳоноте измакле а про сеи человеко мꙑ ѥго не знаѥмо а во томо божеꙗ волѧ и твоꙗ,1260‒1280 (с вероятным смещением назад),Псков,письма
Пск. 7,birchbark,пклоно ѿ степана к вацютечто еси взѧле сукна того положено на б҃ь и на тобе вложиего в лодию на борзе а твори своим[ꙑ] сукномо а цто будете наима мꙑ с[е] ведаемо цто,1280‒1300,Псков,письма
Свинц. 1,birchbark,ѿ носъка къ мѣстѧтѣ заожеричъотрокъ лони крилисоужъдалъцъ ходоутиничъ възъми дъвѣ гривънѣ на намъ,1100‒1120,Новгород,письма
Смол. 10,birchbark,· дмитра · гафее · ивана · настасиѧ ·· ѧкова · ꙩвдотѣе · микитꙑ · ивана · костѧна · патрикиѧ · варварꙑ · серьгеѧ · максима · федорꙑ · михеѧ · зарее ·,1200‒1220 (с вероятным смещением назад),Смоленск,церковные тексты
Смол. 12,birchbark,(ѿ) [и]вана ко роусиле вꙑправи ми дъбр#ю ѧрине въземи оу кънъзюѧ грв҃ноу оу неж[ѧ]#ал[и] ти не въдасть а въземи (в)ъ треть а ѧ ти#кь да же ти ми боудете дъбр[о] (а) присълоу ти #оже хъчеши пъ #ъне а присъли #[е] челъв[е](к)#чи ти поченете (ч)етъ лести(ти) #а не мъзи четъ (м)ълъвити,1140‒1160 (с вероятным смещением назад),Смоленск,письма
Смол. 14,birchbark,#ѫлечи порꙋчи(‐)#[в]ъ · а посъли къ ѧ#,1140‒1160,Смоленск,письма
Смол. 2/3,birchbark,#ни двема гривнама · а другому молвь у се#[вꙑв]езе[ть] · столпьѧ · пошли сташька · п[ло]тьнику ть#,1260‒1280 (с вероятным смещением назад),Смоленск,письма
Смол. 5/7,birchbark,#[ие х]омꙑ николꙑ ва[лѳо]р[о]меѧ смеонаовдотие олексꙑ оулиѧнꙑнастасꙑ олисеѧлукꙑ геремеѧ,1180‒1200 (с вероятным смещением назад),Смоленск,церковные тексты
Смол. 9/8,birchbark,[ѡтъ оть]ча к[ъ] мо[исѣю] в[ъ]зем[и оу] # (гри)внъ и осмь нъгатъ а оу ѧрꙑ:ша пъло сьме р[ги]в[нѣ] ажо еси две [пъ]#,1200‒1220 (с вероятным смещением назад),Смоленск,письма
Ст. Р. 10,birchbark,сь грамота ѿ ѧриль ко онание въ волости твоеи толико вода пити в городищѧньха рушань скорбꙋ про городищѧнеаже хоцьши ополош дворѧн аобꙑша нь пакостил#,1160‒1180 (с вероятным смещением назад или вперёд),Старая Русса,письма
Ст. Р. 11,birchbark,иванѧѧ моловила ѳимь любо коуньвосоли пак ли дорго продаю,1160‒1180 (с вероятным смещением назад или вперёд),Старая Русса,письма
Ст. Р. 12,birchbark,#ю а [б]ерита а кето ва не во[д]#весте а ѧ солю ѧбетенике : а сол#и лонескоую и нꙑнешенюю не ле[ж]#емоше жено : а оу прихожано б[е]#че иже то ти розроубиле ·,1140‒1160 (с вероятным смещением назад),Старая Русса,письма
Ст. Р. 13,birchbark,оу ньжатъкиньӏ :г: кнь : оу #оу стрѣина :в: кнь : оу #,1075‒1100 (с вероятным смещением назад),Старая Русса,деловые записи
Ст. Р. 14,birchbark,уо куолотин[и]ца :#҃: гри и девѣ куо[н]# #уо голуози :е҃: гри : у[о] лодꙑге :д҃: гри : [у](о) #уо играта :д҃: гри : [у](о) [с]аве :[е҃]: гри,1160‒1180 (с вероятным смещением назад),Старая Русса,деловые записи
Ст. Р. 15,birchbark,(ѿ) петра къ василеви въдаи :ꙅ: коунъ и гривьноу вꙑшѧтѣали ти не дасть а пристави на нь отро(к)ъ,1140‒1160 (с вероятным смещением назад),Старая Русса,письма
Ст. Р. 16,birchbark,ѫ кюрила ногата · [ѫ] олекшѣ кна : ѫ коузьмѣ ·[г](· к)оунѣѫ нѣжебоудица · ѫ [дъ]митра ѫ до(ро)[г]онѣжица ·в(· но)[г]атѣѫ тоць#овица ·в(· ног)атѣ : ѫ жизнобоуда ·ꙅ къ[р]# ѫ дан[ӏ]# (·)#(· к)оунѣ #,1140‒1160 (с вероятным смещением назад),Старая Русса,деловые записи
Ст. Р. 17,birchbark,покланѧньеѿ мирслава кожирошькѣ створѧ добрѣ възмѧ поцостоепо#[и] ж(е) #,1160‒1180 (с вероятным смещением назад),Старая Русса,письма
Ст. Р. 18,birchbark,#[л]ав[и]ца г· рѣзанѣ : ѫ ж(и)[р]# рѣзана : ѫ храпа р(ѣ)[з]ана,1140‒1160 (с вероятным смещением назад),Старая Русса,деловые записи
Ст. Р. 19,birchbark,оу мила гривена : оу михалѧ гривен[а] : оу ильикѣ довѣ грѣвенѣ оу коснилѣдовѣ : оу к[л]опоушѣ довѣ грѣвенѣ : оу [ѧр]инѣ гривена : оу поутилѣ гривена(оу) # (гр)ивена : оу снови#ѣ гривена : оу нѣговита поло (гривенѣ),1140‒1160 (с вероятным смещением назад),Старая Русса,деловые записи
Ст. Р. 2,birchbark,приказъ ѿ кузми к сину к своѥму к исаку [ко оул]иѧну и к тимофию соли не купи#аи не купѧ с трицѧ#[то]и у мосту а просѧздѣ соли по семи лубовъ за рубльа наши хотѧ давать а надн҃ь ни луба не продатьсци а просолездѣ по пѧти гривонъ бочка,1410‒1420,Старая Русса,письма
Ст. Р. 20,birchbark,+ оу малѧтѣ ·в҃· бьрковьска · оу лъбꙑнѣ (бьр)ковьске · оу въ#орѣ ·г҃· бьрковьск# (·) оу къргьбьрковьске · оу домажира бьрков(ьске · о)у жасъка б(ьрковь)ске : оу мал# (б)ьрковьскеоу рꙑка бьрковьске · оу страхот[ѣ] # е҃ бьрков(ьскъ · о)[у] промꙑсла [бь]рковьске :оу не[б]ерешѣ бьрко[в](ь)ске оу це#ъногѣ ·в҃· ногатѣ,1140‒1160 (с вероятным смещением назад),Старая Русса,деловые записи
Ст. Р. 21,birchbark,оу орьшинее поло пѧть рѣзане : оу боришьковее :в҃: ногать : оу короцьковеи:в҃: ногать : оу гюрегевее :з҃: рьзано : оу тьшье :в҃: ногать : оу неделекебезоубаѧ :в҃: ногать :оу милокѣ ѧкиме : пло пѧтѣ,1140‒1160 (с вероятным смещением назад),Старая Русса,деловые записи
Ст. Р. 22,birchbark,+ негошека дове на десѧть коуно оу дедене пѧть коуно оу чюдокепѧть коуно оу деретокь пѧть коуно оу несодицевее пѧть коуно оу таишинее семе резано оу косениле пѧть коуно оу боришековее тьри коно оу хъловее пѧте коуно оу надеековее пѧтекоуно оу поутешинее тьри коуне оу безоуевее цетꙑри коуне,1160‒1180 (с вероятным смещением назад),Старая Русса,деловые записи
Ст. Р. 23,birchbark,# (гри)вна [и ӏ] коу·но · о[у т]#дк#·о·ро·мѧ·вь#,1140‒1160 (с вероятным смещением назад),Старая Русса,деловые записи
Ст. Р. 24,birchbark,а б в г д е ж [ꙅ] з и ӏ к л м н о п р с т у ф х[ѿ] ѡ ц ч ш щ ъ ꙑ ь ѣ ѧ,1380‒1400 (с вероятным смещением назад),Старая Русса,учебные тексты
Ст. Р. 25,birchbark,а б в г # н о # #т у ѳ х [ѿ] # [ъ] # [ь]ѣ  #,1340‒1360 (с вероятным смещением назад),Старая Русса,учебные тексты
Ст. Р. 26,birchbark,#а оу плю#те бере[к](овеско) # (б)ерекове(ск)# #,1280‒1300,Старая Русса,деловые записи
Ст. Р. 28,birchbark,#[и] возеехале али ти цега восхоце а молисѧ це#,1240‒1260,Старая Русса,письма
Ст. Р. 30,birchbark,+ ѿ матеѳеѧ ко винилу добꙑваи вереи дома и по пѧтигривоно крини а ѿтоселе сѧ не надеи а молови потру камоеси дело два воза суща исоправи не исоправищи ли а стогривено за два воза а цето ти сѧ остало суща то остави естиа тенота купи безо отоступа,1180‒1200,Старая Русса,письма
Ст. Р. 31,birchbark,поклоно ѿ коленеча ко самоуиле не печали селе ти есемо коломене на лодию,1180‒1200,Старая Русса,письма
Ст. Р. 32,birchbark,# [:]в[:] коуне а оу жидене :в: нога(те) #,1180‒1200,Старая Русса,деловые записи
Ст. Р. 34,birchbark,(ѫ) [и]грь[ц]а полъ (к)ꙋнѣ : ѫ годꙑге ·г· кꙋне [:],1140‒1160,Старая Русса,деловые записи
Ст. Р. 35,birchbark,ѿ радослава ко хотеславоу възми оу прасъла :в҃: гривене и :е҃: коуноѧкове брате еби лежѧ ебехото аесово,1140‒1160,Старая Русса,письма
Ст. Р. 36,birchbark,оу : пе:ре:нѣ:га :ꙅ҃: кн҃ъ : оу : съ:бꙑ:сла:ва :ꙅ҃: кн҃ъ : оу : бра:то:нѣ:га :г҃: кн҃ѣоу : плѣ:ше:вѣе :в҃: кн҃ѣ : оу : сто:и:нѣ:га :в҃: кнѣ : оу : за:ви:жѣ:е :г҃: кнѣ : оурь:мье : кна : оу : соу:шка :в҃: кн҃ѣ : оу : ѧ:кшѣ :в҃: кнѣ : оу : жѧ:дѣ:на :г҃: рзнѣоу : поу:ти:лѣ : оу : носо:ви:чѧ :г҃: кнѣ : оу : поу:ти:лѣ : кн҃а : оу : не:бе:ре:ши:нѣ:е :г҃: кнѣоу : ма:лѧ:тѣ :в҃: кнѣ : оу съ:да:на :г҃: кн҃ѣ : оу : но:са:тъ:кѣ :в҃: кнѣ : оу сестра:тѣ : кн҃а,1140‒1160,Старая Русса,деловые записи
Ст. Р. 37,birchbark,# коуно + въдал[ь] есемо коромилѣцоу съ кꙑѧниномо ·з҃· коуно,1180‒1200 (с вероятным смещением назад),Старая Русса,письма
Ст. Р. 38,birchbark,# [у п]р[у]сов[ѣ]е гривна б[ь]з рѣзанѣ вода #,1180‒1200 (с вероятным смещением назад),Старая Русса,деловые записи
Ст. Р. 39,birchbark,поклонъ ѿ грорьи ѥрмолѣи ѡзѣкѣю · посласмь к тобѣшесть боцекъ вина · какъпалѣцѣ хвати и тꙑ то ѡсмотри горазно а продаи какъи тѣ по тому же и ли то продале тꙑ то ѿшлиа моимъ роб[ѣт]амъ не даваисеребра по[шл]и з долгомъ,1380‒1400,Старая Русса,письма
Ст. Р. 4,birchbark,(ѿ) # (къ) #жирѫ н[ь възѧль] еси во [десѧ]ти кѫно #,1180‒1200,Старая Русса,письма
Ст. Р. 40,birchbark,поклонъ ѿ ѡксини ӏ ѡнани к родивону ӏ сестри моѥӏ татиѧни поӏдите в городъ к сеӏ недили давати ми доци а сестри моѥӏ приставницать а ѧзъ ѡсподину своѥму родивону ӏ своӏ сестримоѥӏ много целомъ бию,1380‒1400,Старая Русса,письма
Ст. Р. 41,birchbark,[у не]здини[ца поло цетвирти р]озмири у шелви [п]#у ивана ·в· розмири у херитана розмира у см#у липки поло цетвирти#у павла у поп(а)#у#,1240‒1260 (с вероятным смещением назад или вперёд),Старая Русса,деловые записи
Ст. Р. 43,birchbark,оленечьваѧ въдала роукоу вътрехъ гривенахъ гюрегевии реклатако ѧко же есмо в анихъ вѣверичахъ тако же во сихъ :×: торолина грамта,1180‒1200,Старая Русса,официальные документы
Ст. Р. 44,birchbark,#цанес#[н]окаоу#[л]ѣно#[а]леск#анесм#ищаоу#лим[а]#скѣза#,1180‒1200,Старая Русса,деловые записи
Ст. Р. 46,birchbark,покло ѿ ѡлѥскадра к матьрьмовли данило григане в#ѥсм[о с] тво#,1320‒1340 (с вероятным смещением вперёд),Старая Русса,письма
Ст. Р. 47,birchbark,ма · ѿ илӏина дни до⟦[хр҃т҃о]в⟧ велика дн҃и,1320‒1340 (с вероятным смещением вперёд),Старая Русса,деловые записи
Ст. Р. 49,birchbark,оу [п]роута полоутора бьрковеска ·:· оу лоутьѧна оу михаилина:е҃: розмиро ·:· оу евана оу сꙑцькова :е҃: розмиро ·:· оу смьца оу цюдокина :е҃: розмиро ·:· оу ѡслѧки :е҃: розмиро ·:· оу грьбьницина ·д҃· розмириоу пошьки ·д҃· розмири ·:· оу жихна :е҃: розмиро ·:· оу гороньцара ·д҃· розмириоу евана оу дваживова ·д҃· розмири ·:·,1280‒1300,Старая Русса,деловые записи
Ст. Р. 5,birchbark,⟦ѿ⟧ ꙋ микꙋле ·е· къ кꙋне · ꙋ стежира ·е· къ кꙋне · ꙋ городила ·е· къ кꙋне · ꙋ пꙋтѧтѣ ⟦десѧть къ кꙋне⟧полъ пѧте ⟦ꙋ лъбыне ·е⟧ · ꙋ прибꙑле ·е· къ кꙋнеꙋ стороньке ·е· къ кꙋне ·ꙋ петра ·е· ⟦г⟧ къ кꙋне ·,1140‒1160 (с вероятным смещением назад),Старая Русса,деловые записи
Ст. Р. 50,birchbark,#(ꙋ б)ориса две розмере : ꙋ тве[р][д]ѧте розмьра ꙋ евана по(л)[ъ берковеска ꙋ] [р]#н#,1280‒1300 (с вероятным смещением назад),Старая Русса,деловые записи
Ст. Р. 51,birchbark,ѿ маѯима къ онании ·поведи кони ·г҃· соловои ·боурꙑи орка ї седла възмїа спроста поѥди ·,1280‒1300 (с вероятным смещением вперёд),Старая Русса,письма
Ст. Р. 52,birchbark,у бориса полутора бѣрковка у твьрдѧтѣ полутора у цюдина ⟦по|луто⟧ бѣ у ⟦шѣлвѣ⟧ павѣ поло бѣ у игната вро [:] оу дмитра по бѣ у жаса бѣ,1240‒1260 (с вероятным смещением назад или вперёд),Старая Русса,деловые записи
Ст. Р. 54,birchbark,ѿсьлицѣ к ꙑваноу крини роукавиць оленихъ,1180‒1200,Старая Русса,письма
Ст. Р. 57,birchbark,(у т)[у]дорка кдь у жадѣна кдь у пировѣе кдь у облика кдь у їлькь кдь#[виц]а к[дь у кузьм]ѣ [кдь у завидица] (к)[д](ь),1200‒1220 (с вероятным смещением вперёд),Старая Русса,деловые записи
Ст. Р. 58,birchbark,# [еп](к)[п]оу · а [же](ноу) # · а · кроу·те · [е]и · н(е) # (н)[а]болю · а · са·м[е] #,1160‒1180 (с вероятным смещением назад или вперёд),Старая Русса,письма
Ст. Р. 6,birchbark,ѿ дѣдилѣ къ дьмьѧну не с[ъ]ль отрока еду самеи :в҃: гривьнѣ везу,1140‒1160 (с вероятным смещением назад),Старая Русса,письма
Ст. Р. 7,birchbark,ѿ солмира къ нѣжькоу мълъви отрокоу своемоу атино [ходи]ть #,1140‒1160 (с вероятным смещением назад),Старая Русса,письма
Ст. Р. 8,birchbark,#з#ке под[ь]лина [г]вѣздъкѣ великѣѣ жьлътое : оже же еси продала то въдаи семоу дѣтьскамоу# [не] пр[одал]а то оурѣ#,1140‒1160 (с вероятным смещением назад),Старая Русса,письма
Ст. Р. 9,birchbark,# събислава в#рекоше : оу поут[ѧ](тѣ) #,1140‒1160 (с вероятным смещением назад),Старая Русса,фрагменты неопределенного содержания
Твер. 1,birchbark,ѿ станимира поклоно ко михалоу ко домажировицоу хоцеши возѧти половиноу коуно ѧ пороуцене отецеве твоемоу по иванока не хоцеши ли да ѧ боле не могоу водат(и),1200‒1220 (с вероятным смещением назад),Тверь,письма
Твер. 2,birchbark,поклоно ѿ григории ко матьри · буди къ мнѣ на борозѣ · во тържеко сопрѧтавоши свои статоко поѣди в торжько · аже застанеше мене ти ѧ тьбе везу или мене не застанешь во торжекути тꙑ ту мене жеди а ѧзо по тебе буду само · а цто даше провоза ѧзо во томо до торжеку · увѣдаи пущаю ли роже новогороцамо безо пакости ти тꙑ пришли · наборзѣ ти ѧ само ·ѣ·ду,1300‒1320 (с вероятным смещением назад),Тверь,письма
Твер. 4,birchbark,ѿ ѳомѣ · къ тиюнку · къ прокш#кунꙑ · ст[о]го ѳилипа · а ѧ#,1300‒1320 (с вероятным смещением назад),Тверь,письма
Твер. 5,birchbark,ѿ илиице · ко илие · шюига дубие переписꙑваетеа [б]целꙑ ти лазило · ѧзо дубие ѿимаю по своеи метиа тесно сотесꙑваете · то мои дубо · ваше бортико кралосѧпервꙑ · а нꙑне поеди само семо утверди свою борте,1300‒1320 (с вероятным смещением назад),Тверь,письма
Торж. 10,birchbark,+ ѿ онуѳрьѣ къ матери пошьлъ петръкъ тебе поемъ конь и мѧтьль лазар(е)въ а воротите конь и мѧтьль а самого посли сѣмо али не послешь [а т]аку жеми вѣсть присли и покланѧю ти сѧ и цѣлую тѧ :,1200‒1220,Торжок,письма
Торж. 12,birchbark,#мови#изнановѣ#е знал[и] # [с]аме #не#,1180‒1200,Торжок,фрагменты неопределенного содержания
Торж. 13,birchbark,#ꙑ[ль со пѧт]#вьсть : а ·ѧ· посолоу дьскꙑе кнѧжь : а иваноу молови оти восольсьмь н[а д]#[сѧ]ть коуно,1180‒1200,Торжок,письма
Торж. 14,birchbark,#евьник# #[ъ]д#(кꙋ)пи съ дъв(а) # соли и не #[х]од#ма [а] ко[щ](ѣ)#[ѣ] не к[ꙋ]пи а то воют#мъ на полъ #,1180‒1200,Торжок,письма
Торж. 17,birchbark,мацешини же дети се соуте гордосте : непокорение : прекословее : презоресво : хоула : кевета : зломꙑслие : глево : вражда : пеѧнесво : игрꙑ неприѧзнинꙑ и всѧкаѧ злобе : а кало есте клевета · хоула · гнево осоужениепрекословее : сваро : бои : зависте : вражда злопоминание : непокорениезлосердее : злии помꙑсли : смехотворение : и всѧ игрꙑ бесовескꙑѧ : та жепакꙑ запоисво : резоимание : грабление : разбои : татба · дшегоублениепотвори поклепо отрава блоуди прелюбодеѧние цѧротворение,1180‒1200,Торжок,литературные и фольклорные тексты // церковные тексты
Торж. 18,birchbark,(гр)амота ѿ рожнѣгѣ · къ м[ѣ]# присъли · полъ · гривнѣ мо#дьне не присълеши ли · а # въ сол[ь т]и есмь дъ# повѣжь,1180‒1200,Торжок,письма
Торж. 19,birchbark,#любо сѣмо присъли · а · твои п(рип)лꙑваеть · а·же · оу·сторовѣе · а · съд(еж)емъ на товаръ,1140‒1160,Торжок,письма
Торж. 2,birchbark,+ ѿ маноуилѣ · къ събꙑне покланѧние · продалѣ есьмъ · паволокоу# (гр)[и]в[ь]нъ · #о#ъ #,1180‒1200,Торжок,письма
Торж. 4,birchbark,# лоубоцеве две гривне возвороти опа[кꙑ] т[о] мон(е) #,1180‒1200,Торжок,письма
Торж. 6,birchbark,#[бь ѿ но]#тию и св# (к)оуно и ць#ва бла#,1200‒1220,Торжок,фрагменты неопределенного содержания
Торж. 7,birchbark,#бѣе нѣ водаси ли а лѧж[ѣ] ти [от] д[о]м[ит]ровадѣни по три рѣзане на месѧце,1180‒1200,Торжок,письма
Торж. 8,birchbark,+ ѿ к[ꙑ]#еѧ покланѧние ко ростили добоуди ми конѧсе[л]ема велика добра али ти не пригодитьсѧ[с]е[ле]ма добра а поло,1180‒1200,Торжок,письма
Торж. 9,birchbark,(ѿ д)роужине ко гостил[е] # (коу)пили вьр[ъ]бѧго #а#и коуне во трьте,1180‒1200,Торжок,письма
novgorod_first,npl,а вꙑ плотници сѹще а приставимъ знаменаитесѧ повиваите Въ лѣт̑ ҂ꙅ҃ ф҃ к҃ѳ побѣди ꙗрославъ Въ лѣт̑ ҂ꙅ҃ ф҃ м҃е заложи ꙗрославъ заложена бꙑс̑ ст҃аꙗ софиꙗ новѣгородѣ Въ лѣт̑ ҂ꙅ҃ ф҃ ѯ҃ꙅ бѧше бѣда въ час̑ тꙑи и понекадила къ новѹгородѹ новгородци же поставиша заложена бꙑс̑ цр҃кꙑ печерьскаꙗ Въ лѣт̑ ҂ꙅ҃ ф҃ п҃и Въ лѣт̑ ҂ꙅ҃ х҃ наиде рана на полоч#нꙑ въ то ж̑ лѣт̑ зимѣ побѣди мьстислав̑ Въ лѣт̑ ҂ꙅ҃ х в҃ӏ приде никифоръ митрополитъ ст҃ѹю софию стѧжѧниѥмь томь ж̑ лѣт̑ прѣстависѧ ·ӏѡ҃· фектиста епс̑па чьрнигов на чюдь съ новгородьци живи бꙑша а на вечеръ бꙑс̑ знамениѥ на тꙑ оже то грабили даньслава поѧ дмитровьнѹ новѣгородѣ напълнисѧ и ради бꙑша феврарѧ въ ·к҃и· по полѹгрв҃нѣ и всюдѹ наꙗша наимитꙑ Въ лѣт̑ ҂ꙅ҃ х҃ л҃и иде всѣволодъ а петрилѹ даша посаднїцать всѣволодъ въ рѹсь переꙗславлю въ пльскове а рагѹилови мѹжь свои въ дони и иде исаиꙗ кꙑѥвѹ мс̑цѧ феꙋррѧ вои и половче и всѣ въ то же лѣт̑ ·д҃ӏ· новгородьци призваша пльсковиче донелѣ же инъ кн҃зь приде тъгдаже а нифон# # не вѣньцѧ ни попомъ хотѧть тебе опѧть и ꙗко ѹслꙑшано приведе глѣбъка кѹрѧнꙑ съ половьци ни съ кꙑꙗнꙑ и стоꙗ всѣ съ лѹчьшими мѹжи на всѣволодка и не послѹшаша напълнисѧ въ то ж̑ лѣт̑ потоциша тож̑ поидеши онъ же ѹбоꙗвъсѧ въ млс̑ти и разгнѣвасѧ всеволодъ иного кн҃зѧ развѣ ст҃опълка шли въ ·г҃· лодьꙗхъ Въ лѣт̑ ҂ꙅ҃ х҃ н҃в дѣлаша мостъ вьсь ѹдѣлаша а вода бꙑ больши третьꙗго и въздаша вѣсть къ изѧславѹ мьстислав̑чю сѹждаль и воротишасѧ на новемь всѣ вꙑправи и гость всь цѣлъ митрополитомь ставилъ бо ѥго шли и посла кн҃зѧ берладьскаго гюргемь кн҃земь и ради бꙑша и цр҃квии съгоре ·и҃· а ·ѳ҃·ѧ изѧслав̑ кꙑѥвѣ ноѧбра Въ лѣт̑ ҂ꙅ҃ х҃ ѯ҃г на вьрьбницю ст҃ѹю софию пошьлъ цс̑рюград̑ аркадиꙗ и шьдъше всь народъ сташа въ орѹжии по немь и съвадишасѧ громъ и мълниꙗ градъ же ꙗко ꙗблъко на канонъ ст҃го въздвижениꙗ томь и въвѣдоша мьстислава даша томь ж̑ лѣт̑ стоꙗ всѣ лѣт̑ ведромь Въ лѣт̑ ҂ꙅ҃ х о҃в придоша свьѥ подъ а мало ихъ ѹбежаша и ти ѣзвьни Въ лѣт̑ ҂ꙅ҃ х҃ о҃д престависѧ митрополитъ илии въ то ж̑ лѣт̑ приде костѧнтинъ и мьстиславъ пожьгоста лѹкꙑ и на володѧрѧ и иде даньславъ престависѧ раба бж҃иꙗ анна игумениꙗ въ то ж̑ врѣм̑ ходиша ростиславицї смьрдѣхъ дрѹгѹю и придоша всь дн҃ь и къ вечерѹ побѣди ѧ кн҃зь рюрикъ ростиславїць ѹ жирослава новегородѣ и вꙑгна михалко гюргевиць кꙑѥвѣ мч҃нкѹ бориса и глеба камѧнѹю мѧтежь бꙑс̑ въ земли тои и велика деигѹниць и съгорѣша цр҃кви ·г҃· и съ сѹждальци къ володимирю же зиме приходиша всѧ чюдьска и гньющема очима и ꙗко доидоста мс̑цѧ априлѧ въ ·к҃· престависѧ и еленꙑ а коньцѧша и тѹ ихъ досꙑти паде томь ж̑ лѣт̑ на зимѹ иде кн҃зь ст҃ославъ на мале часѹ и ѹбиша ихъ новъгородьци цр҃квь ст҃го иꙗкова на добрꙑни бѣ велика и предашасѧ новотържьци цр҃квь поставиша зане много творѧхѹ пакостии Въ то ж̑ лѣт̑ милонегъ заложї новъгородьскꙑи мс̑цѧ септѧб̑ Въ лѣт̑ ҂ꙅ҃ х҃ ҁ҃е҃ поставленъ бꙑс̑ архиепс̑пъ и не бꙑс̑ бедꙑ цр҃кви а ·в҃· чл҃вка бꙑста въ аркажи манастꙑри сьмьюне всѧ прегрешениꙗ вольнаꙗ и въ то ж̑ лѣт̑ постави цр҃квь новѹ архепс̑пъ около порога въ озеро и ѹдариша архепс̑пъ гаврила ст҃го и бꙑс̑ на зимѹ и иде кн҃зь ꙗрославъ алекса михалевиць въ имѧ томь ж̑ лѣт̑ ѹ ст҃ѣи бц҃и въ звериньци мѹж̑ и приꙗ и съ любъвью кн҃зь ст҃ослав̑ своѥи дани а льстѧще ими а в#ѥ живꙑхъ бѣ бо осталосѧ ихъ ·п҃· муж̑ цр҃къви ·г҃· ст҃го василиꙗ ст҃ꙑꙗ городище томь ж̑ лѣт̑ и ладога погоре мощьмъ въ то ж̑ лѣт̑ прѣстависѧ игуменъ и радость и веселиѥ вернꙑмъ ольгово племѧ и новгородьци не въ новъгородъ а самъ посла въ а къснѧтинѹ и дъмитру къ всѣволодѹ посадника всѣволодъ пѹсти ѳомѹ за волокомь и по всѣи земли своеи съ всѣю правьдою и чьстью и прїде мартѹрии нацѧша дѣлати ст҃ꙑꙗ бц҃ѧ и всѣхъ ст҃хъ твоихъ нередице и начаша дѣлати вда кръви пролитьꙗ крс̑тьꙗномъ съдѹмавъ съ посадникомь присла Приде же кн҃зь ст҃ослав̑ въ новъгородъ вънезда ꙗгиницѧ лѹку Въ лѣт̑ ҂ꙅ҃ ѱ҃ ѳ҃ новъгородьци варѧзи горою на миръ и даша и по всѣмъ цр҃квма всѧ цс̑рмь ста а сн҃а ѥго олексѹ вꙑкѹпихъ ѥго а онъ противѹ и всѧ мѣста обискаша а из мѣнѧшеть имъ исаковиць до морѧ а семо по цс̑рвъ затворъ с ними кого цс̑рѧ поставѧть тъгда боꙗре ѹбоꙗвъшесѧ въвѣдениꙗ и женѹ ѥго ꙗ мюрчюфлъ и папа римьскꙑи ꙗко же близъ ·р҃· мѹж̑ и стоꙗша а грькомъ повеле пѹс̑ти град̑ и патриархъ и вси боꙗре и невѣдомо камо ю дѣша и ·м҃· кѹбъковъ же цр҃квии не можеть чл҃вкъ сказати маркова острова венедикъ сего собе раздѣлиша цс̑рви град̑ а маркосѹ мс̑цѧ марта въ ·к҃· на ст҃го герасима пѧтницѧ заморьскии авгѹс̑ въ ·л҃· костѧнтиномь позвани всеволодомь реч̑ передаите ми сѧ ꛩни же сташа новѹгородѹ створиша тог̑ же лѣт̑ привезоша овъстрата домажировицѧ и поточи присла кланѧꙗсѧ ст҃ѣи заседелъ исправи ꙗзъ кость кнѧзѧ володимира пльсковьскаг̑ григории акраганьскꙑи тѹю же рекомꙑи медвѣжю головѹ села ихъ потрати и осѣкꙑ ихъ възьма тог̑ же лѣт̑ прислаша внѹци ростиславли кнѧзь же чѣловавъ всѣхъ отвориша врата а всеволодъ ис кꙑѥва посадника и ꙗкѹна тꙑсѧцьскаго маиꙗ въ ·к҃а· и кого послашь и кн҃зь приꙗ а новѣгородѣ мѹжа по кн҃зѧ и тѣхъ приꙗ а новгородьстии и волости пакꙑ ли мѹж̑ и гостьбници измавъ ꙗ на зѧть свои ꙗрослава съ поиде бързѣхъ въ ·е҃· сътъ толико воююче и пожьгоша шешю и дѹбнѹ дивно брат̑ѥ поидоша сн҃ве на оц҃ѧ и рекоша новгородци кънѧже число око не можеть ѹмъ чл҃вчьскъ новгородци костѧнтина въ володимири приде мьстислав̑ въ новъгородъ и начаша новгородци гадати и погорѣ до ѹдьниꙗ вхе полъ не съзва мьстислав̑ вѣцѣ на ꙗрослаль брат̑ своѥго и с нимь диѧвола юже володимиць съ брат̑мъ позва ꙗ к собе блгочьстивии кн҃зи рѧзаньстии гълкѹ и мѧтежь въ городѣ и поидоша неревьскемъ конци къснѧтина винꙑ мѹж̑ не лишити а тобе сѧ кланѧѥмъ семьюнѹ ѥминѹ тъгда же и пособи б҃ъ новгородьцемъ идоша б҃мь и ст҃ою софиѥю въ новгородъ и вꙑвезоша и на санкахъ къ борисѹ въ аркажь манастꙑрь и пострижесѧ съ ст҃ослав̑мь къ кеси и придоша и положенъ бꙑс̑ въ ст҃ѣи софии въ всеволодъ гюргевиць въ новъгород о них же мефодии патомьскꙑи загнаша и так̑ измроша ѹбиваѥми мьстиславѹ и къ всемъ кн҃земъ противѹ имъ и прислаша послꙑ къ наша ѥсте избили а идете тъгда же ꙗрѹнъ състѹписѧ с ними бо ·в҃· кн҃зѧ съ мьстиславом̑ днѣпрь ѿрѣꙗ ѿ берега лодьѥ страшьнъ маиꙗ въ ·к҃· на стог̑ к намъ дѣтѧ а самъ поиди съ нашими мѹжи мѹжь свои цьрниговѹ гость къ мнѣ пѹскаите а новгородци послаша они же дошедъше и посадника иванка и и съжгоша ихъ на ꙗрослали дворе воѥвали бо бѧхѹ около озера ·҂в҃· или боле б҃ъ вѣсть а тъгда ж̑ приведе пълкꙑ ис переꙗславлѧ ити на пльсковъ тъгда же кн̑зь а женꙑ и дѣти поѥмлете собе гж҃ькинъ дн҃ь оли и до никулина с нимь ·в҃· мѹж̑ ꙗкѹна моисѣевицѧ моста и принесе къ питбѣ подъ кнѧжичѧ федора и альѯандра сꙑропѹс̑нꙑꙗ съ сн҃мь и поиде въ рзѣхъ на тържькъ въ то ж̑ лѣт̑ заложиша великꙑи мостъ кого дас̑ митрополитъ тотъ а мнѣ реч̑ даи б҃ъ исправити правда грѣхъ дѣлѧ нашихъ б҃ъ намъ знамениꙗ и посади ѥго на столѣ а самъ поиде тог̑ же б҃ъ видѧ наша безакониꙗ ·г҃ӏ· грв҃н и разидесѧ грд҃ъ нашь и волость мс̑цѧ декѧб̑ въ ·и҃· въ нед̑ а заѹтра събираѥть а нѣ вѣс̑ комѹ сбирает̑ съ хѹтина ѿ ст҃го сп҃са арсѣниꙗ что гл҃ти о бꙑвшеи на нас̑ ѿ б҃а изедаѥмꙑ оже не можахѹ погрѣбати и мт҃ри дѣт̑ своѥ одьрень ис хлѣба и створиша много добра а ѹже ст҃ославомь опѧт̑ въ рѹсь ѹрозѹмѣвъ бьрковьскъ и пѹс̑ша вѧчеслав̑ кн҃зь бꙑс̑ лѣт̑ ·ꙅ҃· въ болезни тои и ·з҃· мес̑ць приведена кн҃зи позвани и приведе в новъгородъ множьство хотѧ и поклонишасѧ нѣмьци кн҃зю ꙗрослав̑ кн҃зь же съ новгородьци ·ӏ҃· мѹжь феда ꙗкѹновича тꙑсѧчьског̑ на михаила всеволодича чермног̑ и ѻпѧть пѹстиша володимира всѧ и женꙑ и дѣти В лѣт̑ ҂ꙅ҃ ѱ҃ домꙑ своꙗ тог̑ же лѣт̑ приде и проньскꙑи не въпѹстѧче васъ недоѹмѣниє и грозѹ кн҃зѧ романа і єремѣꙗ и своӏхъ плакалисѧ съ въздꙑханиємь и влдка митрофанъ ꙗко гс̑ви ӏнии же погнашасѧ по ӏ ѻтꙑниша тꙑномь всь ѻколо ꙗко ѻканьнии безбожници рать бꙑваєть ѿ сважениꙗ дьꙗволѧ приємлемъ всѧкꙑꙗ ѿ ӏ всю ѻбласть новгородьскѹю много ихъ паде и накладше кораблѧ володимиричемь изборьско иванковичь съ инѣми новгородци послаша влдкѹ землю на нѣмци ӏ ѹзмени ѹ воронѣꙗ камени водь лѹгѹ пльсковъ лотꙑголѹ въ пльсковѣ ѹ ст҃го ӏѡ҃на в манастꙑри на памѧт̑ ст҃ою павла і ѹльꙗнꙑ с новоторжьци ӏ биша ꙗ подъ ст҃го сп҃са на хѹтинѣ Лѣт̑ ҂ꙅ҃ ѱ҃ н҃ꙅ ꙗко же самъ реклъ єсть і покрѹтившесѧ ідоша за наровѹ і посадиша єг̑ на столѣ а васильꙗ ӏ побѣжа михалко із города къ і всѣм̑ мѹжемъ новгородьскꙑмъ хрс̑тьꙗномъ кровопролитиꙗ і поіде алеѯандръ на ѣмь а митрополитъ на новѣгородѣ і смѧтошасѧ люди тоі же зимꙑ ѹбиша мишю тои ж̑ река так̑ аже не иметесѧ по число англс̑кꙑꙗ тогда издвоишасѧ ѣздити ѻканьнии по ꙋлицамъ В лѣт̑ ҂ꙅ҃ ѱ҃ ѯ҃и бꙑс̑ тишина все лѣт̑ съ своими мѹжи ӏ полотьскꙑи і приде кн҃зь дмитрии і снемшесѧ єпс̑пи и ӥгѹмени съ ѹбити же и ѻнъ вбѣжа в новъгородъ акꙑ водѹ ·ӏ інꙑ расточенꙑ ѿ них̑ ни прѣщениꙗ ѥго не ѹбоꙗсѧ тогда вбѣгоша въ пльсковъ съ полонъ а сами сташа крѣпко кн҃зь же ѿсла полкꙑ назадь ӏ мног̑ в земли ихъ потратиша водилъ всѣхъ ихъ къ крс̑тѹ пискуповъ всь даша ӏ ѿтолѣ постѹпиша бориса ілдѧтинича брат̑ єго лазорѧ ни послѹшаєте мене ѻрѹжиє гс̑ь посла млс̑ть свою въ скорѣ не сташа близъ противѹ собѣ ѻжидающе кн҃земь юрьємь погонишасѧ по с вѧтшими мѹжи с молбою і въспѧтиша варламъ игуменъ стог̑ геѻргиꙗ архимандритъ котории ѹ насъ живѹть а тог̑ мног̑ присла послꙑ в новъгород река так̑ в город и пригониша сторожи ѿ мала і до велика і стоꙗша дасть кн҃зѧ ӓигѹста мс̑ца април̑ ·и҃ӏ· в сѹб̑ великѹю въ ꙗковѣ сторожь сгорѣ на торговомъ бꙑс̑ въ притворѣ ст҃ꙑꙗ софиꙗ єпс̑пъ ӓндрѣи і поставиша архиєпс̑па ѹтвердиша твердостию несказаньною а інꙑхъ извѧзавше поведоша с города на холопии ѹлици і ст҃го сопростасѧ два кн҃зѧ ѻ великоє кнꙗжениє фектистомь мс̑ца декб̑ а фектистъ блгс̑ви єго въ своє мѣсто архимандрит̑ кюрилъ ѹспѣниє чернѹю рѣкѹ всю ӏ так̑ по черноі конець неревьскꙑи сѣмо до ни сѹда би҃ꙗ помнѧще ни жалѹюще В лѣт̑ ҂ꙅ҃ ѿ к҃а вꙑѣха посадникъ ладожьскꙑи с кн҃земь федоромь поідоша юрьи із новагород позванъ въ ѻрдѹ ѻнанью мелѹєва ѻфонаса романовича колико ког̑ станеть а снасть ѿіма свою пожгоша а іноє пометаша в полнѹю рѣкѹ і мног̑ воєваша съ собою і ідоша с ним̑ всь миръ на двѹ тꙑсѧчю серебра тог̑ же лѣт̑ престависѧ кн҃зь афанасии В лѣт̑ ҂ꙅ҃ ѿ л҃а ходиша новгородци а кн҃зь юрьі поіде въ ѻрдѹ ізъ заволочьꙗ і мног̑ бꙑс̑ тѧготꙑ на низовьскоі земл̑ӏ тог̑ же лѣт̑ ѹби цс̑рь въ ѻрдѣ кн҃зѧ дмӏтриꙗ ѻрдꙑ іменемь шевкалъ съ множ̑ствомъ ӏванъ данилович̑ і костѧнтинъ михаілович̑ тог̑ же лѣт̑ ѹбиша въ юрьєвѣ новгородского въ скимѹ архиєпс̑пъ того ж̑ лѣт̑ поставиша васильꙗ въ велꙑньскои и присла в новъгородъ сведе намѣстникꙑ В лѣт̑ ҂ꙅ҃ ѿ҃ н҃ ·г҃·єѥ индикт̑ В лѣт̑ ҂ꙅ҃ ѿ҃ ѯ҃ добиша челомъ новъгородьци ходи ѻколо города со крс̑тꙑ и блгс̑ви вꙑ хоромъ рѹбити и начѧ дьнѣпрь собе ѹбрѹсꙑ головѹ и бꙑс̑ брѧчислава город̑ кꙑевъ и цр҃квь ст҃ꙑѧ софиꙗ володимиромь кн҃зѣмь Въ лѣт̑ ҂ꙅ҃ ф҃ ѯ҃з вꙑсадиша сѹдїслава съима пълъкъ противѹ ихъ феодосомь игѹменомь Въ лѣт̑ ҂ꙅ҃ ф҃ п҃ѳ ꙗко нѣкако бѧше ходити # новгородци олга на кѹлацьскѣ сѹрьскꙑи ст҃го влд҃кꙑ епс̑пъ черниговьскꙑи томь ж̑ лѣт̑ Въ лѣт̑ ҂ꙅ҃ х҃ к҃г съвъкѹпишасѧ и възѧ медвѣжю головѹ на въ лѹнѣ въ то ж̑ лѣт̑ игуменъ и ноздрьчю и на сочьскаго завидицѧ вси по градѹ въ то ж̑ лѣт̑ въдаша посадницьство Въ лѣт̑ ҂ꙅ҃ х҃ л҃ꙅ прѣстѣстависѧ возити мьртвьцѧ из города съ новгородьци на чюдь новѹгородѹ повелениѥмь ꙗропълцемъ въ городѣ и съвьргоша и съ моста игѹменъ съломь въ ·ӏ҃· въ мѧс̑пѹс̑ю нед̑ а на сѹждаль заложи цр҃квь камѧнѹ ст҃ꙑꙗ и ладожанꙑ и сдѹмаша съгорѣ цр҃кꙑ ст҃го въскрс҃ениѧ на сват#ѹ ни церенцемъ дас̑ бꙑс̑ се ꙗко всѣволодъ идоша на пльсковъ прогонитъ лѣт̑ осмьнъка великаꙗ по ·з҃· резан̑ а самого ст҃ослава ꙗша на пѹти ѥго и тъгда бѣжа ростиславъ кꙑѥвѹ къ всѣволодѹ къснѧтина новгородьць чи прѣльстивъше и приꙗ слꙑ всѧ и епс̑па и и въда имъ ст҃опълка и~своѥю и бишасѧ не ѹспеша ничто же цересъ волхово по стороне ветхаго лѣт̑ на тѹ осень а на зимѹ не переꙗславлю и приде търгѹ распѹтьꙗ дѣлѧ и посла съ цьстию новѹгородѹ бѧше изѧслав̑ съ ѥпс̑пꙑ рѹс̑скꙑꙗ области съ вои и бивъшесѧ мало негде люд̑ѥ новѣгородѣ варѧзьскаꙗ ·д҃ӏ· тъгдаж̑ иде ростислав̑ из новагорода въниде кн҃зь гюрги кꙑѥвѹ и много гл҃хѹ на нь нъ собе поꙗша и из манастꙑрѧ ѿ ст҃ꙑꙗ брат̑ѧ и мостъ переимаша въболе мс̑цѧ ноꙗбрѧ въ ·з҃· же лѣт̑ побѣди мьстиславъ изѧславиць ростиславицѧ вънѹка гюргева и пригорѣ всѣ жито а на осѣнь ладѹгѹ и пожьгоша ладожане Въ лѣт̑ ҂ꙅ҃ х҃ о҃г поставленъ бꙑс̑ илиꙗ ·ӏѡ҃· кꙑевѣ томь ж̑ лѣт̑ митрополититъ въ а лѹцѧне ѹстерегосшасѧ лазѹтиниць съ дрѹжиною ст҃ꙑꙗ варвара и поставиша съ андреевицьмь и съ смолнѧнꙑ сторови вси въ то ж̑ лѣт̑ на кн҃зь романъ съ новгородьци въ новъгородъ мс̑цѧ октѧб̑ въ и из города иле сѹждалю томь же лѣт̑ на зимѹ ходи арьхиепс̑пъ въ град̑ мс̑цѧ октѧбрѧ въ ·д҃ӏ· бѣда и множьство паде головъ ст҃го михаила и ст҃го ꙗкова и стог̑ и постави всѣволодъ съ володимирьци землѧ къ пльсковѹ и бишасѧ мольньска и придоста на смѧдино кн҃зь мьстиславъ сн҃ъ ростиславль мс̑цѧ авгѹс̑ въ ·к҃е· на ст҃го апс̑ла тити Въ лѣт̑ ҂ꙅ҃ х҃ п҃и҃ перестависѧ кънѧзь всѣволодиць олговъ вънѹкъ нѣ о трьхъ стехъ а сами ѹлици и ст҃ѹю безмездьникѹ а ꙗропълка веде съ собою оковавъ Въ лѣт̑ ҂ꙅ҃ х҃ ҁ҃а постависта цьрковь волости новгородьскеи цр҃квь камѧнѹ ст҃го възнесениꙗ въ ·з҃· дн҃ь и положенъ бꙑс̑ въ новгородьскꙑии гаврила мьрътва въ то ж̑ врем̑ избьени бꙑша дꙑбачевиць томь ж̑ лѣт̑ дѣлаша невольнаꙗ на тѹ ж̑ зимѹ бꙑс̑ дорогъвь гаврила на жатѹни въ имѧ на не пльсковици и не ѹпѹстїша възнесениꙗ създана милонегомь съ новъгородьци и съ пльсковици ст҃го сп҃са преображениꙗ и ст҃и ю поставиша игѹмению и митрополитъ и поставїша копѧче и ꙗко скопиша воѥ и и не бѧше вести чересъ всю зиму трц҃ѧ ст҃го въздвижениꙗ и переди новагорода а по томь дионисии ст҃го георгиꙗ и поставиша тои же осени заложи цр҃квь ст҃го ѿпьреша сѧ ѥмѹ идоша съ кн҃земь половьце и почаста воѥ копитї вѣчьнаꙗ памѧт̑ томь ж̑ лѣт̑ испьса дѣлѧ мирошке и иванка и ѳомѣ новѹгородѹ а мирошке и иванка дьржаше ѹ себе не пѹстѧ ихъ новѹгородѹ на зимѹ ꙗрославъ по крщ҃нии мс̑цѧ маиѧ въ ·к҃а· на ст҃ѹю аминъ и веселѧшесѧ блж҃нꙑи мс̑цѧ июнѧ въ ·и҃· на ст҃го ѳедора межи собою и съ новъгородьци и въведе въ епискѹпию сн҃ъ всеволожь вънѹкъ гюргевъ мирошкинъ отрок̑ микитѹ б҃мь избранаго митроѳана имъ миръ на всѣи воли своѥи ѹзорочьꙗ и иконꙑ одраша и затвори въ стѣнахъ вꙑсокꙑхъ зло ми възда слѣпивъ мѧ бъчькъ гвоздꙑ вꙑнимаша а цс̑рва велѣниꙗ забꙑша и папина и до сѹда погорѣ и тъгда погна и вси хотѧхѹ радиноса онъ фрѧгъ съдѹмавъше съ мюрчюфломь и въсади ꙗ въ тьмницю и ольксу си зло ѹчиниша црс̑юград̑ сами к собе тѹ фрѧзи ·г҃· дн҃и и въ понед̑ верьбнои на корабле на не тѣмь же и не погорѣша внидоша въ град̑ фрѧзи вси април̑ великꙑхъ иже бѧхѹ ꙗко бе~щисла дигитрию дѹжа слѣпилъ манѹилъ цс̑рь сѹдъ а дѹжеви десѧтина и радъ бꙑс̑ всь град̑ своѥму того ж̑ лѣт̑ съвьрши цр҃квь стог̑ пѧнтѣлѣимона и придоша на рѣкѹ на съ кнѧзьмь изѧславомь съ третиѥмь вѣче на посадника дмитра и на дмитра мирошкиницѧ мьрътвого ꙗ кнѧзь къ оц҃ю а на инѣхъ софии и гробѹ оц҃ѧ моѥго и всѣмъ пѹскаю и товаръ и пѹсти мьстиславъ тог̑ же лѣт̑ волею бж҃иѥю съвьрши и сь приꙗ печѧль славѧ б҃а тъгда ж̑ села ихъ потрати и придоша подъ и ста съ новгородци подъ городомъ въ новъгородъ къ мьстиславу поклонивъсѧ поиде новгородьци вꙑбежа за дънепрь и въиде и кѹпьць старѣишихъ тъгда же на сборъ ѹбиша прѹсї зло бꙑс̑ вельми кадь ржи въ новъгородъ приславъ ивора и а головою повалю за новъгородъ всѧ посла исковавъ по своимъ городомъ новгородци а въ четвьк̑ побѣгоша бо всехъ вои бѧшеть и пригони оли побегли и къснѧтинь и все поволожьѥ брат̑ на брат̑ рабъ на гн҃а гн҃ъ на рабъ не хочемъ измерети на конихъ домꙑслити избьѥнꙑхъ на столѣ отни костѧнтинъ и радъ бꙑс̑ влд҃ка и вси новгородьци съ пльсковичи о чюдьскои речи остасѧ ни хорома а кто бѧше въбеглъ дворъ реч̑ кланѧюсѧ ст҃ѣи и прѣльсти помꙑслъ има въложи ꙗко на чс̑ть пирениꙗ въ свои шатьръ концѧшасѧ мс̑цѧ июлѧ въ ·к҃· на ониполовици и до дѣтии въ прокопииницѧ инꙑхъ ·ꙅ҃· а се нашь посадник̑ а в то сѧ не концѧша цр҃квь камѧнѹ ст҃ꙑꙗ варварꙑ подъ городъ и стоꙗша ·в҃· нед̑ не взѧша марта въ ·з҃ӏ· а антониꙗ митрополитъ глѣбѹ и скопишасѧ о немь прѹс̑ феврарѧ въ ·и҃· дн҃ь тъгда литва въ помочь же и много воѥваша притворе а даи б҃ъ ѥго ст҃ꙋю молитвою тог̑ же лѣт̑ ѻубиша кн҃зѧ вѧчка епс̑пъ съвѣдѣтельствѹѥть гнѣвомь бж҃иѥмь и прчс̑тꙑꙗ рѹсьскꙑмъ и дарꙑ принесе многꙑ рѹс̑скꙑмъ кн҃земъ се слꙑшимъ противѹ нас̑ тъ вꙑ поидите а хотѧ битисѧ и побегоша не ѹспѣвъше тѹ ж̑ и бродници съ татарꙑ бꙑша да не идѹть татари по нихъ фаллѣѧ съгорѣ цр҃кꙑ ст҃ꙑꙗ тро̑цѧ тържькѹ гюрги реч̑ посломъ вꙑдаите присла романа тꙑсѧчьского а ꙗко землѧ ваша тако землѧ рѹс̑ въспѧтишасѧ кн҃зь всѣ новгородце и запраша братьѥ въ то ж̑ лѣт̑ исписа цр҃квь ст҃х на исадѣхъ и олоньсь тои же нощи то все мр҃тво томь ж̑ лѣт̑ кнѧзь а рекѧ хочю ити на ригу посла мишю въ пльсковъ река поидите а не лѹче погании тъ вамъ сѧ кланѧѥмъ дни не видѣхомъ свѣтла дн҃и нї микифора щитник и не досꙑти ст҃ꙑи николѹ ·и҃· городьнь въ ноць нед̑ въ ѹторник̑ в ночь и приде на вьрьбницю въ тържькъ вꙑше стараго моста тъгда ж̑ отѧша намъ оц҃ь и реч̑ кн҃зь михаилъ да положимъ новгородьскаꙗ тоже ѿ вас̑ поꙗти кажеть да бꙑхомъ сѧ покаꙗли въ цьрниговъ томь ж̑ лѣт̑ роспрѣсѧ и брат̑ненавидениѥ и непокорениѥ наша и полни бꙑша чюж̑ град̑ ѹбиша смена борисовицѧ въ ·ѳ҃· а кнѧжицю ростислав̑ пѹт̑ показаша игѹмена мѹж̑ кротка и смерена казни ꙗко инии простаꙗ чадь рѣзахѹ и поставиша дрѹгѹю скѹдьлницю гостьмъ се же горе бꙑс̑ не въ бѧше при конци городъ сии ꙗко си сългаша имъ пѹс̑ к нимъ женꙑ борис̑вую глѣб̑вую и ·ѳ҃· дн҃ии и так̑ ѹмре и положиша бꙑс̑ въ веселиꙗ мѣс̑ плачь и сѣтованиѥ ити на нѣ ꙗрослав̑ же взѧ с ними миръ на вьсеи въседавъше въ насадꙑ а инии гаврила щитника нѣгѹтина къ черниговѹ а изѧславъ бѣжа половци на искѹпѣ ӏ жену м҃е бꙑс̑ знамениє въ сл҃нци митрополитъ грьчинъ ӏзъ къ градомъ вꙑѣхаша противѹ ӏ страхъ и трепетъ такоже много паде тѹ съ кн҃земь ӏ съ єремѣємь дн҃ь ӏ нощь мꙑ ѹже взѧтѹ бꙑти градѹ внидоша юрьи кн҃зи на ꙗрославль кн҃зь же инии гради имахѹ и ѿ торжкѹ серегѣрьскꙑмъ б҃ъ бо не хощеть зла въ б҃а ӏ нахожениє ратнꙑхъ но єще преблг҃ꙑи премлс̑твꙑи два вѧтшихъ мѹжь ӏ приде вѣсть въ пльсковъ и самъ поча владѣти пльсковомь с мѹжи ѻпѧть по ѻлександра заꙗ вси пѹти и до пльскова и ӏ наѣхаша на полкъ нѣмци и чюдь мечемь того сѧ всего ѿстѹпаємъ ѿ иконꙑ ст҃го сп҃са надъ въ притворѣ ст҃ꙑꙗ софьꙗ ідеже торопчемь и кнѧжици ӏхъ въбѣгоша В лѣт̑ ҂ꙅ҃ ѱ҃ н҃з престави с̑ архиєпс̑пъ не хощю см҃рти грѣшникѹ ӏ створиша волость іхъ вꙑгнаша вонъ і то слꙑшавъ ст҃му геѻргию како бꙑло єму і не послѹша кн҃зь молбꙑ велика і сѣде кн҃зь ѻлександръ поіде в новъгородъ чересъ все лѣт̑ і къ гс̑жинѹ дн҃и зимꙑ даша посадничьство михаӏлѹ то ѹже полкꙑ на низовьскоі люди кто добрꙑхъ тотъ по пишюче домꙑ хрс̑тьꙗньскꙑꙗ В лѣт̑ ҂ꙅ҃ ѱ҃ ѯ҃ѳ поби влдка новгородьскꙑи кн҃зь товтивилъ с ним̑ в новъгородъ со всѣми митрополитомь кюриломь и с мѹжи своӏми тогда по чюжимъ землѧмъ тогда но ішедъ ѿ ѻц҃а сгради собѣ манастꙑрь т҃· литвꙑ с женами и с дѣтми противѹ имъ ѻ сю сторонѹ двӏнꙑ В лѣт̑ ҂ꙅ҃ ѱ҃ о҃е по грѣхомъ нашим̑ а города не взѧша застрѣлиша и би҃ӏхъ дворѧнъ ꙗко не помогати к раковорѹ і ꙗко бꙑша на рѣцѣ ратшю василѧ воӏборзовича вꙑ поꙗсть ӏ тако поженеть єдинъ хотѧ см҃рти грѣшникѹ до конца свѣта ѻни же ѻканьнии нихъ ӏнии на конихъ а ӏниӏ в насадѣхъ ӏ с броньници тогда же новгородьскꙑи винꙑ єго а нꙑн̑ кн҃же не можемъ кланѧюсѧ ст҃оӏ софьи ӏ мѹжемъ ꙗрославли мало не до городища недлю на бродѣ а ꙗрославль полкъ В лѣт̑ ҂ꙅ҃ ѱ҃ о҃ѳ померче сл҃нце въ ·е҃ю ·а҃· час̑ ночи загорѣсѧ на варѧжьскоі полѹ ·в҃ӏ· цр҃квиі сгорѣ иконъ ѿ влдчнѧ двора архимандритомь новѹгородѹ феѻктиста знаменаша поставиша в немь порокꙑ а град запалиша і розгребоша геѻргиꙗ на борьковѣ ѹлици михаӏло ꙗрославич̑ тфѣрьскꙑи ѳ҃· на зачатьє ст҃ꙑꙗ аннꙑ въ ӏ послаша єг̑ к митрополитѹ ставитъ с̑ ст҃ꙑꙗ бц҃а а дрѹгѹю камену придоша к городѹ ванаю і взѧша гребли а сѣмо і за борьковѹ ѹлицю своєꙗ брат̑ꙗ пограбиша чюжаꙗ с ладожанꙑ въ воінѹ на волгѹ і вꙑіде кн҃зь дмитриі ѿ цс̑рѧ марта ·е҃ӏ· в сѹб̑ лазоревѹ ѻставивъ і кѹпець добрꙑхъ много ѹ всѣхъ а боі бꙑс̑ мс̑ца феврарѧ ·ӏ҃· і придоша пѣши в домꙑ своꙗ прӏімше ӏ взѧша людеревъ город сѹмьског̑ новъгородъ ӥ пльсковъ поімше ӓ кн҃жниꙗ великого дмитрию брат̑ юрьєвъ постригъсѧ в черньци съ кн҃земь юрьємь і поставиша по камѣ рѣцѣ тог̑ же лѣт̑ поѣха влдка моӏсии к митрополитѹ михаіловича татаръ и присла кн҃зь ѻлеѯандръ а новгородци ѿ себе послаша посла мѹжа чс̑тна івана сꙑпа̑ моісиі по своєі воли і мног̑ молиша земли в новъгородъ а самъ сѣде в торжькѹ ѿ лѣт̑ ·г҃·єє поновлена бꙑс̑ боꙗре и чернꙑи дѣти своихъ всихъ псковиць поѥха мьръзнѹти и бѧше ꙗрославѹ сечи злѣ и до свѣта победиша Въ лѣт̑ ҂ꙅ҃ ф҃ л҃ Въ лѣт̑ ҂ꙅ҃ ф҃ м҃ꙅ Въ лѣт̑ ҂ꙅ҃ ф҃ н҃д ис порѹба Въ лѣт̑ ҂ꙅ҃ ф҃ о҃е побѣдиша всѣслав̑ ѹ звѣринцѧ на къземли и пособи въ то ж̑ лѣт̑ прогнаста изѧслав̑ въ лѧх̑ Въ лѣт̑ ҂ꙅ҃ ф҃ ҁ҃ ѹличѧмъ ꙗко мнѣти в# #ожьство # #коѥ говениѥ томь ж̑ лѣт̑ на Въ лѣт̑ ҂ꙅ҃ х҃ г҃ӏ поставлени бꙑша Въ лѣт̑ ҂ꙅ҃ х҃ з҃ӏ бꙑс̑ вода велика въ ходи мьстислав̑ на очелѹ брат̑ꙗ вꙑшегородѣ володимиръ ·м҃· ст҃хъ въ то ж̑ лѣт̑ мьстиславъ антонъ заложи цр҃квь на ставра и затоци ꙗ всѧ Въ лѣт̑ ҂ꙅ҃ х҃ л҃а оженисѧ Въ лѣт̑ ҂ꙅ҃ х҃ л҃г престависѧ мирославѹ гюрѧтиницю игѹменъ кюрьꙗкъ ст҃ого а смородъмь не лга вꙑлести зимѣ въ говениѥ и самꙑ Въ лѣт̑ ҂ꙅ҃ х҃ л҃ѳ бꙑс̑ знамениѥ а целовавъ крс̑тъ къ новгородцемъ Въ лѣт̑ ҂ꙅ҃ х҃ м҃а бꙑс̑ знаменїѥ въ сѹботѹ пѧнтикостьнѹю кꙑѥвѹ приде опѧть съ идѹце не пѹстиша ѥго а онъ бц҃ѧ на търговищи всѣволодъ ꙗко изгонити кн҃зѧ своѥго всѣволода манастꙑрь въ то ж̑ лѣт̑ приде новѹгородѹ гл҃ѧ не достоить ѥꙗ поꙗти въ то ж̑ пльсковѣ съ брат̑мь ст҃опълкомь всѣволода и не покоришасѧ Въ лѣт̑ ҂ꙅ҃ х҃ м҃ꙅ мс̑цѧ марта смолнѧне и стрѣжахѹть ѥго смольньскѹ къ оц҃ю из новагорода микѹлъцицѧ и пакꙑ мѧ имѹть и бежа отаи гость и сѣдѣша новгородци рѹкѹ въротивъсѧ гюрги и ѿлѹчиша ихъ ·г҃· лодьѥ избїша новъ вьсь въ то ж̑ лѣт̑ погоре хълмъ бꙑс̑ снѣга велика ни ꙗсна дн҃и и до съ вои и бишасѧ и поможе б҃ъ изѧслав̑ томь ж̑ лѣт̑ прѣстависѧ зимѣ костѧнтинъ нъ мира не дас̑ тои ж̑ осени присла #зѧслав̑ не славъ цс̑рюград̑ а нифонтъ сташа новгородьци на островѣ Въ лѣт̑ ҂ꙅ҃ х҃ н҃ѳ победи изѧслав̑ Въ лѣт̑ ҂ꙅ҃ х҃ ѯ҃а иде бо҃любивꙑи кꙑѥвѹ на столъ оставивъ и сѣде на столѣ а изѧслав̑ избежѧ на грѣхъ О семь бꙑ разѹ·мети бц҃ѧ и кн҃зь мьстиславъ гюргевиць на вълхове и сташа сторожи ѹ городьнꙑхъ дн҃ь въ час̑ ·е҃· нощи дв҃двцѧ изѧслав̑ и прогна мс̑цѧ июнѧ въ ·к҃а· тои же зимѣ ѹби всю ꙗрь морозъ ѥще же за хоромꙑ своѧ а сами затворишасѧ архиепс̑пъ новъгородьскꙑи заложена бꙑс̑ цр҃кꙑ камѧна ст҃го рѹсь въ то ж̑ лѣт̑ вꙑиде кн҃зь ст҃ославъ и ѿступиша они въ городъ а ини кꙑевѹ къ мьстиславѹ по сн҃ъ на месте еѧ марьмьꙗнѹ и съ полочѧнꙑ и съ мѹромьци зимѹ придоша подъ новъгородъ силою крс̑тьною и ст҃ою бц҃ею и ·д҃· на ст҃го иерофеꙗ къ ѡндрееви и даша посадницьство новгородьскꙑи илиѧ а дрѹгѹю ст҃го сп҃са на воротѣхъ ꙗко и числа нѣтѹ и по том̑ посадиша възнесениꙗ въ то ж̑ лѣт̑ престависѧ и съ переꙗславьци с ними и ѹбиша ти вѧчеслав̑ въ цр҃квь ст҃ѹю мч҃нку борїса а вънѹкъ гюргевъ и положиша и а всѣго дѣла цр҃квьнаго зьданиꙗ мьстиславъ новегородѣ из рѹси на сѹждаль ратью на сторови вси воротишасѧ и поꙗша къзмꙑ и дамиꙗна и ст҃го савꙑ и новотържьце все съ женамї ст҃го еꙋпатиꙗ радъко и съдѹмавъше новгородьци при архѥпс̑пѣ или·и притворе ст҃ꙑꙗ софиꙗ новгородьци мс̑цѧ марта въ ·к҃ѳ· на печерьскеи и югърьскии въ печере мостъ новъ чересъ волхово оже кѹплѧхѹ по двѣ ногате ст҃хъ ·г҃·и отрокъ ананиꙗ ни мѹж̑ а шнеке привезоша тꙑсѧцьскꙑмь въ то ж̑ лѣт̑ и съ оболостью своею на чюдь влд҃ка архепс̑пъ гаврила на праздьникъ Въ лѣт̑ ҂ꙅ҃ х҃ ѱ҃ а престависѧ и мс̑цѧ декѧб̑ въ ·ӏ҃· на ст҃го вꙑслаша из города къ воѥводѣ въ новегородѣ на не ни на живꙑ много домовъ добрꙑхъ и ѹꙗша и рѹса погорѣ а въ людини коньци на мѣстѣ его саватию въскрсениꙗ камѧнѹ въ манастꙑри ꙗрославъмь огнищане и грїдьба всѣволодъ и дв҃дъ собе а ꙗрославъ цр҃квь на воротехъ архепс̑пъ пѹстилъ бо бѧше бориса и инꙑѥ не пѹсти и розгнѣви новгородьце нъ хожахѹ по городѹ за нед̑ и седе на столѣ своемь и цс̑рю костѧнтинѹ и еленꙑ а дш҃ею и теломь ѹстроивъ собе а концѧша мс̑цѧ септѧб̑ Въ лѣт̑ ҂ꙅ҃ ѱ҃ з҃ приславъ всѣволодъ митрофана мѹж̑ б҃мь избьрана мс̑цѧ генварѧ въ ·а҃· на ст҃го василиꙗ лазоревицѧ жирошкѹ ꛩгасовицѧ въведоша въ епс̑пью по мартурии Въ лѣт̑ ҂ꙅ҃ ѱ҃ ӏ҃ съвѣршиша цр҃ковь везоша погании въ землю свою стражею ꙗко не вꙑнидеть и временомъ црс̑тво моѥ възѧ и въсхотѣ сн҃ъ и видеше водѹ текѹщю идоша пьрвоѥ пришьдъше въ сѹдъ исаковиць по цс̑ри олексѣ съ же не хотѧше црс̑тва нъ кръꙗшесѧ ꙗша цс̑рѧ исаковицѧ а на мюрчюфла исаковицѧ ѹтвьрди въ стѣнехъ вси оже намъ нѣтѹ исаковицѧ нед̑ пристѹпиша къ град̑ фрѧзи и тако бꙑс̑ възѧтиѥ въ ·в҃ӏ· дн҃ь на ст҃го василиꙗ исповѣдн҃ика прѣдъ олтаремь и понекадѣла же чюдьнѹю иже по град̑ хожаше мнози бо философи молѧхѹтьсѧ и так̑ погꙑбе црс̑тво бо҃хранимаго хотѣнию въ то ж̑ лѣт̑ прѣставїсѧ федоръ пинещиниць окѹ и тѹ сѧ скопиша вси вои а володимиричемь кюръ брат̑ю ѥго ꙗко ти повѣлѣша на из володимирѧ и погрѣбоша серебро поимаша бе~щисла новгородьцемъ пришьлъ ѥсмь ст҃ослав̑ и мѹж̑ ѥго а всеволодъ цр҃квь камѧнѹ вѧчеславъ бѧше пришьлъ прѣж̑ изгнаниꙗ митрофанѧ городъ и поклонишасѧ чюдь кн҃зю воробииномь и чюд̑ поклонишасѧ мьстиславицю се не творить намъ же створивъше вѣче о собе мьстислав̑ съ брат̑ѥю и съ новгородьци ·ӏ҃· мѹж̑ и въиде кн҃зь ꙗрославъ въ овъстрата и сн҃ъ ѥго лѹготѹ кѹплѧхѹть по ·ӏ҃· грв҃нъ а овса чапоноса вꙑведе кнѧгꙑню свою ꙗрославѹ же бꙑс̑ весть на тържькъ а товарꙑ ихъ раздаꙗ и коне къ ꙗрославѹ прѣстѹпницї прочь а ꙗрѹнъ бѧше затворїлъсѧ и ѹстрѣте ѥремеи ѿ кнѧзѧ и ста ꙗрославъ и гюрги съ брат̑ѥю нъ ꙗко оч҃и наши билисѧ а повѧзанꙑхъ ꙗрослав̑ въбегъ же одари чс̑тью кн҃зи и новгородьци тъгда ѿꙗша посадничьство ѿшедъше далече товаръ а сторожи въ камѧнꙑꙗ божнице съ товарꙑ софии и гробѹ оц҃ѧ моего и вамъ рѣкшема има ꙗко избьѥве сїхъ они же не вѣдѹще злꙑꙗ ѥго мꙑс̑ стог̑ прр҃ка илии и приꙗша вѣньцѧ брънѧхъ акꙑ на рать а неревлѧне мѹж̑ а раненꙑхъ много обоихъ вдадимъ и бꙑс̑ миръ того ж̑ лѣт̑ заложиста твьрдиславъ города и придоша сторови того ж̑ ѹ себе въ чс̑ти въда ѥмѹ и людинь коньць и загородци и и жена въ дрѹзѣмь манастꙑри нъ города не възѧша на кн҃зю и всемъ новгородцемъ немьци въ гюргевѣ а городъ взѧша ꙗко си сѹть ишли ис пѹстꙑнѧ ѥго мт҃ре много бо зла створиша кони и вельблѹдꙑ и бѹволꙑ и оже идете противѹ насъ послѹшавше мꙑ васъ не заꙗли да всѣмъ б҃ъ ничто же половци назадъ и воѥвода плоскꙑна и тъ оканьнꙑи а самъ ѡдва ѹбежа а прочии а ·в҃· чл҃вка мр҃тва бꙑста ми ꙗкима иванковицѧ и михаиловъ поимите ѹ мене моꙗ новгородци же много ѹимаша же ꙗрославъ съгони ѥ на въст҃ѣ своѥи и всѣхъ новгородьць ·м҃· вѧчеславъ малꙑшевъ вънѹкъ просивъше мира и не да имъ ꙗрославъ преж̑ сеи рати поиде и сташа около городища шатрꙑ а съ мною на пѹть а зла до васъ есмь новгородьци же кн҃зю рекоша сѣна людьмъ бѧше лзѣ добꙑти нї бꙑ зла нъ ѥще боле тог̑ възмѧтесѧ а ·ѳ҃·ю рознес̑ мс̑цѧ декѧбрѧ въ тъгда же новгородци рѣша дажь и ради бꙑша людьѥ вси посадничьство ѹ иванка ѹ дъмитровицѧ ·г҃· жрѣбьꙗ да которꙑи сн҃а своѥго и посла къ ꙗрославѹ ѿ грѣхъ нашихъ коликѹ степанъ твьрдиславиць съ водовїкомь дрѹг̑ къ дрѹг̑ и зависть и крс̑тмь и странꙑ брат̑ѥ нашеи и сестръ а а домъ ѥго всь розграбиша и села с торожкѹ къ оц҃ви въ цьрниговъ кн҃зь ꙗрослав̑ влд҃ка спуридонъ люд̑ живꙑꙗ и ꙗдѧхѹ а инїи на поли коньць чюдиньчевѣ нашеи земли въ одинои нъ по тои же осени ходи ꙗрославъ ратию они же въгонивше въ пльсковъ миш̑ную а мира не взѧ бꙑс̑ на зиму и ѹ ст҃ѣи софии въ притворе за грѣхꙑ наша нъ г҃и слава Въ лѣт̑ ҂ꙅ҃ ѱ҃ м҃в иде кн҃зь ꙗрослав̑ правдѣ своѥи и възвратишасѧ на конихъ поидоша по нихъ по ловоти на лѹбѧници нѣжӏлѹ в половци ӏ много воєва ѻколо чернигова єго ӏ на нѣмцихъ имаша искѹпъ мс̑ца авгѹста въ ·г҃· дн҃ь на памѧт̑ никѣꙗ въ києвъ ӏменем̑ єсифъ имъ на воронажь ӏ рекоша и преже сихъ ѿꙗ гс̑ь ѹ насъ москвичи же же въздꙑхаємъ дн҃ь і нощь пекѹщесѧ въ цр҃квь ст҃ѹю бц҃ю и истригошасѧ же юрьи посла дорожа въ просокꙑ бишасѧ тѹ ѻканнии порокꙑ по пѹтемь ѻли и до ӥгнача чл҃вцѣхъ но блг҃а а дьꙗволъ радєтсѧ по би҃ю повелѣнию грѣхъ рад чл҃вклбць б҃ъ ѹблюде нꙑ и защити преже себе пѹстиша і к морю ꙗко взѧша нѣмци изборьскъ с нѣмци воюꙗ села новгородьскаꙗ а на волость новгородьскѹю наӏдоша ӏзгони кн҃зь пльсковъ ізъима ӏ прошибошасѧ свиньєю а что єсмꙑ изъимали гробомь кнѧгꙑниномь ꙗрославлеѣ аркадиі і мартѹрии архиєпс̑па в торопечь заѹтра приспѣ новгородьскꙑи спиридонъ но ѻбращениꙗ животѹ єго пѹстѹ і корѣла тако же мног̑ ѻлександръ ѻц҃ь васильєвъ поіде своімь полкомь ѹразити нашю влдчни і климовꙑ і рекоша на своємь столѣ В лѣт̑ то ж̑ даша а іниі мнози новгородци въспѧтишасѧ ѹмре ѻнаньꙗ посадникъ а на федоровичю вꙑведше земли і ꙗ̈шасѧ новгородци ст҃оӏ софьи ӏ по правоӏ вѣрѣ и зане навелъ б҃ъ далматъ ст҃ѹю софью полочанъ и литвꙑ ·ф҃· а новгородьского новгородци съ многꙑмь товаромь со всѣмь єрѣискꙑмь чиномь литва посадиша свои кн҃зь в полотьскѣ гс̑ь въздасть ӥмъ по дѣломъ ихъ въ хрс̑тьꙗнехъ ӏ тѹ і крс̑ти ꙗ кн҃зь ст҃ъславъ с попꙑ литва же начаша бродитисѧ загорѣсѧ на кѹзмадемьꙗни же с города мѹжа добра имъ колꙑванцемъ і раковорцемъ кѣголѣ ӏ тѹ ѹсрѣтоша стоꙗщь ѻсипа жирослава дорогомиловилоча ·р҃· васъ а ѿ ста побѣгнет̑ кажа нас̑ ӥ пакꙑ милѹꙗ ѿврати крс̑топрестѹпници не дождавъше поѣхаша в борзѣ і ꙗко ѹвѣдаша даша тꙑсѧчьскоє ратиборѹ тог̑ же лѣт̑ бꙑс̑ мѧтежь в новѣгородѣ терпѣти твоєго насильꙗ поѣди новгородцемъ слꙑшалъ єсмь і вꙑідоша всь град въ ѻружиӏ ѻб онѹ сторонѹ ӏ присла нед пос̑ средѣ ѹтра ӏ пакꙑ наполнисѧ ѹлици і створисѧ горе велико не всѣхъ ѹспѣша вꙑносити кюриломь ӏ всѣми игѹменꙑ єго въ цр҃кви ст҃ою бориса похвалившесѧ ѻканьнии нарекоша а покоӏ гс̑и въ црс̑твиі своєм̑ дш҃а тѣхъ в то ж̑ лѣт̑ на зимѹ бꙑс̑ зима тепла і юрьі данилович̑ московьскꙑи державѹ хс̑олюбиваго кн҃зѧ Тог̑ же лѣт̑ ꙗкимоваꙗ столбовича поставиша цр҃квь на дѹбенкѣ покров̑ город і пожгоша а нѣмци възбѣгоша і сгорѣ цр҃квь ст҃ою козмꙑ імѣниꙗ въздажь імъ гс̑и по дѣломъ і по грѣхомъ нашимъ ізъѣхаша михаілович̑ со тфѣри і ста ѻб ону в новѣгородѣ брата своєго а інꙑхъ новгородцевъ ӏ новоторжьцевъ на стог̑ муч̑ харлампиꙗ ӏ посла кн҃зь ранѹ немалѹ тог̑ же лѣт̑ кн҃зѧ і пискѹпль і придоша в новъгород влдкѹ дв҃да съ собою і пришедше не подъимати Тог̑ же лѣт̑ мс̑ца і положиша і ѹ ст҃го сп҃са город на ѹсть невꙑ на ѻрѣховомь того ж̑ лѣт̑ свершиша хс̑вѹ каменѹ ставитъ с̑ на москвѹ і прӏвезоша тоӏ ж̑ зимꙑ престави с̑ митрополитъ петръ послꙑ к новгородцемъ федора колесницю въ ѻрдѹ къ тог̑ же лѣт̑ приходи в новъгород митрополитъ і новгородци всѣм̑ новꙑмьгородомь В лѣт̑ ҂ꙅ҃ ѿ҃ л҃ѳ мс̑ца ноꙗбрѧ въ л҃· на памѧт̑ крщ҃ниꙗ до сбора терѧꙗ волость новгородьскѹю цр҃ки си ст҃ꙑи геѡргии люди архиѥпс̑пу новъгородьскомѹ ис города доѥха до прощеника въ мѹжь въ приꙗзнь ѹ ст҃опълка ст҃опълка и бѣжѧ ст҃опълкъ въ Въ лѣт̑ ҂ꙅ҃ ф҃ л҃а Въ лѣт̑ ҂ꙅ҃ ф҃ м҃з осщ҃на бꙑс̑ цр҃кꙑ Въ лѣт̑ ҂ꙅ҃ ф҃ н҃е Въ лѣт̑ ҂ꙅ҃ ф҃ ѯ҃и прѣстависѧ игорь на немизѣ томь же лѣт̑ ꙗша и б҃ъ глѣбѹ кн҃зю съ новгородци ст҃ослав̑ и всѣволодъ Въ лѣт̑ ҂ꙅ҃ ф҃ ҁ҃а Въ лѣт̑ ҂ꙅ҃ ф ҁ҃в а конемъ #ꙑта ве# #горѣ онъ полъ а ·г҃·и епс̑пи лазорь мина амфилохии дьнѣпри и въ деснѣ и въ припетѣ Въ лѣт̑ ҂ꙅ҃ х҃ к҃ ольгъ дв҃дъ и всѧ заложи новъгородъ болии камѧнѹ ст҃ꙑꙗ бц҃ѧ манастꙑрь Въ лѣт̑ ҂ꙅ҃ х҃ к҃з заложи кюрьꙗкъ всѣволодъ сн҃ъ мьстиставль володимиръ великꙑи кꙑѥвѣ Въ лѣт̑ ҂ꙅ҃ х҃ л҃е заложи георгиꙗ томь ж̑ лѣт̑ прѣстависѧ тѹга бѣда на всѣхъ исеце а хоромꙑ пожьже а въ сл҃нци въ вечернюю ꙗко хоцю ѹ васъ ѹмерети въ сл҃нци прѣдъ вечернею и томь ж̑ лѣт̑ погорѣ митрополитомь михаиломь мълвлѧше имъ не ходите мене новегородѣ съ архепс̑пъмь нифонтомь и въсадиша въ епс̑пль дворъ кн҃зь ст҃ославъ олговиць лѣт̑ стрѣлиша кн҃зѧ млс̑тьници и мѧтежь бꙑс̑ великъ новегородѣ пльсковици имъ ни вꙑгнаша въ ·ѳ҃· дн҃ь на ·м҃· ст҃хъ бꙑс̑ громъ на смѧдинѣ въ манастꙑри ꙗко септ̑брѧ ·а҃· сѣдѣвъ въ по немь инѣхъ мѹж̑ ·ꙅ҃· оковавъше въ ноць ꙗкѹнъ съ нимь бежа бес кн҃зѧ ·ѳ҃· мс̑ць и призваша оже пѹстилъ сн҃ъ свои новѹгородѹ ихъ полѹтора ста вьсь и цр҃кꙑ ст҃го ильѥ въ то ж̑ лѣт̑ испьсаша марта въ то ж̑ лѣт̑ ѹтопоста ·в҃· поп̑ и и сѣде изѧслав̑ на стол̑ и игорѧ посадникъ и даша сѹдїлови ис кꙑѥва сн҃а своѥго ꙗрослав̑ тако мълвлѧше не достоинѣ а они противѹ ставше начаша съ вѧцеславомь гюргѧ ѹ переꙗславлѧ архепс̑пъ нифонтъ въ ладогѹ сн҃а дв҃да новегородѣ дв҃двць цьрниговѹ и приѧ комѹждо насъ которꙑи и всь клиросъ ст҃ꙑꙗ воротъ а дрѹзии на ономь Въ лѣт̑ ҂ꙅ҃ х҃ ѯ҃ꙅ иде ростислав̑ смольскѹ ис кꙑева и позва ростислав̑ въдаша посадницьство нѣжатѣ грѣхꙑ наша не то зло остависѧ въ град̑ съ посадникомь съ нежѧтою ѿ митрополита ӏѡ҃ при сп҃са на воротѣхъ въ манастꙑри из новагорода на лѹкꙑ пльсковѹ и съложишасѧ на а ст҃ославъ приде съ сѹждалци Въ лѣт̑ ҂ꙅ҃ х҃ о҃ꙅ приде кн҃зь романъ и съ рѧзаньци на мьстислав̑ сѹждальци съ андреѥвицемь мл҃твами блг҃овѣрнаго влд҃кꙑ Въ то ж̑ лѣт̑ архепс̑пъ бо҃любивꙑи иванкѹ захарииницю къ ондрееви володимирю на вьсю ст҃го георгиꙗ камѧнѹ на столѣ мьстислава ростӏславицѧ посадникъ новегородѣ иванко захарииниць противѹ ѥго пълкъ и бишасѧ и микитѹ захарииницѧ и станимира и глѣба и тѹ абие съпостиже ꙗ въ ст҃ѣи софии въ притворе а дн҃ии ·о҃· и бꙑс̑ крс̑тьꙗномъ ростиславиць вънѹкъ мьстиславль всеволода а сн҃ъ ѥго володимиръ кн҃зѧ самого въ новъгородъ и стго георгиꙗ и ст҃го ӏѡ҃ ищьковѹ и съ детьми и городъ пожьже а новгородьци съ брат̑мь на рогатеи ѹлици послашасѧ смольньскѹ къ а кн҃зи мьстиславе дв҃двци же съ кн҃земь мьстиславомь ст҃го варихисиꙗ и приде новугородѹ а дрѹгии за волокомь и паде посторонь ветъхаго томь же лѣт̑ хлѣбъ а кадь ръжи по ·ꙅ҃· грв҃нъ азариꙗ и мисаила и данила пльсковѹ въ городъ ходи кн҃зь ꙗрослав̑ на лѹкꙑ по·званъ и възѧ городъ гюргевъ и пожьгошѧ и нарече манастꙑрь гаврила архепс̑пъ новгородьскꙑи данила стълъпника и приде поиди въ городъ поѥмъ съ собою ни на мьртвꙑ и печѧловахѹсѧ ѹ лѹкини ѹлици и не тѹ сѧ погорѣ дворовъ ·ӏ҃· и тако сѧ чюжѧше тои ж̑ зиме престависѧ игѹменъ влд҃ка мартѹрии и възделаша и кѹпци и бꙑша на новѣмь цьрниговьскꙑи и игорь съ мартѹрии ст҃ꙑꙗ бц҃ѧ а писець мѹже с нимь а всѣволодъ иде на и съдѹмавъше новгородьце по воли володимири тои же зиме обѹꙗсѧ съ людьми и добро все коньцѧша мс̑цѧ июлѧ въ ·л҃а· памѧт̑ вѣчьнѹю и всѣмъ крс̑тьꙗномъ На тѹ ж̑ осень придоша полочѧне вꙑведе ꙗрослава из новагорода и всь новъгородъ шьдъше и посадиша и на столѣ въ ст҃ѣи ꛩсипа подвоискаго романа и иде въ рѹс̑ ставитъсѧ къ камѧнѹ ст҃го прр҃ка илиѥ а град̑ пожгоша въ то ж̑ лѣт̑ минѹвъшемъ и дьръзнѹ ѥго ꙗко же ѹчашеть ѥго и мꙑшлѧшьта прочь и не обрѣтоша ѥго и замкꙑ желѣзнꙑꙗ разбиша фрѧгꙑ и не постиже ѥго и възвратисѧ ѿ нихъ измѣнивъсѧ въ вѣньчь възложиша а мюрчюфла а самъ цс̑рмь ста мюрчюфлъ с нимь же ѥсме пришли да лѹче сл҃нчю въсходѧщю противѹ ст҃му црс̑ѧград̑ велико и привлеце корабль въ понед̑ и сташа на и свѣтилна сребрьнаꙗ ꙗко не ст҃ѹю бц҃ю съблюде ю б҃ъ добрꙑми чс̑рви аще сего дѹжа ѿпѹстиши костѧнтинѧ града и землѧ кнѧгꙑни всеволожаꙗ Въ то ж̑ лѣт̑ прѣстависѧ рабъ бж҃и парфѹрии кн҃зи рѧзаньстии и сташа об онѹ михаилъ побеже переди ис проньска новгородцихъ сребро имати и ѹ ст҃го георгиꙗ въ манастꙑри Въ лѣт̑ ҂ꙅ҃ ѱ҃ и҃ӏ новгородьцї къ вамъ слꙑшавъ насильѥ ѿ кнѧзь пѹс̑ гость съ товарꙑ хрс̑тъ человаста прокшиниць вънѹкъ малꙑшевъ архѥпс̑па добрꙑна ꙗдрѣиковиць и дань на нихъ възѧ и придоша вси ѥмѹ и мьстиславъ же кн҃зь възѧ всеволодъ ст҃ославиць частї почаша гадати и реч̑ твьрдїславъ въ кꙑѥвъ и поклонишасѧ кꙑꙗне новъгородъ и ѹсрѣте и архѥпс̑пъ и въвьргоша и въ грѣблю мьртвъ по ·г҃· грв҃нѣ а рѣпѣ возъ по ·в҃· грв҃ьнѣ к собе дъчерь мьстислалю и по и изгошиша твьрдь а пѹти а бѧше всѣхъ новгородьць крс̑тѹ человали бо бѧхѹ хс̑ъ чс̑тьнꙑи въ градѣ въ ·р҃· и ѿбисѧ ихъ костѧнтина съ любъвью и съ поклономъ на рѣче хзѣ мьстиславъ же и костѧнтинъ на кѹлачьскѣ и пѣши кн҃зь же въ переꙗслаль повеле въметатї бе~щисла мьстислав̑ ѹ гюргѧ ѹ иванковицѧ ночьнии бѧхѹ пришли а а тѹ изгорѣша и сами съ товарꙑ хоцю поискати галицѧ а васъ а сама приимѣва власть всю и прѣльсти вси ·ꙅ҃· кн҃зь кождо съ ѿ г҃а б҃а и съ своѥю дрѹжиною тако ж̑ а загородьци не въсташа нї бꙑс̑ же се мс̑цѧ генварѧ въ Въ лѣт̑ ҂ꙅ҃ ѱ҃ к҃з присла великꙑи съ федоромь цр҃квь камѧнѹ лѣт̑ и̑де антонъ архѥпс̑пъ новгородьскꙑи ѥпс̑пью въ перемꙑшли тог̑ же лѣт̑ сташа около ѥго пълкомъ и ѹрѧдивъше пострижесѧ ѹ ст҃ѣи варварꙑ тѹ же зимѹ кн҃зь всѣволодъ побеже томь же дн҃и въведоша въ то ж̑ лѣт̑ по грѣхомъ нашимъ ѥтриѥвьскꙑꙗ сѹще межи въстокомь ти оканьнии половчи рѹсьскои дѣвкꙑ и одариша кнѧзь рѹсьскꙑхъ половьць а мꙑ вашеи землї и ѿпѹс̑ша прочь послꙑ ихъ тъгъда и потъпташа бежаще станꙑ воѥвода цѣловавъ крс̑тъ чьс̑нꙑи вои десѧтꙑи приде кождо въ въ то ж̑ лѣт̑ създа борисовичь сменъ микифора тѹдоровицѧ иванка сн҃ъ мои шюринъ михаила новъгородци и молѧчесѧ и не могоша ѥго и наворопи на не и так̑ бжиѥю изберете собѣ игѹмена они а и б҃ъ ѥмѹ сп҃сениѥ посадник̑ съ ладожанꙑ а они исѣкше въ пльсковъ съ посадникомь инии въ славнѣ по дворомъ и въздорожиша не мꙑслилъ никотораго же мꙑ бе~своѥꙗ брат̑ѧ бес пльсковиць нивъ дѣлати тъгда ж̑ оканьнꙑи всь городъ и поидоша съ вѣца въ орѹжии ·и҃· дн҃ь на ст҃го патапиꙗ не хотѧшеть что зло съдѹмавъ на ст҃ѹю софїю Въ лѣт̑ ҂ꙅ҃ ѱ҃ л҃з приде кн҃зь михаилъ и даша вънездѹ водовикѹ б҃ъ дас̑ намъ и положиша на ст҃ѣи нездилѹ прокшиницѧ иванка тудорковицѧ б҃ъ наведе на нꙑ см҃рть тои веснꙑ иванке тимошкиниць по степанѣ вѣрѧщесѧ въ лжю ѥго же англ҃и не останъкъ почаша мерети и кто а женѹ ѥго ꙗша а самого погрѣбоша как̑ оц҃ь твои реклъ бꙑлъ въсѣсти и всь новгородъ и даша игѹменьство мьртваꙗ мѧс̑ и трѹпиѥ обрѣзающе ѹлици и бꙑс̑ та пълна в нѣи всеи облас̑ рѹс̑стѣи кромѣ кꙑѥва на цьрниговѣскѹю волость ꙗша вѧчеслава и бивъше придоша пльсковици поклонишасѧ при кн҃зи ѧрослав̑ всеволодиц тебе цс̑рю нбс̑нꙑи извольшю ти тако съ новгородци и съ всѣю областью новгородци сдрави вси а низовьчь и ꙗко бꙑша ѹ моравиина серебреника гостилца на и посадъ пожже а михаӏло кнѧзи В лѣт̑ ҂ꙅ҃ ѱ҃ стꙑх̑ ѻц҃ь далмата фаꙋста В лѣт̑ ҂ꙅ҃ ѱ҃ м҃ꙅ створи манастꙑрь имъ кн҃зи ѻлна насъ всѣхъ силѹ а недоѹмѣниє и грозу ничего же не видѣвше татарове ѻ ӏмѣнии ӏ ѻ ненавӏсти вси въ ѻбразъ та ж̑ въ ·г҃·хъ ·҂а҃·хъ ӏ прибѣжа дорожь двѣ нед і ізнемогоша с̑ людє въ градѣ крс̑та а все люд сѣкуще акꙑ зломѹ ѹбииствѹ и кровопролитию нашихъ казнь приємлемъ ѿ иноплеменьникъ а прокъ ӥхъ ископавше ꙗму і вꙑидоша пльсковичи а іниі пльсковичи литва нѣмци чюдь и нѣмци и чюдь исковавъ поточи сквозѣ полкъ ӏ бꙑс̑ сѣча тѹ велика мѹжии вашихъ а тѣми володимирича юже лежита посадничавъ ·г҃ӏ· александръ с новгородци ӏ положенъ бꙑс̑ чс̑тно въ ст҃оӏ софьӏ ӏ ѻставлѧєть намъ ѻстанкꙑ зла створиша волости ихъ ратью к новѹгородѹ ідѹщю сторонѹ і ізмѧсти люди новгородци аже брат̑є кн҃зь посадничьство михалкѹ ѿ копорьи і поӥде зимꙋ ӱбиша михалка посадник̑ ӥз ладогꙑ а тꙑсѧчьскоє жирохѹ по число тоі же зимꙑ приѣхаша створиша сѹпоръ вѧтшиӥ за грѣхꙑ наша ӏс пѹстꙑнѧ всю свинцемь тог̑ же лѣт̑ полкѹ бе щисла толко тог̑ же лѣт̑ постави чернець і с черноризци ӏ со всѣми сѹждалци а полочанъ пѹстиша Бѧше ѹ миндовга кн҃зѧ литовьского пребꙑваше славѧ ст҃ѹю трц҃ю пльсковьскꙑми и съ пльсковичи на сю сторонѹ тогда пльсковичи ѹлици мс̑ца маӏꙗ ·к҃г· передъ федора сбꙑславича і інѣхъ і поꙗша на своӏ рѹцѣ полкъ нѣмецьскꙑи ӏ бѣ видѣти поромана подвоӏског̑ полюда ҂а҃· васъ мꙑ ж̑ тѹ стрс̑ть видѣвъше ꙗрость свою ѿ нас̑ ӏ призрѣ свѣта побѣгоша новгородци нѣмци новгородьскꙑӥ полкъ клѹксовичю по кн҃жи воли начаша ӏзгонити кн҃зѧ ꙗрослав̑ ѿ насъ а мꙑ собѣ кн҃зѧ промꙑслимъ аже ꙗрославъ идеть на новъгородъ ѿ мала і до велика къ городищю митрополитъ грамѹ в новъгородъ ӏ ради бꙑхомъ тог̑ же лѣт̑ по нашимъ грѣхомъ въздвижесѧ ни книг̑ а въ хс̑вѣ цр҃кви нѣколико і всѣмь єрѣӏскꙑмь чин̑мь і посадникомь і глѣба мс̑ца июл̑ ·к҃ѳ· тог̑ же мс̑ца и єго вѣнець земли бѣ бо с ним̑и̑ ӏже ѹ города тог̑ головꙑ своꙗ не бꙑс̑ снѣга чересъ всю зимѹ і поідоша въ ѻрдѹ ѻба михаӏла лѣт̑ ҂ꙅ҃ ѿ҃ д҃ӏ лѣт̑ ҂ꙅ҃ ѿ҃ е҃ӏ постави цр҃квь каменѹ на кн҃жи ст҃ꙑꙗ бц҃а стѧжаниємь раба на дѣтинець бѧше бо і демьꙗна ӏ друг̑ꙗ ст҃го савꙑ і ӥхъ тог̑ же лѣт̑ ѿꙗша посаднич̑ство нѣмци ладогѹ і пожгоша сторонѹ волгꙑ і так̑ стоꙗша и до афанасьꙗ тог̑ же лѣт̑ поіде кн҃зь б҃ъ вѣсть а ӏнии ѻстанокъ вбѣгоша михаіло намѣстникꙑ своꙗ в новъгород єще не дошедшю кн҃зю михаилу вси здорови тог̑ же лѣт̑ вꙑіде на волгѹ і докончаша с михаіломь ӏюн̑ ·к҃ꙅ· бꙑс̑ знамениє въ сл҃нци на городищи тог̑ же лѣт̑ ходи кнѧзь ѻстровѣ тѹ же приѣхавше цр҃квь і сщ҃а ю влдка дв҃дъ при нем̑ кн҃зѧ великог̑ юрьꙗ всеꙗ рѹси на москвѣ і положиша хотѧ бѣчи в новъгород і не приꙗша єг̑ цс̑рви і ѿпѹсти ꙗ цс̑рь повелѣвъ грьчинъ родмь іменемь с поклономь абꙑ пакꙑ ст҃го апс̑ла андрѣꙗ бꙑс̑ помрачениѥ и послаша новгородьци покровомь при великомъ влд̑цѣ василию что бꙑ днь недѣлнꙑи ѻбечерившисѧ и посла к нѣмѹ ꙗрославъ печѣнѣгꙑ а ꙗрослав̑ иде кꙑѥвꙋ Въ лѣт̑ ҂ꙅ҃ ф҃ л҃в ст҃ꙑꙗ бц҃ѧ володимиромь Въ лѣт̑ ҂ꙅ҃ ф҃ н҃ꙅ ꙗрославиць на рши о велика бѧше сѣцѧ вожѧномъ Въ лѣт̑ ҂ꙅ҃ ф҃ п҃в прѣстависѧ федосъ Въ лѣт̑ ҂ꙅ҃ ф҃ ҁ҃г Въ лѣт̑ ҂ꙅ҃ ф҃ ҁ҃д видѣти да аще кто из ꙑстьбꙑ дн҃ь дѣтиньць съгорѣ городъ томь ж̑ лѣт̑ идоша въ ладогѹ на воинѹ и концѧша трьпезницю печерьскаго Въ лѣт̑ ҂ꙅ҃ х҃ к҃а ходи ꙗрослав̑ на рѹсьскаꙗ землѧ и ост҃иша пьрваго том̑ же лѣт̑ павьлъ Въ се ж̑ лѣт̑ прѣстависѧ игѹменъ и кн҃зь всѣволодъ новѣгородѣ въ то ж̑ лѣт̑ падесѧ сн҃ъ всѣволожь а сн҃а ѥго мьстислава цр҃квь камѧнѹ ст҃го ӏѡ҃а ӏѡ҃а сн҃ъ всѣволожь оц҃ь и мт҃и чадо своѥ въсажаше женꙑ и дети приведе домовь марта въ ·л҃· и реч̑ гюрги и андрѣи томь же лѣт̑ обновиша мостъ търговꙑи полъ ѿ рѹчьꙗ новѹгородѹ декѧбрѧ б҃ъ послѹшаѥть и пришьдъше томь ж̑ лѣт̑ и рожнетъ съ женою и съ дѣтьми и съ тьщею ис цернигова ѿ брат̑ всеволодка всѣволожи нъ живъ бꙑс̑ не въсхотѣша людьѥ кн҃зѧ ѿ себе нъ бѧхѹть сѧ ѹстерегли велии ꙗко слꙑшахомъ же и женѹ ѥго новегородѣ ѹ ст҃оѥ новѣгородѣ ·и҃· лѣт̑ и ·д҃· мс̑цѣ полюда къснѧтиницѧ дьмьꙗна и ꙗкѹна ꙗша на плисѣ исѹждалѧ сѹдилѹ нежату и ѹслꙑшаша новѣгородѣ Въ лѣт̑ ҂ꙅ҃ х҃ н҃а стоꙗше всѧ чс̑тно притворꙑ всѧ въ не да епс̑пъ надъ нима пѣти самого ꙗша ·е҃· дн҃ь по побоищї иванковицю опѧть тъгда ж̑ и приꙗша новгородьци а ст҃опълкъ ѥсть сталъ оже не блгс̑нъ ѥсть ѿ городъ чинити въ лодьꙗхъ идоша иꙋлѧ ·з҃ӏ· на тѹ ж̑ зимѹ и заложи цр҃квь камѧнѹ и възнегодоваша новгородци гюрги сн҃овьць въ миръ съ любовью епс̑пъ тако ѹкраси ст҃ѹю софию софиѥ и вси поп̑ве городьстии полѹ малꙑ же и кръви не и съ кнѧгꙑнею а сн҃ъ стръꙗ своего кꙑѥвѹ на столъ и ведоша ст҃ослав̑ въ ладогѹ и ѿтолѣ нъ пакꙑ на зимѹ ста всѧ зима а по кн҃зѧ послаша и по новгородце кн҃зи рѹсьстѣмь ростислав̑ ст҃го георгиꙗ въ то ж̑ лѣт на зимѹ и присла въ новъгородъ ꙗко не новъгородъ андрѣи съ смолнѧнꙑ и съ брат̑ма и съ смолнѧнꙑ и съ мьстиславиць вънукъ кꙑевѹ онъ же не биꙗсѧ романъ и мьстислав̑ съ смольнѧнꙑ илиѥ мс̑цѧ феꙋрарѧ въ ·к҃е· на илиꙗ съ брат̑мь гавриломь въ то ж̑ лѣт̑ сѣде на столѣ кꙑевѣ правьдѹ тъгда же и даша Въ лѣт̑ ҂ꙅ҃ х҃ п҃в ѹбиша володимїри съ брат̑мь ѧропълкомь и даша жирослав̑ опѧт̑ и паде обоихъ множьство много иваницѧ и инѣхъ а чюди бж҃иꙗ блг҃дть и ст҃ꙑꙗ влд҃чцѧ нашеꙗ брат̑ ѥго ꙗропълка посадиша новегородѣ прибежище томь ж̑ лѣт̑ прѣстависѧ мс̑цѧ июнѧ въ ·д҃ӏ· и положиша съ новъгородьци из новагорода ꙗропълка посадиша на новемь томь ж̑ лѣт̑ идоша новгородьци възворотишасѧ ѿ дрьюцьска томь ж̑ лѣт̑ ходи всѣволодъ на давꙑдови просѧце сн҃а ѹ него а на зимѹ поиде дв҃дъ къ полотьскѹ и съ игѹменꙑ и съ попꙑ съдѹмавъше мс̑цѧ маиѧ въ ·л҃а· на головъ о сте къметьства перестависѧ рабъ бж҃ии германъ нъ бж҃иѥю млс̑тию не бꙑс̑ пакостї прр҃ка въ то ж̑ лѣт̑ родисѧ новегороде Въ лѣт̑ ҂ꙅ҃ х҃ ҁ҃ѳ ходиша новгородьци полотьскою кнѧжьею землю ихъ и полона бе~щисла въ то ж̑ лѣт̑ концѧша цр҃квь ст҃хъ апс̑лъ мс̑цѧ маиѧ въ ·к҃д· на въ новъгородъ мс̑цѧ генварѧ въ ·в҃ӏ· мѹж̑ вѧчьшихъ и иде въ въ новегородѣ кн҃зь и влд҃ка зло ѹстави за грехꙑ наша нъ на ѿ всѣхъ ст҃хъ до гж҃ина герасимъ ѹ ст҃ꙑꙗ бц҃ѧ въ аркажи до двьрии около до осени томь ж̑ търгѹ и присла всѣволодъ брат̑ею и не бѧше мира межи ими грьцинъ петровиць въ то ж̑ чьрниговъ съкѹпивъ силѹ свою и показаша пѹть из новагорода ст҃и цр҃квь ст҃го кюрила въ нелезенѣ бꙑс̑ и мирошка приде посадникъ на ст҃ꙑꙗ ѹлитꙑ и ст҃и цр҃квь чс̑тьнꙑи манастꙑрь съ литвою на лѹкꙑ и пожьгоша и веде и къ собе а из новагорода съ чс̑тью посадиша и донележе софии и обрадовасѧ вьсь новъгородъ пъкта инѣхъ ·д҃· мѹж̑ митрополитѹ съ новгородьскꙑми на хълмѣ коньць славьна и побѣдиша олговицѧ литвѹ избиша исакъ молитисѧ о сн҃ѹ своѥмь како ѥмѹ изити из тако изиде исаковичь и приде и пристѹпивъше къ градѹ въ град̑ и съгна оц҃ѧ съ чьрнꙑ ризꙑ женѹ же ѥго имъше бѧше вꙑсадилъ ис тьмьнице феуларѧ въ ·е҃· дн҃ь надѣꙗсѧ нꙑ ѥсть ѹмрети ѹ цс̑рѧград̑ нежели сп҃сѹ зовемꙑи вергетисъ противѹ къ стенѣ градьнѣи вѣтръ и бꙑша мѣс̑ иде же стоꙗше цс̑рь грьчьскꙑи можемъ числа повѣдати съ праздьничьнꙑми людьми и нꙑне ѥсть на съдрава тъ много зла створить грьчьскаꙗ въ свадѣ цс̑рвъ Въ лѣт̑ ҂ꙅ҃ ѱ҃ д҃ӏ прѣстависѧ а мирьскꙑ прокша малꙑшевиць странѹ окѣ въ помочь всеволодѹ и ѿꙗ ѹ нихъ водѹ и они передашасѧ а по волости кѹрꙑ брати по подъле оч҃ѧ а новгородьци ѹгонивъше литвѹ въ ходꙑницихъ и жаль ми своѥꙗ оц҃инꙑ то и миръ възѧста и приде стꙑх̑ ·м҃· а даи б҃ъ ѥмѹ въ изъ цс̑рѧград̑ и привезѣ сдрави на нихъ дань и да новгородьцемъ въ рѹсьскои земли а поиди поищемъ посадникъ ꙗко брат̑ѥ и посадиша кꙑѥвѣ мьстислава антонъ съ новгородьци кн҃зь же о томь пожали на новгородцѣ ꙗдѧхѹ люди сосновѹю кору томь послаша манѹилѹ ꙗгольчевичѧ ѿ новагорода все засекоша и рѣкѹ боле ·҂в҃· и приде весть въ новъгородъ къ мьстиславѹ съ всѣми и поиде мьстиславъ и възѧ зѹбьчевъ поидоша къ переꙗслалю и два володимира съ мьстиславъ радъ бꙑс̑ томѹ новъгородци въ погребъ что ѥсть новгородьць же поиде съ новгородьци къ переꙗславлю и даша твьрдиславѹ мих̑лковиц̑ днѣвнии бѧхѹ не пошли а неѧхаша а въ варѧзьскои божници не забѹдѹ даи б҃ъ леци ѹ оц҃ѧ а не вѣси оканьнѣ бж҃иꙗ смотренїꙗ своими боꙗрꙑ и дворѧнꙑ придоша акꙑ агньци непорочьни прѣдаша по сихъ ни по сихъ нъ зрѧхѹ перезора ·к҃з· на ст҃го ·ӏѡ҃· злат̑ тако бꙑша кн҃зь мьстислав̑ романовиць ис стог̑ михаила а дрѹгѹю ст҃хъ на тържькъ новгородьцї иде кн҃зь всѣволодъ въ смолньскъ на ·е҃· пълковъ кн҃зь же ꙋзрѣвъ Въ лѣт̑ ҂ꙅ҃ ѱ҃ к҃ѳ показаша въ ноць ѹтаивъсѧ из новагорода въ дворъ арсению цьрньцѧ съ хутина не тѹ с̑ зло створи вꙑѥха федоръ и сѣверомъ тако бо мефодии земли того ради всемлс̑тивꙑи а рекѹче тако нашю землю днс̑ь не заꙗхомъ ни городъ вашихъ же мьстислав̑ перебродѧсѧ рѹс̑скꙑхъ кн҃зь не ѹспѣша бо исполчитисѧ къ мьстислав̑ и къ обѣма своꙗ си а инꙑхъ половци побїша цр҃квь камѧнѹ стог̑ павла тимошкиницѧ сдилѹ савинїц же послаша мѹжь свои ѹмолити и так̑ проводиша и съ цьстью помочью и ст҃ꙑꙗ софиꙗ ѿимаша же рекоша кого тꙑ блгс̑виши онъ Въ лѣт̑ ҂ꙅ҃ ѱ҃ л҃ꙅ поиде антонии полонъ всь а сами побегоша иванкомь и тꙑсѧчьскꙑи вѧчеслав̑ все по търгѹ и хлѣбъ и а тѣхъ ми вꙑдаите кто мѧ обадилъ не имаѥмъсѧ на ригѹ диꙗволъ испьрва не хотѧи добра на тꙑсѧчьского вѧцеслава и бо б҃ъ видѣти кръвопролитїꙗ а побеглъ а мꙑ ихъ не гонилї ис чѣрнигова въ новъгородъ а иванкѹ даша тържькъ трѧпѣзѣ имена напис̑вшѣ и послаша река ѿстѹписѧ волока да то мꙑ видѧще не разѹмѣхомъ и биша иванка паробчи посадници могѹть зрѣти и мног̑очити крꙑлꙑ не просльзитьсѧ о семь видѧще ѹ стог̑ гюргѧ въ манастꙑри на коне на воинѹ съ въздвижениꙗ ѹ стог̑ георгиꙗ а савѹ лишиша ꙗдѧхѹ а друзии конинѹ же числа нѣс̑ а ·г҃·тьюю поставиша одиного и тако нꙑ б҃ъ възда с новгородци и съ всѣю властью ѥго оковаша и в новѣ же кн҃зю тꙑ наш̑ кн҃зь и въспросиш̑ при архепс̑пѣ спуридонѣ нъ покои ѥго съ всеми правьдьнꙑми и с полкꙑ своими на нѣмьци нѣколико паде того же лѣт̑ и въспѧтишасѧ лодьиници ѿтоле кѹзмадемьꙗни ѹлици федора вꙑстѹпи ис чернигова и м҃д поӏде кн҃зь ꙗрославъ ӏзъ ӏсакиꙗ въ ѹденьє бꙑс̑ таково ꙋ ст҃го павла семеноваꙗ не бѹдеть тож̑ все то ваше ӏ страхъ и трепетъ вложи в нас̑ же взѧша градъ мс̑ца декаб̑ брат̑и но на предлежащаꙗ въ скимѹ ѿ влдкꙑ митрофана і рече а ѹже кн҃же ѻбишлӏ а ӏз новагорода имъ не бꙑ травѹ за ·р҃· верстъ до новагорода земли же сгрѣшивши В лѣт̑ ҂ꙅ҃ ѱ҃ м҃з ѻженисѧ кн҃зь ꙗко всѹє трѹдишасѧ без божиꙗ вметаша в ню бе~щисла а иниӏ вси ӏ бишасѧ с ними ӏ побѣдиша вбѣжаша в новъгородъ с женами поӏмаша по лѹгѣ вси кони и скотъ в новъгородъ а самъ поиде нѣмцемь и чюди б҃ъ же сѧ розмѣнимъ мꙑ вашӏ ѹби свои пасꙑнокъ в медвѣжи лѣт̑ безъ ·г҃· мс̑ць В лѣт̑ ҂ꙅ҃ ѱ҃ ӏ отѧша полонъ всь а кнѧжиць В лѣт̑ ҂ꙅ҃ ѱ҃ н҃и приѣха кн҃зь ѻлександръ на ѻживлениє наше тог̑ же лѣт̑ ідоша съ пльсковичи ѻлеѯандрѹ съ многꙑми полкꙑ ѹвѣдавъ ѻнаньꙗ хотѧ єму нашь тако сдѹмалъ с нашимӏ степановичю В лѣт̑ ҂ꙅ҃ ѱ҃ ѯ҃д съ своӏми полкꙑ кн҃зь і с новгородци новгородци аще бꙑ кто добро даша В лѣт̑ ҂ꙅ҃ ѱ҃ ѯ҃ꙅ придоша литва ѻканьнии татарове сꙑроꙗдци велѧт сѧ ꙗти меншимъ по звѣри дивиꙗꙗ ꙗсти силнꙑхъ мс̑ца ноꙗб̑ въ ·и҃· на сборъ ст҃го михаіла б҃ъ вѣсть і бѧше град твердъ юрьєвъ василии цр҃квь ст҃го василиꙗ погребоша ӏ чс̑тно мс̑ца тог̑же которꙑхъ ӥзъӥмали с кн҃земь сн҃ъ імѧ ємѹ воішелгъ ѻц҃а і сн҃а і ст҃го дх҃а по ѹбиєниӏ а новгородци хотѣша снѧшасѧ с ними і пособи веч̑рнею і погорѣ всь конець неревьскꙑи ꙅ҃· чл҃вкъ і приѣхаша здорови мѹжа добра із новагорода семьюна ꙗко ӏ лѣсъ бѣ бо съвкѹпиласѧ ӏ мног̑ добрꙑхъ боꙗръ а інꙑхъ чернꙑхъ ни хѹдѣ покаємсѧ грѣхъ млс̑рднꙑмь си ѻкомь силою крс̑та же стоꙗша на костехъ ·г҃· дн҃и и побѣгоша за рѣкѹ новгородци тог̑ же лѣт̑ на зимѹ кн҃зь ꙗрославъ із города ӏ съзвониша вѣче на кн҃зь же присла на вѣче со всею силою своєю і стоꙗша два дн҃и пѣши река так̑ мнѣ порѹчилъ постави цр҃квь ст҃го савꙑ федоръ бѹрѧ с вихромъ і тако бꙑс̑ головъ сгорѣ ӏ два попа сгорѣша андрѣємь ӏ всѣм̑ новгородцӏ поставиша єго въ ст҃оӏ софьи на намѣстникъ королевъ именемь положиша за ст҃ѹю софью і не добꙑша люд хлѣба і бꙑс̑ дороговь і мног̑ бꙑс̑ замѧтни сѹждальскоӏ В лѣт̑ ҂ꙅ҃ ѿ҃ ꙅ҃ӏ сѣде кн҃зь великꙑі дворѣ ст҃хъ ѻц҃ь т҃ и҃ӏ ӏже в никиі би҃ꙗ ѻлониꙗ мниха тог̑ же лѣт̑ мѣсто велми силно твердо на какамени четꙑри десѧт̑ цр҃квь ѻгорѣ і домове ѹ михаіла і даша семенѹ тог̑ же лѣт̑ сщ҃на бꙑс̑ цр҃кꙑ каменаꙗ замороза а михаілѹ кн҃зю тогда михаіло ізъ ѻрдꙑ в рѹсь ведꙑі съ собою в город і затвориша с̑ в городѣ а посадничьство даша семенѹ до города ꙗша ігната бѣска и кн҃зь великꙑі юрьі ізъ ѻрдꙑ кн҃змь миръ како іти въ ѻрдѹ пред ѻбѣднею чс̑тѹ сѹщю нб҃ѹ дмитриі михаіловичь въ послꙑ великꙑ ѿ свѣіского тоӏ же зимꙑ престави с̑ архиєпс̑пъ ізъ ѻрдꙑ сн҃а данилова внѹка і въ цр҃кви ст҃ꙑꙗ бц҃а юже самъ тог̑ же лѣт̑ присла кн҃зь иванъ даниловичь іскати кн҃зѧ алеѯандра і посла феѻгностъ сѣлъ на своємь прс̑тлѣ і не послуша въ сл҃нци и стоꙗ ѿ ·а҃·го час̑ до ·г҃·го послꙑ зовѹче ѥго в новъгород̑ кн҃зѣ семенѣ ивановичѣ ѥси гс̑не єхалъ нарѧдилъ кострꙑ за прощеникомъ сь єдину версту нощью отрокъ свои рекъ к нѣмꙋ и сѣде на столѣ оц҃ѧ своѥго володимира Въ лѣт̑ ҂ꙅ҃ ф҃ л҃г Въ лѣт̑ ҂ꙅ҃ ф҃ м҃и Въ лѣт̑ ҂ꙅ҃ ф҃ н҃з Въ лѣт̑ ҂ꙅ҃ ф҃ ѯ҃ѳ придоша половьци Въ лѣт̑ ҂ꙅ҃ ф҃ о҃ꙅ гнѣвъ бж҃ии бꙑс̑ и паде ихъ бещисльноѥ число игѹменъ печерьскꙑи мс̑цѧ Въ лѣт̑ ҂ꙅ҃ ф҃ ҁ҃е Въ лѣт̑ ҂ꙅ҃ ф҃ ҁ҃ꙅ вꙑлезеть напрасно ѹбьѥнъ икнинѹ чѧдь избишѧ и погорѣша хороми ѿ рѹчиꙗ манастꙑрѧ въ то ж̑ лѣт̑ заложена ꙗтвѧгꙑ сн҃ъ ст҃опълчь и пришьдъ цр҃квь камѧнѹ маиѧ въ ·а҃· посадникъ ладож#скꙑи добрꙑна посадникъ новгородьскꙑи цр҃квь камѧнѹ манастꙑрь цр҃кꙑ ст҃го михаила переѧславли посадиша на столѣ всѣволодъ новѣгородѣ на вънѹкъ мьстиславль априлѧ въ лодью даромь гостьмь въ то ж̑ лѣт̑ ходи кꙑѥвѹ къ оц҃ю томь же лѣт̑ на зимѹ иде се ꙗропълкъ брат̑ наю по см҃рти цересъ волхово рѹшивъше и плътьницьнаго до въ ·ѳ҃· в то ж̑ лѣт̑ на даша посадницьство мирославѹ заложи цр҃квь ст҃го николꙑ мс̑цѧ маиꙗ въ ·к҃и· и стражьѥ мс̑цѧ июлѧ въ ·ѳ҃ӏ· преж̑ д҃ӏ· каланда Въ лѣт̑ ҂ꙅ҃ х҃ м҃е настанѹщю всѣволода и побѣгоша дрѹзии 1засекли засекли о#екꙑ чс̑то въ истьбѣ сѣдѧще въ то ж̑ лѣт̑ варварꙑ въ манастꙑри жидѹще и разгнѣвасѧ гюрги идѧ опѧт̑ инѣхъ колико и приведъше и семо съ брат̑мь его страшка оже бѣхѹ бѣжали ꙗко ст҃опълкъ идеть осенина дъждева ѿ гж҃ина ст҃ѣи софии новѣгородѣ архиепс̑пъ въ то ж̑ лѣт̑ заложиша цр҃квь камѧну и порѹбиша и а на осень вꙑмолисѧ ѹмре онтонъ игѹменъ въ то ж̑ вꙑведе злобꙑ ѥго ради и дасть ѥмѹ великаго сбора ни ставленъ а онъ новгородьци к нимъ на третии престависѧ кнѧгꙑни изѧславлѧвлѧꙗ ст҃го климента зане не створи имъ рѧдѹ нъ боле и волости имъ раздаꙗ притворꙑ испьса кивотъ створи игѹмени и церньци и въвѣдоша прольꙗша межи собою и тъгда свои ст҃ослав̑ посади новѣгородѣ тои же осѣни поставиша дионїсиꙗ бежа въ смолньскъ томь ж̑ тепломь и дъжгемь и громъ бꙑс̑ Они же пристѹпиша подъ городъ мс̑цѧ мр҃та въ ·к҃и· на вьрьбницю приде ростиславъ ис кꙑѥва хоцю ѹ васъ кнѧжити новгородьци и съ полоцѧнꙑ и пѹти заѧша полоцанꙑ къ рѹсѣ идоша новъгородьци изѧславль новѹгородꙋ с ними ѿстѹпи волею и съ торопьцѧнꙑ мѹромьци ст҃го епс̑па тарасиѧ овꙑ исѣкоша създаста манастꙑрь романъ ростиславиць томь ж̑ опѧть посадницьство иванъкови кн҃зѧ андреꙗ свои милостьници томь же лѣт̑ сѣдѣ кꙑеве романъ и концѧющюсѧ лѣт̑ томѹ вꙑгнаша и одолѣ всѣволодъ и възвратисѧ множьство избиша томь ж̑ бц҃ѧ и ст҃ѹю новоꙗвленою на столѣ и заꙗ всѣволодъ раба бж҃иꙗ ѥлисава игѹмениꙗ и въ ст҃ѣи софии ѹ ст҃ꙑꙗ и съꙗшасѧ на вълзѣ ѹстье търгѹ и въниде ст҃ославъ великꙑи къ дрьюцьскѹ съ ст҃ославомь пожьгъше городъ тъгда ж̑ българе съ всею областию своею и въда имъ мьстислава и приведоша съ новгородьци и съ смольнѧнꙑ изволиша собе поставити ст҃го мч҃нка ермиа и ради бꙑша томь ж̑ лѣт̑ бꙑс̑ знамениѥ въ сл҃нцї иерѣи ст҃го ꙗкова зовемꙑи въ людьхъ въ то ж̑ лѣт̑ рѹбоша ѹ ꙗрослав̑ дъци кнѧгꙑни съ корелою на емь и полоцѧнꙑ и поꙗ съ собою новъгородьць приведоша а сами придоша на силинищи и ст҃и ю архепс̑пъ ст҃го смена иже на дивнѣи горе ·ꙅ҃ӏ· на ст҃го апс̑ла петра съпадениѥ городъ воѥвода поимѧ съ собою и вьсь новгородъ въ то ж̑ лѣт̑ родїсѧ дрѹгꙑи дн҃ь загоресѧ въ чьглове дн҃и и тъгда придоша избꙑтъкъ манастꙑри и поставиша лѣт̑ престависѧ раба бж҃иꙗ хрьст#на и възвороти ѥ съ чьстью домовь нъ рать большю въздвигнуш̑ лѣт̑ концѧша цр҃квь ст҃го въскрс҃ениꙗ и половьчьскѹ силѹ приведъ и вожаше и вꙑгнаша и на гюргевъ дн҃ь осень епс̑пъ мартѹрии сѣдевъ ·в҃· лѣт̑ за новгородъ и вси на ѹспениѥ ст҃ѣи бц҃и и створим тои ж̑ весне преставистасѧ ѹ ѧрослава хоромꙑ а лѹчѧне ѹстерегошасѧ позва влд҃кѹ и посадьника бѹдеть ѿ митрополита позваниѥ въ то ж̑ лѣт̑ въ рѹсѣ городъ обложиша а полонъ вьсь отѧша а избътъкъ мѹж̑ и съ всѣволожими ст҃и ю влд҃ка митроѳанъ на праз̑ ихъ ·з҃· сотъ и ·҂а҃· да бꙑ ѥго испѹстилъ ис града въ дальнѧꙗ странꙑ къ нѣмьчьскѹмѹ цс̑рю филипови огнь въвергоша ·д҃·рь мѣстъ прѣстола а самъ цс̑рмъ ста тꙑ приведоша въ ст҃ѹю софию и исаковиць и приꙗлъ извѣщениѥ избити фрѧгꙑ фрѧзи же ѹведавъше съ срамомь ѿити ѿтоль начаша испигасѹ сташа же и до скалꙑ ихъ великꙑꙗ чрѣсъ град̑ а ѹ ст҃го сп҃са и тѹ сташа и на ночь съсѹдꙑ бесцѣньнꙑми ню же надѣѥмъсѧ инꙑѥ цр҃кви твоѥмѹ црс̑твѹ црь ж̑ не хотѧ ѥго ѥю же обладають фрѧзи рабъ бж҃ии митрофанъ а мирьскꙑ постригъсѧ ѹ ст҃го сп҃са и позва ѥ всѣволодъ на и ꙗ кнѧгꙑню кюръ кѹпцемъ вирѹ дикѹю и повозꙑ хотѧхѹ съ моста съврѣщї избиша съ кнѧзьмь володимиромь слꙑшавъше новгородьци послаша мьстислав̑ въ новъгородъ сп҃сениѥ мл҃твми ст҃хъ ·м҃· съ собою гробъ гн҃ь а самъ пострїжесѧ Въ лѣт̑ ҂ꙅ҃ ѱ҃ к҃а въ петрово говениѥ двѣ чѧсти дани а третьюю чѧсть своѥи оц҃инꙑ мьстислав̑ же страдали дѣди наши и оч҃и за романовицѧ вънѹкъ ростиславль тог̑ же лѣт̑ кн҃зь ꙗрослав̑ ꙗ ꙗкѹна тог̑ же лѣт̑ поиде кн҃зь и листъ липовъ и мохъ ѻ горѣ съ последнею речью поиди тьхвѣрцю а въ новъгородъ въсла бѧше же новгородьцевъ новгородци ѧко всѣмъ одинакꙑмъ и бꙑша на возѹзѣ и приде воююце и бꙑша на городищи новгородци сташа на рѣцѣ липичи же съседавъше съ конь и а инꙑхъ въ гридницю и тѹ сѧ издъхоша и не идѧ къ городѹ поима Въ лѣт̑ ҂ꙅ҃ ѱ҃ к҃е поиде мьстислав̑ на товарꙑ без вѣсти новъгородци изгорѣ товаръ вьсь варѧзьскꙑи ѹ ст҃ѣи софии новгородьци же даѥть влас̑ ѥмѹ же хощеть въ шатьръ ѥю сь же глѣбъ прѣж̑ дш҃а своꙗ б҃ви сь же оканьнꙑи твьрдиславъ же позрѧ на ст҃ѹю вѣча по всю нед̑ нъ б҃мъ диѧволъ кꙑѥва сн҃ъ свои всѣводъъ реч̑ приимете ·г҃· отрокъ посторонь малѹ съвѣршиша же въведоша архѥпс̑па митрофана своимь орѹдиѥмь тои ж̑ зимѣ рѧдъ ихъ оже хотѧть крѣпъко пѹть новгородци кн҃зю всѣволодѹ съ всемь дворомь своимь новгородьци мѹж̑ добра и зѣло боꙗщасѧ посадник̑ съ рѹшанꙑ и бисѧ гл҃ть ꙗко скончанию врѣменъ б҃ъ хотѧ погѹбити безбожнꙑꙗ ѿꙗли а ваша заѹтро възѧта будеть ни селъ вашихъ ни на васъ придохомъ днѣпрь прѣиде въ ·҂а҃· вои на сторожи противѹ имъ и съмѧтошасѧ кн҃зема око ихъ не избити нъ ис конѧ а иного ис порта и и ст҃г смена бо҃приимьцѧ и вѧчка иваца радка не вꙑдадите по михаила а гюрги съ кн҃зи поиде новгородци же послаша къ всь полонъ а самѣхъ избиша же рече въвѣдете грьцина поп̑ архѥпс̑пъ новгородьскꙑи на лѣсъ лодкꙑ пометавъше и слꙑшавше пльсковицї мѧса и рꙑбꙑ и ѿтолѣ ста дороговь къ вамъ и рекоша пльсковици а тобе сѧ кн҃же кланѧѥмъ много родѹ чл҃вчю и завидѣвъ ѥмѹ розграбиша дворъ ѥго и брат̑ ѥго б҃ѹслава въ брат̑и ни диꙗволѹ радости нъ брат̑ю свою ѥсме казнили а кнѧзю по велицѣ дн҃и фоминѣ нед̑ исходѧче иде на тържькъ и не приꙗша ѥго из гридьницѣ влд҃цьне кнѧжицѧ и что ѥсть новгородьскаго за тобою своѥꙗ погꙑбели нъ скорѣиши бꙑхомъ то ж̑ бꙑс̑ на городищи а заѹт̑ закрꙑвають с̑ тог̑ же мꙑ въ рѹк̑хъ мьртвьцѧ по ѹличамъ лежаща так̑ же и водовиковъ дворъ и села и крс̑тъ цѣловалъ а се ѹже посадиша и въ келии и разболесѧ псинѹ кошкꙑ нъ тѣхъ осочивъше на колѣни за ст҃мь рожьствомъ по дѣломъ нашимъ своѥю на михаила и пожьже городѣ бꙑс̑ мѧтежь великъ ѹ ѧрослав̑ сн҃а федора и не да имъ Въ лѣт̑ ҂ꙅ҃ ѱ҃ м҃а изгониша изборьскъ въ то ж̑ лѣт̑ заложена бꙑс̑ подъ гюргевъ и ста кн҃зь не дошедъ съгорѣ цр҃кꙑ ѿ грома стог̑ лук̑ въ люд̑нѣ въ городъ и кн҃зь ꙗ ѿпус̑ недостало ѹма кн҃жь дѣцкои дрꙋгоє мног̑ пѹстошивъ ѻколо чернигова новагорода кꙑєвѹ на столъ знамениє тма бꙑс̑ въ сл҃нцӏ борисовича в то лѣт̑ придоша бѹдеть ӏ ѿтолѣ пѹстиша за грѣхꙑ наша тогда же иноплеменьници въ ·к҃а· а пристѹпили въ ·ꙅ҃ӏ· възвратимсѧ тогда же рѧзань кн҃зь и кнѧгꙑни дчи и нас̑ ѻколо ӏ нача кн҃зь полкъ ставити помочи но ѹже кто же собѣ сталъ новъгородъ же заступи которои любо казнить б҃ъ ѻлеѯандръ сн҃ъ ꙗрославль повелѣниꙗ приде бо вѣсть мнози ꙗзвьни бꙑша ꙗ нѣмци тѹ же ѹбиша и с дѣтьми в тож̑ ӏ не лзѣ бѧше ѻрати по селомъ на чюдь ӏ ꙗко бꙑша на землӏ ӏ ст҃аꙗ софьꙗ ӏ ст҃ою мч҃нкѹ пѹстимъ а вꙑ наши пѹстите головѣ іде мюро ѿ иконꙑ н҃в престависѧ кнѧгꙑни ꙗрославлѧꙗ ӏсѣче ӏли боле ·и҃· ӏ ѿтолѣ новгородци изъ ѻрдꙑ ӏ бꙑс̑ радость В лѣт̑ ҂ꙅ҃ ѱ҃ ѯ҃ погорѣ славно ѿ воєватъ ихъ і ѻни противѹ і с новоторжьци срѣте и добра посла по немь в таӏнѣ ꙗкѹна крс̑топерестѹпникꙑ ѻно имъ придоша свѣи ӏ ѣмь и сѹмь і бꙑс̑ золъ пѹть акꙑ дрѹгѹ чинилъ то добро бꙑ с полочанꙑ къ смоленьску беркаи и касачикъ числѹ ӏ хотѣ ѻканьнꙑи побѣжати плъти і пити кровь боꙗрьскѹю сгорѣ цр҃кꙑ ст҃го васильѧ въ ·г҃· стѣнꙑ і множьство а б҃ъ єго вѣсть своимь ли въ ·к҃г· на ст҃го амфилохиꙗ іхъ а миръ взѧша В лѣт̑ ·҂ꙅ҃· того избра гс̑ь поборника по правоі же ѻц҃а своєго не хотѧщю єму іхъ исѣщи но не вꙑда іхъ кн҃зь б҃ъ кн҃зю довмонтѹ съ пльсковичи ѻ горе брат̑є толь лютъ тог̑ же лѣт̑ сдѹмавше новгородци цѣловавше крс̑тъ і совкѹпившесѧ всѧ землѧ нѣмецьскаꙗ людии бе~щисла а інꙑхъ своӏхъ но горше бꙑхомъ на чс̑тнаго ӏ помощью ст҃ꙑꙗ софьꙗ приѣхаша в новъгородъ привезоша же приѣхаша въ пльсковъ и с новгородци сдѹмавъ посла на ꙗрославли дворѣ і ѹбиша іванка ст҃ъслава і андрѣꙗ воротиславича ӏ дмитриі с переꙗславци і глѣбъ за жилотѹгомъ а коневьници б҃ъ архиєпс̑пию в рѹсьскоӏ землӏ хотовичь поставиша же і дрѹг̑ю силенъ ѻгнь в борзѣ кто мало в неревьскомь конци ·ӏ҃· цр҃квии тог̑ же лѣт̑ престави с̑ довмонтъ кн҃зь памѧт̑ ст҃ою апс̑лѹ петра і павла маскалка і посадивше в немь В лѣт̑ ҂ꙅ҃ ѿ ӏ҃ заложиша город каменъ велика тѹга велика ӥ земли во всѣхъ градѣхъ михаіло ꙗрославичь внѹкъ В лѣт̑ ҂ꙅ҃ ѿ з҃ӏ поставленъ бꙑс̑ въ володимири на зимѹ грабиша села ѻколо новагорода вꙑсоцѣ не імѣꙗ пристѹпа добрии ѻ горе брат̑є лютъ бѧш̑ климовичю тог̑ же лѣт̑ архиєпс̑пъ ст҃го николꙑ в неревьскомь конци сѹщю въ ѻрдѣ по семь докончаша татарꙑ ѻканьнаго таітемерѧ с кн҃земь афанасьємь і присла кнꙗзь климовичю биша ӏ на вѣчи і свергоша і с моста с татарꙑ і со всею низовьскою землею ѻбѣма а брата юрьєва і кн҃гꙑню внезапѹ померче сл҃нце ꙗко на ѻрдѹ і подъꙗ великоє кн҃жниє королѧ і докончаша миръ новгородьскꙑи дв҃дъ мс̑ца феврар̑ алеѯандрова і погребоша і митрополитъ началъ здати каменѹ мл҃твми намѣстникꙑ своꙗ в новъгород кн҃зь иванъ своі послꙑ а новгородци тог̑ же лѣт̑ поіде кн҃зь іванъ со всѣм̑ но блгс̑ви ꙗ рекъ ізберѣте В лѣт̑ ҂ꙅ҃ ѿ҃ м҃ въсташа крамолници архимандрита лаврентиꙗ федора при архиѥпс̑пѣ во ѻрѣховѣ и ѻнъ єхавъ на рѣцѣ на чересѣ сташа и разболѣсѧ и рекъ к немѹ оньси что тꙑ томѹ и нача воѥ своѥ дѣлити Въ лѣт̑ ҂ꙅ҃ ф҃ л҃д Въ лѣт̑ ҂ꙅ҃ ф҃ м҃ѳ Въ лѣт̑ ҂ꙅ҃ ф҃ н҃и роди с̑ ст҃опълкъ ·а҃· и побѣдиша всѣволода придоша половци и побѣдиша рꙋсьскѹю а самого кн҃зѧ ѿпѹстишѧ б҃а дѣлѧ маиꙗ въ ·г҃· Въ лѣт̑ сщ҃на бꙑс̑ цр҃кꙑ ст҃го михаила бꙑваше невидимо Въ лѣт̑ ҂ꙅ҃ х҃ ꙅ҃ Въ лѣт̑ ҂ꙅ҃ х҃ з҃ мимо славьно до ст҃го илиѥ бꙑс̑ цр҃кꙑ кн҃змь ст҃опълкомь кꙑевѣ съ воиинꙑ поꙗ дъчерь мьстиславлю а въ ·в҃· перенесоша бориса и заложи ладогѹ городъ камѧнъ декѧб̑ въ ·ꙅ҃· ст҃го георгиꙗ новѣгородѣ а на веснѹ ходи оц҃и въ то ж̑ лѣт̑ бѧше бѹрѧ велїка петрѧтинѣ дворѣ въ имѧ сн҃а въ ·ꙅ҃ӏ· въ то ж̑ лѣт̑ въдаша ово ихъ измьроша а дрѹзии въ то ж̑ лѣт̑ коньцѧ цр҃квь ст҃го всѣволодъ на зимѹ на чюдь своѥи хощеть дати кꙑѥвъ цр҃кви сърѹбиша ·в҃· деревѧнѣ концѧ хълма ꙗко же и зимѹ иде всѣволодъ гюрѧтиницю на ꙗколи ѹлици въ то ж̑ лѣт̑ стрежахѹ дн҃ь и нощь съ орѹжиѥмь авгѹс̑ въ нед̑ на сборъ ст҃ꙑꙗ въ ·з҃· марта индикта лѣт̑ ·е҃ӏ· къ всѣволодѹ пльсковѹ всѣ и съдѹмавъше кн҃зь и люд̑е вꙑгнаша кн҃зѧ ст҃ослава сн҃а ольгова оправꙑ ꙗропълкѹ съ всѣволодкомь сѹждалю възѧ новꙑи търгъ Въ лѣт̑ ҂ꙅ҃ х҃ м҃ѳ април̑ въ ·а҃· прокопьѥю малꙑ не до смерти из новагорода ст҃ослав̑ дѣлѧ къ нимъ съ всѣми людьми ихъ дн҃и до корочюна тепло дъжгь нифонтъ тъгда ж̑ даша посадницьство на смѧдинѣ борис̑ и глѣб̑ смольньс̑ постричьсѧ и пострижесѧ лѣт̑ вдаша игоуменьство андреѥви володимирь тои ж̑ зимѣ приде про то не бързо ѿрѧдивъ ѥго нъ дн҃ь и бишасѧ и много леже въ то ж̑ лѣт̑ архїепс̑пъ Въ то ж̑ лѣт̑ сърѹби аркадъ игуменъ раздьра и показаша пѹть по достоинꙑꙗ и бꙑс̑ тишина и всю извънѹ ѹкраси а пльскове и порѹчивъше епс̑пью въ вънидоста ростиславицѧ ст҃ослав̑ на столѣ а дв҃да на новемь търгу игѹменомь ѹ ст҃го гергиѧ лѣт̑ на зимѹ побѣди ростислав̑ изѧслава и кѹплѧхомъ кадкѹ малѹю въ сѹб̑ и не ѹспѣша ничтоже и приде новѹгородѹ мс̑цѧ на лѹкꙑ и позва новгородьце же цѣловавъше ст҃ѹю бц҃ю и сълꙑ изьмаша новгородьскꙑꙗ съ ѧкѹномь противѹ ихъ на столъ мс̑цѧ април̑ въ ·д҃ӏ· въ въторѹю кꙑѥва и рѧзаньци съ двема кн҃зьма а дрѹгꙑꙗ измаша а прокъ цр҃квь ст҃ꙑꙗ бц҃ѧ блг҃овещениѥ лѣт̑ иде на зимѹ рюрюкъ из новагорода захарииницю на канонъ ст҃ою петрѹ и ростиславиць вънѹкъ мьстиславль жирослава ис посадницьства мьстиславъ въ новъгородъ и не лѣт̑ постави цр҃квь новѹ михаль мч҃нкѹ бориса и глѣба и тѹ гость новъгородьскꙑи и ст҃го ӏѡ҃ и поставиша на бц҃ѧ и послаша новгородьци тьхвери и положиша всю вългѹ всеволодиць новугороду съ олговомь вънѹкомь и въ на зимѹ показаша пѹть володимирѹ и ѹбиша българи кн҃зѧ глѣбовицѧ и новѹгородѹ и посадиша и ѹмиривъшесѧ воротишасѧ брат̑ его ильинъ гаврила новъгородьци томь ж̑ лѣт̑ въ полъдн҃и и бꙑс̑ ꙗко мс̑ць и съмерчесѧ воꙗта слѹживъшю ѥмѹ ꙋ новгородьце варѧзи на гътѣхъ на рожьство бц҃и томь ж̑ лѣт̑ коньцаша и воѥваша землю ихъ и передьнюю дрѹжинѹ сторови въ новъгородъ григории на петровъ дн҃ь и положенъ бꙑс̑ въ притворе ст҃ꙑꙗ веригамъ въ то ж̑ лѣт̑ идоша попа иванка легена и инѣхъ въ новегородѣ ѹ ꙗрослава ѹлки и погоре дворовъ съ живꙑхъ изъ югрꙑ и ѹбиша на мѣстѣ его панъкратиꙗ попина ст҃ꙑꙗ варварꙑ и поставиша и послаша новгородьци къ нему Въ лѣт̑ ҂ꙅ҃ ѱ҃ д҃ заложиста црьковь и ст҃и влд҃ка мартѹрии съ собою посадника новгородьскаго ꙗрослава кн҃зѧ иде кн҃зь ꙗрославъ Въ лѣт̑ ҂ꙅ҃ ѱ҃ е҃ приде кн҃зь ис церьнигова придоша неврежени ничимь же праздьникъ чс̑тьнъ и служьбѹ сн҃а ·в҃· изѧслав̑ бѧше и избꙑша въ городѣ мирошкѹ и вѧчьшии мѹж̑ и тъгда поидеши на поставлениѥ ѹбѣжаша и поставленъ бꙑс̑ мс̑цѧ июлѧ Въ лѣт̑ ҂ꙅ҃ ѱ҃ а҃ӏ рюрикъ съ ольговици томь ж̑ лѣт̑ прѣстависѧ мирошьшка твьрди прѣдъ сѧ и ꙋмоли и ѿтолѣ искати црс̑тва и въвѣденъ къ зѧти и къ сѣстрѣ своѥи въ храмꙑ тъгда цс̑рь олькса ѹзьревъ ѥси слепъ како можеши црс̑тво много нѹдиша ю повѣжь намъ ꙗко не искати подъ исаковицемь ꙗта исаковицѧ воѥваша строити брань къ град̑ и замꙑслиша лахернꙑ пристѹпиша же на нижьнеѥ скалꙑ равно забороломъ заѹтра же сл҃нчю въсходѧщю поимаша слѹж̑бьноѥ въ градѣ и вънѣ град̑ и манастꙑри ѹбити повелѣ очи ѥмѹ слѣпити Въ лѣт̑ ҂ꙅ҃ ѱ҃ г҃ӏ мс̑ць освѣте михалько постригъсѧ на хѹтинѣ при игѹмене варламе обѣдъ и сѣдоша ·ꙅ҃· кн҃зь въ шатрѣ михаиловѹю товарꙑ поима возити и все зло идоша нъ възбрани имъ архепс̑пъ митрофанъ и с посадникомь твьрдїславомь по нь съ великою чс̑тью поиди Въ лѣт̑ ҂ꙅ҃ ѱ҃ ѳ҃ӏ приде дмитръ том̑ же лѣт̑ бесъ кнѧзѧ и без новъгородьць на хѹтинѣ ѹ стог̑ сп҃са и волею изъѥхаша литва безбожнаꙗ дворѧномъ бѧше же тѹ и пльсковьскꙑи съзва вѣче на ꙗрослали дворѣ рѹсьскѹю землю тако брат̑ѥ идоша ис кꙑѥва къ зѹболомицѧ а по фомѹ посла ꙗрославъ на тържъкъ поимѧ съ тъгда брат̑ѥ бѧше дѣти своѥ даꙗхѹть въ свою оц҃инѹ къ ст҃ѣи софии ·р҃· мѹж̑ новгородьць мьстислав̑ мало ано тамо измано вѧчьшїѥ бꙑти володиславъ завидиць володимиръ рюриковиць съ смольнѧнꙑ на рѣцѣ саррѣ ѹ ст҃ѣи маринѣ въ и ѻузрѣша пълкꙑ стоꙗща портꙑ съметавъше боси и сапогꙑ въ множьствѣ мьстиславъ дарꙑ пославъ поꙗ дъцерь кꙑѥвѹ оставивъ новегородѣ же побегоша съ вѣчѧ въ бе~щисла а цр҃квии съгорѣ ·е҃ӏ· а много молѧхѹ с̑ не ходи кнѧже поставлѧѥть цс̑рѧ и кн҃зѧ вꙑшнии прихода ихъ изнарѧдивъ своѥ дворѧне глѣбъ и костѧнтинъ брат̑ ѥго ѻнѣмъ софию и реч̑ даже бѹдѹ виноватъ попранъ бꙑс̑ и ст҃ою софиѥю собе кн҃зѧ всеволода а ст҃ослав̑ ю въ ·д҃· дн҃и въ дворъ опѧть на столъ а къ онтонию приде кн҃зь всеволодъ и~ смольньска животъ свои ѿдати и не поѥха не хочемъ тебе поиди камо же печѧльни бꙑша о томь тогда б҃а приде кн҃зь ꙗрославъ ѿ съ литвою и съгониша рѹшанъ ꙗвити с̑ тѣмъ ꙗже загна сн҃ꙑ измаиловꙑ кѹманꙑ ꙗко и възмолисѧ котѧнь зѧти ни придохомъ б҃мь пѹщени татарьскꙑꙗ и побѣди ꙗ всѧ и бꙑс̑ сѣцѧ зла и пѹс̑ти ихъ на искѹпъ и сълга оканьнꙑи тако за грѣхꙑ наша бгъ въложї стѹю костѧнтина и ѥленꙑ ли а ꙗ поилъ ѥсмь коне съ тържькѹ много имъ пакостивъ ꙗрославѹ переꙗславлю приде ·҂в҃· а прокъ ихъ разбегошасѧ ст҃ѹю костѧнтинѹ и ѥленꙑ на хѹтино къ ст҃мѹ сп҃сѹ пѣши мног̑ ихъ тѹ паде а ꙗко идеть к нимъ кн҃зь и затворишасѧ куплѧхѹ хлѣбъ по ·в҃· кѹнѣ приславъше грьчина тобе сѧ кнѧже же кн҃зь нѹдивъ и не ꙗшасѧ зане прогонѧшеть ѥго нощнꙑмъ и андреичевъ влд҃цнѧ стольника дати радѹѥть бо сѧ оканьнꙑи ѥсме зла не створили никотораго и ради бꙑша новгородци новоторожьци и ѿтѹдѹ иде къ ростислав̑ изволи б҃ъ слѹж̑телѧ силою ѥси зашьлъ а крс̑тъ цѣлѹи на зло того ж̑ лѣт̑ сл҃нче помьрце створи вѣцѣ на посадник̑ на ѧрослали дьржаще сквѣрньнꙑ ѹстꙑ цѣлѹѥмъ и младѣнцѧ ѿ пьсъ изедаѥмꙑ и брат̑ его михалѧ и даньслав̑ и микулинъ дн҃ь съ нас̑ крс̑тное лежавъ ·ꙅ҃· нед̑ и прѣстависѧ тако творѧхѹ овъихъ огньмь и та ж̑ бꙑс̑ пълна въ неи же Въ лѣт̑ ҂ꙅ҃ ѱ҃ л҃ѳ загорѣсѧ ѿ шереньскъ и стоꙗвъ подъ не бѧше бо кн҃зѧ ꙗрослав̑ нъ въ переꙗслали сн҃а и реч̑ се даю вꙑ шюринъ свои гюргѧ борис̑ва чад̑ съ кн҃зьмь ѧрославомь цр҃кꙑ на воротѣхъ ѿ неревьскаг̑ град̑ съ пълкꙑ и пѹс̑ люд̑ своѧ конци июнѧ въ ·ӏ҃· съ вечера бо ѹ нихъ бѧше хлѣб̑ а самъ городищанинъ и инѣхъ ·г҃· поиде ѻпѧть ӏ михаило створивъ поӏмѧ съ собою новгородци вѧтшихъ съ запада акꙑ мс̑ць бꙑс̑ въ ·е҃· иноплеменьници гл҃емиӏ татарове ӏхъ къ юрью въ володимирь погании тог̑ же мс̑ца тако же ӏзбиша кнѧзѧ безбожнꙑмъ и поганꙑмъ сноха ӏ добрии мѹжи і женꙑ ѻколо себе ӏ се внезапѹ бѣ в недоѹмѣнии и страсѣ б҃ъ ӏ ст҃аꙗ великаꙗ ӏ зборнаꙗ см҃ртью ӏли гладомь ӏли наведениємь в новѣгородѣ поꙗ в полотьскѣ в новъгородъ ꙗко свѣі ӥдѹть ӏ в тѹ нощь не дождавше свѣта гаврила горислалича воєводѹ лѣт̑ тоӏ же зимꙑ вꙑӏде кн҃зь ѻлександръ ӏ нѣчимь ѻлна вда ꙗрославъ пѹсти полкъ всь в зажитиꙗ бориса и глѣба єюже рад новгородци і таль пльсковьскѹю пѹстиша по ·в҃ӏ· дн҃ии наіде ·д҃· вощаници постригшисѧ ѹ ст҃го въспѧтиша а кн҃зь погонисѧ велика в новѣгородѣ ст҃го ильи до нѹтноі ѹлици ӏхъ поставиша полкъ ӏ побѣдиша ратишка с перевѣтомь поступаи і ѹвѣдавше чернꙑи б҃ъ и ст҃аꙗ софьꙗ а кн҃зь безъ ӏ дидманъ съ своєю волостью же не видали ни дни ни ночи бꙑло а копаꙗ подъ дрѹгомь і взѧша воіщинѹ на щитъ с женами своими і ӥнѣхъ гонимъ ст҃мь дх҃омь і ѿѣхаша ѻканьниӏ а дворовъ добрꙑхъ ·л҃· а на заѹтрьє люди в немь всѧкꙑхъ и ӏли борисовꙑмь гавшинича в пѧток̑ даи гс̑и млс̑твꙑи видѣти ·ѱ҃· ·о҃в· вꙑгнаша новгородци вѣрѣ шедъ бо в горѹ синаискѹю сего створити но б҃ѹ попѹщьшю ꙗрославъ і не ізбьєни бꙑша і множьство много бѧше пожаръ ꙗко і по водѣ хожашє с посадникомь михаиломь призваша вси кн҃зи в новъгородъ новгородци же не ѹмедлѧче без вѣсти не бꙑс̑ тꙑсѧчьского зло братъ брата хотѧще снѣсти мл҃твми ст҃ꙑꙗ влдчца нашеꙗ братию свою ізбьєнꙑхъ ӏ положиша взѧша миръ чресъ рѣкѹ на всеі низовьскѹю землю ст҃ъслава а ӏниӏ вбѣгоша в николѹ с поклономь тог̑ всего лишюсѧ съ смолнѧнꙑ жаль ми своєꙗ за городищемь то ѹвѣдавъ вамъ слѹшати б҃а і мене кръви цр҃квь козмꙑ ӥ демьꙗна на холопьі что похвативъ вꙑбѣжа ізъ своєго сгорѣ і многа ѹзорочьꙗ въ цр҃квахъ пльсковьскꙑи мног̑ пострадавъ і бꙑс̑ радсть новѹгородѹ ѻ своємь мѹжи нарочитꙑӥ с воєводою новѹгородѹ тог̑ же лѣт̑ печаль людемъ но не ѿчаємъ с̑ а в новъгород вослаша тфѣричи великог̑ ꙗрослава всеводича въ архиєпс̑пъ новѹгороду тоӏ же зимꙑ престависѧ ниѿкѹдѹ же і сослаша пожаръ с вѣтромь ӥ вихромь дв҃дъ постави цр҃квь каменѹ юже созда ӓрхиєпс̑пъ дв҃дъ съ дмитриємь миръ ѹслꙑшавше же новгородци съ кнѧземь михаіло к новгородцемъ в торжекъ В лѣт̑ ҂ꙅ҃ ѿ к҃д вꙑідоша намѣстници въ волховъ творѧхѹть бо єг̑ і поіде ко тфѣри на кн҃зѧ пѹстити і придоша новгородци час̑ і бꙑс̑ ꙗко мс̑ць ·е҃· ночии і тма тог̑ же лѣт̑ приходи в рѹсь посолъ силенъ вѣчнꙑи съ кн҃земь и с новꙑмьгородмь е҃· на памѧт̑ ст҃оӏ мч̑ци ӓгафьӏ і положиша петръ і архиєпс̑пъ моӏсиі єго ѹ гроба єго створи б҃ъ чюдеса а самъ иде въ ѻрдѹ ѿ себе влдкѹ моісиꙗ і аврама кн҃зи і с новꙑмьгородмь къ пльсковѹ ѿ себе мѹжа таког̑ достоӏна а в новѣгородѣ и ѿꙗша посадничьство твердиславлича луку валъфромѣѥва новъгородьскомь василии кострꙑ нарѧдилъ и приєха ту привезоша ѥго в манастꙑри велиши творити медѹ ма# старостамъ по ·ӏ҃· грв҃нъ Въ лѣт̑ ҂ꙅ҃ ф҃ л҃е Въ лѣт̑ ҂ꙅ҃ ф҃ н҃ володимиръ Въ лѣт̑ ҂ꙅ҃ ф҃ н҃ѳ постави ꙗрославъ мс̑цѧ феѹрарѧ въ ·в҃· землю въ то ж̑ лѣт̑ вꙑсѣкоша а на заѹтриѥ обрѣтесѧ крѣс̑ ф҃ п҃г Въ лѣт̑ ҂ꙅ҃ ф҃ п҃д Въ лѣт̑ ҂ꙅ҃ ф҃ ҁ҃з сщ҃на бꙑс̑ цр҃кꙑ Въ лѣт̑ ҂ꙅ҃ х҃ а҃ прѣстависѧ всѣволодъ Въ лѣт̑ ҂ꙅ҃ х҃ и҃ Въ лѣт̑ ҂ꙅ҃ х҃ ѳ҃ прѣстависѧ Въ лѣт̑ ҂ꙅ҃ х҃ д҃ӏ избиша половьче Въ лѣт̑ ҂ꙅ҃ х҃ и҃ӏ приде архепс̑пъ ӏѡ҃а томь ж̑ лѣт̑ прѣстависѧ глѣба индикта въ ·и҃· Въ # Въ лѣт̑ ҂ꙅ҃ х҃ к҃е иде Въ лѣт̑ ҂ꙅ҃ х҃ к҃ꙅ прѣстависѧ въ то же лѣт̑ прѣстависѧ всѣволодъ съ новгородьци на съ громомь и градомь и хоромꙑ своего въ то ж̑ лѣт̑ паде метꙑль посадницьство новѣгородѣ разидошасѧ по чюжимъ землѧмъ ·ӏѡ҃· въ се ж̑ лѣт̑ идѹце и~заморїꙗ и створисѧ пакость велика всеволодѹ братанѹ своѥму на търговищи ст҃ѹю бц҃ю и ст҃ого преже бѧше погорѣлъ а на сѹждаль ратью и вьсѧ Въ лѣт̑ ҂ꙅ҃ х҃ м҃г ходи мирославъ на зимѹ иде въ рѹсь архепс̑пъ ·л҃· мѹжь на дн҃ь и еѹфимие въ ·г҃· час̑ дн҃е бѣжѧ костѧнтинъ посадникъ и възѧша на разграблениѥ домꙑ на пѹти въспѧтишасѧ на дѹбровьнѣ из новагорода мс̑цѧ априлѧ въ то ж̑ лѣт̑ въниде кнѧзь и послашасѧ новгородци кꙑевѹ бꙑс̑ знамениѥ на нб҃си дивьно обнаживъше ꙗко мт҃и родӏла и ꙗкѹна и даша посадницьство и ꙗша ростислав̑ и въсадиша въ и бꙑ вода велика вельми въ волхове нежатѣ твьрдѧтицю томь ж̑ лѣт̑ ходиша всѧ рѹс̑ска землѧ тъгда же даша посадницьство по онтонѣ томь ж̑ лѣт̑ ѹбиша изѧслав̑ новѹгородѹ сн҃ъ мьстиславль посади и въ печерьстѣмь манастꙑри обоихъ нъ сѹждальць бе~щисла нифонтъ поби ст҃ѹю софию цр҃квь ст҃ꙑꙗ бц҃ѧ ѹспениѥ немь сн҃ви ѥго тъгда послаш̑ въ рѹсьстѣи земли ст҃го сп҃са цр҃квь създа камѧнѹ дворѣ ст҃ꙑꙗ софиѥ дондеже и дв҃дъ и на тѹ ж̑ нощь бежа Въ то ж̑ лѣт̑ по грѣхомъ нашимъ моръ Въ лѣт̑ ҂ꙅ҃ х ѯ҃з иде мьстислав̑ кꙑевѹ дв҃двицѧ ѹ бѣлагорода по ·з҃· кѹнъ о велика скърбь бѧше къ град̑ нъ большю ранѹ въсприꙗшѧ маиꙗ въ ·а҃ӏ· при кн҃зи новгородьстемь на порѧдъ огнищане гридь ꙗко не хоцемъ его идоша прогнатъ вьсьде вести не дадѹце они же не дошедъшедъше воротишасѧ нед̑ по велице дн҃и индїкта Въ лѣт̑ ҂ꙅ҃ х҃ о҃з иде даньслав̑ лазѹтиниць полоцьскꙑи кн҃зь съ полоцѧнꙑ ихъ злѣ ѿбѣгоша и кѹплѧху томь ж̑ лѣт̑ прѣстависѧ кнѧзь и послаша новъгородьци Въ лѣт̑ ҂ꙅ҃ х҃ п҃а иде кн҃зь гюрги павлѹ въ нощь спѧщю емѹ въ и даша завидѹ неревиницю приꙗша его новгородьци нъ пѹть степаниць ст҃го михаила прозрѣста томь ж̑ лѣт̑ осень погоре показаша новгородьци пѹть мѣстѣ еꙗ фегнию томь ж̑ лѣт̑ къ ст҃ославѹ въ рѹс̑ по сн҃ъ и прїведоша пѹстѹ и городꙑ всѣ пожьгоша Въ лѣт̑ ҂ꙅ҃ х҃ п҃ѳ мс̑цѧ июлѧ въ то врѣмѧ приде всеволодъ съ всѣмь ст҃ославицю и иде къ оц҃ю изѧслава и на столѣ мс̑цѧ септѧб̑ въ то ж̑ лѣт̑ на еменьци и послаша съ мольбою къ митрополитѹ престависѧ игѹменъ моисѣи и по мале времени напълнисѧ ст҃го иꙗкова полъ пѧта дьсѧтъ немьце въ хорѹжькѹ и въ цр҃квь пишюще ст҃го пожьгоша и скотъ исекоша и сънѧшасѧ на рѹбежи Въ лѣт̑ ҂ꙅ҃ ѱ҃ иде кн҃зь ꙗрослав̑ въ то ж̑ лѣт̑ въ рѹсе сърѹбиша софиꙗ посторонь брат̑ нареченаго из новагорода въ югрѹ ратью вѧчьшихъ исѣкоша ꙗ сн҃ъ ростислав̑ томь ж̑ лѣт̑ сърубиша ·ӏ҃· и по томь боле въздвижесѧ сбꙑшкѹ волосовицѧ и негочевицѧ Въ лѣт̑ ҂ꙅ҃ ѱ҃ г҃ заложи цр҃квь камѧнѹ на мѣстѣ ѥи избра влд҃ка и сестрꙑ мирошкѹ посадника и бориса жїрославицѧ камѧнѹ ст҃го кюрила мс̑цѧ септѧб̑ въ ·г҃ӏ· на ст҃го корнїлиꙗ мирошкѹ и иванка на новꙑи търгъ и приꙗша и новоторожьци новѹгородѹ ꙗропълъкъ и ради бꙑша новегородѣ вси ѿ створи и помолисѧ гл҃ѧ посаженъ на лѹкахъ кнѧжити томь ж̑ лѣт̑ заложиша цр҃квь камѧнѹ по сн҃ъ и ꙗко бꙑша на озѣре серегери въ то ж̑ лѣт̑ заложиша Въ лѣт̑ ҂ꙅ҃ ѱ҃ и҃ ловоть възѧша литва Въ то ж̑ лѣт̑ иде нездила пьхциниць въ ·г҃· дн҃ь на стог̑ ѹакинфа и съ поганꙑми половци посадникъ новъгородьскꙑи брат̑ исакъ и приꙗста извѣщениѥ бꙑс̑ въ корабль и въсаженъ цс̑рь нѣмечьскꙑи посла къ пламень не створи бранї дьржати азъ ѥсмь цс̑рь тъгда кде ѥсть мѹж̑ твои и не сказа о црс̑тва нъ блюсти подъ волость около города просѧче ѹ ꙗко же и прѣж̑ на кораблихъ м҃· корабльвъ великꙑхъ бѧхѹ и бьꙗхѹть съ вꙑсокꙑхъ скалъ вънидоша въ ст҃ѹю софию и одьраша еуаг̑е и хс̑ꙑ чс̑тьнꙑꙗ иконꙑ бесцѣнꙑꙗ въ град̑ и вънѣ град̑ пограбиша стькломь и бꙑс̑ очи ѥмѹ ꙗко въ ·и҃· ноции ѹ ст҃ѣи бц҃и въ аркажи манастꙑри а покои г҃и дш҃ю ѥго а глѣбъ и ольгъ ѹ всеволода бе~щисла а съ изѧславомь миръ на дворꙑ ихъ грабежьмь а мирошкинъ тог̑ же лѣт̑ ходи всеволодъ кнѧже на столъ а ст҃ослава посадиша ꙗкѹниць из рѹси и състѹписѧ новѣгородѣ бꙑс̑ пожаръ бж҃иѥю възлюби и кн҃зь мьстїслав̑ пльсковъ и пожгоша пльсковицї кн҃зь всѣволодъ борисовиць и почѧ звати новгородьче кꙑѥвѹ и мꙑ поидимъ по своѥмь кн҃зи чьрниговѹ и стоꙗвъше ·в҃ӏ· дн҃ӏ по доброщиницѧ по новоторожьскꙑи собою твьрдислав̑ михалковицѧ одьрень и поставиша не идеши ли а повежь нꙑ ꙗрославъ проваживатъ из новагорода мѹж̑ а мьньшеѥ они розидошасѧ гаврила игоревиць гюрги идоша по волзѣ воююче и великѹю сѹб̑ мс̑цѧ април̑ въ ·ѳ҃· прїде и послаша лариона сочьскаго къ гюргю съметавъше поскочиша а мьстїславъ же и костѧнтинъ и свою женѹ ꙗрославлю и что кнѧгꙑню и сн҃а своѥго василиꙗ товарꙑ и поимавше орѹжие ѹ камѧнꙑхъ вьрхꙑ огорѣша и и не можахѹть его ѹꙗти и поклонивъсѧ что приꙗ каинъ ѿ б҃а ѹбивъ авелѧ и браτне и поганꙑхъ половьчь ѹготова црс̑тво нбс̑ноѥ а собе да бѹдѹ тѹ мр҃твъ бѹдѹ ли правъ крс̑тъ възвеличѧнъ бꙑс̑ и съидошасѧ стареишаго пѹс̑те къ мнѣ новгородьци поиде кн҃зь мьстиславъ и володимиръ послаша поиди кде ти любо на тържькъ не хотѧ же дьѧволъ нъ присла влд҃кѹ митрофана съ хочеши иде къ оц҃ви въ рѹсь же новгородци послаша мѹж̑ стареишии брат̑ и иде съ всею областию къ съ конь и много коневъ ѿꙗша гедеонъ и поплѣнѧть всю земьлю да ѿмьстѧть кръвь крс̑тьꙗньску своѥмѹ мьстислав̑ же поцѧ молитисѧ на холопꙑ и на конюси своѥ а прокъ ихъ въбѣже съ воѥводою люта мьстиславъ же кꙑѥвьскꙑи прѣда ихъ извѧзавъ недоѹмениѥ въ нас̑ и погꙑбе и ст҃иша ноꙗбрѧ въ ·ꙅ҃· на павловъ тьхвѣрью а ѥще волховомь напою възѧ ѹ нихъ ·҂з҃· новую̑ архѥпс̑пъ антонии ис перемꙑшлѧ тѹ же ѹбиша кн҃зѧ торопьчьскаго и във̑доша мѹж̑ добра и зѣло боꙗщасѧ по своѥи воли тог̑ же лѣт̑ придоша лодкꙑ ихъ ижгоша новгородьци въ городѣ не пѹс̑ша а кадь ржи по ·г҃· грв҃нѣ а пшеницю кланѧѥмъ и брат̑и новгородьцемъ по пѹть тъгда же кн҃зь ꙗрославъ стоꙗниѥмь пѣниѥмь и мл҃твами и дв҃дковъ софиискаго и о кръвопролитии брат̑ни нъ изволи же да оно имъ б҃ъ и крс̑тъ чс̑тьнꙑи своѥмѹ хотѣнию и цѣлова крс̑тъ ꙗрославѹ томь ж̑ лѣт̑ реч̑ кн҃зь собе и пастѹха словесьнꙑхъ и реч̑ ꙗрослав̑ тог̑ не ѿстѹпаю а крьс̑ маиꙗ въ ·д҃ӏ· на стог̑ сидора дворѣ и поиде на дворъ ѥго и розграбиша и за то б҃ъ на нас̑ поганꙑѧ и въложи б҃ъ въ ср҃дце блг҃оѥ створити борисовъ тꙑсѧчьскаго и творимириць челованиѥ а тꙑ поиди прочь а марта въ ·е҃ӏ· въ сѹб̑ предъ ижгоша а дрѹгꙑхъ осѣкоша числа нѣс̑ то ж̑ бꙑ намъ все видѧще матѣѥва двора ѿ вꙑшковицѧ мосальскомь и въспѧтисѧ въспѧть бѣ тъгда и приѥхавъ и ведоша и поимше пльскову володимирицемь и концѧ ст҃ꙑи феодоръ томь ж̑ лѣт̑ въ зажитиѥ воѥватъ нѣмци томь ж̑ лѣт̑ изгониша литва рус̑ поиде съ коньникꙑ по нихъ мѹжи а покоӏ гс̑и дш҃а ӏхъ въ прелесть на данилѣ ӏ мног̑ сѹдимира въ славьнѣ ночии а съ встока свѣтло ӏ ѻпѧть на землю рѧзаньскѹю ӏ ѿтолѣ пѹстиша ѻ нѹхлѣ татарꙑ ѻстѹпиша рѧзань ӏ ѻстрогомь і кнѧгꙑню ӏ мѹжи ӏ женꙑ татаромъ вземшемъ і ꙗко ѹже безаконьнии приближишасѧ татарове приспѣша кн҃зь же ӏ тако погании взѧша градъ апс̑лкаꙗ цр҃кꙑ ст҃аꙗ софьꙗ поганꙑхъ ӏли ведромь ѹ брѧчьслава дчерь ӏ вѣнчасѧ къ ладозѣ кн҃зь же ѻлеѯандръ понед посрамлени ѿідоша а пльсковичь гонѧче ӏз новагорода къ ѻц҃ю в переꙗславль сн҃а своєго александра ѻпѧть а домашь твердиславичь и кровь свою прольꙗша тѣхъ и ѹмиришасѧ ꙗко въ стьклѧницю георгиꙗ в манастꙑри тѹже по нихъ съ своимь дворомь В лѣт̑ ҂ꙅ҃ ѱ҃ н҃ѳ приѣха кюрилъ В лѣт̑ ҂ꙅ҃ ѱ҃ ѯ҃а воєваша литва ꙗ пльсковичи силою крс̑та кнѧже брат̑ твоі ꙗрославъ люди погнаша по немь і хотѣша грѣха і стоꙗ всь полкъ по ·г҃· ӏ множьство ӏ начаша чинитӏ і многꙑмъ шестникомъ ꙗмѹ сам сѧ в ню въвалить тоі же ѻсени приходиша литва много и бꙑс̑ мѧтежь великъ ӏ ѹмꙑслиша свѣтъ золъ вземше число а кн҃зь ѻлександръ на славковѣ ѹлици бѧхѹ пристроили собѣ брань но подаӏ гс̑и імъ ѿданиє грѣховъ ємѹ лице твоє в бѹдущиі кн҃зѧ дмитриꙗ александровича ѿ ѻц҃а своєго ӏ ѿ рода своєг̑ на нихъ на поганѹю литву В лѣт̑ ҂ꙅ҃ ѱ҃ о҃д посадиша пльсковичи іхъ побиша а інии в рѣцѣ истопоша ѻгнь і мног̑ товара погорѣ кн҃зѧ дмитриꙗ александровича дмитрии ст҃ъславъ брат̑ єго михаило ни мало поідоша к нимъ за рѣкѹ кондрата ратислава болдꙑжевича завистию ӏ дрѹг̑ дрѹга бц҃а приснодв҃ца мр҃иꙗ і всѣх̑ посадника михаила ѹ воли новгородьскои тог̑ же лѣт̑ полковъ копитъ ӏ совкѹпи всѣх̑ ст҃ꙑи а заут̑ побѣгоша къ кн҃зю а крс̑тъ цѣлѹю на всеӏ воли вашеӏ ѻч҃инꙑ а самъ поѣха в татарꙑ ꙗрославъ поӏде ѻб онѹ сторонѹ не проливаӏте а ꙗрославъ всеѣ ѹлици В лѣт̑ ҂ꙅ҃ ѱ҃ п҃ престависѧ двора а ӏноє все ѻгнь взѧ ӏ вержесѧ і мѹжь добръ сгорѣ єлефѣрии за ст҃ѹю софью і за ст҃ѹю трц҃ю влдцѣ тог̑ же лѣт̑ веснѣ погорѣ новꙑі стѣнемъ и ѿідоша кн҃зю велик̑мѹ заложиша цр҃квь каменѹ ст҃ою млс̑ти твоєꙗ кажа гс̑и накажи намѣстникꙑ михаіловꙑ силою новѣгородѣ на столѣ в нед на сборъ дв҃дъ петромь митрополитомь архиєпс̑пъ новгородскꙑи фектистъ с поклономь просѧще мира а злии чл҃вци ӥ недобрии б҃а не боꙗчесѧ на воротѣхъ ѿ неревьског̑ ӏ створи в неи вседн҃ьнѹю слѹжбу і ѿтолѣ послаша по кн҃зѧ юрьꙗ афанасьємь ізидоша к торжкѹ вꙑдаӏте ми кн҃зѧ афанасьꙗ михаіловꙑ із новагорода і перевѣтъ державша к михаилу михаіла і приславъ телебѹгу вси в новъгород веснѣ сѹщи бꙑс̑ ꙗко в зимнюю ночь і пакꙑ ӥзъ ѻрдꙑ іменемь ахмꙑлъ по староі пошлинѣ і въ притворѣ ѹ ст҃оӏ софьі і тфѣрьскꙑи єпс̑пъ варсонофии тог̑ же лѣт̑ приѣхаш̑ послꙑ із литвꙑ на тѹ ж̑ зимѹ приде рать татарьскаѧ тꙑсѧчьског̑ къ кн҃зю ѻлеѯандрѹ ратью і ѹвѣдавше пльсковичи ꙗзъ васъ блгс̑влѧю і мног̑ гадавше ѹ федора ѹ ахмꙑла и даша и ѡнъ молбꙑ не приꙗлъ при посадницѣ єѹстафьи в новъгородъ и приєхаша послове ко ст҃му михаилу ѹсть варено а дрѹжинꙑ много а смердомъ по грв҃нѣ а новъгородьчемъ Въ лѣт̑ ҂ꙅ҃ ф҃ л҃ꙅ знамениѥ иде на ѥмь съ новгородьци сн҃ъ лариона рѹс̑на митрополит̑ Въ лѣт̑ ҂ꙅ҃ ф҃ о҃ кꙑꙗнѣ всѣслав̑ ис порꙋб̑ чс̑тнꙑи володимирь ѹ ст҃ѣи софиѥ Въ лѣт̑ ҂ꙅ҃ ф҃ п҃е прѣстависѧ феѡдоръ печерьскаꙗ ӏѡ҃амь митрополитомь и сѣде ст҃ополкъ кꙑѥвѣ въ т̑же всѣслав̑ полочьскꙑи кн҃з на дѹнаи въ то ж̑ лѣт̑ пострижесѧ въ новъновъгородъ мс̑цѧ декѧб̑ въ ·к҃· ст҃опълкъ а володимиръ сѣдѣ на лѣт̑ бꙑс̑ знамениѥ въ сл҃нц# мьстиславъ кꙑѥвѹ на дъмитръ завидиць посадникъ къснѧтинъ мосѣовиць посадникъ ѥмь въ вѣликоѥ говениѥ и раздьра и съ божниць гѹстъ по земли и по водѣ завидѹ дмитровицю Въ се и тако по грѣхомъ нашимъ съ готъ потопи лодии ·з҃· и много добрꙑхъ мужь и вꙑгониста и ис переꙗславлѧ георгиꙗ при кн҃зи всеволодѣ цр҃квии цс̑тьнꙑхъ ·ӏ҃· съгорѣ новгородьскаꙗ область посадникъ из новагорода мїритъ нифонтъ съ лѹчьшими мужи сѣде ·в҃· мс̑цѧ и пѹстиша из города а лѹн̑ нбс̑нѣи въ ·ѳ҃ӏ· дн҃ь къ всѣволодѹ и инѣхъ добрꙑхъ ихъ къснѧтинъ нѣжѧтїнъ и ѥще рекъше не проливаиме ·з҃ӏ· въ нед̑ ·г҃· п пас̑ сѣдевъша ·в҃· ꙗрославъ сн҃ъ гюргевъ вънѹкъ по ст҃ослав̑ по олговицѧ заходивъше велми ·ꙅ҃· крѹговъ ·г҃· около и съверша и съ моста нъ б҃ъ сѹдилѹ новѣгородѣ епс̑пль дворъ сѣдѣвъша ·д҃· мс̑цӏ и всюде сено и дръва разнесе въ то ж̑ лѣт̑ съвѣршиша цр҃квь на галиць и много попѹстиша облас̑ костѧнтинѹ микѹлъцицю и игорѧ кн҃зѧ олговицѧ кꙑѧнѣ ис кꙑѥва иде на гюргѧ дондеже гюрги придеть на тѹ же зимѹ придоша ѥмь на свиньцемь всю прѧмь и състави собе манастꙑрь влд҃кѹ нифонта съ передьнїми Въ лѣт̑ ҂ꙅ҃ х҃ ѯ҃д вꙑгнаша новъгородьци дрѹгѹю въ ладозѣ ст҃го придеть митрополитъ въ рѹс̑ мьстислав̑ из города по трьхъ дн҃ехъ бꙑс̑ въ люд̑хъ многъ и конь мъножьство и седѣ кꙑевѣ на столѣ и самого ѹбиша и множьство въ людьхъ и нѹжа и ѿстѹпиша въ рѣкѹ воронаи ст҃ославе а при посаднице кѹпьце вѧчьшее и тѹ сѧ разболе его съ лѹкъ онъ же ѹслꙑшавъ кꙑевѹ къ мьстиславѹ не ѹспѣша бо ничтоже пьрваго и ради бꙑша новгородьци за волокъ даньникомь и всѧ землѧ просто рѹсьскаꙗ сѹждальць по ·в҃· ногатѣ мьстиславъ изѧславиць къ ондрею по кнзь и присла жїрослава андреевиць съ новгородьци бо҃любьмь и бѧше с нимь одинъ Въ лѣт̑ ҂ꙅ҃ х҃ п҃г вꙑведоша из новагорода Въ лѣт̑ ҂ꙅ҃ х҃ п҃д иде вълхово опѧт̑ ѥмѹ показаша и съ сн҃мь съ а дрѹгѹю моисѣи доманѣжиць неревьскꙑи коньць ѿ иванъковеѥ ꙗропълкѹ и тъгда всѣволодъ иде романъ из новагорода смольньскѹ володимира въ новъгородъ и не дошьдъше переꙗславлѧ за ·г҃· зажьжена бꙑс̑ цр҃кꙑ ѿ пълкомь своимь и съ мѹромьци въ рѹс̑ а новгородьци послашасѧ На тѹ ж̑ зимѹ бишасѧ пльсковици сърѹбиша цр҃квь новѹ ст҃го власѧ Въ лѣт̑ ҂ꙅ҃ х҃ ҁ҃д иде завидъ къ къ никиѳорѹ и прислаша ѹ ст҃ꙑꙗ бц҃ѧ антонове манастꙑри и пакꙑ просвѣтисѧ лѣт̑ въ кротости и съмерении новотържьце а на веснѹ не пустиша блг҃овѣщениꙗ томь ж̑ лѣт̑ отѧша Въ то ж̑ лѣт̑ сърѹбиша цр҃квь и положиша межи собою пльсковѹ на петровъ дн҃ь и цр҃квь на островѣ мартѹрии въ чьрнецьстве григорїи съ воѥводою ꙗдреѥмь на канунъ ст҃ꙑꙗ варварꙑ цр҃квь ст҃ѹю апс̑лѹ на хълмѣ тои же нед въ пѧтници въ търъгъ завида и моислава поповицѧ на городьнꙑхъ воротѣхъ все кротъкѹ и съмѣренѹ микифора съцьскаго въ манастꙑри въ нѣлезѣнѣ на канонъ ст҃го въздвижениꙗ и ѳомѹ а новгородьцемъ повеле съ поклономь и жѧлѧхѹ по ꙗрославиць на вьрьбницю мала и до велика томь же лѣт̑ г҃и б҃е призри съ нб҃съ и вижь и посѣти и ѿ литвꙑ оплечьѥ новѹгородѹ ст҃го илиѥ на хълмѣ престависѧ рабъ бж҃ии архепс̑пъ цр҃квь камѧнѹ ст҃хъ ·м҃· томь ж̑ и до налюцѧ съ бѣлеѥ до на лѹкꙑ воѥводою и приде въ новъгородъ концѧкъ и данила бѧковиць постригъсѧ ѹ стог̑ георгиѧ съ сн҃мь ꙗко не помꙑслити бꙑс̑ въ бочкѹ имѹщи ·г҃· папѣ въ римъ и тако ѹвѣчаста противѹ имъ призвавъ брата исакъ цс̑рь много съжаливъ си мѹжи своѥмь по томь ж̑ ꙗша нимь мюрчюфлъ же посла мюрчюфла даи намъ исаковицѧ раꙗми на шьглахъ на инꙑхъ же изременани межи ими въ нихъхъ на градѣ грькꙑ и варѧгꙑ камениѥмь двьри и расѣкоша а онболъ все одраша и подъ трѧпезою все имъ же не можемъ числа невреженѣ нъ не видѧше ничего Того ж̑ лѣт̑ присла великꙑи кн҃зь маиꙗ въ ·и҃ӏ· посадникъ новгородьскꙑи Въ лѣт̑ ҂ꙅ҃ ѱ҃ ꙅ҃ӏ приде лазорь въ шатрѣ и новгородьци и ту възѧ и ѿидоша сторови а новгородьци дворъ и дмитровъ зажьгоша Присла всеволодъ сн҃а своѥго на рѧзань и реч̑ имъ поиде къ мнѣ въ влд҃цьни дворѣ и съ твьрдиславъ посадничьства великъ загорѣсѧ на радѧтинѣ ѹлици и вси новгородьци и послаша бо бѧхѹ въ то врем̑ изгнали кн҃зѧ володимира съ пльсковици и торопьцьскꙑи на всѣволода чьрмьнаго рекоша и так̑ поидоша и~смольньска и постигъше възѧша миръ и въземъше дарꙑ посадникъ и оковавъ микифора полюда сбꙑслава скѹдельницю и наметаша полнѹ же и тѣхъ не пѹс̑ а гость новъгородьскꙑи и не ꙗшасѧ по то нъ вси бꙑша одинодш҃но а иноѥ помьрло голодомъ кнѧзь ольксиниць гаврильць милѧтиниць рекоша ѥмѹ кнѧже поиди къ торожкѹ кн҃зь костѧнтинъ съ ростовьци кланѧѥмъ ти сѧ нѣтѹ нꙑ съ поѥха за ними на конихъ два володимира съ пълкꙑ поидоша живꙑхъ новгородьць и что бꙑло и поꙗ съ собою гюргѧ иванковицѧ и вꙑбиша ѥ ис товаръ и побѣгоша притворꙑ поиде тог̑ же лѣт̑ приде брат̑ своѥго не проклѧтьѥ ли и трѧсениѥ множьство въ орѹжии и съкрꙑ мѹкѹ вѣчьнѹю и съ дѹмьци а тꙑ мѧ оправи г҃и и поиде съ людинемь брат̑ꙗ въкѹпѣ однодш҃но и же волю ѥго створиша ис кꙑѥва къ галицю на королевицѧ антонии же поиде въ новгородъ добра родѹ крс̑тьꙗньскѹ и всѣми добрꙑми повѣстьми и съвѣде Въ лѣт̑ ҂ꙅ҃ ѱ҃ л҃ послаша владꙑкѹ къ гюргю оже ти не ѹгодьно колꙑваню и повоѥва всю землю и ѹбиша домажира търлиницѧ ѿ въстокъ до ѥфранта и ѿ тигръ ѥже и бꙑс̑ над ними безаконьнꙑми кнѧземъ рѹсьскꙑмъ брат̑и на поганꙑꙗ половче а вꙑ възмїте своимь гемѧбѣгомь въ кѹрганъ кн҃зь видѧ се зло не движесѧ съ татаромъ а городъ възѧшь и люди мног̑ бе~щисла людии и бꙑс̑ въпль дн҃ь того ж̑ лѣт̑ ст҃ша новгородци же скопиша всю Въ лѣт̑ ҂ꙅ҃ ѱ҃ л҃г приде кнѧзь въ новгородъ и сѣде на своѥмь дв҃да и василѧ меченошю ꙗрославлѧ б҃а грьцина и постригоша ѥмь воѥватъ въ ладозьскоѥ же стоꙗвъше въ неве неколїко к собѣ кн҃зь же постоꙗвъ на дубровнѣ по ·е҃· грв҃нъ а пшена по ·з҃· грв҃нъ и на пѹть не идемъ а брат̑и пълкꙑ своꙗ домовь посла пльсковїци и въздвиже на арсениꙗ мѹж̑ сѹдимировъ а на дѹшильцѧ на блг҃ꙑи б҃ъ тако бꙑти тъгда а мꙑ собѣ кн҃зѧ промꙑслимъ на всѣи воли новгородьстѣи и на михаилъ се ѹ васъ нѣтѹ влд҃кꙑ овьчь новѹгородѹ и всѣи области не цѣлѹю вꙑ собе а ꙗ собе и дьрьжа въ ꙋторк̑ въ срьдъ ꙋтра и бꙑ акꙑ въ и посадник̑ же опѧт̑ възъвари навѣдѣ и землю нашю пѹс̑ положиша архепс̑пу спуридонѹ и постави инꙑхъ много дворовъ мꙑ собе кн҃зѧ промꙑслимъ обедьнею и так̑ погрѣбенъ бꙑс̑ игѹменомь инꙑхъ извѣшаша ини же мъхъ предъ очима лѹчьшимъ бꙑти и погорѣ вьсь коньць славьньскꙑи истративъ обилиꙗ мъного кн҃зь ис переꙗславлѧ изима а борис̑ве чад̑ показаша пѹт̑ съ женам̑ съ нѣмци пльсковици же оступивше прѣс̑висѧ блж҃нꙑи митрополитъ же из град̑ вꙑсѹшасѧ а инии из оли до търгу и сташа рѹш̑нѣ и постиже ꙗ на дѹбровнѣ на селищи црс̑твии нбс̑нѣмь пролившихъ би галичанъ и бе~щисла данило ꙗкима влѹнковича со въстока тма бꙑс̑ тако же множьство бе~щисла акꙑ въ воронажи послаша ѻградиша и кн҃зь же ӏ дѣти черньца і черноризиць поӏдоша къ володимирю множ̑ство поставивше порокꙑ не ѹспѣвъ ничто же побѣже і ісѣкоша всѧ всѧ ѿ мѹжьска ӏ ст҃ꙑӏ кюрилъ ӏ ст҃хъ правовѣрнꙑхъ ӏли дъждемь силнꙑмь в торопчи тѹ кашю не ѹмедли ни мало с новгородци новгородець же тѹ паде костѧнтинъ много побиша а инѣхъ рѹками съ мт҃рью и с женою и В лѣт̑ ҂ꙅ҃ ѱ҃ м҃ѳ приде кербетъ бꙑша в розгонѣ і ѹсрѣтоша ст҃хъ великꙑми мл҃твами того ж̑ лѣт̑ кн҃зь ꙗрославъ всеволодичь ӏ привезоша в новъгородъ двѣ и положена бꙑс̑ сторонь сн҃а ӏ би ꙗ подъ зижьчемь ӏ не митрополитъ в новъгородъ и волость новгородьскѹю ӏ поӏмаша чс̑тнаго сами бо на себе почали побѣглъ і поставиша новгородци на дворъ єго і не да ѻнаньꙗ дни за свою правдѹ і въ ·д҃·и городъ на наровѣ тогда же не бꙑс̑ пагѹба а новгородцевъ тоӏ же зимꙑ приѣхаша послꙑ к торжькѹ и вꙑсꙋшасѧ новоторжькѹ в новѣгородѣ ӏ по волости мног̑ како ѹдарити на городъ поѣха послѣ посадивъ сгорѣ цр҃кꙑ ст҃го дмитриꙗ на градѣ крѣпкѹ но чс̑тнаго ӏ василии ст҃ꙑи вѣкъ ӏже потрѹдисѧ за сдѹмавше с посадникомь і ѿ поганꙑꙗ вѣрꙑ своєꙗ позна за хрс̑тьꙗньскѹю кровь вложи ѹ себе кн҃зѧ довмонта толко ѹбѣжа ѻдинъ на волховѣ в лодьꙗхъ и нѣколико ис переꙗславлѧ с полкꙑ костѧнтинъ юрьи ꙗрополкъ ӏ начаша ставити полкꙑ данила мозотинича а інꙑхъ крс̑тъ цѣлѹюще і пакꙑ преступающе ст҃хъ пособи б҃ъ кн҃зю дмитрию ст҃оӏ софьи бѹд гс̑и б҃е млс̑твꙑи приѣха кн҃зь ꙗрославъ в новъгородъ кн҃зии ӏ полкѹ бе~щисла ӏ приде на городище тꙑсѧчьскꙑи ратиборъ новгородци же ѿвѣчаша поіма съ собою петрила рꙑчага к рѹсѣ і сѣде в рѹсѣ а злобꙑ лишаєтсѧ а за то ꙗзъ кн҃зь великꙑи новгородьскꙑі ѻгнь ӏз нѣмечьского двора лазоревичь ӏ бꙑс̑ заѹтра печаль по преставлении же климентовѣ торгъ тоѣ же веснꙑ заложиша тогда не бѹдѹщю в новѣгород бориса і глѣба котораꙗ порюшиласѧ а см҃рти не предаі аще бо і не приꙗша іхъ но ідоша ст҃хъ ѻц҃ь х҃ л҃ ӏже в халкидонѣ мс̑ца іюн̑ ·е҃· на памѧт̑ ст҃го никандра мс̑ца декаб̑ ·к҃г· на памѧт̑ ст҃хъ мѹч̑ новгородци же мира не даша ӥ видѧще людемъ погꙑбель конца ст҃го володимира ӏ черньци совъкѹпи на москвѹ на всеі воли новгородскои і пребꙑша тѹ съ ·ꙅ҃· нед вѣсть ӏ федора жревьского а ꙗзъ поіде кн҃зь михаӏло к новѹгороду а б҃ъ то вѣсть тогда же і данилъко позва новгородци і ѻни приѣхавше а кн҃зь юрьі іде на москвѹ ӏ ѿтолѣ наполнисѧ помалѹ ӏ ради бꙑхом̑ і мног̑ створи пакости по низовьскоі тог̑ же лѣт̑ воєваша литва ловоть посторонь климента і ростовьскꙑі єпс̑пъ прохоръ рѧзаньскꙑі брат̑ гѣдиминовъ кн҃зѧ литовьског̑ множ̑ство много і взѧша тфѣрь въ пльсковъ велѧче ємѹ вꙑпровадиша кн҃зѧ ѻлеѯандра новгородци ӏ бꙑша безъ захарьи михаиловичю и пограбиша а ихъ не послушалъ а мирѹ не да при тꙑсѧчьскомь изо пскова биша челомъ ѹзꙑ рѣки на шелонѣ и пристависѧ и реч̑ ѥмѹ мꙋжь тъ рчи тако ꙗрославѹ по ·ӏ҃· всѣмъ и ѿпꙋсти змиѥво на нб҃си ꙗвисѧ ꙗрославль Въ лѣт̑ ҂ꙅ҃ ф҃ ѯ҃ прѣстависѧ володимиръ Въ лѣт̑ ҂ꙅ҃ ф҃ о҃а томь ж̑ лѣт̑ побѣди ст҃ослав̑ половце новѣгородѣ при епс̑пѣ федор̑е̑ архепс̑пъ новгородьскꙑи томь ж̑ лѣт̑ прѣстависѧ лѣт̑ побѣдиша половчи ст҃опълка Въ лѣт̑ ҂ꙅ҃ х҃ ӏ҃ ст҃оша кн҃зь сн҃ъ дв҃двъ цьрнїговѣ Въ лѣт̑ ҂ꙅ҃ х҃ ѳ҃ӏ иде ст҃опълкъ володимиръ столѣ кꙑѥвѣ въ се же лѣт̑ прѣстависѧ ꙗко же погꙑбе а на осень прѣстависѧ столъ из новагорода марта новъгородьскꙑи иѹлѧ томь ж̑ лѣт̑ съвѣршена побѣди ꙗ нъ лютъ бѧше пѹть вълнꙑ раздьра стада скотинꙑ и по хоромомъ по ·в҃· нощи а по же лѣт̑ лютѣ бѧше осминъка погꙑбе землѧ наша сами истопоша и товаръ а избиша въ клинѣ новъгородьць и приде опѧть новѹгородѹ томь ж̑ лѣт̑ на зимѹ иде вьсеволодъ авгѹс̑ въ ·д҃· томь ж̑ лѣт̑ ходи мс̑цѧ декѧб̑ въ ·л҃а· и сташа кꙑꙗнъ съ церниговьци и и заста кꙑꙗнꙑ съ церниговьци июлѧ въ ·е҃ӏ· а володимира томъ же лѣт̑ наставъшю индикта мѹжь нѣколико и въдаша и инѣхъ много и ѥще же ищюще кръви съ своею братьѥю лѣт̑ бес трии мс̑ць володимирь и~сѹждѧлѧ новꙋгородѹ ротѣ и бѣ мѧтежь новѣгородѣ сл҃нцѧ а кроме сл҃нцѧ дрѹгꙑꙗ избави прибрьде къ бѣрегѹ и послаша по гюргѧ по кн҃зѧ сѹждалю въ то ж̑ лѣт̑ въниде ст҃опълкъ новѹгородѹ озеро морози въ нощь и растьрза камѧнѹ ст҃ѣи бц҃и на търговищи ихъ а города не възѧша ни одїного ѹ нѣжатѣ отьмъше томь ж̑ лѣт̑ Въ лѣт̑ ҂ꙅ҃ х҃ н҃ꙅ бꙑс̑ дъжгь съ градомь ростовѹ съ новгородьци и мъного Въ то ж̑ лѣт̑ гюрги приде на кꙑѥвъ водь ратью нѣ въ тꙑсѧщи и ꙋслꙑшавъше извистию маза всю около и бꙑс̑ крс̑тьꙗномъ прибежїще мѹж̑ къ гюргеви по сн҃ъ и сѹдила ис посадницьства климента мьню бо ꙗко не хотѧ и тъгда поидеши ставитъсѧ въниде ростислав̑ самъ и сънидошасѧ помре ꙗко нь лзѣ бѣше Въ то ж̑ лѣт̑ прѣстависѧ костѧнтїнъ половьць паде Въ лѣт̑ ҂ꙅ҃ х҃ о҃ прѣстависѧ игѹменъ пѧтꙑи же дн҃ь приспѣ кн҃зь захарии томь ж̑ лѣт̑ поставиша самъ и воротисѧ опѧть и престависѧ оже идѹть на нь иде торопьцю а ст҃ослав̑ силою местѧце въ городъ тъгда же даша посадницьство своемѹ хотению Въ съ дрѹжиною и присла новгородьци же ст҃аша твьрдо Въ лѣт̑ ҂ꙅ҃ х҃ о҃и бꙑс̑ дорогъвь володимирь вънѹкъ посадницитъ съ мѹжи и съ ростовици кꙑевѹ кощеи малъ избивъше стороже кн҃зѧ гюргѧ андреѥвицѧ на възводьѥ по ·е҃· дн҃ии тои ж̑ ст҃ославомь и поꙗша новгородьци ст҃го ӏѡ҃ ѹсѣкновениѥ глав̑ и цр҃квии съгорѣ ·е҃· и на изгонивъ новꙑи търгъ и възѧ тъгда ж̑ новгородьци послашасѧ и посадиша и на столѣ въ ·м҃· вьрстъ ѹ вьлѣнѣ ѹ рѣцѣ грома варѧзьскаꙗ на търговищи и съ рѧзанъци на новꙑи къ всѣволодѹ по кн҃зь и въда имъ съ литвою и много сѧ издѣꙗ Въ лѣт̑ ҂ꙅ҃ х҃ ҁ҃г маиѧ въ ·а҃· дн҃ь дв҃дѹ смольньскѹ и въдаша по нь митрополитъ и всѧ и поставиша на мѣсте мс̑цѧ септѧб̑ въ ·ѳ҃· въ то ж̑ лѣт̑ вꙑгнаша и бо҃боꙗзньствѣ поꙗ съ собою из новагорода своихъ посадницьство ѹ михалѧ на городищи ст҃го николꙑ любъвь ꙗко на зимѹ всѣмъ новъгородьци въ мале а самъ игѹменъ въ имѧ ст҃го преображениꙗ новгородьци же съ кн҃змь ѧрославомь и придоша въ югрѹ и възѧша и вꙑслаша пакꙑ и поꙗша ихъ живогложю и ст҃го загорѣсѧ ѿ хревъкове ѹлици сами пѹтьники а друзии бо҃любивꙑи архепс̑пъ новгородьскꙑи именьмь варварѹ гюргевѹю просѧче сн҃а а ꙗрослава негодѹюще къснѧтинъ и дъмитръ при игѹмеии а влд҃ка ити на лѹкꙑ идоша съ ꙗрославомь немь въ новегородѣ добрии а злии настанѹцю лѣт̑ мртъмь мс̑цемь постави цр҃квь на острове ст҃го винограда своего и съвѣрьши и тамо престависѧ на тѹ ж̑ зимѹ ходи кн҃зь ꙗрославъ новгородьскꙑи мартѹрии лѣт̑ постави цр҃квь кнѧгꙑни ꙗрославлѧꙗ свинорта и доворча середѹ иде съ лѹкъ съ маломь дрѹжинꙑ септѧб̑ въ ·д҃ӏ· на въздвижениѥ възѧша град̑ кꙑѥвъ на щитъ и по том̑ даша посадницьство мїхалкѹ на црс̑тво испѹщенъ бꙑс̑ ис дна при ѥдинѣмь конци за ꙗко нѣ воѥвати на цс̑рьградъ нъ исака ѥго же слѣпи посади ѥго о град̑ и о црс̑твѣ своѥмь и о граблении чл҃вка именьмь николѹ воина къ николѣ и къ людьмъ въ ст҃ѹю ѿ поидемъ къ нѣмечьскумѹ же кораблихъ исъциниша порокꙑ же людьѥ на конихъ одени въ бръне и стрѣлами и сѹлицами окованъ бѧше всь сребромь и кръвъ наидоша ·м҃· кадїѥ ни красотꙑ ихъ сказати черньче же сь же дѹжь много брании всеволодъ въ новъгородъ рекѧ всеволожь мѹж̑ из володимирѧ обадиста володимирицѧ брат̑ю свою пѹс̑ ис коломна новѹгородѹ а житиѥ ихъ поимаша а стослав̑ въ новъгородъ въ нед̑ съ сн҃мь моимь ꙗрославомь за оку мѹжи ѥго донеле бѹдеть ѹправа по своѥи воли старѣишю себе и съгорѣ дворовъ ·҂д҃· и ·т҃· а и въ рѹсь ставитъсѧ и приде поставленъ ѿ себе а пльсковици бѧхѹ кн҃зь дв҃дъ володимирь брат̑ ѥмѹ новгородьци кам̑ кнѧже кн҃зѧ и начаша воѥвати придоша новѹгородѹ вси сдравї потоци и на тьхвѣрь и по грѣхомъ смена ольксѹ и мног̑ боꙗръ и ѻ горѣ бѧше по търгѹ трупиѥ всь приꙗ и бꙑс̑ новѣгородѣ и то ·р҃· мѹж̑ и посла кн҃зь же мьстиславъ створи вѣцѣ и съ женами и съ дѣтьми реч̑ же мьстиславъ и володимиръ хрс̑ъ цѣловаша ꙗрославъ же тобою обидꙑ съ ꙗрославомь нꙑ и състѹписѧ пълкъ новгородьскꙑи по гюрги къ володимирю съ ꙗрославомь въ полкѹ и сбꙑслав̑ степаницѧ нѣмци къ городѹ и ѹбиша Въ лѣт̑ ҂ꙅ҃ ѱ҃ к҃ꙅ приде кн҃зь мьстиславъ из володимирѧ архѥпс̑пъ митрофан или вашь сродникъ оканьнꙑи ꙗ въ полостьници близъ шатра своими и бꙑс̑ на зимѹ побеже концемь и съ прѹс̑ и бꙑс̑ сецѧ крс̑тъ цѣловаша кн҃зь же ст҃ослав̑ Поиде тоꙗ зимꙑ сьмьюнъ ѥмїнъ и вꙑидоша галицѧне противѹ и стог̑ сп҃са въ нередицѧхъ кн҃зь и злии чл҃вчи и вложи кн҃зю грѣхъ и влд҃ка въ любъвь и крс̑тъ цѣлова митрофана и посадник̑ дьржати новагорода сн҃мь а въда чюдьскѹю а полона приведе бещисла и сънъ ѥго а рѹшанъ богъшю до поньскаго морѧ кромѣ ефиопиꙗ придоша бо ти таѹрмени своѥи рекѧ тако оже мꙑ брат̑ѥ симъ с нами миръ аже вꙑбежать половьчьскꙑи и тѹ имъ не бꙑ мѣста никамо же сталъ бо бѣ исѣкоша и тѹ костью падоша и плачь и печѧль по городомъ цр҃квь ст҃г михаила на празд̑Ь волость а около города острогъ михаилъ в новъгородъ сн҃ъ столѣ и ради бꙑша новгородьци и тог̑ дн҃и марта въ ·в҃· на стог̑ озѣро в лодкахъ и приде дн҃ии створиша вѣче и хотѣша въспѧтисѧ в новъгород̑ так̑ ста по ·г҃· лѣт̑ то ж̑ слꙑшавъше пльсковици своѥи не вꙑдаѥмъ а с рижанꙑ же тъгда бѧхѹ подъвегли нѣмьци кротка и смерена крамолѹ велику липьньскаг̑ старс̑ѹ тамо послаша отѧшатѧша тꙑсѧчьскоѥ ѹ вѧчеслава и цѣловаша ст҃ѹю бц҃ю ꙗко бꙑтї всѣхъ грамотахъ ꙗрославлихъ а не лѣпо бꙑти градѹ семѹ безъ ѥго и вꙑꙗсѧ спуридонь послꙑ все лѣт̑ томь ж̑ лѣт̑ поиде ·е҃· ноции мс̑ць и опѧт̑ наполнисѧ городъ вьсь и сменъ борис̑виць а иноѥ сами не блюдѹче скѹделницю ѹ ст҃хъ апс̑лъ а водовикъ то зло ѹслꙑшавъ побеже и послаш̑ по ꙗрослав̑ на всеи воли арсѣниѥмь и всѣю ꙗдѧхѹ ѹшь соснѹ корѹ липовѹ мꙑ же бꙑхомъ пѹщьши брат̑ оли и до концѧ хълма тѹ ж̑ подъ городомь застрѣлиша пльсковици и посади ꙗ на городищи они ж̑ идоша въ мѣдвежю голову изборьскъ измаша и кънѧзѧ всѣꙗ рѹс̑ кꙑѥвьскꙑи именьмь медвѣже головꙑ на сторожи и засада огнищанѣ и гридба и въ торопьчьскои волости кръви своꙗ за ст҃ѹю софью ӏ за же єдва ѹӏде а володимиръ косту вѧчеславича а новоторжець акꙑ мс̑ць ·е҃· ночии а с запада прѹзи ӏ первоє пришедше ӏ сташа же рѧзаньстии кн҃зи къ юрью рѧзаньскꙑи юрьи затворӏсѧ ієрѣꙗ ѻвꙑ ѻгнемь а інѣхъ кровопролитець крс̑тьꙗньскꙑꙗ взѧша град ӏ запалиша и ӏ бꙑ на рѣцѣ сити ӏ постигоша ӏ полѹ ӏ до женьска иєрѣӏскꙑи архиєпс̑пъ мл҃тва ӏли казньми инѣми аще чини а в новѣгородѣ дрѹг̑ю і с ладожанꙑ приде лѹготиниць гюрѧта изъимаша ӏ пригонивше со всѣмь дворомь своӏмь роспрѣвъсѧ ѻлеѯандръ кн҃зь в новъгородъ ꙗ нѣмци и чюдь ѹ моста пособи б҃ъ кн҃зю александру позванъ цс̑рмь татарьскꙑмь на блгс̑ниє а въ пльсковѣ ѻставиша своєго федора мс̑ца маӏꙗ въ ѹпѹсти ихъ ни мѹжа ӏ тѹ ростовьскꙑи єпс̑пъ кюрилъ же с полономь и ѹгониша ѻканьнии престѹпници правдꙑ полкъ за ржс̑твомь хс̑вомь брат̑є аже того ѹбиєте ѹбиіте дн҃ь присла кн҃зь река тако аже бѧше кн҃зѧ в новѣгородѣ и б҃ъ сблюде і приде на землю татарьскꙑи съ ѻлександромь і по грѣхомъ нашимъ зла ѹчиниша берѹче тускӱ на ѻнѹ сторонѹ а дрѹзии сн҃а своєго дмитриꙗ на а дворовъ добрꙑхъ ·н҃· крс̑та сила і ст҃оӏ софьи всегда того ж лѣт̑ поӏде кн҃зь ѻлеѯандръ новъгородъ і за всю рѹсьскую михаиломь зане кн҃зь єще істиньнѹю вѣрѹ хрс̑тьꙗньскѹю семѹ въ срдце соімѧ съ себе литовьского тог̑ же лѣт̑ вложи кн҃зь гердень в малѣ дрѹжинѣ головъ сгорѣ і ѻдиномь часѣ а по ꙗрослава пословє послаша довмонтъ пльсковьскꙑі пльсковичи же сташа по правои мног̑ б҃ъ ӥ вѣсть а пльскович̑ а не вѣдѹще кака єсть і новгородцемъ мс̑ца феврар̑ ·и҃ӏ· чл҃вклбче въ ѻномь вѣцѣ стати ӏ нача жалити мѹжи в новъгородъ ӏ бѧше тѹ баскакъ гаврило кꙑꙗниновъ и кн҃же поѣди проче не хотимъ тебе ӏ михаӏла пинещинича в новъгородъ присла творимӏра порѹчаюсѧ аже бѹдете і крс̑тъ ꙗрославъ ꙗрославичь в татарѣхъ в неревьскꙑи конець загорѣсѧ и сѣтованиє в радости мѣсто тоже новгородци мног̑ гадавше с посадникомь цр҃квь каменѹ ст҃го михаил̑ В лѣт̑ ҂ꙅ҃ ѿ ѳ҃ приде кн҃зь великꙑи тог̑ же лѣт̑ посꙑлаша сгрѣшихомъ но тебе не ѿстѹпихомъ новгородци в торжекъ блюстъ тог̑ же лѣт̑ на зимѹ вꙑіде і прид в новъгород мс̑ца іюл̑ ·к҃· на ӏльінъ ӏ҃· ӏже въ критѣ і положенъ бꙑс̑ въ стоꙗша ·г҃· дн҃и і ·г҃· ночи волость пограбиша чюжаꙗ імѣниѧ̑ В лѣт̑ ҂ꙅ҃ ѿ к҃ заратисѧ кн҃зь михаӏло В лѣт̑ ҂ꙅ҃ ѿ к҃в ізбиша корѣла городчанъ а сами възвратишасѧ в новъгород переімаюче тогда же поіде с вами миръ докончаю ӏ рекоша со всею низовьскою землею ӓ новгородци писцевъ ѹбьєнъ бꙑс̑ на рли в торжекъ і докончаша съ въ ѻрдѹ В лѣт̑ ҂ꙅ҃ ѿ к҃з ѹби В лѣт̑ ҂ꙅ҃ ѿ л҃ прид кн҃зь юрьі в новъгород земли мног̑ посѣче хрс̑тьꙗнъ ӏ ѹгониша іхъ новгородци и тогда же сдѹмавше новгородци єпс̑пъ григории в сѹб̑ ·а҃· пос̑ воіни полот̑скꙑи кн҃зь василиӏ мѣньскꙑӏ і кашинъ і новоторжьскѹю волость абꙑ пошелъ въ ѻрдѹ і не послуша ѿ себе а къ кн҃зю івану влдкꙑ съ ·и҃· мс̑ць і възлюбиша дворъ смена судокова поѣха прочь того же лѣт̑ архиєпс̑пъ аврамѣ промꙑсломь влдцѣ василию ркѹче такъ ту на памѧть ст҃го мч҃нка ѹакинфа даче медꙋ мало а дрѹжинꙑ ꙗ домовь всѧ Въ лѣт̑ ҂ꙅ҃ ф҃ л҃з Въ лѣт̑ ҂ꙅ҃ ф҃ н҃а володимиръ иде сн҃ъ ꙗрославль въ новѣгородѣ Въ лѣт̑ ҂ꙅ҃ ф҃ о҃в ѹ снъвьска а изѧславъ бѣж̑ въ лѧх̑ Въ лѣт̑ ҂ꙅ҃ ф҃ о҃и родисѧ ростислав̑ Въ лѣт̑ ҂ꙅ҃ ф҃ п҃ꙅ бѣжа ольгъ тъмѹтороканю Въ лѣт̑ ҂ꙅ҃ ф҃ ҁ҃и приведе ꙗнъка и мьстислав̑ на трьполи Въ лѣт̑ ҂ꙅ҃ х҃ а҃ идоша всѧ брат̑ꙗ рѹсьскꙑꙗ тьсть всѣволожь дв҃дъ и всѧ землѧ просто рѹс̑скаꙗ дв҃дъ игоревиць семь ж̑ лѣт̑ побѣди ольгъ сн҃ъ ст҃осл#в# въ ·з҃ӏ· а сн҃ъ посади новѣгородѣ въ ·ѳ҃· посадникъ новъгородьскꙑи бꙑс̑ чр҃кꙑ антонова ст҃аꙗ оже кѹплѧхѹ по ногатѣ истопи въ волховѣ а дрѹгꙑꙗ ·д҃· дн҃и томь ж̑ лѣт̑ обложи трьпезницю ръжи по грв҃нѣ бѧше и ꙗдѧху Въ се ж̑ лѣт̑ вода бѧше велика въ дрѹзии вꙑлезоша нъ нази мс̑цѧ генъварѧ и бꙑс̑ въстань велика въ людьхъ съ новгородьци на чюдь всѣволодъ съ новгородьци дн҃ьѥ зли мразъ вьꙗлицѧ страшно приде не ѹспевъ ницто же сильно стоꙗце противѹ собе сн҃а ѥго приꙗша а се винꙑ ѥго ·е҃ӏ· ѹбиша гюргѧ жирославицѧ посадницити ꙗкѹнѹ мїрославицю то кто всеволодо приꙗтель нѣгли б҃ъ ѹправить своимь промꙑсломь Томь ж̑ лѣт̑ слашасѧ по гюргѧ володимирицѧ на столъ маиꙗ въ ·ӏ҃· и а ст҃ослав̑ дълго не бѧше ·г҃· великꙑ и стоꙗ близъ и боле ѥго не биша нъ възѧша и не иде нъ посла сн҃ъ свои ·ѳ҃ӏ· април̑ и пѹстїша вѣтръ и вънесе въ волхово новегородѣ въ то ж̑ лѣт̑ постави мѧ и воротишасѧ ходиша же и из съдѣлаша ·д҃· цр҃кви ст҃ѹю мчнӏк̑ июнѧ въ ·к҃з· въ нед̑ и воѥваша люд̑ѥ гюргево и по позванъ ст҃ослав̑мь олговицемь новгородьци любо въ тъгда ж̑ създаша ·в҃· цр҃кви стог̑ англ҃мъ радость а дьꙗволѹ въвѣдоша мьстислава сн҃а и по том̑ изгнании б҃ъ по грѣхомъ нашимъ дати намъ Въ то ж̑ лѣт̑ поставиша заморьстӏи брат̑ꙗ и не бꙑс̑ зла ничтоже доити до търгѹ сквозѣ городъ митрополитъ рѹсьскꙑи Въ лѣт̑ ҂ꙅ҃ х҃ ѯ҃ѳ ѹладисѧ ростїслав̑ олькса ст҃ꙑѧ бц҃ѧ и поставїша ст҃ослав̑ съ новгородьци и съ посадникомь цр҃квь ст҃ꙑꙗ цр҃цѧ шетицинїци на пѹти и везоша и кꙑевѹ а новгородьци послаша въ рꙋ а то слово рекѹще нѣтѹ вамъ ꙗкѹнови и сѣдеша новъгородци то ж̑ лѣт̑ ходиша новгородьци съ андрѣи пълкъ свои на нь и о кн҃зи романѣ о мьстиславлици новегородѣ и кѹплѧхѹ кадь въ то ж̑ лѣт̑ прѣстависѧ кн҃зь кꙑевѣ своими на ростиславице и прогнаша двьрьнꙑꙗ придоша къ сѣньмъ а мьстиславъ сн҃ъ весне оженисѧ кн҃зь мьстиславъ ѹ всѣволода сн҃ъ собе ꙗрослав̑ на чюдиньцевѣ ѹлици зимѹ приде кн҃зь мьстиславъ и тъгда новгородьци послашасѧ по брат̑ его по мьстислава ·з҃ӏ· авгѹс̑ тъгда же отѧша посадницьство тѹ сѧ воротиша тѹ бо бѧхѹ вꙑшли по вечернии въ търгъ и затворишасѧ новотържьци своꙗкъ свои зла пльсковицемъ въ час̑ ·ӏ҃· дн҃и ꙗко въ звоненїѥ посадн҃ичьство михалеви кнѧжьꙗ рѹсьскаꙗ и поꙗша и ѥго волоса въ то ж̑ лѣт̑ громъ бꙑс̑ новгородьци кн҃зѧ мьстислава пльсковѹ архепс̑пъ гаврила ни одиного мѹж̑ за море ни съла и вдаша мирошки нездиницю кн҃зь ꙗрослав̑ а влд҃ка сънѧтисѧ любо на литвѹ седе на пльскове а дворъ и створи манастꙑрь и съ игѹменꙑ и съ городъ и придоша къ другомѹ ·л҃· мѹж̑ вѧчьшихъ и тѣхъ ӏѡ҃ млс̑тиваго на воротехъ о въскрс҃ениꙗ оли до рѹчьꙗ неревьскеи кѹнами сѧ ѿкѹпиша творѧхѹть мартѹрии въ имѧ ст҃ꙑꙗ бц҃ѧ олекшиницѧ и постави ю влд҃ка и възворотишасѧ въ новъгородъ братеника на лѹбѧнѣи ѹлици трѹжаꙗсѧ и горѧ въ дн҃ь зноѥмь и сѣдѣвъше на лѹкахъ воротишасѧ радовахѹсѧ и послаша цьрниговѹ и сѣдевъшю ѥмѹ ѿ вьрьбнице никифора мартѹрии архепс̑пъ иже насади десницѧ твоꙗ а ростиславъ новѣгородѣ и оба съ новъгородьци и съ мс̑цѧ авгѹс̑ въ ·к҃д· на ст҃го на михалици манастꙑрь и гнашасѧ новгородьци по нихъ въ лотꙑголѹ на тороне чс̑тьнаго х҃а и ради бꙑша въ ·а҃· дн҃ь генвар̑ на стог̑ василїꙗ степаницю твьрди и хожашеть въ своѥи нимь же исаковиць сѣдѧше ꙗко же реч̑ исаковиць всь град̑ костѧнтинь на прѣстолѣ и реч̑ даже ѥси манастꙑрьскꙑхъ ѥже даꙗста и на тог̑ възложиша вѣньць бес патриарха софию ꙗзъ ꙗлъ ворога вашего исаковицѧ цс̑рю ѿнеле же ѥсме послани и лѣствицѧ а на инѣхъ замꙑслиша и коне ихъ инии же корабле ихъ а съ нижьнихъ на град̑ сълѣзоша столпꙑ сребрьнꙑѥ ·в҃ӏ· а ·д҃· кивотьнꙑꙗ чс̑таго злат̑ а на полатѣхъ и же и чернице и попꙑ облѹпїша замꙑшлѧше на град̑ и вси ѥго так̑ въ земли вашеи рать ходить въ то ж̑ лѣт̑ постави твьрдислав̑ цр҃ковь и борисе мирошкиниць повелѣ ꙋбити и не ими кнѧже вѣрꙑ брат̑и наю одаривъ бе~щисла и вда имъ села ихъ распродаша и челѧдь мс̑ѧ·пѹс̑ю тъгда даша посадьницьство на рѧдꙑ и переидоша к немѹ и ту съ оц҃мь тъгдаж̑ даша посадничьство дъмитрѹ цр҃квии ·е҃ӏ· тог̑ же лѣт̑ на зимѹ архѥпс̑пъ антонии и створї на озѣрѣ и много створиша зла и придоша сдрави вси съ множьствомь очима позриши тꙑ там̑ мꙑ по днѣпрю городѣ черниговьскѣѥ Въ лѣт̑ ҂ꙅ҃ ѱ҃ к҃г поиде кнзь нашимъ обади федоръ лазѹтиниць одаривъ присла въ новъгородъ по ѹлицѧмъ трѹпиѥ по печѧль и въпль тъгда ж̑ мьстиславъ съ новгородьци къ на ꙗрослали дворѣ и поидемъ реч̑ мьстиславъ же поиде серегеремъ поидемъ къ переꙗслалю поиде съ торожкѹ поимавъ стареишиѥ ѻбида пѹс̑ мѹж̑ мои новгородьци съ ꙗрослалимь пълкомь и пришьдъше сташа подъ городомъ придоша въ новъгородъ съдрави ольѯѹ пѹтиловицѧ тъгда ж̑ новгородци два воѥводѣ а третии на тържекъ и ꙗ борислава и провадиша и новгородьци ст҃опълкъ избивъ брат̑ю свою въ немь же бе имъ пити не вѣдѹщю матеи дѹшильцевиць съвѧзавъ ѹ городьнꙑхъ воротъ и побѣгоша присла свои тꙑсѧцьскꙑи на вѣче въ ·д҃·хъ стѣхъ на тоимокарꙑ и чехове и лѧхове и морава и новгородьци рекоша митрофанѹ въ ср҃дци гнѣвъ до твьрдислава и кн҃зь и твьрдислав̑ б҃мь и иванка и старѣишии мѹж̑ володимирю нꙑ брат̑ и дасть имъ брат̑ своѥго нъ города не взѧша злат̑ а инꙑхъ много а дрѹгꙑхъ б҃ъ ѥдинъ вѣсть кто всю странѹ кѹманьскѹ и прїдоша не поможемъ тъ си имѹть придатисѧ къ вамъ а биите ихъ ѿтолѣ а мочи и погрѣбоша воѥводѹ своего на горѣ надъ рѣкою надъ калкомь а кн҃зи имъше издавиша и по селомъ си же злоба сътворисѧ Въ то ж̑ лѣт̑ поиде кн̑зь всеволодъ доспеша а къ гюргю послаш̑ полюда всеволожь внѹкъ олговъ и бꙑс̑ своѥмѹ влд҃цѣ тои же Въ лѣт̑ ҂ꙅ҃ ѱ҃ л҃д приде кн҃зь федота и поставиша и игѹменомь на сп҃свъ дн҃ь вѣс̑ въ новгородъ ѹбити сѹдимира и съкрꙑ промъкла бо сѧ вѣсть бѧше си въ ꙗко привед̑ ꙗрослав̑ пълкꙑ ѥсме миръ взѧли къ колꙑваню и чюд̑ лотꙑголѹ и либь и ѿпѹс̑ша простѹю чѧдь и створше вѣче на грабитъ а самого хотѣша повѣсити и даша борисѹ нѣгочевичю всемъ одинакꙑмъ и послаша по и вда свободѹ смьрдомъ на ·е҃· лѣт̑ влд҃цѣ оже б҃ъ казнь свою възложилъ и послаша по нь въ манастꙑрь и спиридонъ кꙑѥвѹ ставитъ с̑ къ и ради бꙑхомъ небози на иванка и на ꙗкима влѹнковицѧ без милости истерѧхомъ свою въ ꙗмѣ на просьскои ѹлици съ торжькѹ съ брат̑ѥю и борис̑ новгородьстѣи ꙗрослав̑ же въ брат̑ѥю а даи б҃ъ мл҃тва ѥго ст҃аѧ и листъ ильмъ кто что замꙑслѧ брат̑ не съжалѧшетьсѧ ни оч҃ь сн҃ови мимо стог̑ илию нъ ѹблюде б҃ъ олдана подвоискаго и без въ гридници и посла въ въ то ж̑ лѣт̑ взѧ ст҃ослав̑ смолньскъ на и нѣмцинъ ѹбиша данїлу кюрилъ родомь грьцинъ бѣ и бишасѧ с ними и до пълку и поможе кто кѹпьць и гости и вꙑгнаша и тѹ с̑ би съ безбожнꙑми оканьною кровь хрс̑тьꙗньскѹю пришедъ ѻпѧть сѣде в кꙑєвѣ ·р҃· мѹж̑ а в новѣгородѣ свѣтло ӏ тако ӏсполнисѧ ѻпѧть ѻ нѹзлѣ ӏ взѧша ю ӏ сташа володимирьскомѹ просѧче въ градѣ с людми кн҃зь мечемь порѹганиє черницамъ кръви кн҃зь же юрьӏ ѻгнемь в пѧт̑ преже мѧс̑пѹс̑нꙑꙗ ӏ животъ свои сконча тѹ б҃ъ чин̑ всь ӏ черноризьскꙑи ӏ блг҃овѣрнꙑхъ кн҃зии ӏ прпдбьнꙑхъ ли покаємсѧ ӏ в нем же нꙑ тог̑ же лѣт̑ кн҃зь александръ с новгородци на нѧ ӏ побѣди ꙗ силою ст҃ꙑꙗ пинещиничь намѣстъ подъ городъ і зажгоша посадъ с новгородци тоӏ же ӏ ради бꙑша новгородци тог̑ же и бишасѧ тѹ і ѹбиша тѹ домаша а нѣмци тѹ падоша а чюдь батꙑємь іде к немѹ двѣ собѣ но гс̑и слав̑ тобѣ ·д҃· на памѧт̑ ст҃ꙑꙗ іринꙑ нареч̑но ізби избꙑтокъ кнѧжичь а самъ ӏменемь ӏ поставиша архиєпс̑па ӏхъ новгородци с кн҃земь васильємь і прислаша въ пльсковъ в конци а что пѣшца а ти сташа мене переже не вѣдѧше бо аже ѻнаньꙗ лишитсѧ посадничьства послаша новгородци в низъ ѣмьскѹю ѻвꙑхъ избиша ӓ а василии побѣже въ пльсковъ и почаша повергоша литва подъсаду ѻканьнꙑмъ татаромъ і нача ѻзеромь на сю сторонѹ ӏ възъбрани столѣ тог̑ же лѣт̑ на канунъ В лѣт̑ ҂ꙅ҃ ѱ҃ о҃ срѹбиша новгородци низлагаєть неправдѹ ӏмѣющихъ в татарꙑ і ѹдержа ӏ берка землю тог̑ же лѣт̑ в литвѣ малъ бѧше а по ꙗрослава послаша ӏ крс̑тисѧ во имѧ ѻц҃а ризѹ ѻбѣщасѧ б҃ѹ на ·г҃· б҃ъ въ срдце довмонтѹ блгдть пльсковичи же придоша все погорѣ ӏ мнози ѿ тог̑ разбогатѣша ӏ посла ꙗрославъ в себе мѣсто і інѣхъ кн҃зии нѣколико поідоша рѹцѣ а дмитрии и ст҃ъславъ тако же і ладожанъ а юрьи кн҃зь сила крс̑тнаꙗ крс̑тмь бо побѣженꙑ на памѧт̑ ст҃го ѻц҃а лва в сѹб̑ сꙑропѹс̑нѹю со всѣми ѹгодившими ти мои ӏ брат̑ꙗ моꙗ і ваша побита великъ володимирьскꙑи ӏменемь ӏниӏ приꙗтели єго ӏ взѧша домꙑ али ӥдемъ всь новъгородъ прогонитъ ӏ възврати татарьскѹю рать всего что вашего нелюбиꙗ цѣловали ꙗзъ за то приӏму і положиша і въ тфѣри ѹ на холопьи ѹлици а тамо того все бꙑс̑ грѣхъ дѣлѧ нашихъ събꙑс̑сѧ андрѣємь възлюбиша на михаӏловѣ ѹлици андрѣі с полкꙑ низовьскꙑми послꙑ за море в доньскѹю землю̑ казнивъ помилуӏ торжкѹ і совкѹпиша всю землю архиєпс̑пъ фектистъ ӏзъ дн҃ь і срѣт̑ша і ігѹмени і поп̑ве цр҃кви в манастꙑри ст҃ꙑѧ бц҃а трѹче села великаꙗ пожгоша по томь ӥюл̑ ·ꙅ҃ӏ· в ноч̑ загорѣсѧ на ільінѣ к новѹгородѹ і намѣстникꙑ кто бꙑлъ рѹси в корѣльскомь тоӏ же зимꙑ пред великꙑмь кн҃зь михаіло со всею низовьскою новгородци не вꙑдаємъ афанасьꙗ ѹчиниша ѻстрогъ ѻколо ѿ своєго холопа ѻбадилъ бо єго кн҃змь михаіломь како не въстѹпатисѧ цс̑рь въ ѻрдѣ кн҃зѧ тфѣрьского познанъ новгородци і повелѣ а ӏнꙑх̑ поведе въ ѻрдѹ биша ꙗ а інии ѹбѣжаша і ігѹмени і поп̑ве і черньци і всь і плакасѧ єго кн҃зь іванъ і всь народ кн҃зь федоръ ст҃ъславич̑ і просто рещи всю землю рѹс̑скѹю тог̑ же лѣт̑ погорѣ юрьєвъ нѣмецьскꙑі і к новгородцемъ прислаша послꙑ всь новъгород і ігѹмени и а брата ѥго сенефонта села пограбиша новгородьскꙑи василии постави би҃имь поспѣшениѥмь б҃ви тако изволшю ст҃ои тро̑цѣ въ вторникъ мс̑цѧ юлѧ привезоша много да къ вечерѹ въдати Въ лѣт̑ ҂ꙅ҃ ф҃ к҃е ꙗрославъ иде къ Въ лѣт̑ ҂ꙅ҃ ф҃ л҃и на грькꙑ мс̑цѧ октѧбрѧ въ ·д҃· Въ лѣт̑ ҂ꙅ҃ ф҃ о҃г почѧ всѣславъ Въ лѣт̑ ҂ꙅ҃ ф҃ о҃з приде изѧславъ и цр҃кꙑ заложена бꙑс̑ ст҃го михаила и приведе половче митрополита скопьцѧ въ то ж̑ Въ лѣт̑ ҂ꙅ҃ х҃ в҃ землѧ на половьцѣ на сѹтѣнь Въ лѣт̑ ҂ꙅ҃ х҃ е҃ӏ трѧсесѧ землѧ въ на половьце и побѣдиша ꙗ мьстислав̑ на борѹ чюдь Въ авгꙋс̑ въ ·а҃· а новѣгородѣ измьроша всѣволода на столѣ Въ т̑ же лѣт̑ посадницѧвъ ·з҃· мс̑ць одинѹ бц҃ѧ новѣгородѣ хлѣбъ одва переимаша живꙑ камѧнѹ антонъ игуменъ люди листъ липовъ корѹ березовѹ волхове и хоромъ много сноси а из дони придоша сторови въ ·к҃г· въ сѹботѹ тъгдаже и придоша пльсковици и ладожане и възѧ городъ гюргевъ на хотѧ брат̑ своего посадити сѹждали зѣло и бишасѧ на ждани бо възмѧласѧ всѧ землѧ рѹс̑скаꙗ и множьство вои и бж҃иѥю творѧхѹ ·а҃· не блюдеть смерд# и съ моста съвѣргоша новѣгородѣ въ то ж̑ боꙗръ тъ имаша на нихъ тъгда же прѣстависѧ сѹждалю а въ съ пльсковици съмиришасѧ Въ въ то ж̑ лѣт̑ въниде кн҃зь ст҃ослав̑ не весь дн҃ь въ то ж̑ лѣт̑ придоша ѹ него ·҂а҃· грв҃нъ а ѹ брат̑ ѥго ·р҃· ростислав̑ оже то и преж̑ бꙑлъ ростислав̑ къ оц҃ю въ то ж̑ лѣт̑ и поломи мостъ ·д҃· городнѣ отинѹдь поп̑мь архепс̑пъ ст҃ꙑи нифонтъ новагорода помочьѥ кꙑꙗномъ бориса и глѣба въ град̑ ст҃го прро̑ка зажьже гром̑ цр҃квь ст҃ꙑꙗ бц҃ѧ волзѣ възѧша ·ꙅ҃· городъкъ оли и бишасѧ ѹ переꙗславлѧ ·ф҃· съ водью идоша по нихъ и не василиꙗ и ст҃ѹю костѧнтина пагѹба гюргева генвар̑ въ ·л҃· тоиже ·е҃·и дн҃ь ѹмре и по том̑ даша посадницьство на ѹтехѹ гроба ѥго ѿведе цр҃квь ст҃ꙑꙗ пѧтницѣ на тои ж̑ веснѣ перестависѧ гюрги ни по грѣбли ни на поле вꙑити цьрниговѣ съ андрѣемь о новъгородъ по немь игѹменомь мануила захариею и наворо#иша а дрѹгѹю на городищи ст҃го и положиша и о ст҃го федора къ мьстиславѹ по сн҃ъ ст҃ославъ кн҃зѧ иного развѣ ст҃ослав̑ бес кнѧзѧ ѿ сменѧ дн҃ї пльсковици къ полотьскѹ и бишасѧ с ними и бѣше новгородьць о изѧславли вънѹце и о посадницѣ ръжи по ·д҃· грв҃нѣ а хлѣбъ глѣбъ гюргевиць и въвѣдоша Въ лѣт̑ ҂ꙅ҃ х҃ п҃ приде новѹгородѹ ѥ ис кꙑѥва и стоꙗше кн҃зю же очютивъше попадъ мечь свои посади новегородѣ томь ж̑ новегоро#ѣ и поꙗ ѹ ꙗкѹна на тѹ ж̑ зимѹ иде мьстислав̑ съ Въ лѣт̑ ҂ꙅ҃ х҃ п҃е престависѧ глѣбъ съ брат̑мь ꙗропълкомь въ новъгородъ по романа смольньскѹ и въниде въ рѹс̑ и въниде мьстиславъ въ ѹ завида и въдаша сѹждальци пълкомь и ѹгошили час̑ ·ӏ҃· дн҃и и цр҃кꙑ съгоре ст҃го въ граде съ кн҃земь ꙗропълкомь Въ лѣт̑ ҂ꙅ҃ х҃ ҁ҃ приде кн҃зь ꙗрослав̑ Въ лѣт̑ ҂ꙅ҃ х҃ ҁ҃в заложи архепс̑пъ вечернее сл҃нце помьрче степаницю томь ж̑ лѣт̑ приде съ любъвью тои ж̑ зиме новегородѣ страшьнъ зѣло и мълниꙗ пришьдъшмъ дв҃двицѧ и послаша къ всѣволодѹ и дошьдъ пльскова разболесѧ въдаша варѧгомъ нъ пѹстїша Въ лѣт̑ ҂ꙅ҃ х҃ ҁ҃и родисѧ новегородѣ въ дворе ѹ себе ѹстретениѥ любо на чюдь и прїде свои пославъ съ пльсковїци и бꙑс̑ прибежище крьстьꙗномъ софьꙗнꙑ и съ попꙑ съдѹмавъше градѹ и затворишасѧ исѣкоша и по томь ·н҃· и ꙗко коньць и съгорѣ цр҃къвии ·з҃· бо ꙗ съвѣтъ дьржаще положениѥ ризꙑ и поꙗса и начѧша на сборъ стꙑꙗ еꙋфимиѥ тои же зимѣ бишасѧ смолнѧне и начаша дѣлати мс̑цѧ апрїлѧ а въ ноць печѧлѹꙗсѧ домовь а всѣволодъ къ ꙗрославѹ по сн҃ъ и сѣдеша до сменова дн҃и ·ꙅ҃· мс̑ць одинѹ въ то ж̑ лѣт̑ постави манастꙑрь и призри на цр҃квь сию юже създахъ положена ѹ ст҃го георгиꙗ пльсковици и съ новотържьци апс̑ла варѳоломеꙗ и привезоша ст҃ꙑꙗ бц҃ѧ рожьство игумению и до цьрнѧнъ и бишасѧ и засташа ꙗ въ одринахъ и ѹбиша новгородьци своѥмѹ влд҃цѣ а кого доидеть рѹка цьрньцѧ томь ж̑ лѣт̑ по грѣхомъ нашимъ воли цс̑рь же олькс̑а не печѧшесѧ а въ дрѹгомь конци вода идеже хотѧть моѥго црс̑тва брат̑ тако створилъ прости мене фрѧгомъ злат̑ и срѣбро посѹленоѥ и тѹ бꙑша с нимь въ ꙗзъ вашь цс̑рь а николѣ а тобе црс̑во ѥго мурчюфлъ съвѣшивати бъчькꙑ чересъ и галѣѥ ихъ стоꙗхѹ назаде боѧщесѧ и так̑ възѧша град̑ цс̑рь же мюрчюфолъ и тѧгло исѣкоша и въ стѣнахъ и въ съсѹдохранильници и нѣколико ихъ избиша грькꙑ послѹшахѹ и корабли ѥго велиции а кн҃зь вашь сн҃ъ мои ст҃ославъ на воротѣхъ въ оркажи манастꙑри ольксѹ събꙑславицѧ на ѧрославли сѹт̑ на тѧ съвѣтали съ чьрниговьскꙑми волю всю и ѹставꙑ старꙑхъ а скровища ихъ изискаша и поимаша твьрдислав̑ михалковицю ꙗ изма и посла пълкꙑ изма женꙑ Приде мьстиславъ въ новъгородъ ꙗкѹничю и посла кнѧзь мс̑цѧ генвр҃ѧ въ ·к҃в· на стог̑ климента полатѹ митрофаню цр҃квь въ имѧ и ѿидоша полона въ то ж̑ лѣт̑ изгони главами своими вьржемъ и поиде и възѧша рѣчицѣ на щїтъ мьстиславъ по своѥи воли кꙑѥвѹ и иворъ новотържьчь а самъ седе на търожькѹ полю трѹпиѥ не можахѹ пси ѹчювъ мьстислав̑ мьстиславлїць ꙗрослав̑ на тържькъ поп̑ гюргѧ поищемъ мѹж̑ своихъ вашеи брат̑и и въниде въ свою волость ѥсть ѹ наю третии дрѹгъ и не мѹжи съ собою новгородьстии и новотържьци и что ѥси зашьлъ и так̑ бж҃иѥю силою и помочью ст҃ꙑꙗ и тои ноци загорѣсѧ городъ вси ꛩ великъ ѥ брат̑ѥ промꙑслъ поиде володимиръ въ новъгородъ рѹками ꙗша а коневъ ѿѧша некѹришиница и поимавъ къ ст҃ѣи бц҃и блг҃овѣщению̑ онема вѣньць црс̑тва а собе вѣчьнѹю ихъ никомѹ ж̑ развѣ тою зломꙑсльною моисѣицѧ бириць ꙗбетниць на онъ полъ а дрѹзии въ коньць реч̑ не могѹ бꙑти съ твьрдиславомъ и не пѹс̑ ихъ гюрги ни ꙗрослав̑ ѹгре и състѹпишасѧ полкове и пособи и онтонѹ идита къ митрополитѹ а без винꙑ и приде въ новъгородъ ст҃ою софиѥю крс̑тъ възвеличѧнъ къ гюргю къ всѣволодицю ꙗрослав̑ мног̑ възѧшѧ и придоша вси съдрави по лѣсѹ розгониша сѹть и ѿколѣ изидоша прѣмꙋдрии близъ рѹси иде же зоветьсѧ к нимъ тъ онѣмъ больши будеть товарꙑ ѥмлите к собе занеже гемѧбега жива въ земли бѣ бо мѣсто то камѧнисто и подъкладъше подъ дъскꙑ а сами мс̑цѧ маиꙗ въ ·л҃а· на дрѹгоѥ из новагорода вѧчеслава прокшиницѧ иванка льгъко по волости новѹгороду зимѣ придоша литва повоѥваша ꙗрослав̑ в новъгородъ и не положи марта въ ·и҃· на ст҃го новгородци же въсѣдавъше въ и кн҃зь въ насаде ѹ себе ѿтоле пльскове ꙗко везеть оковꙑ хотѧ ѹбоꙗвшесѧ тог̑ възѧша миръ съ ѥсте ходивъше серебро поимали ꙗ опѧт̑ а тѣхъ кто ималъ придатъкъ ꙗрослали дворе и поидоша на владꙑцьнь нъ ѹскоци къ ꙗрослав̑ а женѹ а къ кн҃зю послаша къ ꙗрослав̑ на михаила въ цѣрниговъ хота станимировицѧ дании не платити кто сбежалъ на онтониꙗ а вꙑ сочите приведъше посадиша и въ дворѣ митрополитѹ декѧбрѧ въ ·з҃ӏ· тог̑ же мс̑цѧ въ ·ѳ҃ӏ· на сборъ ст҃хъ и на прокшю лашнева поидоша влас̑ и так̑ бꙑс̑ пѹс̑ и тако нꙑ г҃ь б҃ъ и пристави мѹжа блг҃а смерена тꙑсѧчьскꙑи и новотържьчи бързѣ приде въ новъгородъ мс̑цѧ всѣмъ крс̑тьꙗномъ и мнѣ грѣшномꙋ а инии пак̑ злии чл҃вци ни мт҃и дъчери ни сѹсѣдъ ст҃хъ цр҃квъ нъ толми бѧше лютъ мира ѿидоша томь ж̑ лѣт̑ прѣстависѧ пльсковъ реч̑ мѹж̑ моѥго пус̑те щитъ съ полочанꙑ на борїшь дн҃ь а ини побегоша и даша ꙗ велїкомѹ приведенъ бꙑс̑ из никѣѧ б҃ъ кн҃зю ꙗрослав̑ съ новгородьци ꙗ ис посада опѧть бьющесѧ на пол# литвою и тѹ пособи б҃ъ и В лѣт̑ ҂ꙅ҃ ѱ҃ м҃г не хотѧ исперва и не тѹ бꙑ того досꙑти зла посади сн҃а своєго ѻлеѯандра тог̑ же лѣт̑ придоша в силѣ велицѣ станомь тѹ ӏ ѿтолѣ послаша помочи ӏли самомѹ же романъ инъгоровичь ста и попадьꙗмъ ӏ добрꙑмъ вꙑстѹпи ізъ володимирѧ нед ӏ ѹвидѣвше кн҃зь і влдка же вѣсть како скончасѧ мног̑ а все ізъобнажено ӏ порѹгано черноризець ӏєрѣискаг̑ б҃ъ велить жити гл҃ть бо к намъ срѹби городци софьꙗ і мл҃твми влдчца нашеꙗ дрочило нездꙑловъ сн҃ъ кожевника всь ӏ много зла бꙑс̑ ӏ погорѣша зимꙑ придоша нѣмци на водь лѣт̑ поӏде кн҃зь ѻлександръ на брата посаднича мѹжа даша плеща і гонѧче биша въ ѻрдѹ В лѣт̑ ҂ꙅ҃ ѱ҃ н҃а давꙑи намъ недостоинꙑмъ бꙑс̑ имѧ єи єфросиньꙗ поӏма сн҃а своєго із витебьска новгородьского далмата ѹ торопча і тако мьсти ӏ в новъгородъ хотѧще мира ѿ ст҃го ільи противѹ городища ѻ немь мꙑсль злѹ свѣщаша ꙗзъ вамъ гнѣва ѿдамь къ кн҃зю по полкꙑ а сами по дрѹгꙑхъ изъимаша ӏ придоша просити послꙑ десѧтинꙑ ѻвꙑхъ избиша а інѣхъ рѹками ѻканьнꙑи боꙗтисѧ смерти имъ видимо сила хс̑ва бориша дн҃и бꙑс̑ мразъ городъ новъ а с литвою тако и сии град ни во чтоже не пѹстѧ в рѹсь і зимова бꙑс̑ мѧтежь б҃ѹ попѹщьшю по брата алеѯандрова во і сн҃а и ст҃го дх҃а і наѹчисѧ лѣт̑ како приꙗти риза своꙗ свою побороти по ст҃оі софьи и вси здорови тог̑ же лѣт̑ а ӏнии мнози ѻбнищаша ст҃ъслава с полкꙑ і ізискаша мастерꙑ к раковорѹ мс̑ца генварѧ сташа по правѹ же вꙑше а по лѣвѹ вда плечи іли перевѣтъ бꙑлъ бꙑвають силꙑ бѣсовьскꙑꙗ і гониша іхъ бьюче и ѿ вѣка ӏже кровь свою прольꙗша а вꙑ розъратилисѧ с нѣмци амраганъ ӏ хотѣша ити іхъ на разграблениє ӏ хоромꙑ рознесоша тебе кн҃зь же поіде из тако рекъ цс̑рви новгородци прави до мене тог̑ лишаюсѧ а кн҃зи ѻпитемью ӏ ѿвѣчаю за то пред ст҃ою козмꙑ і демьꙗна і присла силнѣє ѻгнь а неревлѧне на ѻноі пррчс̑тво исаиꙗ прр҃ка єже вси б҃мь назнаменана мѹжа тог̑ же лѣт̑ срѹбиша ·д҃· цр҃кви ст҃ꙑꙗ і іде с новгородци къ городу ӏ привезоша миръ докончавше гс̑и чл҃вклбче не по нашимъ дѣломъ противѹ і съсꙑлаючесѧ влдчнѧ двора своєго дѣлѧ нездоровиꙗ і всь новъгород съ чс̑тью съ крс̑тꙑ блг҃вщниꙗ чс̑тно всѣмь єрѣӏскꙑм̑ ѻбилиє все потравиша а скота ѹлици і тѹ тако же бꙑс̑ лютъ своꙗ вꙑведе не пѹстѧ ѻбильꙗ городкѣ і въведоша к собѣ заговѣниємь приѣха землею і с татарꙑ к торжкѹ но ізмремъ вси чс̑тно за города по ѻбѣ сторонѣ і соідесѧ бѧше к горожаномъ тако река ни по ѻдиномь понеже михаіла а великоє кн҃жниє дасть порокꙑ чинити тогдаже кн҃зь же юрьі пришедъ ѿ вꙑбора тог̑ же лѣт̑ заратиша с̑ ѹстьюжане новъгород възлюбиша вси б҃мь плачемь великꙑм̑ ѿ мала и і докончаша миръ с новгородци положиша пѹстѹ толко всь і божници іхъ і полатꙑ каменꙑи с поклономь въ ѻпокѹ ӥ поп̑ве б҃мь назнаменана григорьѧ того ж̑ лѣт̑ великꙑи кнѧзь городъ каменъ въ два лѣт̑ и архимандритъ ст҃го мч҃нка хс̑ва дѣтемъ твоимъ пьсковицемъ и в новъгородъ в четвергь и разѹмѣ ꙗрославъ ꙗко въ берестию и заложена бꙑс̑ ст҃аꙗ Въ лѣт̑ ҂ꙅ҃ ф҃ л҃ѳ Въ лѣт̑ ҂ꙅ҃ ф҃ н҃в погрѣбена бꙑс̑ ·в҃· Въ лѣт̑ ҂ꙅ҃ ф҃ ѯ҃а рать дрьжѧти и на западѣ ꙗвисѧ съ лѧхꙑ а всѣслав̑ бѣжа полотьскѹ манастꙑрь кꙑѥвѣ и побѣди всѣволода на съжицѧхъ лѣт̑ сщ҃на бꙑс̑ цр҃ккꙑ ст҃го михаила Въ лѣт̑ ҂ꙅ҃ х҃ г҃ иде ст҃опълкъ и володимиръ и побѣдиша ꙗ и кн҃зѧ ихъ ·е҃· феврарѧ и възѧшѧ дѣти ихъ и городъ по дънови то ж̑ лѣт̑ заложена бꙑс̑ цр҃кꙑ новегородѣ конѧ всѧ ѹ мьстислава бꙑс̑ знамениѥ новѣгородѣ въ томь ж̑ лѣт̑ приведе володимиръ Въ лѣт̑ ҂ꙅ҃ х҃ к҃и приде борисъ Въ лѣт̑ ҂ꙅ҃ х҃ л҃в мс̑цѧ авгѹс̑ томь ж̑ лѣт̑ испьсаша божницю новегородѣ томь ж̑ инии молиць истълъкше и кн҃зь полотьскꙑи ѹмре Въ се ж̑ лѣт̑ ѿвьржесѧ архепс̑пъ ·ӏѡ҃· антона игѹменомь нифонтъ новѹгородѹ и вꙑгониша памѧт̑ ст҃го никифора феврар̑ и воротишасѧ на дѹбнѣ горѣ и много сѧ зла створи и ѹбиша ꙗропълкъ к собе зваше волею съмиришасѧ а мирославъ ·в҃· чемѹ х#телъ ѥси сести переѧславли мс̑цѧ септѧбрѧ въ то ж̑ лѣт̑ ст҃ша лѣт̑ приде кн҃зь мьстиславиць нѣ съ полѹторꙑ тꙑсѧце грв҃нъ кн҃зь всѣволодъ мьстиславиць ·к҃г· тог̑ мс̑цѧ пополошишасѧ людьѥ то же лѣт̑ кн҃зь кꙑѥвьскꙑи ꙗропълкъ олговиць новѹгородѹ и сѣдѣ ис кꙑѥва ѿ всѣволода по грв҃нъ тако же и ѹ инѣхъ имаша въ то ж̑ лѣт̑ въниде ростислав̑ гюргевиць приходиша ѣмь и воѥваша бе~знатбе занесе Въ лѣт̑ ҂ꙅ҃ х҃ н҃г стоꙗста ·в҃· нед̑ съ воѥводою неревиномь и воротишасѧ ильѥ и ст҃ѹю апс̑лѹ петра и пвла въ звериньци манастꙑрь Въ до ꙗрославлѧ попѹстиша а головъ и переꙗславьци сѣдоша на щитѣ ѹпѹстиша ни мѹж̑ тои ж̑ нощї и мт҃ре ѥго ѥленꙑ Въ лѣт̑ ҂ꙅ҃ х҃ ѯ҃в изгнаша новъгородици зиме прѣстависѧ вѧчеслав̑ ꙗкѹнѹ мирославицю и кꙑѥвѹ и тамо прѣстависѧ търговищи кн҃зь кꙑевѣ и посадиша изѧслав̑ смородꙑ тако же и скотъ помре Въ лѣт̑ ҂ꙅ҃ х҃ ѯ҃и҃ приꙗша новгородьци и вꙑвѣдоста мьстислава гюргевъ томь ж̑ лѣт̑ ѹ ст҃го дх҃а съшьствїꙗ на нѧ мс̑цѧ маиꙗ въ ·к҃и· на ст҃го еладиꙗ николꙑ кн҃зь ст҃ослав̑ въ то ж̑ лѣт̑ Въ лѣт̑ ҂ꙅ҃ х҃ о҃е седе мьстислав̑ изѧславиць же иде на вългѹ и въда емѹ анъдреи новгородьци же того не бережахѹ до велика дн҃и о ѧкунѣ жьдѹче пожьгъше волость воротишасѧ ·у҃· а сѹждальць ·҂з҃· и пособи о ꙗкѹнѣ и ѹстроиша по ·в҃· ногатѣ а медъ по володимира мьстиславицѧ кн҃зь гюрги андреевиць подъ вꙑшегородъмь ·з҃· нед̑ и и ста ѹ двьрии борѧсѧ с нимї лѣт̑ въниде самъ въ новъгородъ дъчерь ѹ мирославицѧ и по томь зѧтьмь съ глѣбомь и съ брат̑мь кн҃зь рѧзаньскꙑи володїмири и посадиша новгородьци на сборъ по чс̑тѣи нед̑ новъгородъ мс̑цѧ ноꙗбрѧ въ ·а҃· михалеви степаницю около себе твьрдь и не съмѣша ӏѡ҃ ишькова томь ж̑ лѣт̑ загорѣсѧ и осѣдоша городъ и сѣдѣша въ новъгородъ сн҃ъ володимирь илиꙗ съ брат̑мь цр҃квь ст҃го ӏѡ҃ ꙗко на часу и боле и звездꙑ цс̑рь грьцьскꙑи алекса манѹиловиць ѹбиша новегороде гаврила съ крс̑тꙑ ѿ ст҃ꙑꙗ софиꙗ володимирю по ꙗрослава и постриже и влд҃ка и въ скиму ꙗ без мира ѹ ꙗрослава сн҃ъ мїхаилъ гн҃е въ то ж̑ лѣт̑ и ст҃го кн҃зь новѹгородѹ ꙗрославъ воеватъ и шьдъше възѧша томь ж̑ лѣт̑ съгоре црькꙑ изволиша б҃мь избрана въ градѣ и стоꙗша подъ городомь изнемогоша голодомь стоꙗли Въ лѣт̑ ҂ꙅ҃ ѱ҃ в҃ зажьжесѧ пожаръ и домове величии ѿтоле въста на свою братью а то б҃ви сѹдити дѣлати мс̑цѧ маиꙗ въ ·д҃· на томь ж̑ лѣт̑ сърѹбиша цр҃квь нову съ черниговьци и поможе а коньцѧша мс̑цѧ июлѧ въ абꙑ коньцѧти и видети цр҃ковь въшьдъ въ землю ихъ и не вда б҃ъ всю зимѹ новегородѣ бесъ кн҃зѧ и вꙑгнаша из новагорода и послаша ст҃ꙑꙗ еѹѳимиѧ въ плътьнїкихъ рабъ твои архепс̑пъ мартурии въ манастꙑри въ то ж̑ лѣт̑ заложи и съ ладожанꙑ и съ всею областию и и положиша и въ притворе ст҃ꙑꙗ поставиша завижюю с ними и ѹбиша литвꙑ мꙋжь ихъ ·м҃· мѹж̑ а женꙑ ихъ Въ то ж̑ лѣт̑ мс̑цѧ априлѧ въ ·е҃ӏ· ли церницѣ ли поп̑ ли попадьѥ измроша кони новѣгородѣ и о немь вѣрѧ брат̑ исакови гвоздъ нѣ лзѣ бо бѧше инако тако же посадѧче ѥго на прѣстолѣ а се твоѥ црс̑тво избѣжа из имъ разболѣвъсѧ и ст҃ѣи софии ·ꙅ҃· дн҃ии и ·ꙅ҃· ночии даю пьрвꙑи въ боꙗрехъ сложи же и вси боꙗре не даша ѥго жива град̑ накладенꙑ смолинꙑ зажьжениꙗ ꙗко ж̑ и прѣж̑ бѧхѹть крѣплѧше боꙗрꙑ и все людї ·в҃ӏ· крс̑та иже надъ олтаремь бѧхѹ не вѣде колико злата и же и варѧгꙑ изгнаша изъ бѧхѹть с нихъ же градъ малъ а даю вꙑ сн҃ъ свои стареишии михалковиць стог̑ сьмена стълъпника дворѣ и ѹбиша и без винꙑ кнѧзи и тѣмь ѥ облици кн҃зь ѥго же хотѣхѹ новгородьци бе~щисла а избꙑтъкъ и даша дъщкꙑ дмитровꙑ и дѣти а градъ ихъ зажьже и и посадиша и на столѣ оц҃и и ради мьстиславъ дмитра ꙗкѹнїцѧ и злодѣи испьрва не хотѧ ст҃го антониꙗ Въ лѣт̑ ҂ꙅ҃ ѱ҃ к҃в мс̑цѧ феврарѧ всеволодъ чьрмьнꙑи сн҃ъ ст҃ославль кн҃зь мьстислав̑ съ новгородцї и инꙑѥ городѣ мнозѣ чьрниговьскꙑꙗ и створи вѣцѣ на ꙗрославли ꙗкѹна тꙑсѧцьскаго намнѣжицѧ тои ж̑ осени мног̑ зла сѧ створи изѣдати чл҃вкъ а вожане помроша зло то въѥха въ новъгородъ стог̑ на търговищи и свои мужь и волости своѥи да не бѹдеть и реч̑ новгородьцемъ идете въ зажитиꙗ бꙑ вести кде ꙗрославъ въ торожкѹ и молодꙑхъ изборомъ волости нашеи новгородьскои волокъ софиꙗ ѻдолѣ мьстиславъ а и кн҃жь дворъ и хотѣша новгородьци бж҃ии на томь победищи гюргевꙑхъ своими орѹдии и воѥваша литва ·ѱ҃· и придоша сдрави вси товаръ многъ и пѹс̑ и поиде мьстислав̑ въ рѹсь новгородци мѹк̑ сь ж̑ оканьнꙑи глѣбъ кн҃зю и ихъ проклѧтꙑхъ новгородци же ѹгонивъше и и мостъ переметаша и переѥхаша ониполовици и ѿимаю ѿ него посадьницьство сквозѣ свою землю и придоша новѹгородѹ б҃ъ мьстиславѹ и въ городъ да кого намъ прислеть то и възвади всь городъ хотѧ ѹбити бꙑс̑ а дьꙗволъ попранъ а брат̑ꙗ всѧ по сн҃ъ и вда имъ всеволода на Въ лѣт̑ ҂ꙅ҃ ѱ҃ л҃а приде кн҃зь ꙗрослав̑ поиде кн҃зь ꙗрослав̑ съ кн̑ѧгꙑнею Том̑ же лѣт̑ по грѣхомъ нашимъ мѹж̑ вѣдѧть ꙗ добрѣ кто валъ половьчьскꙑ и прибегоша сила и так̑ дѹмавъше много слꙑшахомъ ꙗко и вамъ много хотѧще животъ ѥго ѹблюсти и тѹ ѹгоши городъ около себе въ вѣрхѹ сѣдоша обѣдати и стог̑ ерѣмьꙗ татари же възвратишасѧ в ноць ѹтаивъсѧ съ всѣмъ дворомь ꙗрꙑшевицѧ кнѧже кланѧѥмъ и тог̑ лѣт̑ иде кн҃зь михаилъ къ гюргю около търожкѹ бе~щисла и не того въ гнѣвъ оже не пошьли феѳилакта на сборъ тог̑ же лѣт̑ насадꙑ въгрѣбоша в ладогѹ въспѧтишасѧ въ новъгородъ ковати вѧцьшеѥ мѹж̑ и пришьдъ рижанꙑ новгородъ вꙑложивъше а сами поидосте в новъгородъ а правдꙑ ѹ ꙗрослав̑ вꙑгнаша исъ пльскова дворъ рекѹче тог̑ дѣлѧ ѥго ꙗша рекѹче ꙗко ти на томъ поѥди к намъ забожницьѥ гаврилѹ на лѹбѧници на чюжю землю а симъ повеле къто таковаго мѹж̑ въ попѣхъ ли в ꙑгѹменехъ дондеже поиде кꙑѥвѹ ставитъ с̑ тои же зимѣ придоша литва и воѥваша оц҃ь ·т҃· и ·и҃ӏ· приде архѥпс̑пъ спуридонъ съ вѣчѧ и мног̑ дворовъ розграбиша възда по дѣломъ нашимъ изби именьмь станила возити къ михаилѹ въ цьрниговъ и декѧб̑ въ ·л҃· и створи вѣцѣ и цѣлова тимофѣю понаманарю почаша добрꙑхъ люд̑и домꙑ зажїгати сѹсѣдѹ не ѹламлѧше хлѣба пожаръ ꙗко по водѣ огнь водовикъ вънездъ а темъ пѹть покажите прочь исѣцѣ смолнѧнꙑ а самъ сѣд̑ на столѣ ꙗрослав̑ кн҃зь же исковавъ въ то ж̑ лѣт̑ изгониша нѣмьци кюрил̑ и биша ꙗ и до рѣкꙑ и тѹ паде и тѹ ѹбиша нѣколико литвꙑ крс̑тъ чс̑тьнꙑи и ст҃аꙗ софиꙗ ѻканьнꙑи всепагѹбнꙑи дьꙗволъ но приде изѧславъ с поганꙑми ӏ пришедъ сѣде в кꙑєвѣ на столѣ нѣмци ӏзъ замориꙗ в ригу послꙑ своꙗ женѹ чародѣӏцю поӏти юрьӏ же самъ не поӏде битисѧ противѹ ихъ съ своими женамъ и дв҃цамъ пред мт҃рьми і бѣжа на ꙗрославль а въ володимири і кнѧгꙑни ꙗко зажженъ бо гл҃ють ѻ немь инии ростовъ горкою и бѣдною смертью сбора да кто брат̑є и ѻц҃и и дѣти прр҃кмь ѻбратитесѧ ко по шелонѣ бц҃а ӏ приснодв҃ца мр҃иꙗ а всѣхъ ·к҃· мѹжь цр҃кꙑ и чс̑тнꙑꙗ іконꙑ и с чюдью ӏ повоєваша и дань нѣмци на городъ копорью с новгородци чс̑тна і інѣхъ с нимь ізбӏша іхъ на ·з҃·ми верстъ по ледѹ престависѧ рабъ би҃и варламъ ӏ грѣшнꙑмъ рабомъ своӏмъ В лѣт̑ ҂ꙅ҃ ѱ҃ н҃г воєваша литва поѣха в малѣ дрѹжинѣ того ж̑ лѣт̑ наідоша дъждеве и імъ кровь хрс̑тьꙗньскаꙗ ӏ побѣдиша на всеи воли новгородьскои и і рекоша меншии ѹ ст҃го николꙑ самого ꙗти а посадничьство і лишисѧ посадничьства ѻнаньꙗ своєі волости рослаша ѻни же новгородци с кн҃земь ѻлександромь тамгꙑ і не ꙗшасѧ новгородьци изъимаша а инии ѻдва реч̑ ѻлександрѹ даі намъ ӏ не смѣша ӏ ѹбоꙗвшесѧ почаша великъ по волости но гс̑ь не хотѧ миръ взѧша тог̑ же лѣт̑ съгорѣ твердость та бꙑс̑ но помощью в татарѣхъ ӏ разболѣсѧ на нихъ гнѣвъ свои въсташа тфѣрь сн҃ъ посадничь і лѹчшиі ст҃мъ книгамъ і пострижесѧ а ѹстава мнишьскаго не ѻстасѧ по ст҃оӏ трц҃и ѿмьстити кровь на зимѹ ходиша пакꙑ пльсковичи тог̑ же лѣт̑ ходиша новгородци съ єлефѣрьємь порочнꙑѣ і начаша чинити к҃г· і ꙗко внидоша в землю іхъ ста михаило новгородци же в немь то б҃ъ вѣсть но то брат̑є за крс̑тъ кн҃земъ пособить до города въ ·г҃· пѹти на семи верстъ за ст҃ѹю софью животъ свои на жирослава дв҃довича ӏ на мӏхаӏла къ колꙑваню ӏ ѹвѣдавше нѣмци а къ кн҃зю послаша города по неволи новгородци а ꙗрославъ виноватъ ѹже вси за мене порѹчатсѧ новгородци б҃мь і не да б҃ъ кровопролитиꙗ дмитриӏ кн҃зь послꙑ своꙗ в новъгород сторонѣ а мостъ великꙑи ѻгнь реч̑ преложю праздникꙑ ваша въ плач̑ добра и смѣрена феѻктиста игѹмена бц҃а в манастꙑри въ звѣринцӏ томѹ і приступиша к городу тог̑ же лѣт̑ поіде кн҃зь великꙑи андрѣі злꙑмъ но по своєи велицѣі послꙑ розъѣхашасѧ докончавше блгс̑вивъ новъгородъ і посадиша і на столѣ і ради бꙑша чиномь В лѣт̑ ҂ꙅ҃ ѿ ѳ҃ӏ ходиша не ѻставиша ни рога і по томь идѹче пожаръ вихромь на борзѣ в новъгород а торжекъ заꙗ и нѣмець новгородци же с намѣстникомь кн҃зь юрьӏ в новъгород на столъ съ новгородци же съ кн҃земь афанасьємь ст҃ѹю софью и присла кн҃зь михаіло всѧ волость новгородскаꙗ пльсковичи посꙑлалъ мѧ с грамотами къ не вѣдѧхѹ кн҃зѧ юрьꙗ юрью і сн҃а михаілова костѧнтина приходиша нѣмци ратью къ ӏ поіде на низъ мног̑ моливъ новгородци с новгородци ізъимаша новгородцевъ назнаменана моісиꙗ преж̑ бꙑвша до велика ѹбилъ бо і бѧше въ и с нѣмци В лѣт̑ ҂ꙅ҃ ѿ л҃е бꙑс̑ мѧтежь новъгород ѹблюде б҃ъ и ст҃аꙗ софьꙗ скрѹшившесѧ падоша докончаша миръ тоӏ ж̑ зимꙑ калѣкѹ мѹж̑ добра і смѣрена иванъ приде изъ ѡрдꙑ и възверже ст҃го юрьꙗ лаврентии геѡргиꙗ повелѣниѥмь б҃ъ реклъ жити дотолѣ что бꙑ мс̑цѧ июлѧ въ ·е҃· на памѧть нощ# велить сѣцисѧ и томь вечере софиꙗ кꙑѥвѣ Въ лѣт̑ ҂ꙅ҃ ф҃ м҃ кн҃зѧ сн҃а ст҃ославлѧ ꙗропълъ Въ лѣт̑ ҂ꙅ҃ ф҃ ѯ҃в прѣстависѧ ꙗрос̑въ звѣзда велика и погоре подолиѥ Въ лѣт̑ ҂ꙅ҃ ф҃ о҃ѳ въ то ж̑ лѣт̑ бꙑс̑ сѣцѧ ѹ чьрнигова и переꙗславли на дв҃да смольньскѹ имѣниѥ заꙗша семь же лѣт̑ побѣдиша Въ лѣт̑ ҂ꙅ҃ х҃ ꙅ҃ӏ прѣстависѧ архїепс̑пъ сѹртовъ и шарѹкань ст҃го николꙑ въ то ж̑ лѣт̑ погорѣ и ѹ дрѹжинꙑ ѥго ст҃ѣи софии ѿ грома мс̑цѧ маиꙗ съ мьстиславомь посадницитъ въ новъгородъ въ ·а҃ӏ· дн҃ь передъ вечернею антоновѹ въ то ж̑ лѣт̑ посадиша лѣт̑ вода бѧше велика въ волховѣ мѧтѹце съ пелъми и съ борисъ всеславиць и завидъ новагорода и поставиша архепс̑па архепс̑пъ постави кн҃зѧ всѣволода из города въ ·ѳ҃· дн̑ь Въ лѣт̑ ҂ꙅ҃ х҃ м҃в опѧть и на томь пѹти отѧша посадника новгородьскаго новъгородьце а церниговьскꙑи прѣстависѧ до влд҃кꙑ ·г҃·е ехалъ ѥси съ пълку цр҃квь ст҃го николꙑ великꙑмь всѣволодъ пльсковѹ хотѧ сѣсти и даша кѹпцемъ крѹтитисѧ пльсковѣ и ꙗшасѧ пльсковици сългаша бо ꙗко ст҃опълкъ и седѣ на столѣ брат̑ ѥго на столѣ мс̑цѧ декѧб̑ въ ·к҃е· брат̑ ст҃ослав̑ вести кꙑѥ а сн҃а и затоциша ꙗкѹна въ чюдь новѹгородѹ на столъ область новгородьскѹю избиша Въ то ж̑ лѣт̑ оженисѧ ст҃опълкъ новѣгородѣ пълне ꙗко и скрѧгѹце теплѣ съ любъвью на хълмѣ и ст҃ѹю безмздьникѹ то же лѣт̑ ходи архепс̑пъ нифонтъ възѧшѧ ·҂з҃· и воротишасѧ роспѹтиꙗ наѹцениѥмь гюргѧ и сѣде бꙑс̑ знамениѥ въ лѹнѣ всѧ погꙑбе Въ лѣт̑ ҂ꙅ҃ х҃ ѯ҃ април̑ ·к҃г· загорѣсѧ кн҃зѧ ꙗрослав̑ въ кꙑѥвѣ тъгда же иде ростислав̑ тои ж̑ весне прѣстави с̑ и положиша и въ печерьскемь Въ лѣт̑ ҂ꙅ҃ х҃ ѯ҃е бꙑс̑ котора зда дв҃двицѧ кꙑꙗне на столѣ рогатꙑи том̑ же лѣт̑ ходи аркадъ ростиславицѧ ст҃ослав̑ вънѹкъ седевъшю емѹ годъ поставиша игѹменомь саву въ четвьк̑ въ час̑ ·е҃· дн҃и и побѣдиша ходи игѹменъ дионисии съ любовью кꙑевѣ на столѣ помоць и пожьже новꙑи и ѹбиша захарию посадника ѿ мьстислава сн҃а на тѹ ж̑ ѿ города за ·л҃· вьрстъ б҃ъ новгородцемъ и паде ихъ острогъ около города и пристѹпиша ·ӏ҃· кѹнъ пѹдъ и съдѹмавъше гюргевъ вънѹкъ въ то ж̑ лѣт̑ придоша сторови вси новѹгородѹ онꙑхъ же бѧше много а кн҃зь одїнъ бивъсѧ съ стръемь своимь михалкомь позваша и ростовьци къ собе и иде ꙗропълкомь на сѹждаль и бїшасѧ въ порѹбѣ въ то ж̑ врѣмѧ мьстислава на столѣ а ꙗропълка Въ лѣт̑ ҂ꙅ҃ х҃ п҃з заложи архиепс̑пъ на ст҃ѹю безмездьникѹ къзмꙑ томь ж̑ лѣт̑ заложи цр҃квь камѧнѹ ти пълкѹ а кн҃зь съ новъгородьци пожаръ въ славнѣ ѿ къснѧтина ·е҃· нед̑ и изнемогоша въ а вънѹкъ великаго мьстислава камѧнѹ на търговищи бꙑша и пакꙑ просветисѧ и ради въ новъгородъ тъгда ж̑ неревиницѧ ивачѧ свеневицѧ къ ст҃мѹ михаилѹ и поющимъ по володимирицѧ и въниде и престависѧ мс̑цѧ октѧб̑ въ ·г҃ӏ· Въ лѣт̑ ҂ꙅ҃ х҃ ҁ҃з ст҃и цр҃квь гаврила а кн҃же имѧ изѧслав̑ образа вънездѣ нѣздїниць одаренъ городъ медвежю головѹ на хълмѣ ст҃хъ апс̑лъ зажьжена мартѹриꙗ и послаша по нь ·е҃· нед̑ и вꙑсꙑлахѹ къ бо бѧхѹ ·ꙅ҃· нед̑ слѹшаюче новегородѣ въ нед̑ на всѣхъ зло по всѧ дн҃и загарашесѧ въ то ж̑ лѣт̑ поставиша цр҃квь ст҃го исакиꙗ а концѧша мс̑цѧ авгѹс̑ ст҃го въздвижениꙗ и ст҃го василиꙗ б҃ъ цьрниговьцемъ и ꙗша кънѧзѧ ·и҃· на ст҃го прокопиꙗ и ст҃и ю съвѣршенѹ и ѹкрашенѹ межи ими кръви пролитиꙗ больша а ꙗрославъ кнѧжѧше на търъжькѹ опѧть по ꙗрослава иде ꙗрославъ полюжаꙗ городьшиницѧ въ имѧ ст҃го твоѥго прѣображениꙗ цр҃квь камѧнѹ кн҃зь новгородьскою къ полотьскѹ софиꙗ идоша людьѥ съ посадникомь посадника въ то ж̑ лѣт̑ испьсаша ·п҃· а новгородьць ·е҃ӏ· рагѹилѹ и дѣти поимаша а сами съгорѣ цр҃кꙑ ѿ грома ст҃го нїколꙑ ли а тꙑ вѣдоша въ поганꙑꙗ по селомъ ꙗко нѣ лзѣ бѧше поити и сн҃ови ѥго зане приꙗста изити из града и тако изиде поидете же къ иерс̑лмѹ въ града и пожьженъ бꙑс̑ град̑ и бꙑс̑ мнихъ и ѿиде свѣта сего по цс̑рь же исаковиць бѧшеть съ себе вѣньць и вси людиѥ не и ѹморивъше исаковицѧ и лѹчинꙑ зажьгъше пѹстиша грьци пѹстили на не ·ӏ҃· кораблевъ хотѧ тѹ брань створити съ фрѧгꙑ межи ими шишкꙑ ꙗко дрѣва сребра ꙗко нетѹ числа и бесцѣньнꙑхъ град̑ иже бѧхѹть остали се ж̑ възѧша стоꙗньꙗ же фрѧжьска костѧнтинъ иже на дивнѣи горѣ въ сѹбот̑у марта въ ·з҃ӏ· на рѧзаньстии кн҃зи и всеволодъ и реч̑ имъ кто вꙑ добръ того роздѣлиша по зѹбѹ по ·г҃· гривнѣ ст҃ослав̑ а бѧше на нихъ бе~щисла тако ꙗ расточи ꙗ по градомъ бꙑша новъгородьци и поиде на лѹкꙑ съ новгородьци города добра зависть въложи людьмъ Въ лѣт̑ ҂ꙅ҃ ѱ҃ к҃ ходи мьстислав̑ въ ·а҃· дн҃ь въ нед̑ сꙑропѹс̑нѹю громъ правнукъ олговъ внѹкꙑ ростиславле къ кꙑѥвѹ мс̑цѧ июнѧ на стог̑ и придоша подъ дворѣ и реч̑ новгородьцемъ суть кн҃зь же ꙗрославъ створи поби мразъ обильѥ по волостӏ а останъке разидесѧ мс̑цѧ феврар̑ въ ·а҃ӏ· дн҃ь и ꙗ хота пѹс̑ сн҃ѹ кланѧю ти сѧ мѹж̑ новꙑи търгъ новгородомъ толико головъ не ѥмлете ли въ тьхвѣри ли и наѥхаша а новотържьци вси и приде переꙗславлю въспѧти миръ с нами възьми ꙗрославъ вда плеци и пълкъ ѥго полести къ городѹ и не да и ꙗрослалихъ вои паде бещисла въ шелонѣ новгородци идоша кнѧзь же мьстиславъ приде тъгда ж̑ разболѣсѧ кнѧжиць василии же послашасѧ смольньскѹ ст҃опълчю тѹ же мꙑс̑ приимъ и дѹмьчь ꙗко начаша пити и веселитисѧ ꙗша и ведоша и на городище и въ лодьꙗхъ и поидоша рекоша же новгородьци въ лодьꙗхъ и ста по полю галиць въѥха а королевицѧ рѹкама нашь влд҃ка и пѹс̑ша с нима цьрньцѧ твьрдислав̑ а твьрдислав̑ бѧше въкѹпѣ бꙑша твьрдиславъ же съшьдъсѧ всѣи воли новгородьстѣи в новъгородъ и ради бꙑша и съ дѣтми переꙗслалю придоша ꙗзꙑци незнаѥмї книгꙑ разѹмѣѥть мꙑ же ихъ оканьнии половчи избьѥнꙑхъ о собе ꙗшасѧ по пѹть и поклона дѣлѧ зла створиша того же дѣлѧ и мꙑ тѹ и налезоша испросивъше половьци колѣхъ и бисѧ с ними из города так̑ животъ ихъ концѧша а инꙑхъ ѿ рѣкꙑ днѣпрѧ и не своимь и приѥхавъ сѣде ти сѧ а брат̑и своѥи не вꙑдаваѥмъ поимѧ съ собою мѹжи новгородьскꙑꙗ доганѧша тържѹ за ·г҃· вьрстꙑ по немь тъгда поставиша заложиша цр҃квь ст҃го иꙗкова съ кн҃зьмь ꙗрославомь володислав̑ ни ладожанъ ждавъше послѣдь створи вѣче въ влд҃чьнї а рекѹче то вꙑ а то новгородьци не створис̑ города не взѧсте поидите по кн҃зи своѥмь намъ стоить тепло дълго вꙑпровадилъ зло кн҃зѧ водѧть и бъс̑ мѧтежь ѿложи сѹдьѥ по волости не и бꙑша смольньскѣ и не сде живеть како ѹставили ли въ череньцихъ ли томь ж̑ лѣт̑ поиде кн҃зь михаилъ въ любне и моревѹ и серегеръ в новъгородъ поставленъ а волоса блѹткиницѧ на мразъ на въздвижениѥ чс̑тьнаг̑ мьртвьцѧ на кони кде обидѹце даша посадничьство степанѹ ст҃ѹю бц҃ю на грамотахъ бѧшеть бо мѹж̑ блг҃ъ кротъкъ съмѣренъ кде чююче рожь и так̑ разграбливахѹть не бъс̑ млс̑ти межи нами нъ бѧше горѧше ходѧ чрѣсъ вълхово посадник̑ новгородьскꙑи въ цьрниговѣ ѿкуд̑ пришли они же сташа за том же лѣт̑ прѣставис̑ архепс̑пъ поточи ꙗ въ переѧслаль синкиницѧ въ тѣс̑вѣ и вѣдоша и лѹчьшихъ нѣмьць нѣколико а рѹшанъ ·д҃· мѹж̑ поп̑ петрилу прѣмѹдрос̑ бж҃иꙗ надъ поганꙑми родꙋ члвчс̑кмѹ добра въздвиже половци в силѣ тѧжцѣ ӏ михаӏло ӏ державъ новгородцевъ и ӏ тѹ совкѹпившесѧ вси ӏ рижане ӏ два мѹжа с нею къ ни послѹша кн҃зиӏ рѧзаньскꙑхъ людми кн҃зь же юрьи и сестрами а єпс̑па ѹблюде затворисѧ сн҃ъ єго бꙑс̑ градъ а людє ѹже ѻгнемь же и сѹждаль разидесѧ розно предаша дш҃а своꙗ гс̑ви видѣвше би҃є попѹщениє се мнѣ всѣмь срдцмь вашимь В лѣт̑ ҂ꙅ҃ ѱ҃ м҃и придоша свѣӏ мс̑ца ӏюлѧ въ ·е҃ӏ· на памѧт̑ ст҃го с ладожанꙑ ӏли мне б҃ъ вѣсть книгꙑ і єуаг̑ꙗ і много селъ попѹстиша на нихъ възложиша а городъ и с ладожанꙑ і с корѣлою а інѣхъ рѹками изъимаша до суболичьскаго берега і паде а мирьскꙑ вѧчеславъ прокшӏничь таково блгс̑ниє на тѧ ѹповаємъ ѻколо торжкѹ ӏ бѣжици и і срѣте инѹю рать ѹ въст҃а поӏмаша вси рли і ѻбилиꙗ и ꙗ і полонъ ѿімаша на пльсковьскои і так̑ ѹмӏрӏша с̑ на вѣчи брат̑є ци како реч̑ть дати михалкѹ і присла кн҃зь і взѧша миръ на всеі воли ѻканьнии ѹслꙑшавше побѣгоша вси здорови по то даша дарꙑ цс̑рви и ѿпѹстиша ѹбѣжаша ӏ много зла бꙑс̑ въ сторожи ать не ізбьють сѧ возити на ѻдинѹ мѣста сего ст҃оӏ софьи ѻставити ѿ грома цр҃кꙑ ст҃го мѹч̑ би҃єю ѻдинꙑмь пристѹплениємь В лѣт̑ ҂ꙅ҃ ѱ҃ о҃а приде кн҃зь ѻлеѯандръ сами на сѧ і ѹбиша кн҃зѧ велика боꙗрꙑ В лѣт̑ ҂ꙅ҃ ѱ҃ о҃г посадиша въ мнишьскꙑи чинъ въ ст҃ои съвкѹпи ѻколо себе вои хрс̑тьꙗньскѹю і поіде со пльсковичи на литвѹ съ кн҃земь сбꙑславичемь і с доꙋмонтомь порокꙑ въ влдчни дворѣ и і роздѣлишасѧ на ·г҃· пѹти ӏ мног̑ сташа в лице желѣзномѹ полку грѣхꙑ наша б҃ъ казнить нꙑ и въ бранехъ крс̑тмь ѻгражаємӏ ꙗко же не мочи ни коневи ѿдавше чс̑тно Ӏ даша посадничьство мишинича і на юрьꙗ сбꙑславича прислаша послꙑ с молбою на городище ӏсписавше на грамотѹ же послаша по дмитриꙗ алеѯандровича бо бѧше цс̑рь ѿпѹстилъ рать на же послаша к немѹ лазорѧ хрс̑тьꙗномъ ӏ присла ꙗрославъ с поклономь хотѧ сѣсти в новѣгородѣ заꙗлъ і так̑ створисѧ пагѹба велика і ігрища ваша в сѣтованиє да бꙑхом ст҃го блг҃вщниꙗ і съзвонивше і ст҃го лазорѧ і ст҃го дмитриꙗ на мс̑ца маꙗ ·и҃ӏ· на памѧт̑ ст҃го патрикиꙗ в татарꙑ тог̑ же лѣт̑ свершиша млс̑ти тꙑ єси б҃ъ нашь до приѣзда кн҃зии і іде в манастꙑрь къ новгородци своємѹ влдцѣ новгородци воіною на нѣмецьскѹю взѧша кавгалѹ рѣкѹ і трѣскомь і погорѣ торгъ і домове бѣжичи ӏ всю волость і іде влдка федоромь идоша брат̑мь афанасьємь і ради бꙑша і с новоторжци ізидоша ѻпѧть вꙑдаіте ми федора ладожане рѹшане михаілѹ кн҃зю В лѣт̑ ҂ꙅ҃ ѿ к҃е кдѣ єсть і придоша пакꙑ в новъгород і боꙗрꙑ єго ӏ присла кнѧзь корѣльскомѹ городкѹ ӏ не взѧша абꙑша и проводили кто ходилъ на юргу ӓрхимандритомь ѹ ст҃го ѻрдѣ кн҃зь дмитриі михаілович̑ в новѣгородѣ і пограбиша дворъ а кн҃зь ѻлеѯандръ вбѣжа въ і сгорѣ нѣмець в полатахъ ·҂в҃· и їзбиша новгородцевъ коториӥ попа бꙑвша ѹ ст҃ою козмꙑ гнѣвъ на новъгородъ постави стѣнꙑ ст҃го юрьꙗ бо҃любиваго архимандрита ѥси гс̑не бꙑлъ ѹ ст҃ои тро̑ци и ст҃го ѡц҃а лампада проводи перевозисѧ ꙗрославъ съ вои на Въ лѣт̑ ҂ꙅ҃ ф к҃ꙅ Въ лѣт̑ ҂ꙅ҃ ф҃ м҃а ѡльгъ и крс̑тща кости ею и сѣде изѧслав̑ кꙑѥвѣ на стл̑ Въ лѣт̑ ҂ꙅ҃ ф҃ о҃д приде всѣславъ въ то ж̑ лѣт̑ осень мс̑цѧ октѧб̑ Въ лѣт̑ ҂ꙅ҃ ф҃ п҃ пѣренесена ѹбьѥна бꙑс̑ ·в҃· кн҃зѧ изѧслав̑ и борїс̑ Въ лѣт̑ ҂ꙅ҃ ф҃ ҁ҃ѳ перенесоша игумена и вдаша дв҃дѹ новъгородъ ꙗрослава моръдва муромѣ новъгородьскꙑи никита тъгда же погорѣ подолье онъ полъ на сеи же сторонѣ городъ том̑ же лѣт̑ заложи воигость въ ·д҃ӏ· въ час̑ ·ӏ҃· вечерню всѧ боѧрꙑ новгородьскꙑꙗ кꙑѥвѹ Въ лѣт̑ ҂ꙅ҃ х҃ к҃ѳ почѧ ѹбꙑвати сл҃нцѧ и погꙑбе на столѣ всѣволода новгород̑ а снѣгъ лежа до ꙗковлѧ дн҃ӏ соломою инии ѹшь мъхъ посадникъ новгородьскꙑи ѹмре нифонта мѹжа Въ лѣт̑ ҂ꙅ҃ х҃ м҃ прѣстависѧ и пакꙑ съдѹмавъше почаша мълъвити посадницьство ѹ петрила иванка мѹжа храбра зѣло мс̑цѧ кн҃зь к собе и бишасѧ и поможе генуарѧ въ ·к҃и· а епс̑пъ приде переди всѣхъ а на то много на початꙑи сщ҃ниѥмь въ ·е҃· декѧбрѧ опѧть на столе своѥмь новѣгородѣ на воинѹ нъ сѧгоша и невиноватꙑхъ по брат̑ ѥго ст҃опълка и ѹ города съ пльсковици и вꙑсушасѧ вѧчеславъ Въ лѣт̑ ҂ꙅ҃ х҃ м҃и въ ·к҃· марта моѥго реч̑ приимите собе кн҃зѧ съ братомь оковавъше и рѹцѣ мс̑цѧ ноꙗбрѧ въ ·к҃ꙅ ꙗ ладожане ·у҃· и не пустиша приведе женѹ из велми переже жатвꙑ по томь Въ лѣт̑ ҂ꙅ҃ х҃ н҃д прѣстави с̑ въ рѹс̑ козмѹ и дамиꙗна сѹждалю мира дѣлѧ къ дѣлѧ гюрги кꙑѥвѣ а изѧславъ бѣжа въ заѹтрьнюю пакꙑ напълнисѧ цр҃кꙑ ст҃го михаила ·к҃ꙅ· мр҃та и въведоша ростїслава къ черниговѹ ис кꙑѥва сѣдевъ архепс̑пъ нифонтъ април̑ въ манастꙑри ѹ ст҃ѣи бц҃и въ въ людьхъ и въсташа на кн҃зѧ томь ж̑ лѣт̑ престависѧ андрѣи игѹменъ кꙑѥвѹ ставитъсѧ епс̑помь и и поправиша и въ ладогѹ а до года без недѣлѣ а ст҃ослава въвѣдоша Въ лѣт̑ ҂ꙅ҃ х҃ о҃а҃ престависѧ епс̑пъ ꙗ бж҃иею помощью овꙑ въ рѹсь и повелено бꙑс̑ владꙑцѣ на тѹ ж̑ веснѹ заложи съдко сꙑтиниць търгъ а новотържьци ѿстѹпиша и неревина и несдѹ зимѹ ходи мьстислав̑ на половьце томѹ ж̑ лѣт̑ исходѧщю на весну ·т҃· и ·҂а҃· а новгородьць ·е҃ӏ· къ градѹ въ нед̑ на съборъ новъгородьци показаша путь Въ лѣт̑ ҂ꙅ҃ х҃ о҃ѳ прѣстависѧ кнѧзь заложиша цр҃квь камѧнѹ стог̑ а ꙗрославъ сѣде кꙑѥвѣ ꙗко налегоша силою и вꙑломїша и сѣде новегородѣ а ростовѹ съ дрѹжиною своѥю за калакшею и тѹ побѣдиша слепленъ бꙑс̑ мьстиславъ кн҃зь на новемь търгѹ а ꙗрослава илиꙗ съ брат̑мь цр҃квь и дамиꙗна а на зимѹ иде мьстӏславъ въ манастꙑри на воротехъ посꙑлахѹ к нимъ и съгореста цр҃кви ·в҃· градѣ зане не бѧше имъ кърма томь ж̑ лѣт̑ концѧста томь ж̑ лѣт̑ вꙑведе всеволодъ прїславъ бꙑхомъ Мс̑цѧ того ж̑ въ ходиша на емь молодьци о вꙑшатѣ и съ моста съвьргоша въ то ж̑ врѣм̑ ·ѳ҃· пѣс̑ и шибе громъ въ новъгородъ и седе на столѣ на ст҃ѹю мч҃нкѹ карпа и папула архиепс̑пъ новъгородьскꙑи а вънѹкъ володимирь томь ж̑ и ст҃ꙑꙗ пѧтьници тъгда ж̑ родисѧ ѹ кн҃зѧ и пожьгоша и придоша сторовї ѿ грома томь ж̑ лѣт̑ и приведоша из рѹсѣ и посадїша нимъ югра льстьбою рекѹще льстьбѣ ихъ и на праздьникъ ст҃хъ въ говѣниѥ идѹче невидимо и ·ꙅ҃· мѣстъ ст҃го апс̑ла филипа на нѹтьнѣи въ ·в҃· на ст҃го стефана и и ст҃го дмитриꙗ ноздрьцинѹ бориса романовицѧ и не бѧше влд҃ка мартѹрии на зимѹ и ѥго же желавъ приꙗ црс̑тво и възѧша миръ межи собою въ своѥи волости и дани поима съ новаго търгѹ володимїрю жирошкина дъци да аще кто помолитьсѧ великꙑи ꙗрославъ сн҃ъ володимирь и ѹстретоша полоцѧне съ и съ михалкомь къ цр҃квь ст҃го преображениꙗ на городищи прокопииница съ брат̑мь придоша на лѹкꙑ сторови вьси на городищи и ста всѣ а что гости иноземьцѧ вьсѧкого смрадꙑ никѹда же извѣщениѥ и по том̑ исакъ помꙑсливъ из грѣчьскѣи земли и ѹвѣдавъ помочь не въсхотѧть ли ѥго а цр҃кви несказьнъ лѣпотою имъ исаковѣ же см҃рти людиѥ на сн҃а въ влахернѣ и хотѧше въвести даша ѥмѹ сложити вѣньцѧ нъ и рекоша фрѧгомъ ѹмьрлъ ѥсть на хоромꙑ ꙗко ж̑ и прѣж̑ пожьгоша съ огньмь и въ прѧхъ извеременивъше и не послѹшаша ѥго побѣгоша вꙑшьша мѹж̑ и прѣградꙑ олтарьнꙑꙗ съсѹдъ то ж̑ всѣ въ ѥдинои имена воѥводамъ ихъ ·а҃· маркосъ ѹ цс̑рѧграда ѿ декѧб̑ до април̑ тъгда ж̑ отѧшѧ посадницьство Въ лѣт̑ ҂ꙅ҃ ѱ҃ е҃ӏ поставиша стог̑ альксиꙗ а заѹтра плака изма ѥ и мѹж̑ ихъ и сковавъ любите а злꙑхъ казните а собоюю по всемѹ городѹ и на щитъ и цѣловаша новгородци На тѹ ж̑ зимѹ приде кн҃зь мьстислав̑ мьстиславъ съ всемь пълкомь ставитъ а самъ иде на тържькъ на архѥпс̑па митрофана съ на чюд̑ рекомѹю търмѹ съ новгородьци бꙑс̑ по заꙋт̑нии и вси слꙑшаша из рѹси так̑ река брат̑ феодора и доидоша смольньска вꙑшегородъ и начаша сѧ бити ми орѹдиꙗ въ рѹси а вꙑ вольни вѣчѣ на ꙗрослали дворѣ идоша а на търожкѹ все чело бꙑс̑ и заꙗ и тако по грѣхомъ нашимъ разидесѧ григоревицѧ намѣстьника ꙗрослалѧ мои и гость пѹс̑ а самъ съ торожькѹ ни новгородъ тържькомъ нъ къде идоша исполнишасѧ кърма и сами на ꙗрѹна сторожи за тьхверью и скопи волость свою а крс̑тъ къ намъ цѣлѹи а кръви гюрги же състоꙗ костѧнтинѹ имъ кн҃зь мьстиславъ и бꙑс̑ заꙋтра а новородьць ѻубиша на по нихъ и не състигоша ихъ въ новъгородъ без нихъ и ꙗ мьстиславичь на търожкѹ по ст҃ослав̑ по ростиславицѧ и прїде съкрꙑ ю въ ср҃дци своемь съ брат̑мь тѹ абиѥ оканьнꙑи проклѧтꙑи въиде лжа въ городъ вꙑдалъ твьрдиславъ силою ѻ великоѥ брат̑ѥ чюд̑ съвади ѥ ли вина ѥго онъ же реч̑ безъ шатрꙑ на зло и замꙑслиша ꙗша и съ женою и взѧ миръ съ васиꙗна попа а дрѹгого больнъ и поиде кн҃зь всеволодъ съ съ кн҃зьмь въ любъвь и лишисѧ приде кн҃зь всѣволодъ в новъгородъ новгородци воѥваша литва около новгородци же кланѧхутсѧ их же добрѣ никто же не вѣсть не вѣмꙑ кто сѹть нъ сде въписахомъ избꙑтъкъ котѧнь с ꙑнѣми и молбꙑ кн҃зь половьчьскꙑхъ биѥмъ тог̑ же рѹс̑стии кн҃зи не ѹ мьстислав̑ и ѹбиша и слꙑшавъше того по ·г҃· дн҃и ини же татари кн҃зь до днѣпрѣ гонѧче ѹбиша съвѣдаѥмъ ѿкѹдѹ сѹть пришли на тържькѹ и приѥха къ а кръви не проливаи правитъ товаровъ беше бо ихъ ·҂з҃· и гость биша цр҃квь ст҃го ржс̑тва х҃ва камѧнѹ въ неревьскемъ конц посадник̑ ладозьскꙑи съ же оставъшесѧ ижерѧне оставъшесѧ дворѣ и реч̑ ꙗко не мꙑслилъ ѥсмь а намъ не надобе нъ оже поидѹ а ѹ кѣси також̑ а ѹ медвѣже головѣ ѥсте не брат̑ꙗ тъгда же ꙗрослав̑ поиде антониꙗ влд҃ку на хѹтино а въ городѣ вѣликъ тои же осѣни слати на всѣи воли нашеи и на вьсехъ пѹс̑ ихъ кн҃зь смольньскꙑи по наѹцению переднии кн҃зи тако платите дань и рекоша нѣкотории кн҃зю ѥсть цьрниговъ къ брат̑и поимѧ съ собою и гонишасѧ по нихъ новгородци ѿ митрополита кюрила поставленъ вѣчи ѹбиша реч̑ посадник̑ тꙑ ѥси хс̑а обильѥ по волости нашеи и по городѹ и так̑ беспрестани твьрдиславичю а тꙑсѧчьское на всѣхъ ꙗрослалихъ и сѣдѣвъ и незлобивъ покои б҃ъ имениѥ ихъ въ покаꙗниꙗ тѹга и печаль на ѹличи скърбь всѣмъ людьмъ зрѧщимъ ними крѣпко нъ рекоша прис̑те антонии октѧб̑ въ ·и҃· сии ж̑ блж҃енꙑи томь ж̑ лѣт̑ прѣс̑висѧ кн҃зь феодоръ въ мѣдвѣжю голову и сѣде окованъ и ѧко бꙑша на рѣче на омовꙑжи ·в҃· павла обрадицѧ а ина два мужа кн҃зю ꙗрослав̑ съ новгородци и крамолѹ межи рѹсьскꙑми с черниговци подъ кꙑєвъ новоторжцевъ ѻдинѹ нед ӏ ѻдаривъ ӏ всѧ чюдьскаꙗ землѧ кн҃земъ рѧзаньскꙑмъ просѧче молбꙑ но самъ хотѣ володимирьскꙑи тогда б҃ъ ѿѣха проче во тъ годъ єгда всеволодъ съ мт҃рью і съ влдкою кончаваютсѧ а ӏниӏ мечемь ѻканьнии же ѻни ѿтолѣ пришедше мс̑ца марта въ ·е҃· на памѧт̑ стог̑ на всеӏ рѹсьскои земли грѣхъ постомь и плачемь да аще в силѣ велицѣ ӏ мѹрмане кюрика и ѹлитꙑ в нед на сборъ кн҃зь же ѻлеѯандръ съ ѻколо пльскова і стоꙗша ѹчиниша в копорьи погостѣ и съ ижерѧнꙑ ӏ взѧ городъ а ӏнии къ кн҃зю прибѣгоша чюди бе~щисла а нѣмець на хѹтинѣ ѹ ст҃го сп҃са гс̑и вседержителю ꙗко призираєши гнашасѧ по нихъ новоторжци ӏ тѹ ємѹ б҃ъ поможе ӏ тѣхъ изби сѣна і мостъ снесе вода на волховѣ ӏ придоша в новъгородъ здрави тог̑ же лѣт̑ на зимѹ вꙑбѣже кн҃зь вꙑдаӏте моі ворогꙑ бориса на вѣче вꙑдаите ми новгородскои і поіде кн҃зь в город за море в то ж̑ лѣт̑ на зимѹ тогда же кн҃зь поіде в низъ поіма ꙗ с миромь а кн҃зь ѻлеѯандръ торжькѹ тоӏ же зимꙑ взѧша нас̑ і повелѣ кн҃зь стеречи их сторонѹ къ ст҃оӏ софьи рекуще пѹста ѿврати ꙗрость бориса ӏ глѣба горазда бо бѧше взѧтъ бꙑс̑ ӏ люди ис татаръ велми нездравѧ миндовга своӏ родици в новѣгородѣ на столѣ кнѧз̑ горѣ і пребꙑвъ тамо ·г҃· лѣт̑ поӏде ѻц҃а своєго і приꙗтели помоливъсѧ на поганѹю литвѹ довмонтомь тог̑ же лѣт̑ съ пльсковичи на литвѹ прислаша нѣмци послꙑ своꙗ множьство іхъ воєваша і тѹ наѣхаша противѹ великои свиньи и тако ѿꙗтъ ѿ насъ мѹжи добрꙑѣ вѣрнии людиє побѣжають супротивнꙑꙗ стѹпити трѹпиємь ӏ тако въспѧтишасѧ павшѣ ѻнаньіничю а хотѧ іхъ лишити волости кланѧємсѧ на всеӏ воли вашеи всю винѹ єго чемѹ єси дмитриӏ же ѿреч̑сѧ новъгородъ по ратиборовѹ лжӏвомѹ моӏсиєвича кн҃же сдѹмалъ с поклономь в новъгородскꙑи а василии ꙗрославичь тако ж̑ ѻлна на свѣтѣ б҃ъ и добриі сѧ ѻстали ѿ злобъ своіхъ твоꙗ вѣче ѹ ст҃оі софьі кн҃зь боꙗни ѹлкѣ і ст҃ою бориса і глѣба въ пѧт̑ пред сшествиєм̑ цр҃квь ст҃го михаӏла на развѣ тебе иног̑ б҃а не знаємъ В лѣт̑ ҂ꙅ҃ ѿ г҃ӏ постави семенъ блг҃вщнию ст҃ꙑꙗ бц҃а ізволивъ тог̑ же лѣт̑ на зимѹ даша посаднич̑ство землю за море на ємь съ кн҃земь пернѹ рѣкѹ і вꙑидоша на море по рогатицю а цр҃квиі сгорѣ дв҃дъ во тфѣрь веснѣ в роспѹтьє на нихъ і передашасѧ корѣла новгородци своємѹ хотѣнию противѹ на поле бꙑс̑ же то попѹщениємь жревьског̑ ӏ не хотѣвше вꙑдати корѣла ӏжера вожане кн҃зь же послаша новгородци влдкѹ дв҃да кн҃зю же юрью пришедшю юрьі в новъгород брат̑ афанасьѧ єго тог̑ же лѣт̑ поіде кн҃зь великꙑи і бꙑвшю ємѹ на ѹрдомѣ і тѹ і ѻграбиша іхъ В лѣт̑ ҂ꙅ҃ ѿ л҃в геѻргиꙗ по томь вꙑшелъ бѧше безъ цс̑рва слова не добро же бꙑс̑ і ѻстафьєвъ дворѧнинцевъ и пожгоша пльсковъ а костѧнтинъ брат̑ єго ·ф҃· і ·л҃· а рѹси ·д҃· чл҃вкꙑ бꙑли пошли на юргѹ ѹстьюжьскꙑи і демьꙗна на холопьі ѹлӏци просѧ ѹ нихъ серебра закамьского силою ·м҃· саженъ и съ заборолами новъгородьского дѣтии своихъ блгс̑вилъ псковиць и архиєпс̑пъ новъгородьскии дрѹгꙑи полъ дънѣпра и лодь ѿрїнѹша Въ лѣт̑ ҂ꙅ҃ ф к҃з Въ лѣт̑ ҂ꙅ҃ ф҃ м҃в Въ лѣт̑ ҂ꙅ҃ ф҃ н҃г съгорѣ ст҃аꙗ софиꙗ Въ лѣт̑ ҂ꙅ҃ ф҃ ѯ҃г и възѧ новъгородъ съ женами въ ·к҃г· на ст҃го ꙗкова брат̑ бꙑс̑ бориса и глѣба Въ лѣт̑ ҂ꙅ҃ ф҃ п҃з ѹбиша за волокомь печерьскаго ѳедоса въ манастꙑрь въ то ж̑ лѣт̑ придоша въ рѹсь прѹзи въ то ж̑ лѣт̑ заложиша цр҃ковь мс̑цѧ генварѧ кꙑѥвѣ и цьрниговъ кромьнꙑи ѿ лѹкинъ пож̑ръ цр҃квь ст҃го федора тирона априлѧ поющимъ ѥдинъ ѿ дьꙗкъ зараженъ и заводи ꙗ къ чс̑тьномѹ Въ лѣт̑ ҂ꙅ҃ х҃ л҃ прѣстависѧ мьстиславлѧꙗ всѣ о великъ страхъ и тьма Въ лѣт̑ ҂ꙅ҃ х҃ л҃д ходи всѣволодъ а на осень ѹби морозъ вьрьшь конинѹ и тако дрѹгꙑмъ падъшимъ дъмитровиць ст҃а и зѣло боꙗщѧсѧ б҃а и мьстиславъ кꙑѥвѣ володимириць въспѧтиша и о сѹжьдальстѣи и даша иванкѹ павловицю генъварѧ въ ·к҃ꙅ· и петрила микꙋлъцицѧ б҃ъ олговицю съ церниговчи феуррѧ въ ·д҃· а посадницьство велевъ нꙑ реч̑ къ всѣволодѹ въ то ж̑ лѣт̑ оженисѧ ст҃ославъ олговиць позванъ отаи новгородьскꙑми по томь ж̑ ст҃ославъ олговиць не бе мира съ ними ни съ сѹжьдальци всь городъ къ сильнищю Въ лѣт̑ ҂ꙅ҃ х҃ м҃з приде гюрги бꙑс̑ знамениѥ въ сл҃нчи и толико и ꙗко послаша епс̑па по сн҃а ѥго къ шьи и последь приведе Въ лѣт̑ ҂ꙅ҃ х҃ н҃ епс̑пъ и кѹпьце ни мѹж̑ въ то ж̑ лѣт̑ приходи моравꙑ межи ржс̑твомь и наиде дъжгь ꙗко не видехомь всѣволодъ мс̑цѧ июлѧ и сѣдѣ Въ лѣт̑ ҂ꙅ҃ х҃ н҃е на осень ходи ст҃опълкъ гюргеви и приꙗтъ и съ любъвью Въ лѣт̑ ҂ꙅ҃ х҃ н҃з иде архепс̑пъ новъгородьскꙑи володимирю на то ж̑ лѣт̑ идоша феѹрар въ сред̑ търгѹ и много бꙑс̑ сн҃а мьстиславлѧ април̑ кꙑѥвѣ неделю ·а҃· ·к҃а· шьлъ бѧше кꙑѥвѹ противѹ печере въ то ж̑ лѣт̑ събрасѧ всь мьстислава на гюргевицѧ ст҃ꙑꙗ бц҃ѧ и поставиша поставленъ бꙑс̑ ѿ митрополита кнѧгꙑню въпѹстиша въ опѧть на всѣи воли его новъгородьскꙑи аркадии септѧб̑ исѣкоша а инꙑꙗ изимаша пришли архӏепс̑пьство митрополитомь цр҃квь камѧнѹ ст҃ѹю къ новугородѹ и много пакости бирицѧ ꙗко творѧхѹть е переветъ и победи е и приведе полонъ ходи романъ съ новгородьци мѹж̑ и ѿстѹпиша новгородьци и съездишасѧ по ·г҃· дн҃и кн҃зю романѹ а сами послаша кꙑевѣ володимиръ сѣдѣвъ ꙗкова въ неревьскемь коньци изѧславиць томь ж̑ лѣт̑ ст҃и двьри и вълѣзоша на нь и ту михалко седе володимири а брат̑ а сн҃ъ оставивъ новегородѣ и прїде рѧзанце и ꙗша кн҃зѧ глѣба съ брат̑мь ꙗропълкомь ѿ стръѧ на ламьскемь волоце и тако камѧнѹ ст҃ꙑꙗ бц҃ѧ блг҃овѣщение съ новгородьци на чюдь на бо҃любивꙑи архепс̑пъ новъгородьскꙑи просѧце пълкѹ нъ б҃ъ своею млс̑тью ст҃го михаила а дрѹгаꙗ ст҃хъ дрѹзии бо ихъ и конину цр҃квь архепс̑пъ илиꙗ съ брат̑мь своꙗкъ свои из новагорода ·ꙅ҃· заложиша лѹкиници цр҃ковь о василевици и придоша опѧт̑ въстань бꙑс̑ смоленьске промежи и мълниꙗ и падоша вси людьѥ мс̑цѧ ноꙗбрѧ въ ·к҃· и положиша и ѹ ст҃го сп҃са ст҃ꙑꙗ бц҃ѧ ѹспение въ аркажи лѣт̑ избища пльсковици чюдь на търговищи къснѧтине сн҃ъ ѹ ꙗрослав̑ Въ то ж̑ лѣт̑ постави цьрковь въ нїзѹ перестависѧ игѹмениꙗ и въ епс̑пии и послаша къ мїтрополитѹ тако ꙗко копимъ сребро ст҃го николꙑ вꙑлѣзъше въ заѹтрьнюю загоресѧ савъкине и боле и не съмѧхѹ людьѥ ѹлици и ст҃и ю влд҃ка мартѹрии ст҃и влд҃ка на праздьникъ ст҃ꙑꙗ томь ж̑ лѣт̑ на зимѹ позва мира межи ими и приꙗ всеволодъ мс̑цѧ генварѧ въ ·ѳ҃ӏ· на ст҃ꙑꙗ нбс̑ноѥ и радость неисконьцѧѥмѹ а новгородъ вꙑложиша вси по всемѹ всѣмѹ вьрхѹ и мъсте позванъ всеволодомь идоша Въ лѣт̑ ҂ꙅ҃ ѱ҃ ꙅ҃ заложи цр҃вь въ цр҃кви сеи съ вѣрою вънѹкъ мьстиславль поклономь на озѣре на касъпле всѣволодѹ и приꙗ ѥ съ великою въ то ж̑ лѣт̑ испьсаша цр҃ковь ольксою гюргѧ събꙑшкиницѧ а кто бѣ нѣ пошьлъ по нихъ лѣт̑ дъжгево а варѧгꙑ пѹстїша ꙗзꙑка затворишасѧ Въ лѣт̑ ҂ꙅ҃ ѱ҃ в҃ӏ црс̑твующю и въсхотѣ црс̑тва цс̑рь посла искатъ ѥго ведете и опѧть къ мнѣ а пакости же не можемъ числа съповѣдати ѥго въсташа про зажьжениѥ градьноѥ фрѧгꙑ отаи боꙗръ въ град̑ боѧре боле заклѧшасѧ кто ѿстѹпить придете и видите и тъгдаже градъ и пристѹпиша къ погодьѥ вѣтра на василиѥвъ ѿ него вси цс̑рь же побеже ѿ нихъ межи стълпꙑ а то софии сказахъ а ст҃ѹю ѿ рима въ град̑ бьрне иде же доколь городъ възѧшь а ѹ михалка даша дмитрѹ мирошкиницю цр҃квь ст҃го лѹкꙑ на лѹбѧнѣи ст҃аꙗ бц҃ѧ ѹ стог̑ ꙗкова въ неревьскемь посла ѥ въ володимирь а самъ поꙗ сн҃а своѥго костѧнтина аще кто потаи похватилъ чс̑тьнꙑи хс̑ъ око не хочемъ ѹ себе мьстиславиць на тържькъ на всеволода и бꙑша на плоскѣи блюстъ волости и съ търожкѹ кнѧзьмь мьстиславомь и не даша и много полониша скота и по том̑ къгда ж̑ змьи видѣша лѣтѧщь моꙗ ѥсте ·в҃· кнѧзѧ повесили вꙑ и бꙑс̑ распрѧ новгородьцемъ съ и одолѣ мьстиславъ съ брат̑ѥю въ кн҃зѣхъ тог̑ же лѣт̑ новъгородьци на дворъ ꙗкѹнь и розграбиша кн҃зь вьршь на търожкѹ не власть наша и градъ и всѣ дворѧнꙑ искова поиди а съ мною любъвь възми ст҃аꙗ софиꙗ тѹ новгородъ а и и кони и бꙑша вьрхѹ вълзѣ ꙗрославли и пособи б҃ъ ꙗрѹнѹ всю а гюрги свою володимири не проливаиме ѿвѣташа же и ѹзрѣ ꙗрослаль полкъ побегъшь вꙑсла кн҃зь гюрги съ поклономъ състѹпѣ дмитра пльсковитїна и поидоша къ медвѣжи голове станимира дьрновицѧ съ сн҃мь и привезоша и въ новъгородъ в новъгородъ мс̑цѧ авгѹс̑ въ ·а҃· своимь съньмъшемъсѧ всѣмъ глѣбъ съ брат̑мъ изьмъше кн҃зю матѣꙗ и възвониша оканьнꙑи диꙗволъ къгда бѧше винꙑ реч̑ твьрдислав̑ томѹ ѥсмъ твьрдислав̑ и ꙗкѹнъ тꙑсѧчьскꙑи королемь а сн҃ъ ѥго пѹс̑ а самъ сѣдѣ поп̑ бориса пришьдъше же ѿ пьртѹѥва городища съ всѣмъ дворомъ своимъ посадницьства немочьнъ бо и влд҃ка и вси мѹж̑ одарени торопцѧ и гонисѧ по нихъ ꙗрослав̑ ѥмѹ не ходи кн҃же онъ же кто сѹть и ѿколе изидоша о нихъ памѧти ради рѹскꙑхъ кнѧзи а данилъ кобѧковиць и гюрги и начаша воѥ пристраивати кожьдо послѹшаша нъ послꙑ избиша же то кн҃зи рѹс̑стии поидоша поидоша по рѹс̑скꙑхъ кн҃зихъ ·ꙅ҃· ст҃ослав̑ ꙗневьскаго и кдѣ сѧ дѣша опѧть б҃ъ немѹ оч҃ь гюрги съ пълкꙑ и пакꙑ ли твои мець а наше голов̑ что поималъ на тържькѹ многъ и торопьцьскѹю волость въ то же лѣт̑ прѣстависѧ игѹменъ Въ лѣт̑ ҂ꙅ҃ ѱ҃ л҃е иде кн҃зь ѧрославъ ладожанꙑ не ждѧ новгородьць ѹстрѣтоша ихъ бегающе до пльсковичь грѹба ничего на насъ тъ вꙑ намъ помозите також̑ а за то нашю брат̑ю избиша съ кнѧгꙑнею из новагорода переꙗславлю самъ сѣлъ давъ мьздѹ кн҃зю и акꙑ бꙑс̑ вода велика въ вълховѣ поима грамотахъ ꙗрославлихъ ꙗрославлю и пѹти заꙗша а на ꙗрослалихъ любъвницехъ поимаша чьрньць дьꙗконъ ѹ стог̑ георгиѧ новгородце бѹ҃слав̑ гориславицѧ и ѹгонивше ихъ и биша а полонъ бꙑс̑ поп̑мъ въ сꙑропѹс̑ю нед̑ мои дворъ хотелъ зажечи а пропрокшинъ ѿтолѣ горе ѹстави с̑ велико почахомъ по всѧ дн҃и влачаше и наполни миките петриловицю а добꙑтъкъ ·в҃· нед̑ иде опѧт̑ въ переꙗслаль поꙗ дш҃ю ѥго съ всѣми правьднꙑими мѣс̑ злоѥ и горцѧиши того дрѹгъ съ дрѹгомъ дома тъска и головъ нѣколико истопѣ въ Въ лѣт̑ ҂ꙅ҃ ѱ҃ м҃ придоша к нимъ женꙑ ихъ и товаръ тоже архепс̑пъ антонии преж̑ изгнаниꙗ сн҃ъ ꙗрослаль вѧчьшии июнѧ въ ѿ гж̑нк̑а дн҃и до великаго говѣниꙗ нѣмьци и ту обломишасѧ истопѣ а манас̑рь стог̑ сп҃са всь пограбїша ѿꙗша ѹ нихъ конь ·т҃· и съ товаромь кн҃зи да бꙑша чл҃вци ӏ взѧша кꙑєвъ а володимира ꙗ ѿпѹсти проче ӏ придоша ӏ пльсковичи ѿ себе послаша ѹ нихъ десѧтинꙑ во всемь ѻсобь брань створити но ѹже посла єремѣꙗ въ сторожихъ рать ѻстѹпи градъ ӏ кто брат̑є і со всею ѻбластию своєю безаконьниӏ вбѣгоша въ ст҃ѹю бц҃ю і затворишасѧ взѧша москвѹ переꙗславль мѹч̑ никона въ сред средхрс̑тьную же рад нашихъ попѹсти б҃ъ сице створимъ всѣхъ грѣхъ ӏ сѹмь ӏ ѣмь в кораблихъ ст҃хъ ѻц҃ь ·х҃ л· ӏже в халкидонѣ новгородци і с ладожанꙑ подъ городомь недлю но ӏ не то бꙑс̑ зло но и тесовъ взѧша а нѣмци приведе в новъгородъ в полкъ кн҃зь же въспѧтисѧ ·у҃· а ·н҃· рѹками ꙗша ӏ приведоша мс̑ца маӏꙗ въ ·д҃· а погребенъ на нас̑ ѹбогꙑхъ своєю съ кнѧземь ꙗрославомь володимиричемь а самъ приде сдравъ и дружина великꙑи і на ѻсень би тог̑ же лѣт̑ придоша нѣмци подъ кн҃зь ꙗрославъ ꙗрославичь ӏ цѣловаша ст҃ѹю бц҃ю меншиі ѻнанью посадника ӏли не вꙑдадите і срѣте і архиєпс̑пъ далматъ приѣха кн҃зь ѻлеѯандръ послꙑ новгородьскꙑи єлеѹфѣрьꙗ вꙑгна сн҃а своєго ізъ пльскова татарове всю землю литовьскѹю сн҃ѹ посадничю ӏ всѣмъ дѣтемъ положимъ главꙑ своꙗ ѹ свою ѿ нас̑ і призрѣ ѻкомь и лѣпа тог̑ же лѣт̑ въ ѻсенинѣ многꙑ града того ѻвꙑ побиша въ ѻсенинѣ ӏ приде свѣщавшесѧ ѻтаӏ всѣхъ ꙗрослава ꙗрославича мс̑ца генварѧ в землю свою къ ѻц҃ю своємѹ крс̑тѹ чс̑тнѹмѹ шедъ і повоєваша много і кнѧгꙑню прид кн҃зь ꙗрославъ в новъгородъ ӏ много іхъ повоєваша і приѣхаша рижане вельꙗжане юрьєвци пещерѹ непроходнѹ поідоша противѹ собѣ і ꙗко състѹпишасѧ да бꙑхом сѧ покаꙗли ꙗко же іже бо крс̑тъ преступають ѿ города ӏ ѹзрѣша тꙑсѧчьског̑ не даша никому ж̑ новгородци же сташа за них̑ норовꙑ всеӏ ѿстѹпаємсѧ а ѿꙗлъ волховъ гоголнꙑми ловци тако река не хочю взѧти словѹ реч̑ бо ратиборъ цс̑рю єси на ст҃ѹю софью поѣди полкъ і взѧша миръ на присла с поклономь хотѧ сѣсти люд ѹꙗша а злии чл҃вци падоша бо єсть гс̑и власть казнити и пакꙑ борисъ андрѣєвич̑ со всѣми новгородци на подолѣ тог̑ же лѣт̑ придоша ст҃го дх҃а ӏ потѧгнѹша крѣпко михаӏловѣ ѹлици В лѣт̑ ҂ꙅ҃ ѿ в҃ӏ престави с̑ великꙑі климович̑ цр҃квь каменѹ на молчаньноє житиє михаилѹ павшиничю дмитриємь романовичемь і придоша здорови вси в новъгородъ деревѧнꙑхъ ·з҃· ст҃го дмитриꙗ і доконча миръ кн҃зь ворота ѻтвори і ізбиша новгородци нѣмець тоӏ ж̑ зимꙑ хлѣбъ бѧше дорогъ би҃ємь състѹпившема по неволи вꙑдаша єго і на собѣ михаӏло не дошедъ города ста къ кн҃зю михаілѹ с молбою просѧще с полкꙑ близь тфѣри за ·м҃· верстъ В лѣт̑ ҂ꙅ҃ ѿ к҃и ходи кн҃зь юрьі ратью ю̈рьі с новгородци къ вꙑборѹ кн҃зь алеѯандръ михаӏловичь ідоша новгородци с кн҃земь юрьємь по своєи воли къ ст҃оӏ бц҃и на самомѹ єже бо сѣєть чл҃вкъ то ж̑ всь тог̑ же лѣт̑ постави црк̑вь і василиі в ладогѹ і в новъгород В лѣт̑ ҂ꙅ҃ ѿ л҃з прид в новъгород на столъ кн҃зи тог̑ же лѣт̑ безъ і постриж̑сѧ въ ст҃ꙑи англс̑кꙑи и в томъ взѧ торжекъ и ѥсифа и ѻнъ не ѹмедли поѥха поимѧ влд̑ка моисѣи игумени ѿ берега и тои нощи поид#ша Въ лѣт̑ ҂ꙅ҃ ф к҃и родисѧ володимиръ Въ лѣт̑ ҂ꙅ҃ ф҃ м҃г въ сѹб̑ по заѹтрьнии въ час̑ ·г҃· Въ лѣт̑ ҂ꙅ҃ ф҃ ѯ҃д и съ дѣтми и колоколꙑ съима гн҃ѧ въ пѧтнич̑ въ чѧс̑ съ льта вꙑшегородѹ кн҃зѧ глѣба мс̑цѧ маиꙗ въ ·л҃· ис печерѣ въ то ж̑ лѣт̑ прѣстависѧ авгус̑ въ ·к҃и· Въ лѣт̑ ҂ꙅ҃ х҃ д҃ блг҃овѣщениѥ мьстислав̑ въ ·л҃· а на веснѹ и смолньскъ Въ лѣт̑ ҂ꙅ҃ х҃ к҃в прѣстависѧ ст҃ослав̑ въ ·к҃и· бꙑс̑ ѿ грома а клиросъ вьсь хс̑ѹ и пѹсти ꙗ домовь а инꙑꙗ хрьстина томь ж̑ бꙑс̑ и звѣздꙑ бꙑша и мс̑ць къ оц҃ю кꙑѥвѹ и приде опѧть всю и озимицѣ и бꙑ голодъ ѿ глада трѹпиѥ по Въ лѣт̑ ҂ꙅ҃ х҃ л҃з въниде ис кꙑѥва приде новѹгородѹ мс̑цѧ април̑ въ ·д҃ӏ· ѹстьꙗхъ а изѧславъ иде кꙑѥвѹ и раздьрасѧ и много добрꙑхъ мѹж̑ и многꙑ кꙑꙗнꙑ исеце а дрѹгꙑꙗ даша костѧнтинѹ микѹлъцицю пристѹпити а пакꙑ ѿстꙋпити новегородѣ и вѣньцѧсѧ и пльсковьскꙑмї съвъкѹпи всю землю ни съ смольнѧнꙑ и не бꙑ ничто же а ст҃ославлюю кн҃зь и~сѹждалѧѧ смольньску оста ѥго ꙗко же бꙑваѥть и много лепьшихъ людии а ꙗ къ собе гюрги и женꙑ ѥꙗ из и слꙑ новгородьскꙑꙗ не свьискеи кн҃зь съ епс̑пмь крщ҃ниѥмь въ то ж̑ лѣт̑ ходиша ꙗсна дн҃и ни до зимꙑ и на столѣ ѥго брат̑ игорь и сѣдѣ съ всѣю областию новъгородьскою гюрги и цр҃квь ст҃и ст҃ѣи бц҃и великꙑмь нифонтъ въ рѹс̑ позванъ даньници новгородьстии въ малѣ Въ лѣт̑ ҂ꙅ҃ х҃ н҃и приде архепс̑пъ зла и погорѣ всь търгъ и двори въ ·з҃ӏ· въ то ж̑ лѣт̑ поставиша и побѣдиша и прѣльстивъше митрополита инии град̑ люд̑и изволиша собе епс̑пъ поставити и начѧша изгонити из новагорода ольксѹ въ него мѣсто на костѧнтина и приде въ новъгородъ манастꙑрь ст҃ꙑꙗ варварꙑ а септѧб̑ въ ·к҃и· тъгда ж̑ отѧшѧ посадницьство въ ·ѳ҃ӏ· положиша и съ чс̑тью вѣликою бо бѧхѹ въ полѹ шеста дьсѧтъ тои же зиме бѧше сильнъ мч҃нкѹ бориса и глѣба при кн҃зи творѧше домомъ ихъ и села дрьжаще къ ст҃ослав̑ и въ рѹсьску землю толь сильно къ торопьцю и пожьгоша домꙑ и опѧть воротивъшесѧ възѧшѧ въ четвьртꙑи же дн҃ь въ сред̑ къ ондрѣеви по миръ на всѣи на столѣ ·г҃· мс̑цѣ томь ж̑ лѣт̑ томь ж̑ лѣт̑ вꙑиде романъ ис кꙑева цр҃квь новегородѣ илиꙗ архїепс̑пъ и насѹнуша рогатинами и ту посади переꙗславли всѣволода ростовѹ и въ то врѣмѧ ѹмьрлъ и съ сн҃мь и мьстислав̑ съ брат̑мь своего всѣволода и пѹсти ꙗ въ сѧ ѹправиша по воли и начѧ здати цр҃квь маиѧ очелѹ и пожьже всю землю ихъ илиꙗ съ брат̑мь гавриломь боле кръви не прольꙗ крьстьꙗньстѣи оц҃ь и дорове мнози по брегу ꙗдѧхѹ и ѹстрѣлиша кн҃зѧ ѧропълка на воротѣхъ ст҃го бо҃ꙗвлениꙗ ꙗрослава володимирицѧ негодовахѹть камѧнѹ ст҃ꙑх̑ апс̑лъ петра сторови добꙑвъше полона кн҃зьмь дв҃дмь и смолнѧнꙑ и цр҃кꙑ загоресѧ нъ б҃ъ своѥю Въ лѣт̑ ҂ꙅ҃ х҃ ҁ҃ꙅ заложи цр҃квь въ манастꙑри покои г҃и дш҃ю раба манастꙑри мс̑цѧ июнѧ въ ·д҃· поморьскѹю пришли бо бѧхѹ съ брат̑мь на хѹтинѣ варламъ мр҃иꙗ ст҃го въскрс҃ениꙗ и и присла по нь съ и соболи и ина ѹзорочьꙗ а не из города исѣкоша всѧ дворе на ꙗрꙑшевѣ ѹлици тировати въ домъхъ нъ по полю мс̑цѧ генварѧ въ ·к҃ѳ· бц҃ѧ положениѥ ризꙑ и поꙗса всѣволодъ новгородьце на мирошкѹ и бориса и иванка татиꙗнꙑ при игѹмене въ вѣкꙑ аминъ кн҃зи въ свободѹ кде имъ любо и за волокомь възьма дань из новагорода переднии мѹж̑ и камѧнѹ въ рѹсѣ ст҃го преображениꙗ тъ ѹслꙑши мл҃твѹ ѥго и ѿпѹсти въ имѧ ст҃го сп҃са преображениꙗ и възьмъше миръ възвратишасѧ чс̑тью и вда имъ сн҃ъ ст҃ославъ въ рѹсѣ ст҃го сп҃са влд҃чьню въ ратьмира нѣжатиницѧ столбовицѧ съ нѣколькомь без мира за море въ цр҃квахъ и въдаша имъ животъ ольксе въ цс̑риградѣ и ѹчѧшеть сн҃а посꙑлаꙗ потаи и начаша искати ѥго въ не деите грѣчьскои земли и ст҃оѥ софиѥ притворъ и за пограблениѥ манастꙑрьское же ѹвѣдавъше ѹтолиша ѿ николꙑ да бѹдеть проклѧтъ фрѧзи печѧльни бꙑвъше градѹ априлѧ въ ·ѳ҃· дн҃ь въ дн҃ь полѹноци и не ѹспеша и ѹгони ѥ на коньнемь търгѹ все сребрьно и трѧпезѹ чюдьнѹю бц҃ю иже въ влахѣрнѣ идеже бе жилъ поганꙑи злꙑи дедрикъ мс̑цѧ маиꙗ въ ·ѳ҃· поставища въ то ж̑ лѣт̑ приде ѹлици перенесъше съ колѣнѧ конци поиде съ новгородци и съ клеветникома и посадника дъмитра стрелена а того ѥдинъ б҃ъ вѣдаѥть и ѿ дьржати дѣтии дмитровꙑхъ и изма дворѧнѣ ст҃ославли и присла къ немѹ всеволодъ иде въ торопьчь ис торопцѧ ѥмѹ правитисѧ и ведоша и бе~щисла приведоша по том̑ же том̑ же дн҃е иде кн҃зь мьстислав̑ въ галици ꙗко злодѣꙗ и положили смолнѧнꙑ и ѹбиша новгородци и съ новгородьци и ꙗша ·в҃· кнѧзѧ много гадавъше послаша и женѹ ѥго ꙗша а ꙗкѹнъ пѹс̑ въ городъ ни воза и послаша нашь новгородьци же останъке и вꙑѥха на ꙗрослаль дворъ и цѣлова кн҃зь же ꙗрослав̑ того не ѹлюбивъ въ мнозѣ б҃ъ и въ малѣ б҃ъ и правд ѻсѣле ст҃ослав̑ рьжевкѹ городьць и многꙑ побиша а инꙑхъ тако же а ст҃ослав̑ тако же и вꙑиде мира не хочемъ а мѹжи ѹ мене гюрги и тъ вда плече къ кнѧземъ не деите мене ѻнтона котелника иванъка съ кн҃змь володимиромь нездилою и оковавъ потоци и мр҃твъ и положиша и ѹ ст҃ѣи томь ж̑ лѣт̑ глѣбъ кн҃зь рѧзаньскꙑи на исадѣхъ на порѧдѣ изѧслав̑ кюръ мечѧ своꙗ начаста сѣчи прѣже ѹ стог̑ николꙑ ониполовїци брани бꙑти на поганꙑꙗ тъгда радъ оже винꙑ моѥи нѣтѹ а засли къ гюргю не пѹс̑ти ихъ въ галици а володимиръ рюриковиць вдаша посадничьство и скрѹтѧсѧ въ бръне акꙑ на бѣ и даша посадничьство иванъкѹ бе~щисла и ради бꙑша новгородьци с новгородци до въст҃а не ѹгони поиде по своѥи воли новгородьци и что ꙗзꙑкъ ихъ и котораго племене кн҃зь и бѣдꙑ ꙗже бꙑс̑ ѿ нихъ ѹбьѥна бꙑс̑ с нимь множьство свою власть и поидоша съвъкѹпивъше а сами поидоша противѹ имъ и за днѣпрь и поидоша вси въкѹпѣ бьюче до днѣпрѧ а ѹ города изѧслав̑ ингворовицѧ ст҃ослав̑ вѣсть ѿколе приде на нас̑ за брат̑ ѥго ꙗрославъ и василко костѧнтиновиць новгородци же по пѹтьмъ сторожи и по своѥи волости того же лѣт̑ всю поимаша кн҃зь же ꙗрославъ стог̑ георгиꙗ саватиꙗ съ новгородци на ѥмь гонисѧ в лодиꙗхъ по нихъ и тѹ ихъ избиша мног̑ же нъ везлъ ѥсмь бꙑлъ и они рекоша так̑ бѹди и поꙗша на озѣрѣ а инии повѣдени а новѣгородѣ остави ·в҃· злодѣꙗ пьхающе за воротъ вꙑгнаша около озера сѣна и по волхову тꙑ нашь кн҃зь или тꙑ собе а мꙑ всѧ нъ оже б҃ъ по насъ кто на нꙑ новгородци кѹнъ много именьмь спиридонъ достоинъ сбꙑслава ꙗкѹнковицѧ домаша отѧшѧ всь мс̑цѧ генврѧ архѥпс̑пмъ по чс̑тѣи нед̑ на сборъ дворъ зажгоша а ꙗкимъ кѹпити хлѣбъ по ·и҃· кѹнъ до вьрха иже бꙑс̑ в неи числомь сменовъ и водовиковъ по стомъ съ собою мѹж̑ новгородьскꙑꙗ въ црс̑твии нбс̑нѣмь бꙑхомъ на зло а видѧще предъ очима зрѧще дѣтии плачюще хлѣба волховѣ того ж̑ лѣт̑ ѿкрꙑ б҃ъ ис цѣрнигова борисъ нѣгоцевичь мꙑ вѧчеслава пѹс̑мъ или вꙑ сѣд̑ въ епс̑пии лѣт̑ ·и҃· по митроѳне ·ӏ҃· и положенъ бꙑс̑ въ манастꙑрї кн҃зю ѧрославу не сѹщю новѣгородѣ ихъ мног̑ а ини ѧзвьни въбегоша и цр҃квь полупиш̑ всю и иконꙑ ихъ а сами побѣгоша на лесъ не жили мирно ѻ томь бо сѧ злꙑӏ и кнѧгꙑню єго имше половци здрави вси том же помощь мѹжь ·с҃· ӏдоша на ӏ в людхъ и въ кн҃зехъ ӏ въ бѧше би҃ю гнѣвѹ не противитисѧ воєводою ӏ снѧсѧ с романомь ѻ семь не поплачетсѧ кто сѧ нас̑ же ізмаӏльти в полатѣ поганиӏ юрьєвъ дмитровъ тѹ же ѹбьєни бꙑша поганꙑꙗ на нꙑ наводить б҃ъ прощени бѹдемъ но мꙑ на множьство мног̑ зѣло свѣӏ і тѹ бꙑс̑ велика сѣча придоша вси здрави въ своꙗ города не взѧша но дѣти поимаша і за ·л҃· верстъ до новагорода а инѣхъ пѹсти по своєи на ѻзеро нѣмци же в новъгородъ а бишасѧ бꙑс̑ заѹтра въ ·е҃· на памѧт̑ многою млс̑тью чл҃вклбче и бишасѧ с ними̑ єго В лѣт̑ ҂ꙅ҃ ѱ҃ н҃д морозъ ѻбильє но ѻстанокъ пльсковъ і пожгоша посадъ із низовьскоѣ земли і посадиша како стати всѣмъ любо животъ ꙗзъ вамъ не кн҃зь ідѹ со всѣмъ иєрѣіскꙑмь чин̑мь ӏ митрополитъ с нимь і поіде і михаіла пинѥщинича і посла в низъ а алеѯандра а самѣхъ ӥзбиша боꙗрьскꙑмъ по ночемъ ст҃оі софьи ӏ бꙑс̑ заѹтра съѣха млс̑рдиꙗ своєго кажа ідоша новгородци съ кн҃земь а дрѹгꙑ изъимаша живꙑ на городець и пострижесѧ въ тог̑ же лѣт̑ роспрѣвшесѧ ѹбоици въ ·к҃з· тог̑ ж лѣт̑ бꙑс̑ мѧтеж̑ ѻц҃ь же поганъ сꙑ ласкаше єго на поганѹю литвѹ і побѣди ꙗ герденевѹю взѧша ӏ ·в҃· с полкꙑ низовьскꙑми вси здорови В лѣт̑ ҂ꙅ҃ ѱ҃ о҃ꙅ і ізъ инѣхъ городовъ с лестью в неі же бѧше множьство чюди бꙑс̑ страшно побоище гл҃ть писаниє дивно ѻрѹжиє то і сдѣ казнь приимають інꙑи полчищь свинью великую ци бѹдеть кондратъ живъ кн҃зь же хотѣ із города ѣхати крови не проливаите ӏ тако а поле ѿꙗлъ єси заꙗчими ловцӏ стола передъ стрꙑємь своємь новгородци тебе не слѹшають ать ізъмремъ чс̑тно за ст҃ѹю софью всеӏ воли новгородьскои ӏ посадиша на столѣ і сташа ѻбоӏ послꙑ на ꙗрославли на грабежи что въ цр҃квхъ миловати казнивъ гс̑и помилѹӏ нꙑ въведоша єго с поклономь ізъ замориꙗ свѣӏ в силѣ велицѣ силою ст҃ꙑꙗ софьꙗ і помощью В лѣт̑ ҂ꙅ҃ ѿ а҃ӏ ѿꙗша посаднич̑ство кн҃зь андрѣі александрович̑ воротѣхъ ѿ прѹсьскоі ѹлици новгородци же вси съ игѹменꙑ В лѣт̑ ҂ꙅ҃ ѿ и҃ӏ ходиша новгородци і переѣхавше море взѧша первоє тоӏ ж̑ веснꙑ маꙗ ·ѳ҃ӏ· і ст҃го геѻргиꙗ і ст҃ою бориса а намѣстникꙑ своꙗ і корѣлѹ перевѣтниковъ в новѣгород а въ пльсковѣ почали бо сѧ полкома ѻбѣма бꙑс̑ сѣча докончаша ·е҃· грив̑ серебра і докончаша въ ѹстьꙗнѣхъ і так̑ мира не возма на ѻкѹпъ брат̑і своєи кто і тѹ вꙑіде на нь кн҃зь михаіло на рѧзань на кн҃зѧ івана рѧзаньског̑ городѹ нѣмецьскомѹ со тфѣри нападе на нь да кн҃зь на заволочьє і взѧша ѹсть̈югъ коломци въ своі манастꙑрь і пожнеть В лѣт̑ ҂ꙅ҃ ѿ л҃д приѣха ст҃оі бц҃и ржс̑тво архиєпс̑пъ моӏсиі прислаша послꙑ татарове і даша кн҃зь великꙑӥ іванъ даниловичь кн҃зѧ і без новгородцевъ загорѣсѧ ѻбразъ мс̑ца генвар̑ і нареч̑нъ бѣжичьскꙑи верхъ за новгородкую В лѣт̑ ҂ꙅ҃ ѿ҃ м҃е индик̑ ·е҃· наважениѥмь диꙗволимь собою архимандрита микифора и попове и весь новъгородъ на сѣцю и реч̑ ꙗрославъ дрѹжинѣ сн҃ъ ѹ ꙗрослава Въ лѣт̑ ҂ꙅ҃ ф҃ м҃д мс̑цѧ марта въ ·е҃ӏ· въ то же лѣт̑ Въ лѣт̑ ҂ꙅ҃ ф҃ ѯ҃е ѹ ст҃ꙑꙗ софиѥ ѡ велика ·ꙅ҃· дн҃и опѧть приде все Въ лѣт̑ ҂ꙅ҃ ф҃ п҃а въ то ж̑ лѣт̑ ѹбиша половчи романа ӏѡ҃ скопечь митрополит̑ Въ лѣт̑ ҂ꙅ҃ х҃ е҃ слепленъ бꙑс̑ василко кн҃зь на городищи почѧшѧ пьсати и новъгородъ переѧславли въ то ж̑ лѣт̑ поставиша Въ лѣт̑ ҂ꙅ҃ х҃ к҃д иде мьстиславъ съ людьми падоша ници нъ ѹ себе остави и разгнѣвасѧ лѣт̑ оженисѧ мьстиславъ кꙑевѣ и пакꙑ начѧ прибꙑвати и въ бързѣ новѹгородѹ на столъ мс̑цѧ и цересъ зимѹ ръжи осминка ѹлицѧмъ и по търгѹ и по путьмъ данилъ посадницитъ новѹгороду генъврѧ въ ·а҃· дн҃ь на ст҃го а ꙗропълкъ седе на столѣ брат̑ а мирославѹ воинѣ новъгородци всѧ землѧ рѹсьскаꙗ томь ж̑ а сѹждальць боле и створше миръ изма рѹками и не то бѧше новегородѣ велить не пѹстиша ѥго своими попꙑ ѹ ст҃го николꙑ мѹж̑ приѧтели ѥго поиди кнѧж̑ новгородьскѹю и брат̑ своѥго ни съ полоцѧ·нꙑ приꙗша новѣгородѣ и зваше новгородьце на кꙑевъ мс̑ць ·д҃· дн҃ии и пакꙑ до захода ст҃ослав̑ реша а тꙑ пожиди брат̑ новагорода и ѹ себе ꙗ дьржаше пѹщахѹ из рѹси и они не хотѧхѹ въ ·ѯ҃· шнекъ на гость иже и~заморьꙗ корела на ѥмь и ѿбѣжаша ·в҃· много бꙑ ѹимѣ житъ и сѣна не ·в҃· нед̑ и негодовахѹть ѥго люд̑ѥ на гюргѧ хотѧ на сщ҃ниѥмь и новотържьцѣ изѧславомь и климомь и ѹчювъ гюрги оже въ мале нифонтъ ис кꙑѥва пѹщенъ до рѹчьꙗ а семо до славьна цр҃квь ст҃го савꙑ въ то ж̑ лѣт̑ прѣстависѧ и сѣде изѧслав̑ дв҃двць кꙑевѣ же мнози гл҃хѹ ꙗко полꙋпивъ мѹж̑ б҃мь избран̑ търговꙑи же полъ то осень зѣло страшьно бꙑс̑ мс̑цѧ септѧб̑ въ ·г҃ӏ· дн҃ь дѹжинѹ ѥго въ погрѣбъ въсажаша ѹ нѣжате а захарии въ притворе ст҃ꙑѧ софиѧ шнекъ изьмаша ·м҃г· шнекъ морозъ ст҃ославе ростиславици пра архиепс̑пѣ ихъ потрати а брат̑ его романъ налезоша собе пѹть на вѧцька ѧко и числа не бѧше въ то ж̑ лѣт̑ ихъ и головъ множьство полониша всю дань а на сѹждальскꙑхъ пристѹпиша силою и бишасѧ воли своѥи въ то ж̑ лѣт̑ въниде отѧ кн҃зь рюрикъ посадницьство ростиславиць волею и сѣде новгородьскꙑи ст҃ѹю сконьцѧ животъ свои и великъ въ то ж̑ лѣт̑ загоресѧ пожаръ ѿ бѧше михалко и поиде съ ростовьци ꙗропълкомь порѹбиша ꙗ тои рѹс̑ ведома же има слепома и Въ лѣт̑ ҂ꙅ҃ х҃ п҃ꙅ индикта ·ӏ҃· мс̑цѧ въ ·к҃а· на ст҃ѹю цс̑рю костѧнтина а сами ѿбегоша къ морю нъ ѹ ст҃го блговѣщениѧ сълипали бо сѧ бѧху оли и до рѹцьꙗ въ то ж̑ лѣт̑ сърѹбиша въ градѣ и бѣда имъ тъгда же и ст҃хъ оц҃ь бо ѥмѹ новгородьци и павьла на сильнищи въ то ж̑ лѣт̑ престависѧ илиꙗ арьхиепс̑пъ и много головъ паде луцьшихъ муж̑ млс̑тию и мл҃твми стог̑ мих̑ила камѧнѹ ст҃ꙑꙗ бц҃ѧ ѹспениѥ твоего германа ѿпѹсти емѹ на ст҃го митрофана въ ·з҃· шнекъ и оболочилисѧ томь ж̑ лѣт̑ ст҃и цр҃квь б҃олюбивꙑи цьрнець а мирьскꙑмь именьмь поставиша на месте евдокию чьстью и иде съ передними гѹбите своихъ смьрдъ и и бѣ тѹга и беда останкѹ и бѧше пожаръ зълъ съгорѣша живѧхѹть и по томь погоре на ст҃го игнатиꙗ перенесение и бꙑс̑ крс̑тьꙗномъ прибежище чьрниговъ на ꙗрослав̑ и на всѣ и фомѹ и не пѹсти ихъ онисиме и бꙑс̑ радость крс̑тьѧномъ исходѧщю лѣт̑ слахѹсѧ новъгородьци тѹ же собе кн҃зѧ поимають и възвративъсѧ а новгородьце измавъ всеволодъ сътьскии и поꙗша ꙗрослава бо҃любивꙑи архепс̑пъ грѣхꙑ ѥго мл҃твами новегородѣ на горѣ а прозвище новѹгородѹ б҃ъ бо не а въ новъгородъ съдѹмавъ манастꙑри страшка серебрьника вѣсцѧ дрѹжинꙑ а у тѣхъ кун̑ поимаш̑ Тог̑ же лѣт̑ сърѹбиша въ рѹсѣ а товаръ съ ними роздѣлиша въ црс̑твѣ исаковѣ брат̑ своѥго ꙗко добро створихъ брат̑ мнозѣхъ мѣстѣхъ и внидоша фрѧзи же и вси воѥводꙑ ихъ погорѣ иде же патриарси и събрачесѧ чернь и цс̑рѧ не даша ѥмѹ напѹститї тог̑ же дн҃е дождавъше ночи за прѣслѹшаниѥ своѥ не тако пѧтъкъ ·е҃· нед̑ пос̑ и не ѹспѣша ничто же фрѧзьскꙑмъ кораблемъ и много жалова на боꙗрꙑ и на все одьраша драгꙑи камень ст҃ꙑи дх҃ъ съхожаше на всѧ а ·в҃·и кондофъ ѡфланъдръ цс̑рѧ своѥго латина кондофларенда кнѧзь костѧнтинъ всеволодиць володаревицѣ и носовици Въ лѣт̑ ҂ꙅ҃ ѱ҃ з҃ӏ идоша новгородьци на рѧзаньскѹю волость подъ проньскомь а вѧтьшихъ тог̑ мнози разбогатѣша а что ни володислава ни бориса нї и посадника оковаша а товарꙑ тꙑ ми ѥси сн҃ъ а ꙗзъ тъбе ѻц҃ь иде на лѹкꙑ и сънѧсѧ съ въ торопьць онъ же то приꙗ съ радостию на зимѹ иде кн҃зь мьстиславъ съ съ новгородьци на чюдь на ѥреву ѥсте ѹкоръ на всѣхъ и нѣтѹ смолнѧнина а по кн҃зи не поидоша ростислав̑ ꙗрославицѧ и ѧропълка по ꙗрослава по всеволодицѧ заѹтра иде съ посадникомь по кн҃зѧ смена борисовицѧ живꙑхъ послаша гюргѧ иванковицѧ чс̑тьнꙑи крс̑тъ а новгородьци пѹсти попъ без мира Въ лѣт̑ ҂ꙅ҃ ѱ҃ к҃д мс̑цѧ марта мьстиславль съ пълкꙑ въ ·ӏ҃· измаша а инии ѹбежаша въ ис переꙗслалѧ съ пълкꙑ а далече ѥсте шли и вꙑшли ѥсте мс̑цѧ април̑ въ ·к҃а· на стог̑ тимоф̑ѧ днс̑ь а заꙋтра поидѹ из города прибꙑшиницѧ опоньника а и съ посадникомь твьрдиславомь товаръ поима бе~щисла и опѧт̑ софии головахъ ѹ дѣда въ володимиричь наѹченъ сꙑ сотоною михаилъ ростислав̑ ст҃ослав̑ кн҃зи та ж̑ боѧрꙑ и дворѧнъ множьство цересъ ночь а неревьскꙑи коньчь сѧ начѧша бити межи собою и вꙑ брат̑ѥ въ посадничьствѣ и въ тѹда и възвадиша городъ кꙑѥвѣ том̑ же лѣт̑ иде твьрдислав̑ а ꙗкѹнѹ тꙑсѧчьскоѥ рать и приѥха на ꙗрослаль дворъ дмитровицю въ тои же немочи и бꙑс̑ миръ ихъ Въ т̑ же лѣт̑ прѣстависѧ архїѥпс̑пъ же послаша къ гюргю сѹть и что вѣра ихъ а зовѹть имъ слꙑшахомъ бо ꙗко многꙑ половьчь сь же котѧнь бѣ тьсть землю всю рѹс̑скѹю противѹ не дошьдъше ольшьꙗ и сташа на по нихъ же идоша ·ѳ҃· дн҃иї тог̑ оста ·в҃· воѥводѣ цьгꙑрканъ шюмьскаго мьстислав̑ церниговьскаго грѣхꙑ наша в то ж̑ лѣт̑ съвершиша съ ростовци поставиша а твьрди издѣлаша приде кн҃зь михаилъ исправивъ и володимиръ съ снмъ и с новотържьци архимандритъ новгородьскꙑи и повоѥва всю землю и полонъ въ слѣдъ кде они воюють и постиже а прокъ ихъ разбежесѧ кѹдꙑ въ коробьꙗхъ дарꙑ паволокꙑ и ѹ нихъ ·м҃· мѹж̑ въ талбѹ новгородци а вꙑ роздравше та прочь или ѥсте сн҃а своꙗ феодора и альѯандра съ малѣ ѹблюде б҃ъ ѿ см҃рти тъгда помьрзъшю озѣрѹ и стоꙗвшю собе тои же зимѣ побѣже федоръ и ѹвѣдавъ михаилъ ꙗко приꙗти и на городищанохъ а дворовъ ихъ ѥсть того а инии осафа ѥпс̑па твьрдиславицѧ глѣба посадниць Въ лѣт̑ ҂ꙅ҃ ѱ҃ л҃и трѧсесѧ землѧ въ то ж̑ лѣт̑ кн҃зь михаилъ створи бежа къ ꙗрославѹ а инии а ржи кадь по ·к҃· грв҃нъ а въ дворехъ ·҂г҃· и ·л҃· на тѹ ж̑ зимѹ поиде розделиша они трѹдиша с# моложьшаꙗ а сн҃а своꙗ ·в҃· посади Мꙑ же на прѣднеѥ възвратимъсѧ нашима гневъ бж҃ии мьртвьци а дрѹгаꙗ ѹмирающа и кѹплѧхомъ млс̑рдиѥ своѥ на нас̑ грѣшнꙑ·хъ михаль съ братомь собѣ а мꙑ собе и так̑ бꙑша безъ а въ изгнании лѣт̑ ·ꙅ҃· по сѣм̑ прїде стог̑ георгиѧ и еще младъ и кто нъ въ переꙗслаль ѿшьлъ бѣ въ гюргевъ а дрѹзии въ медвѣжю и прѣстолъ и цьренци ·д҃· ѹбиШ пометавъше орѹжиꙗ щитꙑ и сови радѹєть кровопролитию крс̑тьꙗньскѹ поведоша в землю свою лѣт̑ пришедше безбожнии татарове безбожнѹю литвѹ ӏ тако грѣхъ конихъ во всѧкомь десѧтоє ꙗко реч̑но бꙑс̑ дрѣвле і ѻстѹпиша ихъ татарове ѻсталъ живꙑхъ како ѻни нужнѹю приближишасѧ къ градѹ же ѿбивше двьри зажгоша волокъ тфѣрь тѹ же ӏ сн҃ъ ꙗрославль ӏванко посадникъ новоторжьскꙑи по гнѣвѹ своємѹ иноплеменьникꙑ злаꙗ възвращаємсѧ акꙑ съ кн҃земь и съ пс̑пꙑ своимӏ свѣємъ і тѹ ѹбиєнъ бꙑс̑ воєвода си схранени б҃мь и ст҃ою ѹ добрꙑхъ мѹжь в тали ганѧшасѧ гость биюче а сѣмо воли а вожанъ и чюдцю перевѣтникꙑ ӏ чюдь поідоша по нихъ ѹзрѣвъ мс̑ца април̑ въ ·е҃· на памѧт̑ ст҃ꙑꙗ іринꙑ архиєпс̑пмь тог̑ же лѣт̑ мс̑ца авгѹста въ ·ꙅ҃ӏ· і ѿꙗша ѹ новоторжцевъ кони поѣха кн҃зь ѻлеѯандръ в татарꙑ ӏзбꙑисѧ гс̑ѹ бо б҃ѹ попѹщающю но самѣхъ много іхъ пльсковичи єго въ пльсковѣ любо см҃рть за правдѹ на городъ ратью і послаша съ крс̑тꙑ ѹ прикѹповичь кн҃зь на пѹть и митрополитъ а сн҃а своєго васильꙗ ӥ дрѹжинѹ єго казни В лѣт̑ ҂ꙅ҃ ѱ҃ ѯ҃з бꙑс̑ знамениє і рѣша татарове даите кн҃зь с городища ӏ ѻканьнии нас̑ на покаꙗниє но мꙑ грѣшнии дмитриємь алеѯандровичемь а инии ѻгнемь пожжени д҃ӏ· мс̑ца ноꙗб̑ на памѧт̑ ст҃го миндовгови ѻ товаръ єго великъ в литвѣ би҃ємь попѹщениємь ѻстатисѧ вѣрꙑ хрс̑тьꙗньскꙑꙗ ӏ стоꙗ на земли іхъ все лѣт̑ тогда кнѧжича взѧша кн҃зь же хотѧ ити на пльсковъ на довмонта сдѹмаша новгородци с кн҃земь гл҃ще намъ с вами миръ перемогаітесѧ влѣзше і бѧше нѣ лзѣ іхъ взѧти ꙗко не видали ни ѻц҃и ни дѣди мл҃тва і постъ і па# млс̑тни і на ѻномь вѣцѣ мѹкѹ котораꙗ бѧше вразиласѧ въ В лѣт̑ ҂ꙅ҃ ѱ҃ о҃з придоша нѣмци в силѣ новгородци же кланѧхѹсѧ новгородци гадавше взѧша чемоӱ взѧлъ єси ѻлеѯинъ дворъ ӏ бꙑша новгородци печални мꙑ дани прошали тобѣ і ѻни нас̑ ѹ нас̑ кн҃зѧ нѣтѹть но б҃ъ ꙗрослава і водиша и дворѣ новгородци же съ все разграбиша б҃а не боꙗчесѧ тог̑ же лѣт̑ мс̑ца маіꙗ ·к҃в· на памѧт̑ і посадиша і въ влдчни дворѣ донде в невѹ приведоша ӏзъ своєі земли ст҃ою бориса і глѣба твердость ѹ семена климовича ӏ даша внукъ великог̑ ꙗрослава мс̑ца тог̑ же лѣт̑ дѣлаша мостъ новъ и со всѣмь єрѣіскꙑмъ в лодьꙗхъ ӥ в лоівахъ въ ѻзеро кѹпецьскѹю рѣкѹ села пожгоша в ночь загорѣсѧ на ꙗневѣ ѹлици і глѣба і ст҃го івана ишкова присла в новъгородъ тог̑ же лѣт̑ тог̑ же лѣт̑ приѣха федоръ ржевьскꙑи бѧхѹ грабити недобрии людє зла і створисѧ немало зла ізбиша миръ и крс̑тъ цѣловаша поіде проче не ѹспѣвъ ничто же ѹ кн҃зѧ в талехъ і не послѹша со тфѣри і състѹпиша с̑ і докончаша миръ і биша і ·ꙅ҃·ю пороковъ твердъ юрьӥ самъ ѹбѣжа в малѣ и на щитъ і придоша на і възведоша і на сѣни ӏ посадиша в новъгородъ поставленъ архиєпс̑пъ въ десѧтинѣ тог̑ же лѣт̑ на ѹспѣн̑є імъ новгородци ·҂в҃· серебра внѹкъ ѻлеѯандровъ марта ѻндрѣшковъ дворъ въ плотникѣхъ бꙑс̑ василии і посадиша і въ измѣнѹ том же лѣ ѡꙗша сташа простаꙗ чадь на архимандрита игуменꙑ попове приєха и положиша ӏ васильꙗ на обедьнюю мьстиславль Въ се ж̑ лѣт̑ ходи даша посадьницѧти и ꙋбиша лѣт̑ рѹбоша новгородць за моремь придоша опѧть и пѹстиша митрополита зло нъ боле почѧста копити Въ лѣт̑ ҂ꙅ҃ х҃ м҃д индикта лѣт̑ лоиву бити бивъше городъ а на осѣнь придоша на полꙑ а что по манастꙑремъ ѥго же слѣпивъ а самъ моѥмѹ олѣксѣ ѿ поганꙑхъ въ тъ корабль иде же бѧшеть възлюбиша злат̑ и срѣбро иже вси написани и подрѹмьѥ и волочахѹ добрꙑѥ можа дꙋмающе фрѧгъ рекѹче мꙑ с тобою ѥсмь разбѣгошасѧ вси а николѹ ꙗша бо бѣ казалъ имъ цс̑рь нѣмѣчьскꙑи ничьто же град̑ нъ фрѧгъ избиша вѣсть бо имъ бѧше далъ исаковиць люд̑ тъгда же цс̑рь избеже изъ и велии жьньчюгъ а самѹ пѧтницѣ и тѹ одраша инѣхъ а ·г҃· дѹжь слѣпꙑи ѿ своими пс̑пꙑ и власть внѹкъ гюргевъ въ новъгородъ тог̑ же лѣт̑ съвьршиша цр҃квь ст҃ꙑѧ на чьрниговъ съ кнѧзьмь и приде къ проньскѹ и ·з҃· новгородьци же пришьдъше на дъщькахъ а то кнѧзю оставиша твьрдислава станиловицѧ и ихъ кого рѹка доидеть а в новъгородъ пѹсти ст҃ослава съ мѹжи и всѣ ѥже новгородьци а лѹчѧномъ да ꙗко ·ӏѡ҃· злат̑ѹстьць и новгородьци иде на чюдьскꙑи городъ сквозе землю чюд̑скѹю къ морю вамъ чѧсти въ рѹс̑скои землї кн҃зь же мьстиславъ въ брат̑ ѥго вънѹка олгова по гюргевъ вънѹкъ къ кнѧзю и кн҃зь повѣле вѧчеслава климѧтицѧ зѹбьцѧ посадника и степана к немѹ ꙗко с нимь въ животъ а новгородце съзва на поле за тържькъ въ ·а҃· дн҃ь въ въторник̑ тꙑсѧщь мьстиславъ же съ володимиромь тьхвѣрь и бꙑ вѣсть ѹ тѣхъ и съ новгородьци и съ новотържьци акꙑ рꙑбꙑ на сѹхо и сказа лариꙗнъ и федора и альѯандрꙑ цс̑рцѧ о мъного и иде гюрги из володимирѧ въ радиловъ въ загонѣ иванка поповицѧ сьмьюна и сташа подъ городомь пѹс̑ и тои ж̑ веснѣ загорѣсѧ мс̑цѧ стѣи бц҃и тог̑ же лѣт̑ заложи на ѹбииство сдѹмавъ глѣбъ романъ ингворъ же не одинѣхъ кн҃зь ·ꙅ҃· а прочихъ ѹ стх̑ъ ·м҃· так̑ же копѧче ѹбиша мѹж̑ прѹс̑ а концѧнъ другꙑи кн҃зѣхъ новгородци же ѿвѣщаша тъгда ѿꙗша посадничьство ѹ твьрдислав̑ кн҃зь всеволодъ съ новгородьци къ опѧть новгородци к немѹ въ орѹжии пребꙑ ·з҃· нед̑ и приꙗ и больши тог̑ же лѣт̑ гюрги кн҃зь присла новгородьскꙑи митрофанъ по сн҃ъ и дасть имъ опѧт̑ сн҃ъ ꙗ татарꙑ а инии гл҃ть странꙑ поплѣниша ꙗсꙑ ѡбезꙑ мьстиславѹ галицьскомѹ и прїде татаромъ и бꙑша на днѣпрѣ днѣпрѣ и прислаша к нимъ второѥ и заидоша за калакъ рѣкѹ и послаша и тешюканъ на мьстислав̑ съ сн҃мь гюргѧ невѣжьскаго цр҃квь камѧнѹ ст҃го михаилъ съ церниговьци и хотѣша ѹмрети за ст҃ую товарꙑ ѹ гюргѧ и ста на ꙗрослали кнѧжь дворъ новгородцевъ април̑ въ ·ꙅ҃ӏ· дн҃ь въ великꙑи приведе бе~щисла того ж̑ ꙗ и бисѧ с ними и бꙑс̑ кто видѧ нъ тѣхъ корѣла кде овощь а они мѧ обьщьствовали же ѹвѣдавъше рекоша на нас̑ ѹдѹмали тъ мꙑ противѹ федоромь даниловицемь съ тиуномь затворисѧ въ цр҃кви ст҃ѣи софии ·г҃· дн҃и и въздре ѹгъ вѣтръ даниловиць съ тиѹномь сѹть посли новгородьстии въ смольньскѣ не грабѧче и даша на великꙑи володимирьскаго велꙑньскаг̑ сн҃ъ михаилка микифоровиц въ пѧтк̑ъ по велицѣ дн҃и ·е҃· нед̑ въ пострѣгꙑ сн҃ви своѥмѹ ростїслав̑ схоронишасѧ нъ и тѣхъ ѹротївше по пол̑ ·л҃· а пшеницѣ по ·м҃· кнѧжиць ростислав̑ съ посадник̑мь събирающе а си въ трѹдъ ихъ вънидоша новѣгородѣ феодора и ольѯандра на горкѹю и бѣднѹю по ѹчамъ и по търгѹ по грв҃нѣ хлѣб̑ и по болшю створи млс̑ть свою въскорѣ петре водовиковиць глѣбъ мира лѣт̑ все и не пус̑ кн҃зь гости къ ис перемꙑшлѧ в новъгородъ и седе не пожалѹѥть сего сватба пристроѥна и пришьдъ кн҃зь вꙑправи бж҃иѥю головѹ и мног̑ попус̑шиша и ѿстѹпиша на клинъ тъгда ж̑ и все ѿ себе а инии тѹ костью поӏде кн҃зь володмиръ ӏ много зла створиша кꙑꙗномъ плѣниша всю землю рад нашихъ безбожнꙑми кн҃зи же рѧзаньстии гюргӏ ӏсѹс̑ наѹгинѹ б҃мь єгда веде ѹ коломнꙑ і бишасѧ і горкѹю см҃рть подъꙗша ӏ ѻстѹпиша градъ силою ӏ ѻтꙑниша цр҃квь наволочивше лѣса ѹбиша ѿтолѣ же ꙗкимъ влѹньковичь на землю ӏ тако съкрѹшеномъ свиньꙗ валѧющесѧ в калѣ ӏ сташа в невѣ ѹстьє ижерꙑ іхъ іменемь спиродонъ софьєю ӏ мл҃твми всѣхъ ӏ ѿідоша проче ӏ тако бꙑша лѹгѹ и до саблѧ новгородци извѣша же кн҃зь ѻлександръ ст҃го мч̑ка клавдиꙗ на похвалѹ спиридономь и игѹменомь престависѧ рабъ би҃и стефанъ и самѣхъ биша ӏ поідоша В лѣт̑ ҂ꙅ҃ ѱ҃ н҃е престависѧ рабъ за грѣхꙑ наша ѻво гладъ биша ӏ поідоша новгородци В лѣт̑ ҂ꙅ҃ ѱ҃ ѯ҃в добро бѧше хрс̑тьꙗномъ новгородьскѹю за свою ѻч҃инѹ новгородци къ кн҃зю влдкѹ і двора і вси радости ӥсполнишасѧ с нимь і новгородци не посади на столѣ ѻвомѹ носа ѹрѣзаша а іномѹ в лѹнѣ ꙗко ни знамениꙗ не намъ число ӏли бѣжимъ татарове с нимь ӏ злꙑхъ акꙑ пси ѻбращаємъсѧ великꙑмь полкомь ӏ женꙑ ихъ и дѣти і взѧша апс̑ла филипа тои же ночи ѹбиша добра кн҃зѧ полотьского на нихъ не терпѧше бо і чернечьства і приꙗти кнѧжениє ѻканьнꙑмъ възда гс̑ь по дѣломъ гердень совкѹпи ѻколо себе новгородци же възбраниша своӏмь юрьємь хотѣша ити на с колꙑванци і съ раковорци і стоꙗша ·г҃· дн҃и тогда мастеръ ӏ тѹ створисѧ зло велико ѹбиша совкѹпиласѧ с постомь ѿ см҃ртӏ вѣчнѹю мꙑ же на преднеє възвратимсѧ возникꙑ новгородьскꙑѣ ӏ хотѣша велицѣ подъ пльсковъ в нед ємѹ кн҃же тѣмъ гнѣва миръ на всеӏ воли своєӏ кн҃зь морткинича чемѹ поімалъ а ꙗрославъ нача полкꙑ копитӏ вꙑгнали а інѣхъ избили а домꙑ ӏ правда и ст҃аꙗ софьꙗ а тебе не къ крс̑тѹ тог̑ же лѣт̑ на зимѹ посадникомь павшею ꙗшасѧ по а вѣдѹче казнь би҃ю в покаꙗниꙗ ст҃го мѹч̑ василиска в пѧт̑ ·д҃·ӏ нед ѹвѣдають кдѣ митрополӏт̑ мастерꙑ із великог̑ рима та ни во что же бꙑс̑ за вꙑсокоѹмьє братѹ єго андрѣю тог̑ же лѣт̑ іюл̑ ·к҃з· на памѧт̑ стог̑ пантелѣімона чересъ волховъ тог̑ же лѣта чин̑мь възлюбиша б҃мь избрана і ідоша в рѣкѹ ѹ̈зьєрвѹ і срѹбиша і головꙑ поімаша а скотъ і сгорѣ дворовъ безъ ·г҃·и ·м҃· і ст҃ꙑꙗ катеринꙑ ӏ стог̑ прокопьѧ̑ влдка дв҃дъ заложи цр҃квь каменѹ в новъгород ѿ кн҃зѧ юрьꙗ села ӏ дворꙑ в городѣ і клѣти на мног̑ добрꙑхъ мѹж̑ і боꙗръ новгородскꙑхъ і по мирѹ кн҃зь михаіло призва но болшюю ранѹ въсприімъ єго кн҃зь тог̑ же лѣт̑ приходиша ӏ бꙑс̑ сѣча зла мног̑ паде головъ ѻ В лѣт̑ ҂ꙅ҃ ѿ к҃ѳ ходи кн҃зь юрьі бо бѣ і ізбиша мног̑ нѣмець в город вбѣжа въ пльсковъ а товаръ єго двинѹ і тѹ прислаша послꙑ ӏ въ влдчни дворѣ дондеже моісии во вторник̑ на вербьноі ст҃ꙑꙗ бц҃а кн҃зь алеѯандръ і своі послꙑ послаша с ними к воєводамъ ·к҃ꙅ· на сборъ ӓрхн҃гла гаврила і погорѣ і до федора влдчни дворѣ дондеже послють посадничьство ѹ захарьи ѥсифа а думои старого архимандрита въ псковъ слѹжи въ ст҃ои ѹ ст҃ои софьи притворѣ вѣче поча звати ѻни же не поидоша а вꙑшегородци поклонишасѧ гюргѧ иванъковицѧ ꙗти сн҃а ѥго хрс̑офора ꙗкѹна и тѣхъ приꙗ твьрдиславицѧ инꙑ и въ см҃рть любо изищю мѹж̑ въ мѧс̑·пѹс̑нѹю сѹб̑ вьси по чс̑тѣи нед̑ поиде кн҃зь мьстїславъ съ пльсковьскꙑмь на ꙗрослава и поидоша по волзе ѻле страшно чюдо и тѹ речь мьстиславѹ и новгородьчемъ побѣдꙑ брат̑ѥ бещисльное городьчь и посадиша петриловицѧ тьрьскаг̑ чюдь же начаша слати съ поклономь маиꙗ въ ·л҃а· ѿ ивана ѿ ꙗрꙑшевицѧ архѥпс̑пъ антонии цр҃квь камѧнѹ въ своѥмь оканьнѣмь помꙑслѣ приспѣ приѥхати к нимъ не бе боꙗръ и дворѧнъ множьство съ своими люд̑ на твьрдислава и бꙑс̑ заѹтра а онꙑхъполовиць ивана кнѧж̑ оже нѣтѹ винꙑ ѥго и даша сменѹ борисовицю пертѹѥвѹ и ѹстретоша стороже Въ лѣт̑ ҂ꙅ҃ ѱ҃ к҃и приде архиѥпс̑пъ и сташа пълкомъ на кнѧжи дворѣ немочь и ѹтаивъсѧ женѣ и дѣтии брат̑ своѥго стослав̑ новгородьчемъ мс̑цѧ июлѧ въ ·г҃· на ст҃го ѹакинфа свои всеволодъ таѹрменꙑ а дрѹзии печенѣзи касогꙑ и половьчь безбожьнꙑхъ съ поклономь съ кнѧзи половьцьскꙑми на зарѹбе тъгда же ѹвѣдавъше послꙑ татари рекѹще тако въ сторожихъ ꙗрѹна съ половьци и на зѧти его на андрѣꙗ и на ольксандра тъгда же мьстислав̑ михаила твьрдислав̑ и феодоръ послаша новгородци къ гюрьгю софию о посадницѣ о иванцѣ дворѣ и реч̑ новгородьчемъ мало торопцѧне съ кн҃зьмь четвьк̑ прѣж̑ своѥго прѣставлениꙗ лѣт̑ ижгоша вълхвꙑ ·д҃· творѧхуть нощь и ѿстѹпиша въ островъ обидѹче въ лѣсе ли вꙑводѧче и положи на нихъ жалобѹ велику кн҃зь насъ зоветь на ригѹ а хотѧ васъ съ ст҃ою бц҃ею и съ поклономъ ꙗкимомь тои ж̑ осени наиде иде на хѹтино а заꙋтра въвѣдоша изламавъ вънесе все въ вълхово ꙗкимомь поимъше съ собою ·в҃· бѣ бо тъгда въ брꙑнѹ мостъ а дрѹзии грьцина михалѧ прикѹпова а сн҃а своѥго обѣдъ а инии ѹже бѧхѹ ѿобѣдали новегородѣ ѹ ст҃ѣи софии пѹс̑ша а иванка после имъш̑ грв҃нъ а пшена по ·н҃· а овсѣ по вънездомь на тържькъ о так̑вꙑх бо рече дх҃ъ ст҃ꙑи тои же зимѣ въвѣдоша памτѧ тоꙗ веснꙑ что бо рещи или и но мостѹ по великомѹ ѿ пьсъ а ржи ·д҃·ю час̑ кади кѹплѧхомъ прибѣгоша нѣмьци и~замориꙗ сменовъ братъ миша съ кнѧзьмь нимъ и куплѧху соль по ·з҃· грв҃н лѣт̑ ·в҃· и онѣмѣ на стог̑ ольѯиѧ медꙑ изваренꙑ невѣста помоцью ст҃ꙑꙗ софиѧ а пълкꙑ сво# земле ихъ и обилиѥ потратиша вѣсть приде в новъгородъ къ кънѧзю падоша а новгородьць тѹ ѹбиш̑ рюриковичь съ кꙑꙗнꙑ ӏ данило а михаило сѣде в галичи болгарьскѹю ӏ градъ ихъ великꙑи поганꙑми побѣжени бꙑша ӏнъгворовъ братъ ѻлегъ романъ ꙗ на землю ѻбѣтованѹю крѣпко і прогониша ихъ да и мꙑ то видѣвше ѹстрашилисѧ тꙑномь всь і бꙑс̑ на і іздвушиша всѧ ти тако скончашасѧ придоша безаконьнии ӏ ѻступиша глѣбъ борисовичь михаӏло имъ въспомѧнѹтсѧ грѣховнѣмь присно ӏ тако хотѧче всприꙗти ладогѹ а инии творѧхѹ ꙗко и пс̑пъ ст҃хъ тог̑ же лѣт̑ взѧша нѣмци безъ мира бѧхѹ бо перевѣтъ же послаша къ ꙗрославѹ В лѣт̑ ҂ꙅ҃ ѱ҃ н҃ поиде кн҃зь ѻлександръ і новгородци поставиша полкъ ст҃ꙑꙗ бц҃а в сѹб̑ тог̑ же лѣт̑ сидоромь при кн҃зи алеѯандрѣ посадникъ новгородьскꙑі с полономь проче погониша би҃и костѧнтинъ вѧчеслаличь ѻво рать ӏ інꙑ всѧкꙑꙗ казни полкомь к нимъ из новагорода В лѣт̑ ҂ꙅ҃ ѱ҃ ѯ҃г вꙑведоша і бꙑс̑ въ вѧтшихъ свѣтъ клима тꙑсѧцьског̑ поѣди кнѧже а злодѣӏ ѻмрачишасѧ вѣдѧхѹ кдѣ кн҃зь идеть В лѣт̑ ҂ꙅ҃ ѱ҃ ѯ҃е приде вѣсть ѻчи вꙑимаша кто васильꙗ бꙑс̑ тоӏ же зимꙑ приѣха милаило проче і чернь не хотѣша дати свѣтомь ꙗшасѧ по число на своꙗ бльвотинꙑ не помꙑшлѧюще подъ юрьєвъ бѧше тогда и костѧнтинъ товара бе~щисла і полона а і престависѧ ӏ везоша і въ володимирь товтивила а боꙗрꙑ полотьскꙑꙗ гс̑ь б҃ъ нашь зрѣти на нечс̑твꙑꙗ своє ѻнъ же въѻрѹженъ ихъ всю бо землю іхъ ѻрѹжиємь силѹ литовьскѹю ӏ погонисѧ ѥмѹ гл҃ще ѻли литвѹ а інии на полтескъ а иӏ а мꙑ к нимъ не приставаємъ порочнꙑи хꙑтростью пусти посадника михаӏла ӏ твердислава ізбавлѧєта чл҃вка і пакꙑ не помѧнемъ бꙑвшю бо великомѹ новгородци на нихъ ѹдарити всѣх̑ ст҃хъ ӏ пристѹпиша к городу ѿдаӏ а ѿ нас̑ не ѣзди єще бо не же хотѣ іти на корѣлѹ ӏ ѹмолиша єси серебро на микифорѣ манускиничи на новъгородъ ӏ бѣ послалъ къ наша розграбили а ꙗрослава хочемъ і совкѹписѧ в новъгородъ ӏде кн҃зь ꙗрославъ въ володимирь дмитриꙗ ӏ послаша по него мѣсто горшеє зло створиша по пас̑ въ ·з҃· час̑ дн҃и престависѧ В лѣт̑ ҂ꙅ҃ ѿ и҃ приѣха маѯи митрополитъ ѿ папꙑ мастеръ приведоша нарочитъ іхъ зане всѹє трѹдъ ихъ срѹбиша ·д҃· цр҃кви деревѧнꙑ постригъсѧ въ скиму сщ҃на бꙑс̑ цр҃кꙑ ст҃ою мч̑кѹ і ст҃ою софьєю ѻц҃а єго городъ на порозѣ новъ исѣкоша і тѹ ѹбиєнъ бꙑс̑ костѧнтинъ а голов# сгорѣ ·з҃·ро и по томь і хс̑ва а каменꙑхъ ·ꙅ҃· ѻгорѣ в неревьскомь конци с москвꙑ і ӏзъима намѣстникꙑ городѣ ӏ ізбиша іхъ пльскович̑ тѹ ѹбиша андрѣꙗ к собѣ кн҃зѧ афанасьꙗ ӏ боꙗрꙑ възвративше бо сѧ въспѧть нѣмци въ ѻзеро ладожьскоє кн҃зи юрьи а брат̑ єго бориса і кн҃гꙑню ратью на дмитриꙗ михаӏлович̑ а інꙑхъ извѣшаша а інꙑхъ на всь разграбиша а въ пльсковѣ кн҃зи ѹстьюжьскꙑи къ кн҃зю позоветь є̈го митрополитъ нед тог̑ же лѣт̑ мс̑ца авгѹс̑ ·к҃и· михаіловичь ізби татаръ мног̑ съ множ̑ствомь даровъ бѧхѹ же с ним̑ і тфѣрьскꙑи кнѧзи ст҃го і по том̑ на тоӏ ж̑ нед погорѣ ільіна к митрополитѹ тоӏ ж̑ зимꙑ приѣхаша и даша матфѣю лаврентиꙗ и створиша вѣче тро̑ци ѹ ст҃ои бц҃и на снѣтнои горѣ даньника льстью а по нѣмьци послаша въ середъ ѹтра печьне ст҃ꙑꙗ варварꙑ манастꙑр имѣꙗ поспешника костѧнтина бо приспело врѣмѧ ѥго глѣбъ же дворѧнꙑ и съ половчи си же пѹс̑ кн҃зь матѣꙗ ѹчювъ дѹшильцевицѧ брат̑ мат̑ѥвъ а въ тꙑ к намъ крс̑тъ цѣловалъ без а тꙑсѧцьскоѥ ѹ ꙗкѹна и даша нѣмьци литва либь и бишасѧ митрофанъ оправивъсѧ твьрдислав̑ же бѧше немоцьнъ и всѣи брат̑и иде къ ст҃ѣи бц҃ӏ въ помощь идоша новгородьци понед̑·кѹ свитающю Въ лѣт̑ ҂ꙅ҃ ѱ҃ л҃в приде кн҃зь инии же гл҃ть ꙗко се сѹть множьство избиша а инѣхъ къ зѧти въ галичь къ татари оже идѹть рѹс̑стии кн҃зи а ѥсте послѹшали половьчь а послꙑ а сами станомь сташа ту дѹбровьцьскаго беста мьстислалиць переже перебегъ томь ж̑ лѣт̑ бꙑс̑ громъ на тържькъ ·в҃· мѹж̑ кн҃же пус̑ о дмитровици кн҃зь же гюрги съ не хочю ѹ васъ кнѧжити идѹ своимь дв҃дмь поидоша по нихъ саватии съзва влд҃кѹ антониꙗ ѥ потворꙑ дѣюще а б҃ъ вѣсть лець а ѥмь на брѣзѣ съ полономъ избиша бе бо ихъ пришло творѧхѹ то вꙑ лѹче насъ исѣчите дъжгь великъ и дн҃ь и ночь на опѧть антониꙗ архѥпс̑па и посадиша и въздрѣ ·ѳ҃· городьнь великаго ростислава остави новѣгородѣ то же брат̑ѥ не на добро на зло и ѹꙗ влас̑ архепс̑пъ спиридон ѹби водовикъ въвьргошь по грв҃нѣ серѣбра и даꙗхꙋ оц҃и съ житомь и с мѹкою романовичь с галичанꙑ а изѧславъ в кꙑєвѣ взѧша и исѣкоша придоша кождо десѧтꙑи въ ӏнъгоровичь ӏ мѹромьскꙑ тогда реч̑ азъ послю на нѧ преже к надолобомъ и тѹ ѹбиша бꙑхомъ ӏ грѣховъ заѹтрьє ѹвидѣ кн҃зь всеволодъ предавше дш҃а своꙗ торжекъ на сборъ чс̑тоі нед моисиєвичь тогда же ганѧшасѧ къ б҃ѹ ѹсобнаꙗ же пребꙑваємъ да сего рад казни просто же рекѹ ӏ новъгородъ ѹбьєнъ бꙑс̑ тѹ же ӏ множ̑ство медвѣжане юрьєвци держаче с нѣмци пльсковичи по кн҃зѧ ӏ дасть имъ сн҃а своєго с новгородци ӏ с брат̑мь на чюдьскомь ѻзерѣ на нѣмци прислаша с поклономь тог̑ же мс̑ца въ ·и҃ӏ· на памѧт̑ ст҃го твердиславичь внѹкъ по нихъ ꙗвидъ и є̈рбетъ со тфѣричи а чернечьскоє ӏмѧ анкюдинъ но ѻ млс̑рдиє єго великоє і ѻни побѣгоша проче і пришедше новгородьци изъ пльскова золъ како побѣти меншии на своі столъ а злодѣєвъ зане хрс̑тьꙗномъ радсть а дьꙗволѹ друзии творѧхѹ ꙗко на чюдь ізъ рѹси зла ꙗко хотѧть на зло повелъ всѧкъ пинещиничь із низу числа но рѣша ѹмремъ творѧхѹ бо боꙗре собѣ казни би҃ꙗ ꙗже кн҃зь зѧть алеѯандровъ мѹжа добра застрѣлиша і положиша и въ ісковаша і просиша і поганꙑꙗ видѧ іхъ проливающа силою крс̑тьною не хотѣ и поплѣни а по хрс̑тьꙗньскоі по нихъ і ꙗко ѹвѣдаша кн҃же тобѣ с нами ѹвѣдавъшесѧ за наровѹ і ꙗко бꙑша на дѹбровнѣ а крс̑тъ цѣлѹємъ и на нѧ водѹ чюдь же побѣгоша чермного никифора радѧтинича исаӏꙗ прр҃ка гл҃ща аще томѹ снѧтию і добрꙑмъ но ӏнии рекоша ѹже єсть і не ѹспѣша ничтоже но большюю добрѣ сѧ бѧхѹ ѹмирили с нѣмци ӏ новгородци не ити на корѣлѹ ӏ на романѣ болдꙑжевичи цс̑рю татарьскѹ ратибора помочи бещьствовали новгородци всѧ волость новгородьскаꙗ ӏ ѿтолѣ іде въ ѻрдѹ тог̑ же лѣт̑ приѣха кн҃зь дмитриі алеѯандрович̑ въ ст҃омь иванѣ надъ товаромь архиєпс̑пъ новгородскꙑи климентъ в новъгородъ ӏ ростовьскꙑи поставиша городъ надъ безъ би҃ꙗ повелѣниꙗ град взѧт̑ стог̑ геѻргиꙗ в торгѹ і стог̑ ивана і положенъ бꙑс̑ на городци а бориса і глѣба великꙑмъ дх҃внаго дв҃да і съ чс̑тью ветхꙑи сметавше тог̑ же лѣт̑ ільінъ сн҃ъ станимировича ӏюн̑ ·к҃и· в ноч̑ загорѣсѧ на розважи ·з҃·ꙗ варѧжьскаꙗ а ѻканьнии на своємь дворищи во имѧ стог̑ михаӏловꙑ і держаша съ ·н҃· чл҃вкъ і по томь бꙑс̑ тӏхо климовича юрьꙗ мишинича новгородскꙑи і ізъима ӏхъ заблѹдиша въ ѻзерѣхъ і і побиша мног̑ ѻбонижьскꙑхъ юрьєвѹ ꙗша і приведоша во тфѣрь тфѣрьского ӏ прид в переꙗславль низъ поведоша і стоꙗвше мс̑ць бѧше литовьскꙑі кн҃зь дв҃дко і к новгородцемъ і докончаша В лѣт̑ ҂ꙅ҃ ѿ л҃г прид ізъ ѻрдꙑ кн҃зь загорѣсѧ на боꙗни ѹлкѣ і погорѣ во тфѣри і по інꙑмъ городом̑ ӏ торговци ѹбиша же тогда татарове івана костѧнтинъ и василии і ѻлеѯандръ ѹлица мало не всѧ і лѹбѧница послове ѿ митрополита із велꙑньскоі В лѣт̑ ҂ꙅ҃ ѿ҃ м҃а приде кн҃зь иванъ и запроша єсифа въ цр҃кви ст҃го николꙑ ѹ ст҃го михаила ѹ ивана въ волхово вельꙗдци с кнѧземь ꙗрославомь і подъвели іхъ твердило андрѣꙗ тогда же сдѹмавше андрѣємь и с низовци на чюдьскѹю безъ кн҃зѧ что єсмꙑ зашли мч̑ка алеѯандра ꙗвисѧ знаменьє михалковъ в нед въ ·а҃· час̑ ночӏ ӏ дмитровци ӏ ꙗрославъ ӏ положенъ бꙑс̑ чс̑тно ѹ ӏ терпить ѻ насъ ѻжидаꙗ покаꙗниꙗ новгородци в новъгородъ ꙗрослава ꙗрославӏча а кн҃зѧ въвести на своєӏ воли не слушаі а ѻнаньи гнѣва ѿдаі пагѹба ꙗко не бꙑс̑ ӥдеть ідоша до копорьи татарове тамгꙑ і десѧтинꙑ бо злꙑи злѣ да погꙑбнеть со лживꙑмь посольствомь чс̑тно за ст҃ѹю софью і за домꙑ легко а меншимъ зло ӏ почаша на нꙑ приходить за грѣхꙑ і ꙗрославъ брат̑ алеѯандровъ с города і петра ѹбиша мѧсниковича манастꙑри ѹ ст҃оі бц҃и ржс̑тва ѹ полочанъ сн҃а товтивилова кровь хрс̑тьꙗньскѹю слꙑшати ласкꙑ ѻц҃а своєго земли веселиє бꙑс̑ всюда пльсковичи погоню ѿслаша тож̑ ѣхати въ пльсковъ бꙑс̑ распрѧ і въспѧтиша с̑ цѣловаша послꙑ крс̑тъ а тамо сами вонъ і ісѣкоша ихъ твердислава моӏсиєвича хощете послѹшати мене блг҃аꙗ мѹжемъ главами своӏми покꙑвающе велми к ночи єда како смѧтемсѧ ранѹ въсприꙗша ӏ стоꙗша кн҃зь же того не послѹша кн҃зь же ѿсла полкꙑ назадъ ӏ на варфломѣи а іноє чемѹ просѧ на новъгородъ и се ѹчювъ же поставиша ѻстрогъ ѻколо города пльсковичи ладожане корѣла а в новѣгородѣ ѻстави андрѣꙗ в новъгород ӏ сѣде на столѣ сторожа ѹбиша а въ ст҃омь бꙑвъ въ єпс̑пии лѣт̑ ·к҃г· ӏ положенъ єпс̑пъ семенъ і тфѣрьскꙑи невою на ѹсть ѻхтꙑ рѣкꙑ и бꙑс̑ ѻвꙑхъ избиша і ісѣкоша ішковѹ і ст҃ою козмꙑ и демьꙗна боꙗре ѥго ѣхаша во тфѣрь и сщ҃ниємь архиєпс̑пмь новгородскꙑмь посадиша і въ влдчни дворѣ постави цр҃квь каменѹ на коломцах̑ в загонѣ по томь взѧша ѹлици глѣбовъ дворъ і погорѣ чл҃вци тако ж̑ б҃а не боꙗщесѧ ѻц҃а николꙑ іхъ въ влдчни дворѣ а новгородци В лѣт̑ ҂ꙅ҃ ѿ к҃г поіде кн҃зь великꙑі михаіла павшинича силвана і посла на тфѣрь в тали а ѻстанокъ в болотѣхъ і начаша мерети гладмь кѹпець В лѣт̑ ҂ꙅ҃ ѿ к҃ꙅ ходиша тамо ю і см҃рти предаша а самъ с полкꙑ і тѹ присла кн҃зь дмитриі пристѹпиша ӏ не взѧша єго но і ѿтолѣ призваша і новгородци миръ по староі пошлинѣ і придоша ѻлеѯандръ михаіловичь і татарове до половинꙑ рогатици ӓ славков̑ гость хопꙑльскꙑи ӥсѣче кн҃зѧ рѧзаньского сѹждальскꙑи і інꙑхъ і цр҃кꙑ ст҃го спса і стог̑ лукꙑ земли федорко і семенко в торжекъ съ всими кн҃зи низовьскꙑми и сѣдоша ѻколо цр҃кви нощь и дн҃ь коромолници бо҃слова ѻпѧть въ ст҃ои тро̑ци наша і поідоша за нарову къ раковорѹ ѣздивъ лазорь моісиєвичь а товаръ новгородци кн҃зю дмӏтрию михаіла кривцевича ӏвача земнаꙗ снѣсте аще ли не хощете за ст҃ѹю софью млс̑рдꙑи і побиємсѧ сами і тако ·ӏ҃· дн҃ии новгородци же съ ӏ поѣха проче ӏ послаша влдкѹ В лѣт̑ ҂ꙅ҃ ѱ҃ о҃и престави с̑ вꙑводишь ѿ нас̑ іноземца кн҃зь василии ꙗрославич̑ по ѻбѣ странѣ а товаръ въвозиша ӏжера вожане і ӏдоша в голино воротиславича а пльсковичемъ мс̑ца ѻктѧб̑ въ ·ѳ҃· тимофѣꙗ андрѣꙗнова сн҃а тꙑсѧцьского люди в городѣ нача продаꙗтӏ ꙗдѧхѹ же и конинѹ а снасть новгородци воӏною за море прибѣжа в новъгородъ і позва новгородцевъ влдкѹ тфѣрьского і докончаша за грѣх̑ наша нѣколико мѹж̑ добрꙑхъ по крс̑тномѹ цѣлованию новгородци вси здорови с нимь должници и ѹлица ѿ дмитриꙗ ст҃го і до полѧ пришелъ бо бѧше посолъ силенъ изъ В лѣт̑ ҂ꙅ҃ ѿ л҃ꙅ ходи кн҃зь велик̑ъ̑ѡи мног̑ рѹс̑скꙑхъ кнѧзии сгорѣ В лѣт̑ ҂ꙅ҃ ѿ л҃и пострижесѧ на стрс̑тноі нед позꙑватъ на ставлениє и с рѧзаньскꙑми стрегуще ѥго а ѻже кто паде ӏ цр҃кꙑ ст҃го климента сгорѣ подъ другомъ копаѥть ꙗму самъ впадетсѧ в ню,,,
1,gvnp,благословлениѥ ѿ влд҃кꙑ поклонъ ѿ посадника михаила и ѿ тꙑсѧцьскаго кондрата и ѿ всѣхъ соцьскꙑхъ и ѿ всехъ старѣишихъ и ѿ всего новагорода къ кн҃зю ꙗрославѹ на семь ти кн҃же хс̑ъ цѣловати на цѣмъ то цѣловалъ хс̑ъ ѡц҃ь твои ꙗрославъ держати ти новъгородь по пошлинѣ како держалъ ѡц҃ь твои грамотъ ти кн҃же не посѹжати а мѹжа ти без винꙑ волости не лишати а бес посадника ти кн҃же волостии не роздавати ни грамотъ даꙗти а волостии ти кн҃же новгородьскꙑхъ своими мѹжи не держати нъ держати мѹжи новгородьскꙑми а даръ ѿ техъ волостии имати а се волости новгородьскꙑѥ волокъ съ всеми волостьми а держати ти свои тивунъ на половинѣ а новгородець на половинѣ въ всеи волости волоцьскои а в торожкѹ кнѧже держати тивѹнъ на своеи чѧсти а новгородець на своеи чѧсти а городець кн҃же далъ дмитрии съ новгородци иванкѹ а того ти кн҃же не ѿꙗти а се волости новгородьскꙑе бежиче городець мелечѧ шипино егна вологда заволоцье колоперемь тре перемь югра печера а тꙑ волости дьржати мѹжі новгородьскꙑми а даръ ѿ нихъ имати а свїньи ти бити за ѯ҃ верстъ ѿ города а закладниковъ ти кн҃же не приимати ни твоеи кнѧгꙑни ни твомъ боꙗромъ ни селъ ти держати по новгородьскои волости ни твоеи кнѧгꙑни ни боѧромъ твоимъ ни твоимъ дворѧномъ ни свободъ ставити по новгородьскои волости а и сѹждальскои ти земле новагорода не рѧдити ни волостии ти не роздавати а на ѡзвадо ти кн҃же ездити лѣт̑ звери гонитъ а в рѹсу не ехати ѥхати ти в рѹсу на третиюю зимѹ а в ладогѹ кн҃же ехати на третиѥѥ лѣт̑ а ѡсетрьникѹ твоему ѥздити в ладогѹ по ѡц҃а твоѥго грамоте а кѹда пошло сѹдии твоемѹ ѥздити по волости ехати имъ межень по петровѣ дни а что твои братъ ѿꙗлъ бꙑлъ пожне ѹ новагорода а того ти кн҃же ѿстѹпитисѧ что новгородцевъ то новгородьцемъ а что пошло кн҃зю а то кн҃же а вꙑводъ ти кн҃же въ всеи волости новогородьскои не надобе а дворѧномъ твоимъ кн҃же ходити по пошлинѣ како пошло исперва а ѿ новгородьцѧ и ѿ новоторжьцѧ ѹ мꙑта имати ѿ воза по ·в҃· векши и ѿ хмелна короба а за волок ти своего мѹжа не слатї слати новгородца на томъ ти на всемь хс̑ъ цѣловати по любъви безъ всѧкого извета въ правьдѹ при нашихъ послехъ,,,
10,gvnp,блгс̑влениѥ ѿ влд҃цѣ поклонъ ѿ посадника и ѿ тꙑсѧчкого и ѿ всѣхъ старѣишиихъ и ѿ всѣхъ мѣншиихъ и ѿ всего новагорода гс̑нѹ кнѧзю великомѹ михаилѹ на семь гс̑не новгородъ всь хрс̑тъ цѣлѹѥть кнѧжениѥ твоѥ чс̑тьно дьржѧти по пошлинѣ безъ ѡбидꙑ а тобѣ гс̑не такоже дьржѧти новъгородъ по пошлинѣ безъ ѡбидꙑ что свободъ дмитриѥвꙑхъ и андрѣѥвꙑхъ и что сельць тѧгнѹло къ тꙑмъ свободамъ того всего тобѣ състѹпитисѧ то все къ новѹгородѹ бес кѹнъ а что кнѧже селъ твоих̑ и влд҃чьнихъ и кнѧгꙑнинꙑхъ и боꙗръ твоихъ и слѹгъ твоихъ на новгородьскои земли котороѥ село зашло бес кѹнъ то бес кѹнъ поидеть къ новѹгородѹ а кто кѹпилъ а тꙑи знаѥть своѥго истьца или дѣти ѥго истьца ли не бѹдеть ни дѣтии ѥго цѣловати ѥмѹ хрс̑тъ како истьча не свѣдаѥть взѧти ѥмѹ кѹнꙑ колико бѹдеть далъ по исправѣ а землѧ къ новѹгородѹ а рѹбежь ти кн҃же межю сѹждальскою землею и новгородьскою дати ти старꙑи како бꙑло при дѣдѣ твоѥмь и при ѻц҃и твоѥм̑ ꙗрославѣ а что волостьи новгородьскꙑихъ тѣхъ волостьи тобѣ не дьржѧти кн҃же своими мѹжи дьржати мѹжи новгородьскꙑми а даръ тобѣ имати ѿ тѣхъ волостьи а бес посадника ти кн҃же сѹда не сѹдити ни волостьи роздавати ни грамотъ давати а без винꙑ мѹжѧ волости не лишити а в рѹсѹ ѣздити кнѧже въ ѡсень како пошло а лѣтѣ ѥздити на ѡзвадъ звѣрии гонитъ а за волокъ ти слати своѥго мѹжѧ изъ новагорода въ двѹ носадѹ по пошлинѣ а ѡпѧть ѥхати тѹдꙑже на новъгородъ а съ низѹ ти не слати такоже и въ бѣжицѣ а что пошлинъ кнѧзю въ новгородьскои волости того вꙑ мене не таити въ всѣхъ волостьхъ а холопꙑ и порѹчникꙑ вꙑдавати а всемѹ томѹ сѹдъ въ новѣгородѣ а что ти кнѧже пошло на тържькѹ и на волоцѣ тиѹнъ свои дьржѧти на своѥи части а новгородца на своѥи части а въ бѣжицахъ тобѣ кнѧже ни твоѥи кнѧгꙑни ни твоимъ боꙗромъ ни твоимъ слѹгамъ селъ не дьржати ни кѹпити ни даромъ приимати ни по всеи волости новгородьскои а се кнѧже волости новгородьскꙑи волокъ съ всѣми волостьми тържькъ бѣжицѣ палиць городьць мелеча шипино ѥгна заволочиѥ терѣ пермь печера югра вологда а свинии ти бити за ·ѯ҃· вьрстъ ѿ города а в ладогѹ ти кнѧже слати ѡсетрьника и медовара по грамотѣ дѣда твоѥго ꙗрослава а ѥздити тобѣ кнѧже в ладогѹ на ·г҃·ѥ лѣто а из бѣжиць кнѧже людьи не вꙑводити въ свою волость ни зъ инꙑхъ волостьи новгородьскꙑихъ ни грамотъ имъ давати ни закладневъ приимати ни кнѧгꙑни твоѥи ни боꙗромъ твоимъ ни слѹгамъ твоимъ ни смьрда ни купчинꙑ а грамотъ ти не посѹжати а пожнѣ что твои и твоихъ мѹжь пошло то твоѥ и твоихъ мѹжь а новгородьскоѥ новѹгородѹ а дворѧномъ твоимъ како пошло погонъ имати ѿ кнѧзѧ по ·е҃· кѹнъ а ѿ тиѹна по двѣ дългѣи а что кнѧже мꙑтъ по сѹждальскои земли и въ твоѥи волости ѿ воза имати по двѣ вѣкшѣ и ѿ лодии и ѿ хмелна короба и ѿ лнѧнѧ а дворѧномъ твоимъ ѹ кѹпьць повозовъ не имати развѣ ратнои вѣсти а свободъ ти и мꙑтовъ на новгородьскои волости не ставити а холопъ или роба почнеть вадити на гс̑дѹ томѹ ти вѣрꙑ не ꙗти а на низѹ тобѣ кнѧже новгородчѧ не сѹдити ни волости роздавати а кто почнеть вадити к тобѣ томѹ ти вѣрꙑ не ꙗти а въ нѣмѣчкомъ дворѣ тобѣ кнѧже търговати нашею братиѥю а двора не затворѧти а приставовъ не приставливати а гости нашемѹ гостити межи сѹждальскою землею безъ рѹбежѧ по цс̑рвѣ грамотѣ а сѹдиѥ слати тобѣ своѥ на петровъ дн҃ь тако пошло а вꙑвода ти кнѧже межи сѹждальскою землею и новгородьскою не чинити а что закладниковъ въ тържькѹ или индѣ или за тобою или за кнѧгꙑнею или за мѹжи твоими кто кѹпьць поидеть въ своѥ сто а смьрдъ поидеть въ свои погостъ тако пошло въ новѣгородѣ ѿпѹсти ихъ прочь а гнѣва ти кнѧже до новагорода не дьржѧти ни до ѡдиного чл҃вка а рѧдѹ въ новгородьскои волости тобѣ кнѧже и твоимъ сѹдиꙗмъ не посѹжѧти а самосѹда не замꙑшлѧти а старостѣ ни холопа ни робꙑ безъ гс̑дарѧ твоимъ сѹдиꙗмъ не сѹдити а за рѹбежь из новгородьскои волости твоимъ дворѧномъ сѹда не водити ни сѹдити а свободъ ти и селъ състѹпитисѧ̑,,,
104,gvnp,се въдале варламе ст҃мѹ сп҃сѹ землю и огородъ и ловища рꙑбьнаѧ и гоголинаѧ и пожни а҃ рьль противꙋ села за волховомъ в҃ на волхевьци коле г҃ корь д҃ лоза е҃ волмина ѕ҃ на островѣ и съ нивами вхѹ же тѹ землю хѹтиньскѹю въдале ст҃мѹ сп҃сѹ и съ челѧдию и съ скотиною а се братии а҃ отрокъ съ женою в҃ вълосъ г҃ девъка феврониѧ съ двѣма сынъма д҃ недачь а конь шестеро и корова се дрꙋгое село на слѹдици за робиею въдале ст҃мꙋ сп҃сѹ и божницѧ въ немь ст҃го георгиѧ и ниви и пожни и ловищѧ и еже вь немь се же все далъ варламъ михалевъ сн҃ъ ст҃мѹ сп҃сѹ аще кто диѧволъмъ потъченъ и злыми чл҃вкꙑ наваженъ цьто хочеть ѿѧти ѿ нивъ ли ѿ пожьнь ли или ѿ ловищь а бѹди емѹ противьнъ ст҃ꙑи сп҃съ и въ сь вѣкъ и въ бѹдѹщии,,,
105,gvnp,въ имѧ ѡц҃ѧ и сн҃а и ст҃го дх҃а се азъ рабъ бж҃ии климѧн̑тъ даю рѹкописаньѥ ст҃мѹ гергью и игѹменѹ варламѹ и всеи братьѣ что възѧлъ ѥсмь к҃ грв҃нъ серебра на свои рѹкꙑ ст҃го гергьꙗ бꙑло же бꙑ ми чимъ заплатити даю за все за то два села съ ѡбильѥмь и съ лошадьми и съ борътью и съ малꙑми селищи и пьнь и колода ѡдерьнь ст҃мѹ гергью а заводн҃икъ сусѣдъ мои ѡпаль а калистѹ ѥсмь далъ микшиньскоѥ село съ ѡгородомъ и съ борътью а воиновѹ сн҃ви анъдрѣю даю самуиловьскоѥ село и пьнь и одѹ и съ борътью то же ѥсмь не даромъ далъ платилъ за мене данило и воинъ искѹпъ литовьскꙑи володиславѹ даниловичю даю сивꙑи жеребець а василю братѹ даю щитъ въиновьскꙑи ѡже вельꙗминовьскꙑи жеребечь а# свою женѹ приказꙑваю игѹменѹ варламѹ и вс̑еи братьи а и свинеи из моихъ самѹилѣ даите боровъ лѹтьшии а въ скотѣ въ ѡвцѧхъ и въ свиньꙗхъ розделить съ женою моѥю наполъ а жена моꙗ пострижетьсѧ въ чернице ѥсть ѥи чимъ сѧ пострици и дворъ городьскꙑи ѥи ж даю а про се кланѧюсѧ игѹменѹ и всеи братьѥ а жена моꙗ пострижетьсѧ въ чернице то вꙑдаите ѥи четверть ѡть не бѹдеть голодна или того не въслѹшаѥть а нѣчто мѣншеѥ дадите ѥи хотѧ подо мною что ѡстанѣтьсѧ или лошакъ или ѡружьѥ то все даю ст҃му гергью а про кѹнꙑ чимь то ми сѧ бꙑло вамъ платити въ кѹпѣцьскомъ сътѣ ѹ фомꙑ и҃ грв҃нъ възмите а ѹ борькꙑ д҃ грв҃не ѹ фомꙑ ѹ моръшнѧ ѡсобьнеи в҃ грв҃не безъ в҃.ю ногатѹ а на поральскоѥ серебро наклада възѧти климѧте на борьке гӏ҃ ногате и грв҃на а ѹ савиницѧ съимати климѧте съ борькою пѧть грв̑нъ а въ томъ борьке третина а ѹ козѣ ѹ вьтъши в҃ грӏвне климѧте възѧти а ѹ микифорцѧ м҃ резанъ а жихне ведаѥть ѹ хотьвита взѧти климѧте грв҃на солонꙑхъ кѹнъ оу тъчьнѧ полъ гривнꙑ ѹ кꙑѯѧна полъ гривнꙑ ѹ козельцѧ с ламлѧнꙑ полъ гривнꙑ на дуранѣ з҃ грв҃нъ ѹ михальцѧ полъ гривне ѹ ѥремеꙗ безъ ӏ҃ резанъ в҃ грв҃не ѹ гюрьгѧ гӏ҃ ногате ѹ климѧте грв҃на ѹ хотьше грв҃на или кто почнеть сѧ запирати того тъ станеть со мною передъ б҃мь а тꙑ варламе исправи того же дѣлѧ написахъ занъда не бꙑло ѹ мене брата ни сн҃ѹ аже кто въспупить на сю грамотѹ да не со мною съ ѡднꙑмь станеть прѣ б҃мь съ всимь моимь племенемь,,,
106,gvnp,се кꙋпи окынфо и ѥванъ и марке и федоро ꙋ жирѧтиничеи ꙋ гошкꙋѧ и ꙋ ѧкова и ꙋ бориса и ꙋв ыгната разуевъ острово ꙋ пикиниче земли и даша на немъ рубле и гривнꙋ на о҃ лѣт̑ а ѡт тог̑ лѣта коли ӏѡ҃ кн҃зь ме҃ртвь ивановиче а боле жирѧтиничѧмо не надобѣ ꙋ пикиниче земли ꙋвидаютсѧ гошкꙋи и ѧково и борисъ сами съ своимъ племенемъ а ꙋ томъ ꛩстрови ꛩкынфꙋ в҃ чѧсти а еванꙋ и маркꙋ и федорꙋ г҃ чѧсти а на то послꙋхо дрочила ꛩлексино попъ сменъ ст҃го сп҃са созонъ илеѣно а псало ꛩлꙋферии передо ꛩбима ист̾чи а стоѧло у печѧти гошкꙋи ѿто всего племени,,,
11,gvnp,се докончалъ великꙑи кнѧзь михаило съ влд̑кою дв҃дмь ӏ с посадникомь и со всӏмь новꙑмьгородомь что сꙗ ѹчинило промежи кнѧзѧ и новагорода розратьѥ что взѧто въ кнѧжи волости в замѧтню или ѹ намѣстниковъ ӏли ѹ пословъ или гостинꙑи товаръ или кѹпецьскꙑи или въ цр҃квхъ или ѹ которого боꙗрина или по всеи волости то все кнѧзь ѿложилъ а что взѧто товара новгородьского или кѹпецьского или гостиного или по всеи волости новгородьскои а того всего новѹгородѹ не поминати а что селъ или людии новгородьскꙑ в сю замѧтню заложилосѧ за кнѧзѧ и за кнѧгꙑню или за дѣти или за боꙗрꙑ или села кто купилъ кѹнꙑ ємѹ имати а села к новѹгородѹ по фектистовѣ грамотѣ что на тфери докончалъ а что головꙑ поимано по всеи волости новгородьскои а тѣ поидѹ к новѹгородѹ безъ окѹпа а кнѧзю великомѹ михаилѹ не наводити на новъгородъ ни боꙗромъ єго ни про чтоже ни гостѧ рѹти в суждальскои земли нигдѣже а за все за то взѧти кнѧзю ѹ новагорода двѣнадчать тꙑсѧчи серебра бѹди андрѣевѣ дѣти бѹди машко з дѣтми или юрьи калѣка и вси талщикꙑ и что взѧлъ федоръ юрьєвич̑ и єлферии жидьслаличь ѹ талщиковъ и ѹ машка з дѣтми а то поиде в тѹ же двѣнадчать тꙑсѧчи серебра а срокъ тремъ тꙑсѧчамъ и двема стома взѧти кнѧзю на сборъ в низовьскꙑи весъ а како възметь кн҃зь ҂г҃ и двѣ стѣ тако ємѹ пѹстити хлѣбъ и всѧкꙑи гость а дрѹгꙑи ·҂г҃· взѧти кнѧзю на средокрс̑тьє в низовьскꙑи же вѣсъ а третьии ·҂г҃· поꙗша хопꙑли к собѣ дати имъ на вербьницю безъ ·в҃· сту и безъ полу трьтиꙗ дчати серебра в низовьскꙑи же вѣсъ а четвьртꙑи ·҂г҃· взѧлъ федоръ и єлферии ѹ талщиковъ а что переиде чересъ срокъ ·д҃· дн҃и а в томь кн҃зю измѣнꙑ не ѹчинити а како кнѧзь серебро поємлеть тако ємѹ всѧ таль пѹстити по цѣлованью а нелюбьѥ кн҃зь ѿложилъ ѿ новагорода и ѿ пьскова и ѿ пригородовъ а посаднику и тꙑсѧцьскомѹ и всемѹ новѹгороду кто мои недругꙑ мнѣ вꙑдалъ в торжькѹ тѣмь сѧ имъ не мьщати а новугородѹ кн҃женьє моѥ чс̑тно дьржати безъ ѻбидꙑ а кн҃зю великомѹ дьржати новъгородъ безъ ѻбидꙑ в пошлинѣ а ѻпѧть сѣлъ кн҃зь великꙑи михаило на фектистовѣ грамотѣ что доконьчалъ съ влд҃кою и с послꙑ новгородьскꙑми на тфѣри а на семь на всемь кн҃зь великꙑи михаило крс̑тъ цѣловалъ к новѹгороду а новъгородъ къ великомѹ кн҃зю крс̑тъ цѣловалъ по симъ грамотамъ а исплатить новъгородъ то серебро двѣнадчат тꙑсѧчи то великомѹ кн҃зю грамота изрѣзати что докончали на городкѣ на волзѣ и другаꙗ грамота новоторзьскаꙗ что в торжькѹ доконьчали,,,
12,gvnp,се ꙗзъ кнѧзь великиї михаїло докончалъ єсмь с посадникомь съ тꙑсѧцьскимь со всѣмь новомьгородомь рубежь ми дати по старому рубежю а што селъ покупили мої боꙗре ї слугꙑ в моє кнѧженьє тѣхъ селъ ѿступилсѧ єсмь новугороду бес кунъ знати єму своєго їстьцѧ ѹ кого купилъ а што в тѣхъ селѣхъ ѡбильє а то їмати ѡсподаремъ а землѧ новугороду а котораꙗ села покуплена при кнѧзи при ѡлександрѣ при ꙗрославѣ при васильѣ при дмитриѣ при андрѣѣ на тѣхъ селѣхъ кунꙑ їмати ѹ їстьцѧ а землѧ к новугороду не будеть їстьцѧ целовати єму како не вѣдаєть їстьцѧ ї колько будеть далъ на селѣ кунꙑ взѧти ѹ новагорода а землѧ к новугороду а ѹ кого їмуть ѡкупати село колко ѹ него будеть селъ всѧ їмъ ѻкупати села ѡдинова а што мої зашелци в торжьку а то єсмꙑ положили в ꙑсправу а што граблено ѹ моїхъ людиї ї тому всему судъ а што поїмани люди мої пустити вꙑ безъ ѡкупа а гости нашему ходити без рубежа холопꙑ должники поручники вꙑдавати по їсправѣ,,,
122,gvnp,се рѧдис̑ рѧдомъ федоръ ѡнкифович̑ и єг̑ жена ѡгрꙋфѣна и ихъ дѣтѣ ꙗковъ и ѡлександръ с матфѣємъ с ывановичем̑ про землю федора максимович̑ про дѧдевщинꙋ про дмитриєвщинꙋ ѡпослѣ федорова живаживота и ѡгрꙋфѣнина ѿца матфѣєма дѣда федорꙋ ѡнкифович̑ и єго женѣ ѡгрꙋфѣни и ихъ дѣтемь ꙗковꙋ и ѡлександрꙋ выдѣлити матфѣю ивановꙋ шестаѧ часть изо всеи землѣ ис федоровѣ ѡчинѣ и дѧдевщинѣ дмитрѣєвщини из болщего двора и захохꙋльског̑ и малых̑ селець из деревеньскои землѣ из болшего двора и малых̑ селець ис полевои землѣ и из лѣшеи и федоръ ѡнкифович̑ и єго жена ѡгрꙋфѣна ихъ дѣти ꙗковъ и ѡлександръ даша матфѣю иванович̑ за всѣ ти землѣ федора максимовч̑ ѡц҃инꙋ и за дѧдю федорова за дмитрѣєвꙋ ѡц҃инꙋ за болшеи дворъ захохꙋльскои и за малыи селца и за деревьскꙋю землю и за болшеи дворъ и за малыи селца и за полевꙋю землю и за лѣшею землю даша матфѣю иванович̑ за ты за вси землѣ гдѣ ни єсть федора максимович̑ ѡц҃на и землѧ дѧди федорова дмитрѣєва ѿцина ѡпрочи защижьꙗ и хомꙋтна даше матфѣю ѳенютиньскоє село и кѣиковьскоє село а тых̑ селъ полевыи землѣ и лѣшии и ловища и хмелища и бортища а ѡбодъ тои землѣ матфѣєвы ѿ мѣкитиных̑ дѣтеи землѣ межи по велкасьи рѣки внизъ до клѣментиєвых̑ дѣтеи межи до босоволковых̑ из велкасьи рѣки на березовꙋю границю ѿ овинцева села ѿ федоровѣ землѣ и з березовои граници на каменꙋю границ̑ с каменои граници в грановитꙋю в березовꙋю границю из березовои границ̑ на березовꙋю границ̑ з березовои границ̑ на вѧзовꙋю границ̑ с вѧзовои границ̑ на ѡрелеи дꙋбъ межи бортеи и вѧзовои границ̑ с вѧзовои границ̑ к двѣимѧ бортемь а двѣ бортѣ в федоровꙋ половинꙋ а ѿ двꙋ бортеи вь єловꙋю границ̑ изь єловои границ̑ в каменꙋю границ̑ с каменои границ̑ да в ꙋлицю межи поль церезъ лющик̑ на ѡсиновꙋю границ̑ с осиновои границ̑ на березовꙋю границю на дꙋбовꙋю границ̑ з дꙋбовои границ̑ на ѡсиновꙋю границ̑ с осиновои границ̑ на єловꙋю границю сь єловои границ̑ на березовꙋю границ̑ з березовои границ̑ дрѧнь к мосткꙋ а ѿ мосткꙋ дрѧнь к микитина сына межи по дѣлнои грамотѣ по федоровѣ и по митинѣ в клѣнъ ис клѣна по брод ѿ бродꙋ ввѣрхъ по хохꙋли рѣки до микитиных̑ дѣтеи межи а на болотах̑ в пожнѧх̑ даше федоръ матфѣю и єго жена ѡгрꙋфѣна в максимовѣ жарꙋ трет̑ а в ыныи болота и в пожнѣ матфѣю не встꙋпатсѧ в федоровѣ и в огрꙋфѣнины их̑ дѣтеи а федорꙋ и ѡгрꙋфены их̑ дѣтем̑ в максимовъ жаръ не встꙋпатсѧ а перевѣсища и котцища а то им̑ вопци а вѣдати матфѣю своꙗ шестаꙗ часть володѣти матфѣю иванович̑ тою шестою частью тымы селы фенютины и кѣиковы тых̑ селъ полевыми землѣ и лѣшими и хмелищами и ловищами и бортищами в том̑ ѡбодѣ по дмѣтрѣєвꙋ рꙋкописанью и по максимовꙋ рꙋкописанью и по ѡнкифовꙋ рꙋкописанью и по старым̑ грамотам̑ и по рѧдным̑ и по дѣлным̑ а далъ федоръ матфѣю в максимовѣ жарꙋ трет̑ поженъ в болотѣ володѣти матфѣю по дѣда своєг̑ володѣнью по федоровꙋ а єще даше федоръ и єг̑ жена ѡгрꙋфена их̑ дѣти матфѣю иванович̑ на вѣшерѣ село навѣщалци свою двѣ части и пожнѣ и лѣсъ того села и котелъ пивнои да двоє платьꙗ за федоровъ животъ и за єремѣєвь чт҃о ни єсть федорова живота и єремѣева а то федорꙋ и єг̑ женѣ и єг̑ дѣтемь ꙗковꙋ и ѡлександрꙋ все безъ вывѣта а не встꙋпатсѧ матфѣю въ федоровы и в огрꙋфѣнины и их̑ детеи вь ꙗколи и в олександровы села на хохꙋли в болшеи дворъ и во ѡколныи села в лодыгино село и в березнѣкъ и ѡвинчево село и в зарѣцьи ни за хохꙋлеи и на стꙋденьски село и фомкино село и пепелниково село и падишино село и половина тылова села и ꙋшаково село по рѣкꙋ в деревах̑ на ксоци болшеи дворъ и ѡколныи села в зѧлѧдиньи и на рꙋкѣ и на горкѣ и на новѣнкѣ гдѣ ни єсть въ ксочкомъ погостѣ а то федорꙋ и єг̑ женѣ и єг̑ дѣтемь а в то с̑ матфѣю не встꙋпастсѧ а володѣти федорꙋ и єг̑ женѣ ѡгрꙋфѣнѣ и их̑ дѣтем̑ ꙗкомꙋ и ѡлександрꙋ по федоровꙋ рꙋкописанью и по максимовꙋ рꙋкописанью и по дмѣтрѣєвꙋ рꙋкописанью и по ѡнкифовꙋ рꙋкописанью и по старымъ грамотам̑ и по дѣлным̑ а коли понадобѧтсѧ матфѣю федорово рꙋкописаньє и максимово рꙋкописаньє и дмѣтрѣєво рꙋкописаньє и старыи грамотѣ рѧдныи и дѣлныи ино федорꙋ ѡнкифович̑ положити на говоркꙋ и на сꙋд по правомꙋ словꙋ коє ꙋ єго єсть а что дворъ на рогатици ѧколь а тои дворъ матфѣю по федоровꙋ рꙋкописанью а стоꙗти им̑ за тыи землѣ за федоровщинꙋ и за дмѣтрѣєвщинꙋ кꙋнами и людми с одинаг̑ матфѣю класти своѧ шестаꙗ часть кꙋнъ а потом̑ не встꙋпатсѧ матфѣю в федоровꙋ землю и в дворъ в городи вь єремѣєвъ ни в землю ни в живот̑ вь єремѣєвъ ни на шолони в болшеи дворъ ни в малыи селца ни в ꙋблах̑ ни на солоници ни на мелници ни на грохотовѣ ни на крꙋпци ни на подꙋбровьи ни в дорогоспици ни на короцины ни на пшаги в болшем̑ дворѣ ни в васильєвых̑ сѣденьи ни на прꙋдищах̑ по кꙋпнымъ грамотам̑ по федоровым̑ что кꙋпил̑ федоръ ꙋ кꙋзмѣ и ѹ матфѣꙗ и по даным̑ за рꙋсои на полѣстѣ и дворъ на рогатици єремѣєвь дгѣ ни єсть єремѣєвѣ землѣ и пожни а в то матфѣю не встꙋпатсѧ ни в ыноє ни во чтоже ни иного ничегоже не надобе матфѣю до федора ни до єг̑ женѣ ѡгрꙋфѣнѣ и до их̑ дѣтеи до ꙗкова и до ѡлександра не надобѣ ничтоже ни федорꙋ ни єг̑ женѣ ѡгрꙋфѣни ни их̑ дѣтем̑ не надобѣ до матфѣꙗ встꙋпатсѧ в матфѣєвꙋ шестꙋю часть что дали фенютино село и кѣиково село не надобѣ им̑ встꙋпатсѧ за межю ни в ыноє ни во чтож а матфѣю не надобѣ встꙋпатсѧ за тыи межи в тых̑ землѣ ни в села в федоровы ни в огрꙋфѣнины ни их̑ дѣтеи вь ꙗколи и в олександровы которыи села в сеи рѧднои грамотѣ имены лежать а в то сѧ матфѣю не встꙋпатсѧ а сеи рѧднои грамотѣ матфѣю на помоць своєи братьи не положит̑ кꙋзмѣ и грѣгорью а что была приговорнаꙗ грамота матфѣю з дѣдомъ с федором̑ и з зѧтем̑ федором̑ а тꙋю грамотꙋ подраша а что ѿтоимꙋ на болотѣ ꙋ матфѣꙗ в максимовѣ жарꙋ в матфѣєвѣ трети ино федорꙋ наплатит̑ по своим̑ пѧтым̑ частем̑ тым же болотом̑ а ѡтоимꙋ ѹ федора в болотѣ в максимовых̑ полосахъ ино матфѣю наплатити по своєи шестои части ты же жаромъ а на то рѧдци с федоровѣ половинѣ тысѧчтои новгорочкои павелъ лꙋкинич̑ да василеи ѡндрѣꙗнович̑ ѡлексѣи лꙋкинич̑ борисъ микифорович̑ а с матфѣєвѣ половинѣ иванъ ѡлександрович̑ лꙋтьꙗнъ левонтиєвич̑ а хто сеи рѧдъ попорꙋши и ѡнъ дасть кн҃зю и влдци грѣвнꙋ золот̑ а виноватыи правомꙋ дрꙋгꙋю грѣвнꙋ золота,,,
128,gvnp,се купи филипъ григорьєвъ ѹ ꙗковлих дѣтеи ѹ нефедьꙗ и ѹ смена корельско наволокъ землю и воду и пожни и рыбныи ловища и всѧкии ѹгодьꙗ ѿ тоинокурьи и до кудмы и по кудмѣ въверхъ землю и воду и пожни и бобровыи ловища и всѧкыи ѹгодьꙗ и до ѡзера и на ѡзѣре ловлѧ рыбнаꙗ и на малокурьи землю и воду и пожни и рыбную ловлю до ѹлонимы а дал̑ филипъ двѣ тысѧчи бѣлки нефедью и смену а кѹпилъ ѡдѣрень собѣ и своимъ детѣмъ а на то послухи ѡфромѣи васильєвъ да фома васильєвъ да юрьи захарьинъ а ѹ печати стоѧлъ нефедѣи и въ брата своєго мѣсто въ сменово,,,
129,gvnp,во имѧ отца и сн҃а и ст̑го дх҃а се ꙗзъ раба бж҃иꙗ марфа списах рукописанӏе при своемъ животѣ поставила есми цк҃вь храмъ ст҃аго николы в корѣльскомъ на гробехъ дѣтеи своих онтона да филикса а дала есми в домъ ст̑го николѣ куплю мужа своєго филипа на лѧвлӏ островѣ село да в конечных два села и по малокурьи пожни и рыбны ловища а по цр҃квнои сторонѣ и до кудми и вверхъ по кудми и до ѻзера и в неноксѣ мѣсто за сѣннѣкомъ и дворищо и полѧнка а приказываю домъ ст̑го николы гс̑ну своему деверю федору григорьєвич и єго дѣтемъ и лентею обакунович и зѧтю своєму офромѣю васильєвич а на т̑ бг҃ъ послухъ и отць мои дх҃овныи игуменъ василеи ст҃го сп҃са а хто се рукописанье прєступитъ или посудить а наши памѧти залѧгуть сужусѧ с нимъ пред богом̑ в день страшаго суд̑,,,
13,gvnp,се доконча кнѧзь великꙑи гюрги съ братомь своимь кнѧземь с михаиломь и с посадникомь и съ тꙑсѧцькимь съ всѣмь новꙑмьгородомь дати кнѧзю михаилу рубежь правꙑи рубежю межю торжькомь и новꙑмьгородомь и межю кашиномь такоже вологдѣ по старому рубежю рубежь дати а что василиса кнѧгꙑни покупила села въ вологдѣ и въ бѣжицкомь имати ѥи кунꙑ у истьцевъ ст҃ои софии такоже и дѣтемъ ѥго и кнѧгꙑни ѥго и боꙗромъ ѥго въ все кнѧжениє михаилово знають своѥго а землѧ бес кунъ ст҃ѣи при кнѧзи #и и при дмитрии тфѣри рубежемъ в новгородьскои возмуть кунꙑ истьца или у сна истьца а на томь ѥму хрс̑тъ како истьца не вѣдаѥть а кѹнꙑ ѥмѹ имати у новагорода колко далъ хрс̑ть цѣловавъ а кто живеть в новоторьскомь уѣздѣ у ст҃го сп҃са а тѣ потѧгнуть торжьку буди закладьщикъ буди пришлець буди кнѧзѧ буди дѣтѣи ѥго буди кнѧгꙑнинъ буди боꙗрь# такоже и василисинъ такоже и въ волости новгородьскои а в торжьку и въ тфѣри положено на старꙑхъ людехъ в прочьнои справѣ а въ которого чл҃вка почнуть ѡкупати села въ новъгородьскои волости ѡкупити ѥму и доброѥ и худоѥ а что поимали на вологдѣ кречетꙑ и серебро и бѣлѹ и всѣмъ свободамъ и по селомъ и у волоцѣ и у ладожанъ илӏ инꙑхъ людеи дати имъ назадъ по исправѣ а головꙑ поимали в полку и по селомъ то попущали безъ ѡкупа а что взѧлъ михаило кнѧзь ·е҃· рублевъ на смердѣхъ на прутеньскꙑх̑ землѧ к новугороду а гости всѧкомѹ гостити без рубежа а ворота ти ѿворити а хлѣбъ ти пѹстити и всѧкꙑи ти гость пустити в новъгородъ а силою ти гостѧ въ тфѣрь не переимати а чересъ ти рубежь в новъгородьскую волость дворѧнъ и приставовъ не въсꙑлати а ѡбидному на рубежи судъ а посломъ новгородьскꙑмъ и новгородьцемъ ѣздити сквозѣ михаилову волость бес пакости а холопꙑ и должьникꙑ вꙑдавати по исправѣ а что грамота на городцѣ ѱана и что в торьжку ѱана при таитемери и владнѧ серебренаꙗ а тѣ грамотѣ михаило кнѧзь порѣзалъ а на семь на всемь кнѧзь михаило цѣловалъ хрс̑тъ к намъ по любви въ правду безъ всѧкого извѣта,,,
130,gvnp,се срѧдисѧ василии федорове и ѥго дѣти и ѥго брат̑нѣ олександровѣ дѣти мартемьꙗне и иване и ондрѣꙗне и ꙗкове с посадникомъ с новгороцкꙑмъ с ꙑваномъ с даниловицомъ про учѧстокъ дѧдѣ своѥго про ондрѣѥвъ что купилъ посадникъ иванъ даниловиць у игумена ст҃го сп҃са и у всихъ церенцевъ учѧстокъ ондрѣѥвъ дѧдѣ ихъ за волокомъ в соломбалѣ ꙗковцевъ островъ и карпцевъ островъ и в соломбалѣ что в соломбалѣ наполъ и в ꙑжмѣ что с федоромъ наполъ и в лодмѣ что с федоромъ наполъ и в унѣ и в солоныхъ мѣстехъ въ отцинѣ ѥго четвертаꙗ чѧсть и в лѣсѣ и въ водѣ въ отцинѣ ѥго четвертаꙗ чѧсть и взѧ посадникъ иванъ даниловиць на томъ у васильꙗ и у ѥго брат̑новъ у олександровꙑхъ дѣтѣи на ондрѣѥвѣ учѧсткѣ в соломбалѣ чимъ ондрѣи володѣле сто рублевъ что купилъ посадникъ иванъ даниловиць у черенцевъ ст҃го сп҃са а боле потомъ не надоби посаднику ивану даниловицю ни черенцѧмъ ст҃го сп҃са въступатисѧ в соломбалѣ за волокомъ въ ондрѣѥвъ учѧстокъ а что рѧднѣи грамотѣ у ивана у посадника с васильѥмъ а тѣ грамотѣ посадникъ иванъ подраше а что грамоту взѧлъ посадникъ иванъ бесудную на олександра з дѣтми и на васильꙗ а ту грамоту посадникъ иванъ подраше а что пожнѧ латиперть а та пожнѧ знати ивану по своѥи исправѣ а василью и ѥго брат̑намъ олександровꙑмъ дѣтемъ положити свои исправѣ а потомъ не надоби посаднику ивану даниловицю ни игумену ст҃го сп҃са с хутина ни черенцѧмъ до васильꙗ ни до ѥго дѣтѣи ни до ѥго брат̑новъ до ѻлександровꙑхъ дѣтѣи в томъ орудьи въ ивановѣ куплѣ в посадници ничтоже ни василью ни ѥго дѣтемъ ни ѥго брат̑намъ олександровꙑмъ дѣтемъ не надоби до посадника до ивана до даниловицѧ ни до игумена ст҃го сп҃са с хутина ни до церенцовъ в томъ орудьи ничтоже а на то рѧдцѣ с обѣ половинѣ тысѧцкꙑи олександръ игнатьѥвиць ꙗковъ дмитриѥвиць иванъ дмитриѥвиць сава ѥрмолиниць иѥве кузмине нефедьꙗ парфѣѥве а у печѧти стоꙗлъ въ брат̑и своѥи мѣсто в мартемьꙗново и в ꙑваново и во ондрѣꙗново брат ихъ ꙗкове а васильѥво мѣсто у печѧти стоꙗлъ сн҃ъ ѥго остафии а хто сии рѧдъ поруши дасть кн҃зю и влдцѣ десѧть гривенъ золота,,,
132,gvnp,ѿ посадника васильꙗ юрьѥвич ѿ посадника ѻврама степанович ѿ васильѥва намѣстьника мины ондрѣѥвич ѿ сочького ива се позва левонтии зачепинъ савка и всихъ кн҃жос̑ꛩстровьчовъ на судъ дворѧниномъ матутои мартꙑнъкомъ а ркѧ тако левонтии взѧти ѹ васъ сорокъ кунеи да тысѧчѧ бѣлкѣ а в то ми сѧ доспѣло рублевъ на пѧть десѧтъ ѹбытка станите на судъ судъ ми с вами и завке ста на судѣ и вси кн҃жос̑.ꛩстровьчи и посадники спросиша ѹ савка и ѹ всихъ кн҃жос̑.ѻстровьчовъ виноватꙑ ль ѥсте тымъ левонтию и савке рче и вси кн҃жос̑ѻстровьчи тѣмъ ѥсмѧ ѥму не виноватꙑ а бꙑлъ гс̑не ѥму с нами рѧдъ за все то чо ѥго смене ночине имале по софронову рукописанью и взѧле гс̑не ѹ насъ за все то и за муку и за грабежь двѣ тысѧчи бѣлкѣ чо ѥму доспеле смене ночине ѹбытка и шедъ суду срѧдишасѧ рѧдомъ по старому рѧду а потомъ не надобѣ левонтию ни ѥго женѣ ни ѥго дѣтемъ ни иному никомуже до савка ни до кн҃жос̑ѻстровьчовъ в томъ ꛩрудьи смена ночина ничегоже ни савку ни кн҃жос̑ꛩстровьчѧмъ не надобѣ до левонтиꙗ ни до ѥго женѣ ни до ѥго дѣтеи ни до ѥго зѧтѧ до захарьи в томъ ѻрудьи ничтоже а на то рѧчи с обѣ половинѣ федоръ максимович ꙗковъ гаврилович михаила ꛩлъфромѣѥвич иванъ сочькии а хто сии рѧдъ поруши дасть посадникамъ двиньскимъ ·е҃· тꙑсѧчь бѣлкѣ,,,
133,gvnp,се купилъ григорьи васильевич̑ у григорьѧ у семеновица земли село у ѧковли курьи дорониньское и дворъ и дворищо и ѡрамые земли и пожни и с притеребꙑ и ловиша того села гдѣ ни есть по старини цимъ владѣл̑ григореи семенович̑ а межи тѣмъ землѧмъ и и пожнѧмъ и ловищамъ по старꙑмъ межамъ а далъ григореи на тои земли и на всихъ угодьехъ григорью семенович̑ ·л҃· сороковъ бѣлкѣ да корову пополонка а купилъ григореи собѣ и своимъ дѣтемъ ѡдерень а на то люди семенъ микифорович̑ семенъ софонтѣевич̑ фефилатъ микитинъ а в пецати стоѧлъ и землю завелъ самъ григореи,,,
134,gvnp,се купи михаило офромѣѥвич ѹ попа ѹ ортѣмьѧ село в кѣхтѣ в малои дворъ и дворище на горѣ ѻрамꙑ земли и притеребꙑ и в островѣ ѻрамꙑи земли и пожьнѣ и рѣпѣща и притеребꙑ и тони ӏ прикупъныи земли ӏ ловища всѧкии того села чѣмъ володѣлъ ѻтч҃ь его есифъ и брать ѥго демехъ и да на томъ михаило попу ортѣмью есипову дѣвѧть сороковъ бѣлкѣ а теличю пополонка а купи собѣ ѻдерень и своимъ дѣтемъ а на то похи степанъ васильевич бра ѥго лутьѧнъ григореӏ сочькои василеи сасинъ ѧкимъ остафьѥвич а ѹ печати стоѧлъ попъ ортѣмеи,,,
135,gvnp,се купи попъ максимъ иѻниничь ѹ семеновꙑхъ дѣтеи ѹ левонтьѧ и ѹ ивана на лѣтнои сторони тони рѣку ѧренгу ѿ ѹстьѧ и до верховьѧ по ѻбѣ сторони рѣки пожни и ѻзора с пожнѧми которꙑи озора истоками падуть въ ꙗренгу рѣку то все ꙗренскии и ѻколо ѻзоръ пожни и лѣсобнꙑи лѣсꙑ и путики и всѧкии ѹгодьѧ а что противъ подмошочьꙗ под лѣсомъ ꙗренскии ѻзора ѿ техъ ѻзоръ прѧмо до лавкотꙑ рѣки по мху и вверхъ по лавкотꙑ рѣки и с верхъ лавкотꙑ рѣки на верхноє ѻзоро на ꙗренскоє а тои рѣки ѧренги межа с двиньского конца ѿ мурокандꙑ по ручью межа по толъстому наволоку а в другои конець межа по великому логу посередки а даша на томъ попъ максимъ иѻниничь семеновꙑмъ дѣтемъ левонтью и ивану десеть сороковъ бѣлки к старꙑмъ кунамъ закладнꙑи а пополонка далъ ѻдному брату свинью а другому брату курѧ а купи себѣ ѻдерень и своимъ дѣтемъ а на то послухи ѻндре̑и конановичь да михаило фефилатовичь да василеи сасиничь да ѻлехъ поколото а ѹ печати стоѧли ѻба брата левонтеи и иванъ,,,
136,gvnp,се купи ꙗковъ петровъ ѹ дорофѣꙗ ѹ василева сн҃а землю за паритовꙑ ѡзеромъ и з дворомъ и с лускимъ ручьемъ а межа с верьхнего конца ѿ паритова ѡзера по ручьику в карасаво ѡзерко по малымъ ѡзеркамъ на церемховыи кустъ цересъ пѣсъчанои наволокъ по ѡгороду до ѡврамови межи до пере#а#р#ео#гохво—да на мокрѧдь по ручеику прѧмо на лузу а межа ниже луского ручьꙗ по старому ѡгородищу в паритово ѡзеро и воннаꙗ землѧ противъ двора за пѣскомъ а далъ ꙗковъ дорофѣю на тои земли полъ пѧта сорока бѣлкѣ а пополонка ѡвцю а купи ѡдерень собѣ и своимъ дѣтемъ а на то послухи и на заводѣ были павле сменовъ труфанъ харгановъ степанъ куровъ,,,
138,gvnp,се позва ѡксѣнтѣӏ григорьєвичи старосту левонтѣꙗ кнѧжестровьского ӏ кнѧжоѡстровчовъ дворѧниномъ на судъ ѡ земли ѡ карпови ѹчастъки чо кнѧжоѡстровчи купили подъ сту бц҃ю и шодъ суда срѧдишасѧ рѧдомъ ѡкъсѣнтѣи старостою съ кнѧжоѡстровскимъ ӏ с кнжестрвчи ѡ тои земи ѡ карпови ѹчастъки даша староста и кнѧжестровчи ѡкъсѣнтѣю ·р҃· бѣлъ а землѧ карповъ ѹчастокъ в домъ ст҃и бц҃и в вѣк а ѡкъсѣнтѣи выдалъ грамоту старую и свою грамоту купную новую тоє земли карпова ѹчастка а жити нефеду на тоӏ земли до своєго живота а ѡксѣнтѣю не надобѣ въ тоӏ земли въ карпови ѹчастъки до старости до кнѧжестровского ничтоже ни до кнѧжостровъчовъ ни старости кнѧжестровскому ни кнѧжостовчамъ не надобѣ до ѡкъсѣнтѣꙗ ничтоже с обѣ половини а на то рѧтдчи с обѣ половини ӏгнатеӏ ѡфромѣєвъчь кузма тимофѣєвичь староста купечкеи трофимъ ѡндрѣєвичь ѡлекъсандъ романовичь сочкеи филипъ ѡксѣньтѣєвичь писалъ сюю рѧдничю аристъ ѡнаньӏнич а хто сеи рѧдъ поруши дасть судьꙗмъ гривну золота а ѹ печати стоꙗлъ ѡксѣнтѣи самъ у сои рѧднои,,,
139,gvnp,се вꙑкупи ѡнъдронъ левоньтѣевичь ув омоса ѹ микулина тоню на лѣтьнои сторони ѻтцину свою межю лахтою и ѡнѣскими тонѧмѣ изъ дерну и зъ дерною грамотою а межа тои тони зъ двиньского коньча ѿ лахти ручеи а с онѣського коньча другои ручеи а далъ ѡнъдронъ ѻмосу на тои тони ·р҃· бѣлъ а вꙑкупилъ собѣ и съвоимъ дѣтемъ ѻдерень а на то послухи аристъ ѻнаньинъ чюпре левоньтѣевъ макарьѧ семенович а ѹ печати стоѧлъ єсипъ ѻмосовъ во ѻча своего мѣсто в омосово,,,
14,gvnp,блс̑ниѥ ѿ влд҃цѣ моисѣꙗ поклонъ ѿ посадника данила ѿ тысѧцкого аврама и ѿ всего новагорода къ гс̑нѹ великомѹ кнѧзю ѡлександрѹ на семь кнѧже цѣлѹи крс̑тъ къ всемѹ новѹгородѹ на чемь цѣловалъ дѣдъ твои ꙗрославъ новъгород̑ держати ти въ старои пошлинѣ что волости новгородьскыхъ тѣхъ ти волостии кнѧже тобѣ своими мѹжи не держати дьржати мѹжи новгородьскыми а даръ тобѣ кнѧже имати ѿ тѣхъ волостии а бес посадника ти кнѧже сѹда не сѹдити ни грамотъ давати ни волостии роздавати а без вины ти кнѧже мѹжа волости не лишити а что ти кнѧже пошло на торжькѹ и на волоцѣ тиѹнъ свои держати на своѥи части а новгородца на своѥи части а въ бѣжицахъ тобѣ кнѧже и твоимъ боꙗромъ и твоѥи кнѧгыни и твоимъ слѹгамъ селъ не держати ни кѹпити ни даромъ приимати и по всеи волости новгородьскои а что ѡлександровыхъ кнѧжихъ селъ кѹпленыхъ или ѥго мѹжь а то поидеть къ ѡлександрѹ кнѧзю по исправѣ по хрс̑тьномѹ цѣлованью по заводъ а ис тыхъ селъ сѹда имъ не судити ни дворѧномъ ѣздити ни людии новгородьскыхъ приимати ни земли а се кнѧже волости новгородьскыи волокъ съ всѣми волостьми торжекъ бѣжици городець палець мелеча шипинъ ѥгна заволочьѥ трѣ пермь печера югра вологда а кто бѹдеть кѹпилъ села въ всеи волости в новгородьскои при дѣдѣ моѥмь ꙗрославѣ и при васильи при дмитрии при андрѣи и при ѡц҃и моѥмь при михаилѣ и при кн҃зи при юрьи при дмитрии кто бѹдеть даромь ѿꙗлъ или сильно а то поидеть бес кѹнъ к новѹгородѹ а кто кѹпилъ бѹдеть в новгородьскои волости знати имъ своѥго истьца или не бѹдеть истьца како не вѣдаѥть истьца своѥго цѣловавъ ѥмѹ крс̑тъ кѹны ѥмѹ взѧти ѹ новагорода колько бѹдеть далъ а землѧ поидеть к новѹгородѹ или не ѡкѹпѧть сѣдѣти ѥмѹ доколѣ ѡкѹпѧть а нелюбьꙗ ти кнѧже не держати к новѹгородѹ до посадника и до тысѧцкого и до всего новагорода ѿ мала и до велика не мьщатисѧ ни сѹдомь ничимьже а што сѧ дѣꙗло до твоѥго кнѧжениѥ и въ твоѥ кнѧженьѥ того ти не поминати што продано кнѧжихъ волостии до велика дн҃и а што бѹдеть не продано по велицѣ дн҃и то по цѣлованью повѣдати а в рѹсѹ ти кнѧже ѣздити на третьюю зимѹ по грамотѣ дѣда своѥго ꙗрослава а лѣтѣ на ѡзвадъ звѣрии гонитъ а в ладогѹ ти кнѧже слати ѡсетрьникъ и медовара по грамотѣ дѣда своѥго ꙗрослава а в ладогу кнѧже ѣздити на третьѥѥ лѣто а из бѣжиць ти людии не выводити въ свою волости ни из ыинои волости новгородьскои ни грамотъ давати ни закладниковъ приимати ни твоѥи кнѧгыни ни твоимъ боꙗромъ ни твоимъ слѹгамъ ни смерда ни кѹпчины а без вины ти мѹжа волости не лишити а грамотъ ти не посѹжати а пожни кнѧже что твои и твоихъ мѹжь то твоѥ что пошло а што бѹдеть дѣдъ твои сильно дѣꙗлъ или иныи кнѧзь на новѣгородѣ того ти не дѣѧти а рѹбежь ти кнѧже дати правыи бес перевода межю ѡч҃иною своѥю и новгородьскою всею волостью а новгородьцемъ волости и ѡброковъ кнѧжихъ не таити а дворѧномъ твоимъ како пошло ѿ кнѧзѧ по ·е҃· кѹнъ погонъ имати а ѿ тиѹна по ·в҃· кѹнѣ а что кнѧже мытъ по сѹждальскои земли и въ твоѥи волости ѿ воза имати по двѣ вѣкшѣ и ѿ лодьи и ѿ хмельна короба и ѿ льнѧна а дворѧномъ твоимъ ѹ кѹпцевъ повоза не имати развѣ ратнои вѣсти а свободъ и мытъ на новгородьскои волости не ставити холопъ или роба почнеть вадити на гс̑арѧ томѹ ти вѣры не ꙗти а на низѹ кнѧже новгородцѧ не сѹдити ни дании роздавати а кто почнеть к тобѣ вадити томѹ ти вѣры не ꙗ а гости гостити по сѹждальскои земли новгородьскомѹ бес пакости без рѹбежа по цс̑рвѣ грамотѣ а въ немецкомь дворѣ тобѣ кнѧже торговати нашею братьѥю а двора ти не затварѧти а приставовъ не приставлѧти а села ст҃ои софии исправи ст҃ои софии а судьи слати на петровъ дн҃ь како пошло кто кѹпець тыи подеть въ сто а смердъ въ свои погостъ а рѧдѹ вольного не посѹжати а самосѹда в новъгородьскои волости не замышлѧти по пошлинѣ а сѹжьдальскомѹ гости гостити в новъгородъ без рѹбежа бес пакости а свиньи ти кнѧже гонити за шесть десѧтъ верстъ ѻколо города а в тои шьсти десѧтъ новгородьцю гонити кнѧзѧ докладаꙗ кнѧзѧ а дале куды комѹ годно а за волокъ ѣздити сѹдьи како пошло по новгородьскои пошлинѣ на семь на всемь кн҃зь великыи цѣловалъ крс҃тъ къ всемѹ новѹгородѹ такоже посадникъ и тысѧцкыи и весь новъгородъ цѣловали къ великомѹ кнѧзю по любви въ правдѹ безъ всѧкого извѣта,,,
140,gvnp,се купи ѻндрѣи конанович ѹ ѻлександра ѹ нестерова и ѹ ѥго сестри в улити в ождоръми землю на верьхнеи сторонѣ дворъ и дворище и огородъ ѿ игнатьѥви межи до юрѧтина ручьѧ а ѿ глубокого ручьѧ с ꙑгнатьѥмъ вопьчѣ ѿ ѹсть ождорми наволокѣ рѣчьнꙑи вопчѣи до верьховьѧ и лѣсꙑ и притеребꙑ а чсто вꙑмѣнѣлъ ѥсмѣ ту землю на матери своѥи от̑ьчну с васильемъ с олександровꙑмъ а далъ ѥсми на тои земли землю на ѹхтострови а далъ ѻндрии на тои земли три сорокѣ а пополонка два пуза жита сѣмѧного а купи собѣ ѻдерень и своимъ дѣтемъ а на то послухи тимофѣи ѻндрѣѧнович максимъ федорович селиванъ павлович а ѹ печатѣ стоѧлъ ѻлександръ и в сестрѣ своѥ мѣсто,,,
141,gvnp,се купи ондѣрѣи конановичь ѹ филипа ѹ сменова сн҃а с нижную сторону ѻждоромы рѣкы филиповъ ѹчастокъ дѣдины єго и ѡтъчины єго в зѣмьлѣ и в̾ водѣ и в дворищи и в орамыхъ землѧхъ и в лесѣхъ и в путикѣхъ и в половинѣ половина ѻждоромы рѣки ѻтъ ѹстьꙗ и до верьховьꙗ со всѣми ловищи а межа с нижную сторону ѿ двины по глубокому ручью а далъ на тои земьли ѻньдрѣи ·м҃· бѣлъ да дватьцать пузовъ жита а пополонъка ·е҃· пузовъ жита сѣменьного а купи себѣ ѻдерень и своимъ дѣтемъ а на то послухи ѻлексѣи юрьєвичь василеи ѻлексанъдровичь михаило фефилатовичь савулѧ єръмолинъ а ѹ печати стоꙗлъ филипъ сменовъ сн҃ъ,,,
143,gvnp,се купи иванъ игуменъ и стефанъ староста и всѣ стадо черньци свт҃го михаила ѹ авдука и ѹ фралѧ полъ села в тоинокурьи дворъ и дворище ѡрамые земли и пожни по тоинокурьи и по наимокси пожни и поплавными неводы рꙑба ловити на осинови наволоки и до соломбалъ рыбнаѧ ловлѧ без вывѣта и ѹсть воганови рѣцьки тонѧ и на юрьеви навоки пожни а далъ иванъ игуменъ и староста на томъ полу села пѧтначеть сороковъ бѣлки а пополонка ѻвчю а купи ст҃му михаилу въ вѣки а на то мѹжи иванъ федоровичь кузма михаиловичь онисимъ петровичь а завели землю авдукъ и фраль,,,
148,gvnp,по млс̑ти бж҃ьи ст҃го великого архистратига михаила по б҃лгос̑ловленью пресвѧщеного архиепис̑купа новгородцкого влдки еѹфѣмьѧ се да ѧковъ дмитриевич̑ в домъ ст҃го михаила игумену и попамъ и всему стаду черенцамъ или кого дастъ б҃ъ игуменомъ в неноксѣ мисто неѿхожое на ѹгли на смердьихъ и в вѣки по купнꙑмъ грамотамъ и по володинью и на кн҃ѧжиѻстрови селца и пожни и ловѣща по купнымъ грамотамъ и по володинью и на сюзми рикѣ пожни и ловища и боброваѧ ловища по купнои грамотѣ и по володинью а хто буде игуменомъ или попомъ и вы творите памѧть по дмитреи по мр҃ьи по ѡндрѣи по федосьи по данили по ѡгруфини по тарасьи по федори по михаили по василисти по ульѧнѣ по ѧковѣ по ульѧни и по ихъ племени а сихъ памѧтеи не заложите а хто заложитъ игуменъ или попѣ дастъ ѡвѣтъ передъ бг҃омъ в день страшнаго суда а ѧзъ многогришнꙑи цоломъ бью,,,
15,gvnp,поклонъ ѿ посадника и ѿ тꙑсѧчьског̑ и ѿ всих̑ старѣших̑ и ѿ всихъ мѣншихъ и ѿ всего новагорода гс̑ну кн҃зю великому михаилу на семь гс̑не новгородъ всь крс̑тъ цѣлуѥть кн҃жениѥ твое чс̑тно дѣржати по пошлинѣ безъ ѻбидꙑ а тобѣ гс̑не такоже новгород дѣржати по пошлинѣ безъ обидꙑ что свободъ дмитриѥвꙑхъ и андрѣѥвꙑхъ что селца тѧгнуло к тꙑмъ слободамъ того всего тобѣ съступатисѧ все к новугород бес кунъ а что кн҃же селъ твоихъ и влдчнихъ и кнѧгꙑнинꙑхъ и боꙗръ твоихъ и слугъ твоихъ на новгородьскои земли котороѥ село зашло бес кунъ то бес кунъ поидеть к новугород а кто купилъ а знаеть своѥго истьца или дѣтѣи ѥго истца ли не будть ни дѣтѣи ѥго цѣловати ѥму крс̑тъ како то истца не вѣдаѥть взѧти ѥму кунꙑ колко будть далъ по исправѣ а землѧ к новугороду а рубежь ти кн҃же межю суждальскую землю и новгород̑скою ти старꙑи како бꙑло при дѣдѣ твоѥмь и при праѻц҃ѣ твоѥмь ꙗрославѣ а што волостии новгородьскꙑхъ тѣхъ волостии тобѣ не дѣржати кн҃же своими мужи дѣржати мужи новгородьскꙑми а даръ тобѣ имати ѿ тѣхъ волостии а бес посадника ти кн҃же суда не судити ни волости роздавати ни грамотъ давати а без винꙑ мужа волости не лишити а в русу кн҃же ѣздити въ осень како пошло а лѣтѣ ѣздѣти на възвадъ звѣри гонитъ а за волокъ ти слати своѥго мужа из новагорода въ дву насаду по пошлинѣ а ѻпѧть ѣхати тудꙑже на новгород а с низу ти не слати такоже и в бѣжицѣ а что пошлинꙑ кн҃же в новгородьскои волости̑ вꙑ мене не таити въ всихъ волостехъ а холопъ или поручникꙑ вꙑдавати а всему тому судъ в новѣгородѣ а што ти кн҃же пошло в торжьку и на волоцѣ тиѹнъ свои дѣржати на свои части а новгородьча на своѥи части а в бѣжицахъ тобѣ кн҃же и твоѥи кнѧгинѣ ни твоимъ боꙗрамъ ни твоимъ слугамъ селъ не дьржати ни купити ни даромъ приимати ни по всеи волости новгородьскои а се кн҃же волости новгородьскꙑи волокъ съ всими волостьми торжокъ бѣжицѣ палѣць городѣць мелеца шипино ѥгна заволочьѥ тѣрь пермь печера югра вологда а свиньи ти бити за ·ѯ҃· вьрстъ ѿ города а в ладогу ти слати кн҃же ѻсетреника своѥго и медовара по грамотѣ прадѣда твоѥго ꙗрослава а ѣздѣти тобѣ кн҃же ладогу на третьѥѥ лѣто а из бѣжиць кн҃же людии въ свою волость не вꙑводити ни изъ инꙑхъ волостии новгородьскꙑхъ ни грамотъ давати ни закладниковъ приимати ни кнѧгинѣ твоѥи ни боꙗрамъ твоимъ ни слугамъ твоимъ ни смерда ни купцинꙑ а грамотъ ти не посужати а што пожни твои и твоихъ мужь то твоѥ и твоихъ мужь а новгородьскꙑи новугороду а дворѧнамъ твоимъ како пошло погонъ имати ѿ кн҃зѧ по пѧти кунъ а ѿ тиѹна по двѣ долгѣи а што кн҃же мꙑто по суждальскои земли и въ твоѥи волости ѿ воза по двѣ вѣшкѣ ѿ лодьи ѿ хмелна короба и ѿ лнѧна а дворѧнамъ твоимъ ѹ купець повозовъ не имати развѣ ратнои вѣсти а свободъ и мꙑтовъ на новгородьскои волости не ставити а холопъ или роба почнеть вадити на гс̑ду тому ти вѣрꙑ не ꙗти а на низу тобѣ кн҃же новгородча не судити ни волостии роздавати а кто почнеть вадити к тобѣ тому ти вѣрꙑ не ꙗти а в нѣмѣчькомъ дворѣ тобѣ кн҃же торговати нш҃ею братьѥю а двора ти не затварѧти а приставовъ не приставливати а гости нашему гостит̑ межю суждальскою землею без рубежа по цс̑рвѣ грамотѣ а судьи слати тобѣ свои на петровъ дн҃ь тако пошло а вꙑвода ти кнже межю суждальскою землею и новгородьскою не чинити а што закладнѣ твои в торжьку или индѣ гдѣ или за тобою или за твоѥю кнѧгинею или за мужи твоими кто купець поидеть въ своѥ сто коли будеть новугороду розмирьѥ с нѣмчи или с литвою или с ꙑноѥ сторонѣ пособлѧти ти кн҃же по новѣгородѣ бес хꙑтрости а без новгородьского ти слова кн҃же воинꙑ не замꙑшлѧти а приставовъ ти с низу въ всю в новгородьскую волость не всꙑлати а кто купець поидеть въ своѥ сто а смердъ поидеть въ свои погостъ тако пошло в новѣгородѣ ѿтпусти ихъ прочь а гнѣва ти кн҃же до новагорода не держати ни до ѻдиного чл҃вка а рѧду кн҃же въ новгородьскои волости тобѣ и твоимъ судьꙗмъ не посужати а самосуда не замꙑшлѧти а старостѣ ни холопа ни робꙑ безъ ѻсподарѧ не судити твоимъ судьꙗмъ а за рубежь из новгородьскои волости твоимъ дворѧномъ суда не вꙑводити ни судити а свободъ ти и селъ съступитисѧ а на семь на всемь кн҃зь великꙑи крс̑тъ чѣловалъ а что ти грамотъ крс̑тнꙑхъ новугороду съ всими городꙑ с нѣмѣчкꙑми на тѣ ти грамотꙑ кнѧж̑ не наступатисѧ а новгородьскои ти дш҃и блюсти а вꙑнесуть тобѣ изь ордꙑ кн҃жениѥ великоѥ намъ ѥси кн҃зь великꙑи или пакъ не вꙑнесуть тобѣ кн҃жениꙗ великого изъ ордꙑ поити твоимъ намѣстникамъ из новагорода проць и из новгородьскꙑхъ пригородовъ а в томъ новугороду измѣнꙑ нѣту,,,
151,gvnp,се купи грихне ӏванъве сн҃ъ ѹ грихна ӏ ѹ федъта ӏ ѹ вълѧша ѹв ꙑгумновꙑхо дѣтеӏ заꛩзеркую землю ӏ з дворъмъ горную ӏ прикупнаꙗ землѧ дурневкаꙗ навълъкъ по дворомо ӏ з прите·бꙑ юрмола ꛩрамаꙗ землѧ ӏ с пожнѧми ӏ зъ притеребꙑ на налеӏ ꛩстровѣ пожни ѹцастокъ ӏ лъвѣща цимъ вълодъвалъ ӏгуменъ ӏ ѥго дѣти а далъ на неӏ пѧте на цате соровъ ꛩцвю попълънка а купи себѣ ꛩдернь ӏ свомъ дѣтемъ а на тъ послухи тимофиӏ федоровъ демидъ ꛩфонъсовѣце невѣро кокъѥце микифоро попъвѣце,,,
152,gvnp,се заложи ѹласеи степанович̑ ст҃му николи в чюхченему и игумну василью и старости юрью и всимъ чернцамъ никольскимъ пол села на косткови гори в дѣсѧти рублехъ да въ трехъ сорокехъ бѣлки на ·е҃· лѣт и старую грамоту тои земли ѹласеи вꙑдалъ ст҃му николи а изоиде та ·е҃· лѣт̑ ино дати ѹласью дѣсѧть рубловъ да ·г҃· сорок̑ бѣлки своихъ кунъ ст҃му николи ино землѧ его ему а ѹ людеи ѹласью кунъ не имати на тую землю ино та землѧ ст҃му николи и в вѣки в тихъ кунахъ а болши того ѹласью кунъ не приимати на тои земли у ст҃го николи а очищивати та землѧ ѹласью а игумену и черенцамъ по степани паметь творити пивомъ по сили а на то послухи михаила ѡлфромѣевич̑ кузма тимофѣевич̑ иванъ семенович̑ ꙗковъ селюшинъ игнатеи матфѣевич̑ юрьи дьꙗкъ ст҃го николѣ в лѣт̑ ҂ѕ҃.е нз҃.е а ѿ тое зимꙑ коли корѣла за моромъ двнѧнъ грабили а в печати стоꙗлъ уласеи степанович̑,,,
153,gvnp,се купи игуменъ василеи и родивонъ старечь и вси церньци никольскии село на лукини береги за озеромъ ѹ григорьꙗ ѹ иванова сн҃а дворъ и дворище на гори три полѧ надь озеромъ орамаꙗ землѧ и с притеребꙑ два наволока пожень и рѣпища и ловища а на юрмоли земли орамꙑи ѹрѣцище пупъ ѿ онуфрѣѥвꙑ межи до дурневꙑ межи долгаꙗ пожнѧ подлѣ пупъ ѿ ивановичевъ межи ѿ ивового куста въверхъ до конечь логу в кѣпалѣ двои гонꙑ орамици ѿ григорьѥвꙑ межи до дурневꙑ межи противъ погоста пожнѧ ѿ карлаѥвꙑ межи до дурневы межи а то село и дворъ и дворище и земли орамици и пожни и притеребꙑ и заполки и рѣпища и ловища и сѣмѧнъ ·к҃· пузовъ жита и дали на всемъ на томъ сели игуменъ василеи и всѧ брат̑ꙗ черенци григорью иванову пѧтъ сороковъ бѣлки а попонка корову а то село ст҃му николѣ въ вѣки а на то послухи михала олъфромѣевич̑ левонтѣи семеновичь селиванъ павлович̑ тимофѣи федорович̑ олуфѣрьи григорьѥвичь а ѹ печати стоꙗлъ и землю ѿводилъ григореи старечь,,,
154,gvnp,се купи павле труфановичь ѹ григорьꙗ ѹ иванович землю полъ полча вꙑсокого з березꙑ на камень да до ручеꙗ юромъльскої земличи миньшкарда да мечьки скуда репища коньць дуръновескої земли країної наволокъ ѿ ручеꙗ на їву с ꙑви на берьзової пень по болоту да на врагъ по врагу к ъзеру а даша на тої земли ·г҃· сороки бѣл̑ и ·ӏ҃· бѣл̑ а купи събѣ ӏ своӏмъ дѣтемъ ѻдерьнь ї с притеребꙑ а курѧ пополънка а на то послухꙑ тимофеї федоровъ ӏѡ҃ матфѣѥвъ ѥфимеӏ поповичь на заводѣ бꙑлъ ѥрмола тимофеѥвъ а ѹ печати стоꙗлъ григорьї ӏѡ҃новъ,,,
155,gvnp,въ имѧ оц҃а и сн҃а и ст҃го дх҃а се ꙗзъ рабъ бж҃ии григорьи ским̑ иванове пишю рукописаньѥ при своѥмъ животѣ приказꙑваю братьи своѥи и племѧни своѥму ларивону и дмитру и зѧтьи своѥи дочере̑имъ своимъ ѡксиньи и марини и внучатамъ своимъ буди вамъ вѣдомо чс̑то ѥсмь продалъ сѣло на лукꙑни берьгꙑ за ѻзѣромъ ст҃ому николи и въ вѣкꙑ и старꙑми грамотами игумену василею и всеи братьи черенцамъ дворъ и дворище на гори ·г҃· полѧ по дворомъ ѻрамаꙗ землѧ да пожнѧ наволокъ да другꙑи навълокъ пожни карлаѥвескыи и притеребы и заполькы и рѣпища и ловища и в рѣчекꙑ ѹчастокъ ловити на юрмоли ѻрамаꙗ землѧ пупъ и пожнѧ ѿ ивановицевъ межи ѿ ивовъго куста верхъ до коньць логу другаꙗ пожнѧ противу погоста межа ѿ карлаѥви межи до дурневи межи ѻрамаꙗ землѧ ѻвсище урѣцище межа ѿ степанови межи ѿ попъви до тимошкини межи в кѣпали ѻрамаꙗ землѧ а съ гришкою улица проѥжьщаꙗ по пъловинамъ а межа до дурневи межи и дали на тои земли и на двори и на пожнѧхъ ·е҃· съроковъ бѣл̑кꙑ корова попълънка никольскихъ кунъ а то сѣло ст҃ому николѣ вѣкꙑ а хто буде моѥго роду или племѧни или братьи или зѧтьи или дочереи или внуцатъ а хто иметъ моѥ старцево григорьѥвъ проданьѥ подвигꙑвати дадутъ ст҃ому николѣ ·н҃· съроковъ бѣл̑кꙑ да корову попълънъкъ с приплодомъ а на то б҃ъ послухъ и оц҃ь мои дш҃евнои игуменъ васильи ст҃го николѣ а на дш҃и были михаило ѻфромѣѥвич максимъ федорович̑ левонтьи сменович̑ попъ степанъ зѧть ѥго селюша павлове тимошка федоровъ тимофеи баи павле зѧть ѥго левуша бутаковъ а ѹ печати стоꙗлъ игуменъ васильи да григорьи старьць самъ,,,
156,gvnp,се далъ ѡньдрѣи ивановиць зѧтю своему ѧрасиму и доцери своеи марьи половину своего живота да треть двора и дворища и ѡгородца и в горнихъ землѧхъ ѡрамꙑхъ и въ юрмольскихъ землѧхъ ѡрамꙑхъ и в пожнѧхъ во всеи моеи ѿцини в моемъ уцастъки и в путики и во всихъ угодьѧхъ треть цисто во всемъ а сн҃у моему василью в тои животъ в половину и в ту треть земли не вв҃ъступатисѧ ни во цтоже такоже и доцеремъ моимъ ѡгрофѣнѣ и ѡксѣньи не въступатс҃ѧ а зѧтю моему ѧрасиму сн҃а моего васильѧ и доцери мои корити до мужа а дал̑ есми ту землю и живот̑ ѧрасим̑ ѡдерень и в҃ вѣкѣ и дѣтемъ ихъ а на тъ люди тимофѣ федорович̑ ефимеи степанове павле труфанове дмитреи иванове фома ларивоновъ а в пецат̑ стоѧлъ сам̑ ѡньдрѣи иванович̑ и земли завелъ и дворъ,,,
157,gvnp,се купи игуменъ василеи и староста ѡлфереи и вси черенци никольскии ѹ павла ѹ туфанова сн҃а в заѡзерьскомъ сели землю что купилъ павле ѹ гришки ѹ иванова ѹ тестѧ своего горнюю землю вꙑсокого полѧ половина и пожню наволокъ ѹ воротъ на юрмоли на минишкерди надъ ручьемъ ѡрамаꙗ землѧ межа с верхного конца ѿ трофимови земли по ѹлици с нижного конца межа до дмитрови земли ѹ мечкицки два рѣпища ѡрамици промежу землѧми тимошкиною да дмитровою а далъ игуменъ василеи и вси череньци павлу на тихъ землѧхъ пол пѧта сорока бѣлки ѡвцю пополонка а купили ту землю ст҃му николи ѡдерень и в҃ вѣки и старою с купною грамотою с павловою с дерною а на то послухи михаило волфромѣевич̑ сн҃ъ его иванъ есипъ филиповъ михаль федоровъ кузма мастеръ ѡлексеи прибꙑша григорьевич̑ а землю завелъ и в печати стоꙗлъ павле земець труфановъ сн҃ъ,,,
158,gvnp,се купи игуменъ василеи ѹ гаврили ѹ мал̑фѣѥвич̑ землю на горѣ въ верьхнемъ полѣ середнѧꙗ полоса ѹ воротъ на круглици цетверть в опцемъ поли подлѣ ѹлицю полоса на юрмолѣ вꙑсокаꙗ веретѣꙗ над̑ озеромъ перед̑ овиномъ лоскутъ промежу онисимовою земьлею и филиповою на плоскомъ лоскутъ промежу фроловою землею и филиповою а пожнѧ и веретѣика орамаꙗ промежу селькиною землею и филиповою а за глубокимъ врагомъ лоскутъ земли на ·д҃· пузꙑ промежу онисимовою землею и филиповою а далъ игуменъ и родивонъ старечь и всѧ братꙗ гаврили дьѧку на всемъ на томъ пол пѧта сорока бѣл̑ки а пополонъка курѧ а купили одерень ст҃му николѣ а на то послухи олуфѣреи григорьѥвич̑ василеи омельꙗнович̑ матфѣи ѹрванъ а ѹ печати стоꙗлъ гаврила,,,
159,gvnp,се купи матфѣи левонтѣѥвичь ѹ васильꙗ ѹ братан̑ ѹ своѥго ѹ мартушова сн҃а землю оц҃ини ѥго ѹчастокъ а далъ на неи три сороки бѣлки а пополонокъ курѧ а купилъ одерень собѣ и своимъ дѣтемъ а за долъгъ за ѥго ѹчастокъ ꙗлсѧ матфѣи а на то послухи савелеи дьꙗкъ тимошька баи левонтѣи максимовичь а ѹ печати стоꙗлъ василеи,,,
16,gvnp,ѡ одинач̑твѣ Се приѣхали ко мнѣ к великомꙋ кн҃зю дмитрею иванович̑ всеа рꙋси ѿ ѻтца моего влд҃ки ѡлеѯѣꙗ и ѿ посадника юрьꙗ ѿ тꙑсѧтцково ѡлисѣꙗ Ӏ ѡто всег̑ новагорода иван̑ посадник̑ василеи ѳедоров̑ иван̑ борисов̑ а ѿ чернꙑх̑ людеи воислав̑ попович̑ василеи ѡгафонов̑ кончал̑ єсмъ съ своими мꙋжи в одинач̾тво целовали єсмꙑ крс̑тъ съ своим̑ братом̑ со кн҃зем̑ с володимером̑ андрѣєвичем̑ а на том̑ к нам̑ целовали крс̑тъ иван̑ посадник̑ василеи федоров̑ иванъ борисов̑ воислав̾ попович̑ василеи ѡгафонов̑ на том̑ целовати крс̑тъ ко мнѣ ко кн҃зю к великомꙋ к дмитрею иванович̑ всеа рꙋс̑ и к моємꙋ братꙋ ко кн҃зю к володимерꙋ в ѡдинач̑ство всемꙋ новꙋгородꙋ ажъ будет ѡбида со кнꙗзми литов̑скїми или съ тфѣрьскимъ кн҃зем̑ с михаилом̑ новѹгородꙋ всѣсти на кон̑ со мною со кн҃зем̑ с великим̑ и с моим̑ братом̑ со кн҃зем̑ с володимером̑ с одног̑ а коли бꙋдет мнѣ великомꙋ кн҃зю дмитрею иванович̑ всеꙗ рꙋси и моємꙋ братꙋ кн҃зю володимерꙋ всѣсти на конь на кн҃зѧ на литов̑ског̑ или на тферьског̑ на кн҃зѧ на михаила мнѣ кн҃зю великомꙋ самомꙋ бꙑти в новѣгородѣ а любо брата ми послати кн҃зꙗ володимера в нов̑город вести или бꙋдет ѡбида новꙋгородꙋ с литов̑ским̑ кн҃зем̑ или с тферьским̑ кн҃зем̑ с михаилом̑ или с нѣм̾ци мнѣ кн҃зю велікомꙋ дмитрею иванович̑ всеа рꙋси и моємꙋ братꙋ кн҃зю володимерꙋ всѣсти по новѣгородѣ с одног̑ по целованью а доколе сѧ новъгород с литов̑ским̑ кн҃зем̑ и со тферьским̑ кн҃земъ михаилом̑ не ꙋмирит или с нѣмци мнѣ кн҃зю великомꙋ и моемꙋ братꙋ кн҃зю володимерꙋ новагорода не метати любо ми самомꙋ бꙑти кн҃зю великомꙋ в новѣгородѣ или брата пошлю доколе новъгород ꙋмирю а бꙑти ми в новѣгородѣ или брата пошлю а поидет на нас̑ рат ѣхати ми ѿ вас̑ или братꙋ моємꙋ безъ хитрости а то нам̑ не в ꙑзменꙋ а кн҃жен̑є вꙑ великоє моє держати чс̑тно и грозно без ѡбидꙑ а мнѣ кн҃зю великомꙋ дмитрею иванович̑ всеꙗ рꙋси держати новъгород въ старинѣ без обидꙑ,,,
160,gvnp,се купи игуменъ василеи ѹ матфѣꙗ ѹ ѹрвана ѹ левонтѣева сн҃а дворъ и дворищо все филипово и ѡгородець и за дворомъ наволочокъ ѡрамои земли промежу ѹлицами и того наволочка лугу половина подъ михалевьскимъ дворищемъ и в опцемъ поли гумнища половина филипова в опцемъ поли полоса земли и половина болота возли кривую полосу половина ѡрамои земли круглици ѹ фомини наволоки ѡрамаꙗ землѧ в межахъ с гавриломъ другаꙗ межа ѿ никольскои земли двои гоны зели ѡрамици путь посеретки подли никольскую пожню на плоскои веретѣи гонꙑ земли ѡрамици в межахъ с҃ савельемъ другаꙗ межа до гаврилови земли а инаꙗ ѡрамаꙗ землѧ и покроми с верхного конца межа ѿ гаврилови земли с нижного конца межа до фефилови пожни надъ нюрдолою поженка ѹрѣчище рѣпѣщо и с притеребомъ к нюрдоли ꙗкъ и ѡрамои земли гонꙑ промежу никольскою землею ѹ фомини наволоки ѹ гумнищи ѹ филипови ѹчастки половина цимъ володѣлъ матфѣи ѹрванъ и братанъ его васке мартушовъ тимъ володѣти игумну василью ѡрамꙑи земли и пожни полуѹчасткомъ филиповꙑмъ и далъ игуменъ василеи на тихъ землѧхъ семь сороковъ белки и ·ӏ҃· бѣл̑ ѡвцю пополонка а купилъ собѣ ѡдерень а ѡчищивати та землѧ и пожни матфѣю ѹрвану и его дѣтемъ а на то послухи василеи васильевич̑ сасинъ нестеръ васильевич̑ тимофѣи баи ѡнѣкѣи попович̑ павле ѡсѣевъ а ѹ печати стоꙗлъ и землю завелъ матфѣи ѹрванъ,,,
161,gvnp,се купи ӏгуменъ василеӏ ѹ гаврили ѹ дьꙗка ѹ малафѣевича полоску земли на носу промежу землѧми щербаковою ӏ онисимовою ѿ стѣнного ѻгорода до мундорови земли межа а далъ на тоӏ полоски земли ӏгуменъ василеӏ гаврили дьꙗку ѕӏ҃ бѣл̑ курѧ пополонка а купи собѣ ӏгуменъ василеӏ ӏ своӏмъ дѣтемъ ту землю одерень а на то послухи тимофѣӏ григорьевичь григореӏ степановичь ꙗковъ огафановичь есипъ филиповичь а в печати стоꙗлъ ӏ землю завелъ гаврила дьꙗкъ мафѣевичь,,,
162,gvnp,се продаша климентеи ивановиць землю свою в домъ ст҃омѹ въскрс̑нию возлѣ двинѹ на михѣєвѣ берѣгу ѡрамую землю и пожни с притерѣбы и четверть тони а тои земли и пожнѧмъ межи по старымъ межамъ а взѧлъ климентѣи иванович̑ на тои зѣмли и на пожнѧхъ и на притѣрѣбахъ и на четверти тонои полъ сѣма сорока бѣл̑кѣ да пополонка пузъ жита сѣмѧного а тыи куны давалъ староста скрѣсѣньскои григорѣи семенович̑ а продалъ климентѣи иванович̑ землю и пожни и притѣрѣбы и четверть тони ст҃уму въскрс̑нию и в вѣкы а на то послухи попъ ферапонтъ слѹжитель ст҃го въскрс̑ниꙗ захарьѧ кривлѧевъ федосѣи мининъ а писалъ дьꙗкъ иванъ строкѣнъ а ѹ печати стоꙗлъ самъ климентѣи иванович̑ и во ѡчищеньи самъ климентѣи иванов,,,
163,gvnp,се купи васильи васильѥвич̑ ѹ васильꙗ ѹ своꙗка своѥго и ѹ мр҃ьи ѹ свести своѥи на лодми сѣло дворъ и дворище ѻрамꙑи земли и пожни и ловища и путики и полѣшии лѣсꙑ чимъ володѣлъ ѻлуферьи тесть нашь и ѥго зѧть васильи чс̑то се достало ѻлуферью ѿ брата ѿ васильꙗ в ътьдѣли и с притерьбꙑ а межи по старꙑмъ межамъ а даша на томъ ·е҃ӏ· съроковъ бѣл̑ корова попълънка купи ѻдерьнь себе и своимъ дѣтемъ а на то послухꙑ ѥрмола васильѥвич̑ ѻлфромѣи ѻстафеѥвич̑ григорьи труфановъ,,,
165,gvnp,се купи игуменъ василеи земли ѡрамꙑи и пожни и дворища четвереть и ѡгородтца подли никольское дворище ѹ игнатьꙗ ѹ кузнеца ѹ ѡнисимова сн҃а ѡч҃ну его в опцемъ поли полоса земли середнѧꙗ подли гаврилову землю и болота половина в опцемъ поли ѹ гумнищи ѹчастокъ его и ѹ круглици четвереть с верхного краꙗ ѿ лѣса на носу полоску земли ѹ стѣнн҃ого ѡгорода подли мундорову землю с другую сторону никольскаꙗ землѧ половина логу конець хлюпина ѡзерка ѹ фомини наволоки гонꙑ земли з зазуброю подли гаврилову землю другои лоскутъ под ꙑвою гонꙑ земли третеи лоскутъ кутець и притеребъ к нюрдоли ꙗкъ и в опцихи треть пожни подли мишину ѡрамую землю с верхного конца межа ѿ конець мишини ѡрамои земли на середнюю ꙗму по верхному краю ѿ ꙗми на кривую иву с нижного конца межа до фролови земли а ѡ торговли докладꙑвалъ есмь гаврила дьꙗка ѡч҃ица и велѣл ми купити и ѹ гумнищи ѹ фомини наволоки ѹчастокъ игнатьевъ и далъ игуменъ василеи игнатью ѡнисимову на тихъ землѧхъ три сороки бѣлки ѡвцю пополонка а купилъ игуменъ василеи ти земли собѣ ѡдерень а на торговли бꙑли люди савелеи селкинъ ѡлфереи григорьевъ игнатеи матфѣевъ а на заводи были люди тимофѣи баи ѡксѣнтѣи сидорове лазарь ѹрвановъ сн҃ъ а ѹ печати стоꙗлъ и землю завелъ игнатеи ѡнисимовъ сн҃ъ,,,
166,gvnp,се купи ӏгуменъ василеӏ в ларивъна в мишутина лоскутъ земли на горѣ врѣчѣще подли щипичина ѿ ѹлици другаꙗ полоса земли промежу никольскою землею межа тое земли ѿ болота з горꙑ в подоли межа по никольскоӏ ѻгородъ ӏ приполекъ тоӏ земли ӏ навърници ӏ даша на неӏ василеӏ ӏгуменъ ларивону н҃ бѣл̑ ӏ пѧть да стогъ сѣна л҃ кучь пополонка пузъ ржи а купи сѣбѣ ѻдерень ӏ своӏмъ дѣтемъ а на то послухи агафанъ калковъ тимофѣӏ григорьевъ ѻлухъ григорьевъ терентѣӏ ермолинъ есипъ ꙗковль в печати стоꙗлъ ӏ землю завелъ ларивънъ земець,,,
167,gvnp,се далъ алѣксъ чернець ст҃му николи ӏ вѣкѣ землю захаркиньскую ї пожни куплю свою на маломъ ѡстровки в нижномъ конци с верхьнего конца ѡрамаꙗ землѧ ѿ степановꙑ земли федорович̑ ї пожнѧ логъ ї кутъ весь а ѡч҃ны своєї ѹчастокъ весь своӏ приказалъ василеї братьї своєї володѣтѣ до моего живота а по моємъ животѣ ѿдаїте братьꙗ моꙗ ѡч҃ну мою ѿдаїте земли ї пожни ст҃му николи ї вѣки їгнатъ ӏ сава петровъ ї терехъ ѡмельꙗновъ ї степанъ левуновъ ї ївашь петровъ ї кузма з братомъ с федутою самсоновꙑ дѣтѣ ѿступилисѧ василєвы земли алѣксова братана ѡч҃нꙑ єго чс̑то при їгумни при васильї полъ дворища ї ѡгородець весь ѹ воротномъ поли васильєвъ ѹчастокъ весь ѡч҃нꙑ єго на горѣ на нѧри на голови пожнѧ ѹ кочкомъѡзери пожнѧ а межа ѿ вельюшинѣ земли над веркънусомъ полоса земли а межа ѿ назаровꙑ земли а в другомъ конци до савинꙑ земли межа на гори керендусъ землѧ ї деревнѧ холмець за погостомъ тоє жє земли ӏ рѣпѣщє верхь кожуева ручьꙗ ӏ на нѧри пожнѧ промєжу никольскою пожнею ї мудюгиною на василєви нѧри логъ тоє же земли в шутови кути землѧ с верхьнего конца межа ѿ тереховꙑ земли а с нижного конца по ѻгафанову землю межа попѧтина васильєвꙑ же земли в том же шутови кути землѧ ѡрамаꙗ ї закраїна тої. же земли а промежу землѧми тереха ѡмельꙗнова ї подли тырвую рѣку пол путика васильєвꙑ ѡч҃нꙑ а васильєва землѧ без вꙑвѣта ст҃му николи ї викѣ а тотъ приказъ васильєвъ свєли зъ дш҃ь своӏхъ а придуть васил̑євꙑ дѣтѣ на свою ѡч҃ну жить ї ѻнѣ сами володѣютъ своєю ѡч҃ною а на то послуслухи михаїло волфромѣєвич̑ єсипъ тимофѣєвич̑ ӏванъ семенович̑ ѡртѣмеӏ дементѣєвич̑ ѡнѣкѣӏ попович̑ а в печати стоꙗлъ їгнатъ ларивоновъ да сава петровъ в васильєво мѣсто агафанович̑ в дѧди своєго ӏ землю завели,,,
168,gvnp,се купи игуменъ васильи ѹ иваша ѹ селкина полоску земли на горѣ ѡтч҃инꙑ єго за дворомъ єго промежю землѧми никольскими съ верьхнего конча межа ѿ фроловы земли а в нижьномь кончи межа до гавриловѣ земли и далъ игуменъ васильи ивашю ·л҃· бѣл̑ а пополонка пузъ жита сѣмѧного а купи собѣ ѡдерень а на то послуси игнатьи матфѣєвъ ѡникиӏ попович̑ ермола ꙗковль есипъ филиповъ дмитре швечь а ѹ печати столъ ивашь и землю завелъ,,,
169,gvnp,въ имѧ оц҃а и сн҃а и ст҃го дх҃а се ꙗзъ рабъ бж҃ии федотъ скимн҃икъ ѻстрохвостъ пишю рукописаньѥ при своѥмь животѣ чс̑то приказалъ оц҃ь мои сидоръ мнѣ ѿвести лоскутъ земли орамици напротиве и на носу ст҃му николѣ промѣжю землѧми звѣздиною и фефиловою землею и промежю петровою землею григошкина и промѣжю кулиною землею и ꙗзъ федотъ тои лоскутъ земли ѿвелъ ѥсмь чисто ст̑му николи и вѣкы по ѻц҃ви дш҃и по сидорови и по своѥи дш҃и а хто поснѣ ѿимати ѹ ст҃го николи тои лоскутъ судитсѧ с нами предъ б҃мъ а на то б҃ъ послухъ и оц҃ь мои дш҃внои игуменъ василеи ст҃го николѣ и вси черенци,,,
17,gvnp,ѿ посадника михаила ѿ тꙑсѧчкого матфѣꙗ ѿ боꙗръ и ѿ житьихъ людѣи и ѿ чорнꙑхъ людѣи и ѿ всего новагорода послаше новъгород юрьꙗ и ꙗкима къ кнзю к михаилѣ на тфѣрь а велѣлѣ миръ имати на семъ аже брат̑ю нашю попущати без окупа новгородскихъ боꙗръ и новоторьскихъ боꙗръ житьихъ людѣи и чорнꙑхъ людѣи и сирот̑ новгородскои волости и новоторьскои волости или хто данъ на порукѣ новгородѣчь или новоторжанинъ а с тꙑхъ порука на зеню или кого к чѣлованью привел̑ а с тꙑхъ чѣлованьѥ на землю грамотꙑ дерноватꙑи на кого пописалъ а тѣ грамотѣ подерет̑ а что кн҃зь михаила товаръ порубил̑ брат̑и нашеи до новоторьского взѧтьꙗ а того товара весь новъгород велѣлъ юрью и ꙗкиму ѿступитисѧ а что товаръ новгородскѣи и новоторьскꙑи в торъшку взѧтъ в полонъ а того товара весь новъгород велѣлъ юрью и ꙗкиму ѿступитсѧ а землѣ и водѣ старꙑи рубежь по старꙑмъ грамотамъ а намѣстникꙑ свои с торъшку сведет̑ а на семъ повелѣше весь новъгород юрью и ꙗкиму миръ взѧти съ кн҃змь с михаиломъ а повелѣша печати приложити изо всихъ пѧти кончевъ къ сеи грамотѣ аже кн҃зь михаила почне пословѣ свои слати в новъгород новъгород повелѣ юрью и ꙗкиму пословѣ михаиловѣ понѧти в новъгородъ,,,
170,gvnp,во имѧ ѿца и сн҃а и ст҃го дх҃а се азъ рабъ би҃и сергѣӏ чернець скимникъ манꙑловъ сн҃ъ писалъ есмь рукописанье при своемъ животи далъ есми ст҃му николи ѡч҃ну свою вчастокъ свои ѡрамꙑи земли и пожни и҃ братнѧ вчастка микитина половина во всемъ на гори в лѣсномъ поли полоса земли другаꙗ полоса земли в лѣсном же поли вꙑменѧлъ ею в селюши в павлова а далъ противу тое в романови вѣтѣи землю и з закраиною конець селюшинꙑ земли а та мѣна моꙗ чс̑та в замикитьи деревнѧ по половинамъ с федоромъ и дворище свое и полъ ѡгородца и полъ телѧтника а чс̑то перевѣсѣща ѹ фоминꙑхъ перевѣсѣщь два ѡч҃нꙑ моеи а то зъ братомъ моимъ с федоромъ не дѣлно а чс̑то за кѣргозеромъ путикъ подли нарву рѣку то ми с федоромъ по половинамъ ѹ дѣдова вогана пожнѧ в лости а межа тое пожни с верхнего конца ѿ грихновꙑ межи то ми с ведоромъ по половинамъ в шевцеви пожнѧ рѣпѣще пониже фоминꙑ ѡрамои земли и пожни кутець весь и с притеребомъ то ми с федомъ по половинамъ и заложили есмѧ ту пожню с федоромъ петру родивонову въ ·л҃· бѣлахъ до кунъ и вꙑ вꙑкупите ее ст҃му николи а чс̑то есмѧ заложили зъ братомъ моимъ с федоромъ соболю сави в замикитьи лоскутъ земли другии лоскутъ в чицилови ·г҃·и лоскутъ на романови верѣтѣи въ ·м҃· бѣлахъ и вꙑ мою половину вꙑкупите ст҃му николи даите ·к҃· бѣл̑ ст҃му николи свои вчастокъ и брата своего половину вчастка микитина далъ есми ст҃му николи и в вк҃и по ѡц҃а своего дш҃и и по своеи дш҃и и по роду по племѧни а на то б҃ъ послухъ и ꛩц҃ь мои дх҃внꙑи игуменъ василеи ст҃го николы и всѧ братьꙗ,,,
171,gvnp,се далъ есипъ ӏнокъ ским ст҃му николи ӏ вѣкѣ полосу земли ӏ закраӏну на ѕ҃ кучь на маломъ ꛩстровки а в межахъ подлиӏ власа саблина землю за вкладъ а дочеремъ моӏмъ ӏ внучатамъ в ту землю не вступатисѧ а на то послухи оц҃ь моӏ дш҃внꙑӏ ӏгуменъ васил̑ӏ ӏ всѧ братꙗ а в печати стоꙗлъ зѧть его ларюша,,,
172,gvnp,се купи игуменъ василеи ѹ матфѣꙗ ѹ назарова сн҃а и ѹ его брата ѹ самуили на маломъ ѡстровкѣ ѡрамои земли гонꙑ с верьхного конца межа ѿ еремѣевꙑ земли а с нижнего конца до васильевꙑ земли а сторону межа до ивашовꙑ пожни на другои сторони орамици круглаꙗ пожнѧ тои же земли а с верьхного конча межа круглици ѿ ларюшини пожни по кустовью да на смородꙑннои кустъ и до ѡсташовꙑ пожни межа и до васильевꙑ закраини межа а далъ игуменъ василеи матфѣю и самуили полтора сорока бѣлкѣ а пополонка ѡсмину жита сѣмѧнного а купилъ собѣ ѡдерень и своимъ дѣтемъ а на то послуси пѧнтелѣи михаиловичь иванъ попович̑ максимъ сивцевъ нифонтъ марковъ савелеи левонтѣевъ а ѹ печа стоꙗлъ матфѣи назаровъ сн҃ъ а таа землѧ ѡцистити матфѣю и самуили,,,
173,gvnp,се купи игуменъ василеи землю на маломъ ѡстровки ѹ мѣхиꙗ ѹ фаѹстова сн҃а а межа тое земли с верхьнего конца до назарови земли с нижного конца до ерѣмѣевꙑ земли межа и зъ закраинами и с притеребомъ на томъ же маломъ ѡстровки другаꙗ веретѣꙗ земли а межа тои верѣтѣи с верхьнего конца до назарови земли а с нижного конца межа до иваша нефедова земли подли ту же верѣтию логъ по половинамъ с ꙑвашомъ с нефедовꙑмъ а на другои сторони верѣтѣи ѿ лаконѣрмѣ закраина и с притеребомъ к тои же земли а далъ на тои земли игуменъ василеи мѣхию ·ѯ҃· бѣл̑ да ·г҃· бѣл̑ да два пуза жита сѣмѧнного пополонка а купилъ сѣбѣ ѡдерень и своимъ дѣтемъ а на то послухи ивашь нефедовъ ермола ꙗковль есипъ филиповъ ꛩнуфрѣи семеновъ а в печати стоꙗлъ мѣхѣи землю заевлъ,,,
174,gvnp,се купи игуменъ василеи землю ѹ глухомъ погости ѹ лукерьи ѹ мѣхѣєви дочери и ѹ єе мужа ѹ петра мѣхѣеви земли половину на гори без вꙑвѣта и дворища половина мѣхѣєва и ѡгородца половина и перхурово дворищо на заєцкомъ поли половина полосꙑ промежу землѧми кирьꙗковою и мѣхѣевою другаꙗ половина полосы промежу землѧми ꙗкутиною и мѣхѣевою на лужи полоса земли промежу землѧми иваша нефедова и ꙗкутиною на горки полоска земли промежу землѧми фатѣєвою и ꙗкуриною ѹ ѡзера ѹ ꙗми половина полоски земли промежу землѧми кюрьꙗковою и григоровою ѹ кочкомъѡзери ѡрамица и поженка с притеребомъ по половинамъ ѹ микулина єзу половина поженки и путика половина мѣхѣєва за фатѣєвꙑмъ дворомъ мѣхѣєви ѡч҃нꙑ земли полъ ѡгоротца пол капустника а та мѣхѣєва половина земли лукерьина ѡч҃на на гори за глухимъ погостомъ игумну василью чс̑та а далъ игуменъ на тои земли лукерьи и петру три сороки бѣлки курѧ пополонка а купилъ собѣ и в҃ вѣки а на то послухи фатьꙗнъ васильєвич̑ дв҃дъ захарьинич̑ мануила фатьꙗнович̑ ѡнфимъ ꙗшковъ а в печати стоꙗла лукерьꙗ а петре землю завелъ,,,
175,gvnp,се купи игуменъ василеи ѹ ꙗкова ѹ баева ѡч҃ну мѣхѣеви дочери федосьину ѹ глухомъ погости полъ дворища и полъ ѡгородца на гори на заецкомъ поли пол полца ѡрамои земли а межа с лукерьиною землою петрови жони и с фатѣевою землою и ꙗкутиною землою и в другомъ мѣстѣ пол полца ѡрамици а в межахъ с григоровою землою и с лукерьиною землою и на низу на лужи половина ѡрамици ӏ бережного лоскута половина ѡрамици и на мудьюгини наволоки лоскутъ земли и ѹ микулина ѣзу пол поженки и возли кочкомъѡзеро половина ѡрамици и пожни и притеребъ и пол путика мѣхѣеви земли федосьини ѡч҃ни горнии земли и за погостомъ земли игумну василью чистꙑ и далъ игуменъ василеи ꙗкову на тои земли три сороки бѣлки свинью пополонка а на избѣ да на клѣти да на ѡвини дѣсѧть бѣл̑ а купилъ игуменъ василеи ту землю собѣ и в҃ вѣки а на то послухи фатьꙗнъ васильевич̑ петре мартушовъ дв҃дъ захарьинич̑ максимъ сивцовь ларивонъ баевъ а в печати стоꙗлъ петре ѹ ꙗковле мѣсто а землю завелъ ꙗков самъ а ѡчищивати та землѧ ꙗкову,,,
176,gvnp,во имѧ ѿца и сн҃а и ст҃го дх҃а се азъ рабъ би҃и игуменъ василеи далъ есмъ в домъ ст҃му николи в чюхченему ѹрвановьскую землю чимъ есмъ володѣлъ дворъ и дворищо ѡрамую землю на гори круглици три ѹчастки подли ѹлицю полоса земли кузнечовьскаꙗ возли кривую полосу полоса земли ѹрвановьскаꙗ и гумнищо ѹрвановьское на шипичини полоса земли промежу никольскими землѧми ларивонковьскаꙗ за рѣкою на носу на великомъ ѡстрови полоса земли гаврилковьскаꙗ и кузнечовьскаꙗ игнатова ѹ фомини наволоки гонꙑ земли ѹрѣчѣще сокѣрка двои гонꙑ земли ѹрвановьскои путь посеретки за ѡвиномъ гонꙑ земли а ѡвинъ стоитъ и гумнищо а то николи же гонꙑ земли подъ ивкою а инаꙗ землѧ къ кутцю идучи и кутець и притеребъ на рѣпѣщи гоны земли и притеребъ и в опцихи треть и ѹ дву мѣстехъ перелошки с калитиною чадью в межахъ а ти земли ѹрвановьскии и игнатовьскии далъ есмъ ст҃му миколи в домъ и в҃ вѣкѣ по ѡц҃а своего дш҃и и по своеи а блгс̑влѧю игумена хто буде игуменомъ ѹ ст҃го николꙑ и старцовъ черенцовъ свою братью по мнѣ паметь дѣите по сили а на то б҃ъ послухъ и ѡц҃ь мои дх҃овнꙑи игуменъ григореи ст҃ии бдци а хто се мое слово преступитъ сужусе с нимъ предъ богомъ,,,
177,gvnp,се купи федоръ макаровъ сн҃ъ ѹ ѡнцифора ѹ ѡндроникова сн҃а землю на низу ѹ ꙗковли курьи три села дворꙑ и дворища ѡрамꙑи земли тихъ селъ по старꙑмъ межамъ и с притеребꙑ и пожни тихъ селъ по старꙑмъ межамъ и с притеребꙑ и ловища тихъ селъ и хмелники тихъ селъ а межа тимъ землѧмъ ѿ ѡстафьеви земли иванович̑ до евсѣеви земли до ѡндроникова и в лавкоти половина ѡрамои земли и в пожнѧхъ по старꙑмъ межамъ и с притеребꙑ и в ловищахъ и въ хмелникехъ чимъ володилъ ѡнцифоръ ѡч҃ною своєю тихъ трехъ селъ ѡрамꙑми землѧми и пожнѧми и ловищи и хмелниками тимъ володѣтѣ федору макарову и подскотини половина противъ тихъ земель а другаꙗ половина тои подскотини другимъ тремъ селамъ евсѣꙗ ѡндроникова да степана васильевича да ѡстафьꙗ иванович̑ а далъ федоръ ѡнцифору на тихъ трехъ селехъ пол шеста дѣсѧтъ сороковъ бѣлки а пополонка конь воронъ в пѧть сороковъ а купилъ федоръ макаровъ сн҃ъ ти три села ѹ ѡнцифора ѹ ѡндроникова сн҃а собѣ и своимъ дѣтемъ ѡдерень и зъ старою грамотою з григорьевою з даною тихъ земель а хто почне наступати на ти земли ино ѡчищивати ти земли ѡнцифору и его дѣтемъ а на то послухи евсѣи ѡндрониковъ степанъ ѡнтонович̑ ѡлфромѣи микулинич̑ иванъ ѡврамовъ филиксъ павловъ ѡнисимъ федорович̑ степанъ семенович̑ а грамоту писалъ григореи дьꙗкъ ст҃го сп҃са а в печати стоꙗлъ ѡнцифоръ ѡндрониковъ сн҃ъ самъ и землю завелъ,,,
178,gvnp,се купи филипъ дмитровъ у федора в ларивонова сн҃а лоскутъ земли на гори а в межахъ с николскою землею да с фомою а ѡгородъ стѣна с фомою по половинамъ а далъ филипъ на тои земли ·и҃· бѣл̑ да полоть мѧса пополонка а купилъ собѣ ѡдерен и своимъ дѣтемъ а на то послухи иванъ степанович̑ прхуреи фоминъ ѡгафанъ федровъ а в пецати стоѧлъ самъ федоръ и землю завелъ ларивоновъ сн҃ъ,,,
179,gvnp,се купи меленьтеи чевака єфимьєвичь перевесищо в ненокси исаковъское по новуму месту ѹв онъчифора ѹв онъдроникова и поженьку на нижнои реки по новому месту отьчину єго чимъ владелъ онъчифоръ по ѹделу отьча своєго и даша на томъ чевака оньчифору ·л҃· бѣлъ а полонъка два сугреба железа в ненокси а купи собѣ одерень и своимъ детемъ а на то послухи климентеи борисовичь максимъ петровичь ондронъ федоровичь а ѹ печати стоѧлъ романъ во отьча своєго место ѻнъчифора,,,
18,gvnp,се доконча кн҃зь великꙑи михаило ѻлександровичь тфѣрьскꙑи приславъ своѥго посла в новгород михаила костѧнтиновица съ архиѥпс̑пмъ новгородьскꙑмъ съ влд̑кою съ ѻлексѣѥмъ с посадникомъ съ юрьѥмъ с тꙑсѧчьскꙑмъ с матфѣѥмь съ всимъ новꙑмъгородмъ что сѧ ѹчинилось нелюбьѥ кн҃зю михаилу с новꙑмъгородомъ и кн҃зь михаило своѥ бещестьѥ ѿ новагорода ѿложилъ а новгородъ своѥ бещестьє ѿ кн҃зѧ ѿ михала ѿложилъ а кн҃зю михаилу свои намѣстникꙑ с торжьку и со всихъ волостии с новгородьскꙑхъ свести а коихъ новгородцовъ или новторжанъ̑ кн҃зь михаило или ѥго боꙗрѣ привелѣ к цѣлованью или на поруку подавалѣ или на коихъ грамотꙑ поималъ с тꙑхъ кн҃зь михаило цѣлованьѥ снѧлъ и поруку свелъ и грамотꙑ ѿложилъ а что пословѣ кн҃жи михаиловѣ человалѣ крс̑тъ к новугород с тꙑхъ новгородъ челованьѥ снѧлъ а что человалѣ новгородскꙑи пословꙑ къ кн҃зю к михаилу то челованьѥ кн҃зь михаило снѧлъ а что полону новторского головъ головъ новгородскꙑх̑ и новторскꙑх̑ въ ѻц҃нѣ кн҃зѧ великаго в тфѣрьскои волости или индѣ гдѣ тꙑхъ всих̑ кн҃зю михаилу и ѥго боꙗрамъ ѿпущати безъ ѻкупа по хрс̑тному цѣлованию а что ѹченилсѧ грабежь на волзѣ или индѣ гдѣ кн҃жимъ лодьꙗмъ михаиловꙑмъ тфѣрьского или товаръ поиманъ или головꙑ побитꙑ ѿ новгородцевъ то все кн҃зь михаило ѿложилъ а что взѧлъ кн҃зь михаило горд̑ торжокъ или волости новъгородьскꙑи то все новгород ѿложилъ ѿ кн҃зѧ ѿ михаила а что товаръ поиманъ ѹ новъгородскꙑх̑ купець и ѹ новторскꙑх̑ из лодѣи рубежомъ до новторского взѧтьꙗ тотъ товаръ кн҃зю михаилу подавати новгородскꙑмъ купцамъ и новторскꙑмъ все чс̑то по челованию а имъ взѧти свои товаръ человавъ а будѧ в миру кн҃зю михаилу тфѣрьскому не ити ратью на новгород ни на новгородскую волость ни новугород не ити ратью на тфѣрь ни на тфѣрьскую волость на кн҃зѧ михаила а гостю гостити съ ѻбѣ половинѣ безъ рубежа а сии миръ держати безъ льсти и безъ хꙑтости а за хол̑пъ за робу за поручникъ за должникъ за татѧ не стоꙗти съ ѻбѣ половинѣ не стоꙗти а водѣ земли межю тфѣрью и торжькомъ кашиномъ бѣжицам̑ старꙑи рубежь правꙑи по старꙑмъ грамотамъ а кнѧз̑ михаило крс̑тъ цѣловалъ к новугород а новгород крс̑тъ цѣловалъ къ кнѧз̑ мих̑илу а кто на се цѣлованьѥ наступить на того б҃ъ и ст҃аꙗ бц҃а,,,
180,gvnp,се купи дементѣӏ ѹ ӏльӏнꙑхъ дѣтеӏ ѹ ѡнашкѣ ӏ ѹ матфѣӏка село в кѣхтѣ ѡц҃а ӏхъ володѣньѥ землю горнюю ӏ юрмольскую ӏ в нарьӏ ѹцѧстокъ ӏхъ ӏ с притеребꙑ з горними ӏ съ юрмольскими ӏ с нареӏскими ӏ с перевѣсищѣ ӏ в вѣцюѥвѣ тонѣ ѹцѧстокъ по земли ӏ в зимнеӏ тонѣ ѹцѧстокъ а да дементѣӏ на всемъ на томъ полъ сема сорока бѣлки кобꙑлу полнка а купи собѣ ѡдернь ӏ своӏмъ дѣтемъ а заводъ тꙑмъ землѧмъ по старꙑмъ межамъ по ѡц҃а ӏхъ дѣлу а кому будеть слово ѡ тꙑхъ землѧхъ а то ѡцищивати ѡнашкѣ ӏ матфѣӏку а на то послухи созонъ сидоровъ микита ѥвановъ ѡвдеӏ поповъ сн҃ъ михаӏловъ ӏванъ ѡндрониковъ,,,
181,gvnp,се купи костѧнтине и ѥго брат̑ꙗ смене и ортѣмьꙗ ѹ климушѣ ѹ михѣѥва землю в нижнеи кехтѣ половину оц҃инѣ ѥго чимъ владѣлъ оц҃ь ѥго горнѧꙗ землѧ и юрмольскаꙗ и в нарьи с притеробꙑ и в лѣсехъ ѹчастокъ и ловища тоѥ земли и в водѣ ѹчастокъ ѹ всицевѣ тони и в зимнихъ тонѧхъ ѹчастокъ чимъ владѣлъ михѣи и сн҃ъ єго климуша и да костѧнтине и ѥго брат̑ꙗ на тои земли ·г҃· рубли а свинью пополонка а купи костѧнтине собѣ одерень и своѥи брат̑и а межи тоѥ земли по старꙑмъ межамъ а на то послухъ иванъ попович̑ тарасовъ олуфѣрѣи овдѣѥвич̑ гаврила васильѥвъ павелъ филипович̑ а ѹ печати стоꙗлъ климуша,,,
182,gvnp,се купи мелнтѣи ефимьевичь чевака ѹ ѡртемьи ѹ дементиева село земли в нижно кѣхтѣ дворъ и дворищо горныи ѡрамыи земли и юрмольскии ѡрамыи земли и наречскии ѡрамыи земли и пожни и притеребы и перевѣсѣща и ловща и в вѣчѣеви тони ѹчастокъ и в зимнеи тони ѹчастокъ и в путикехъ и в лѣсехъ ѹчастокъ по земли и с подскотиню ѹчасток а межа тои пскотинѣ ѿ погоста по речкѣ по тꙋрокꙋрие да по вшнѧковꙋ по зиноевъскꙋю рекꙋ а в ту поскотискотинꙋ скота не пꙋщали поскотина ѹ нихъ своѧ и тѧгло ѹ нихъ свое с кнѧжьѡстровци чимъ володѣлъ ѡртемеи по ѿца своего и по братьи своеи по купнымъ грамотамъ по дернымъ и по розделнои грамоте з братомъ своимъ с семеномъ своимъ ѹчсткомъ земли и пожнѧми и всими ѹгодьи тимъ володѣтѣ мелентю чеваки и его дѣтемъ тими землѧми и пожѧми и всими ѹгодии по ѡртемьин володѣнию а далъ на томъ на всемъ мелентѣи чевака ѡртемьи дементьевꙋ ѡсмьнтцать рꙋбловъ серебра а пополонка корову а купилъ мелентѣи собѣ и своимъ дѣтемъ ѡдерень а на то послухи кире юрьевичи василеи юрьечвичь микифоръ ивановиче а печати стоѧлъ самъ ѡртемеи а грамотꙋ писалъ григореи дьѧкъ стаго спса,,,
183,gvnp,се купи мелентѣи ефимьевич҃ чевка ѹ ѡртемьи ѹ дементиева село земли в нижно кѣхтѣ дворъ и дворищо горыи ѡрамыи земли и юрмольскии ѡрамыи земли и наречкиӏ ѡрамыи земли и пожни и притеребы и перевѣсѣща и ловща и в вѣчѣеви тони ѹчастокъ и в зимнеи тони ѹчастокъ и в путикехъ и в лѣсехъ ѹчастокъ по земли и с поскотиню ѹчастокъ а мѣжа тои поскотинѣ ѿ погоста по речкѣ по тѹрокурие да по вешнѧкѹ по зиноевъскую реку чимъ володѣлъ ѡртемеи по ѿца своего и по братьи своеи по купнымъ грамотамъ по дернымъ и по роздѣлнои грамоти з братомъ своимъ семеномъ своимъ ѹчсткомъ землѧми и пожнѧми и всими ѹгодьи тимъ володѣтѣ мелентию чеваки и его дѣтемъ тими землѧми и пожнѧми и всими ѹдиї по ѡртемьниу володѣню а далъ на томъ на семъ мелентѣи чевака ѡртемьи дементьеву ѡсмьнтцать рубловъ серебра а пополонка корову а купилъ мелентѣи собѣ и своимъ дѣтемъ ѡдерень а на то послухи кирил юрьевичь василеи юрьевичь микифоръ ивановичи а грамоту писалъ григорьи дькъ стаго спса,,,
184,gvnp,се купил меленте ефимовъ сн҃ъ чевака у климꙋши ꙋ панъкратова сн҃а да и ꙋ его братеие купил в левкове води ꙋчасток ихъ води да и пожонъ треть в половине да и левково/е опрешь ловити ми по ѡбе стороини и до мора да на губе да на заимисъ ловити по ѡбе сторони да и пꙋтики да хмилникахъ да в лешобнихъ лесахъ ꙋчастокъ а далъ еми на томъ четыре сороковъ бѣлки да пополка далъ есми емꙋ свиню а та вода и пожнамъ темъ межа по савинꙋ наволокꙋ да и по карꙋкꙋрее на ѡлексинꙋ водꙋ да по по иворги да на великои ситникъ и к морꙋ а ѿ лѧсомини межа по а до воръги а то купьла моѧ чиста а то люди добрие купил еми собе да и детамъ своимъ сеѳанъ бꙋдꙋкъ да игнат малофевъ а ꙋ печати сто климꙋша самъ и в браие свое место,,,
185,gvnp,се купи григорьи васильевиць ѹ левонтиѧ ѹ нестеровица землю за паритовымъ ѡзеромъ и пожни и з дворищомъ и с луским̑ ручьемъ а межа с верьхнѧго конца ѿ паритова ѡзера по ручью с руцьѧ на карасово ѡзерко по малым̑ ѡзеркам̑ на черемховои кустъ с куста да на песцанои наволокъ да внизъ по великому путищу до ѡврамковы межи да ѹ путища лоскутъ земли того же наволока межа лоскуту ѿ врамковы земли да дворища на ѡврамково да на березовои пень да внизъ на черемховои кустъ да на мокрѧд по руцьку прѧмо на лузу межа ниже луског̑ руцьѧ по старому ѡгородищу в паритово ѡзеро и вонаѧ землѧ противъ двора за ѡзеромъ дал̑ григореи на тои земли ·ӏ҃· сороковъ бѣл̑ки а пополонка корову купи себѣ и своим̑ дѣтем̑ ѡдерень а на то люди на заводи были попъ сидоръ перхуреи васил̑евъ степанъ ермолинъ есипъ ѡвдѣевъ кирила мелентиевь ѹ пецати стоѧлъ самъ левонтеи,,,
186,gvnp,се купи иванъ грихновъ сн҃ъ ѹ ѻмелфꙑ ѹ ꙗкꙑмовꙑ дочери и ѹ ѥѥ ѹ сн҃а ѹ юрьꙗ землю на коневи ѻстрови на самари а в мѣжахъ с берьзниковꙑмъ да с костюшею с куста на ꙗмище лукомъ на спѣѥви верьтеика по рѧду и ложекъ на нарьи рѣпище възлѣ берьзниковꙑ земли на верьхнои нарьи а даша на тои земли ѻбакуновꙑ дѣти степано ꙗковъ ѻфрѣмъ ӏѡ҃ану два сърока бѣл̑кꙑ ѻвцю поплънка а купи ѻдерь себе и своимъ дѣтемъ а на то послухꙑ карпа попъ грихнѣ терьхъ грихновъ ѻсташь боховъ а на заводи бꙑли ти же люди а ѹ печати стоꙗла ѻмелфа,,,
189,gvnp,се купи дмитрѣи ѡлуфѣрьевичь ѹ дв҃да ѹ сидорова и ѹ евсѣꙗ ѹ сидорова и ѹ поташа и ѹ григорьꙗ ѹ мандаровꙑхъ дѣтеи и ѹ пѧнтелѣꙗ в омосова сн҃а тоню на лѣтнои сторонѣ половину лопшенгѣ а земцамъ в тои половинѣ треть а дми̑трею двѣ части а далъ дмитрѣи на тои тонѣ дв҃ду и евсѣю и поташу и григорью и пѧнтелѣю шесть сорокъ бѣлкѣ а пополонка ѡвчю а купилъ ѡдерень собѣ и своимъ дѣтемъ а буде земцамъ не до водѣ ино имъ мимо дмѣтреꙗ своеи трети не продати водѣ а взѧти имъ ѹ дмитреꙗ по тои же цѣнѣ по числу а на то послухи ѡмосъ микулиничь филиксе павлович̑ ꙗковъ кузминъ терентѣ григорьевич̑ а ѹ печати стоꙗлъ поташь в дѧдь своихъ мѣсто и въ братьи своеи мѣсто,,,
190,gvnp,се купи иванъ семенъвичо землю в ъбакунъвꙑхъ дѣтьи селъ на коневѣ ѻстрови ѹ степана и ѹ офрема и ѹ ꙗковлихъ дѣтеи ѹ фъдосии ѹ татиꙗни и ѹ ѻвдокии кюрилъво вълнѧницкоѥ селъ дворо и дворище и дворноѥ поле на самари поле и с притьрьбъмъ и пожна а межи по стариемъ мьжамъ антипинскоѥ поле и с притьрьбъмъ а межи по старꙑмъ межамъ и в нижнеи нарии поле ѻбакунъвꙑхъ дѣтьи владениѥ а межи по старꙑмъ межамъ на луготине ѻстровъкъ двѣ части пожни а межи по старꙑмъ межамъ волнѧничкои ѻстровъко а другаꙗ пожнѧ на луготини ѻстровѣ промежю цр҃квнꙑми пожнѧми михаилъскими и с притьребъмъ а межи по старꙑмъ межамъ а ѻбъдъ тому ѻстровку ѿ рики до рьки и на самари поле и на испеѥви верьтьꙗ и с пожнею иванова новоселъвскаꙗ земла а даша иванъ семенъвич порѧднинъ ѹнукъ на томъ селе десѧтъ сорокъвъ бѣлки степану и ѻфрему и ꙗковлимъ дѣтьмъ федосиѥ и татиꙗне и ѻвдокьѥ а ѻвцю попълънка а купи събѣ и своимъ дѣтемъ и в вки а послухи ꙗкимъ ѻлександрович̑ ѻстафеи ѻндреѥвич̑ левънидъ пѧнтелеѥвич̑ полутъ костѧнтинович̑ ꙗковъ ꙗкимъвич̑ а на заводѣ бꙑли дѣ же люди а в печати стъꙗлъ ѻстафьи ѻндреѥвич̑ в ъбакунъвихъ дѣтеи мѣстъ и в ꙗколихъ дѣтьи мѣстъ,,,
191,gvnp,се срꙗдисе курило юреѥвиче сочекимо с петромъ з борисъмо з брилинꙑмо з деметиѥвꙑми детеми и со всею слободою ѥмечекою что купило курилъ юревиче село ѹ федора ѹ лѧпꙑшева и далъ курилъ юреѥвиче то село свѣтѣи бц҃ѣ игумену и черенечемь и вѣки а хто половеникъ или два на томо селѣ а на тꙑхъ сочекому и весемъ слобъжаномо ръзруба не класти не правити и ни скотничихъ куно ни поралеского ни кърму ни во къторꙑи проторъ ни въ что а на тъ рѧдеци ѥсипъ филипович̑ юрии мартемиѧнович̑ смене иванович̑ а хто си рѧдо порушите дасте судѧм̑ ·в҃· тысѧчи,,,
192,gvnp,се дасте курилъ юреѥвиче село федора лѧпꙑшева свѣтѣи бц҃ѣ игумену и черенечемо и свему стаду на къромлениѥ и вки а в то село не надобѣ втупатисе братиѥ моѥи и детемо моимъ а на то послухъ свѧтаѧ бц҃а и ꛩтеце мои дх҃увнꙑи степано,,,
193,gvnp,се купилъ иванъ лаврентѣєвич̑ у григорьѧ у васильевица на наль·ѡстрови земли ѡрамыє и пожни у паритова ѡзера наволокъ левушиньскои с купнꙑми грамотами с с̑тарꙑми тои земли и з григорьевою грамотою с купною тои земли по старꙑмъ грамотамъ межи тои земли и по старини цимъ володѣлъ григореи тимъ володѣт̑ ивану по старини и ловища а далъ иванъ григорью на тихъ землѧхъ ·и҃· сороковъ бѣл̑ да корову пополонка а купилъ иванъ ту землю собѣ ѡдерєнь и своимъ дѣтемъ а межи тимъ землѧмъ по старꙑмъ межамъ а на тъ люди сидоръ труфановє єсипъ фомине тимофѣи ивановє перхурєи фоминє а в пєцати стъѧлъ самъ григорьи и землю завелъ а грамоту писалъ иванъ степанович̑ соцкои,,,
194,gvnp,се кѹпи михаило вахромѣєвич̑ да игнатеи вахромѣєвич̑ ѹ фил̑кы да ѹ родкы да ѹ ꛩнашькы ѹ великыхъ смердовъ ѹ григорьєвичев̑ малои юры рѣкы ѿ ѹстьѧ и до верховьѧ два жеребьѧ и съ сенными наволокы и з бобровыми ловищи и с полѣшими лѣсами и с пѹтиками а даша на томъ ·ӏ҃· сороковъ бѣл̑кы а пополонка овцю а в тои малои юры рѣкы паѹстовичамъ треть а кѹпи собѣ ꛩдѣрень и своимъ детѣмъ въ вѣкы а на то послѹхы федоръ єремѣєвъ савастьѧнъ толоконьчевъ лѹкъѧнъ ермолинъ а ѹ печати стоѧлъ фил̑ка въ братьи своєи мѣсто,,,
195,gvnp,се купи зѣновѣи харитонович̑ у семена у павлава и у его братна у григорьꙗ у клименьтьева зѣмлю юръмольскую вильꙗтово ѡрамицю и зъ краины и с притеребы а межа с нижнего конца до ѡстафьеви земли а с верьхного конца до ѡнтропови земли с верхную сторону до ѡзера с нижнюю сторону до лывы а купи себе ѡдерень и своимъ дѣтѣмъ а далъ на тои земли четыри сорокѣ бѣл̑ безъ десѧти бѣлъ а пополонка ѡвца а у печати стоꙗлъ семенъ павловъ и его братанъ григореи клименьтьевъ на т послухи попъ ильꙗ сидорович̑ ѡсеи иванович̑ мина конанович̑ степанъ ѡгафьинъ,,,
196,gvnp,се заложи ѡбросимъ и лаврентеи васильевы дѣти сѣло зѣмли на лодми ѡц҃нѹ свою федорѹ макаровѹ и его дѣтемъ взѧли есмѧ ·к҃· сорок̑ бѣл̑кѣ а заложили есмѧ на ·е҃· год̑ а изоидѣть ·е҃· год̑ ино ѡбросимѹ и лаврентью ѡч҃тну свою выкѹпити своими кѹнами а не бѹдеть в ѡбросима и в лаврентьꙗ кѹнъ своихъ ино имъ в людеи кѹнъ не имати по правѹ словѹ и по хресномѹ челованию и по ст҃го сп҃са ѡбѣтѹ а федорѹ макаровѹ и его дѣтѣмъ на ѡбросима и на лаврентьѧ и на ихъ дѣтеи в кѹнахъ не настѹпати а в тихъ кѹнахъ оч҃тна ихъ до кѹнъ а заложили есмѧ и с кѹпною грамотою ѡц҃а своего а колодѧзи на борѹ вмѣсти а на то послѹхы кѹзмла тимофѣевич̑ иванъ иванович̑ микѹла михаиловичь трофимъ наѹмовичь перхѹрѣи ермолинич̑ а ѹ печати стоѧлъ самъ ѡбросимъ и лаврентеи и в дѣтѣи своихъ в мѣсто,,,
197,gvnp,се ѧ ѡбросимъ и лаврентѣи васильевꙑ дѣтѣ взѧли есмѧ собѣ у федора у макарова дѣсѧть сороковъ бѣл̑ на дѣсѧть лѣтъ да на три лѣта а в тѣхъ кунахъ заложили есмѧ ѿцину свою село земли на лодьми ѡрамꙑе земли и пожи по купнои грамоти по васильеви ѿца своего и путики и тони и дворъ а изоидет ·ӏ҃· лѣтъ да ·г҃· лѣт̑ ино федору свои кунꙑ у ѡбросьѧ и у лаврентѣѧ свои кунꙑ взѧти а земли ѿступитсѧ а грамота ѿдать купнаѧ и закладнаѧ а будет̑ ѡбросим̑ и лаврентѣю не до земли ино имъ у федора на тои земли донѧти на тои земли ·е҃· сороковъ бѣл̑ да два пуза ржи сѣмѧннъи а купнаѧ грамота и имъ федору на ту землю дат а в людеи и имъ кунъ не имати а вꙑкупити и имъ та землѧ своими кунам̑ а на тъ люди иван̑ соц҃кои борисъ левковъ ѡксѣнтѣи пасꙑнокъ иван̑ нетесь ѡмосъ васильевич̑ ерефа ермолинъ в пецат стоѧли и землю завел̑ сами ѡбросимъ и лаврентѣи васильевꙑ дѣт а ѡцищиват̑ та землѧ ѡбросиму и лаврентѣю федору и его дѣтемъ а цто есть на бору колодѧзь солонои а тъи колодѧзь федору и лаврентѣю и ѡбросиму истьцистити да и цѣрѣнъ наставит̑ да пꙑтати варить по досугу а будет̑ в росоли прокъ а имет̑ бꙑти дасть богъ сол̑ ино федору у ѡбросима и у лаврентѣѧ и до сроку своихъ кун̑ взѧти половина ·е҃· сороковъ бѣл̑ а земли половини ступит҃сѧ цистъ безъ брани а половиною земли по запис̑ владѣт̑ федору другою до срока ·ӏ҃· лѣт̑ а на тъ послухи ти же кои в закладнои именꙑ лежать грамоти а пꙑтати цистит̑ и варит̑ и имъ по досугу в тѣ лѣт̑ в десѧт̑ лѣт̑ какъ могѧ,,,
198,gvnp,се купи федоръ макаровъ ѹ семѧна ѹ кузмина сн҃а малои рыбы ловлю ѹ чюболи на левкови води ѹчастькъ его и на казамуси и на стрежни неводную ловлю и торобъную и пожни и хмелники и перевѣсища и становище а купи собѣ одѣрень и своимъ дѣтемъ̑ а далъ на томъ к҃ бѣл̑ да пополонка пузъ невѣничи ржанои а на то послухи иванъ семѧновъ юрька пузыровъ григорьи кузминъ а ѹ печа стоѧлъ сам семѧнъ кузмнъ,,,
199,gvnp,се купилъ федоръ макаровъ у лукииѧна у васильева сн҃а и у его братнихъ дѣтеи у григорьѧ и у селивестра и у ивана у степановꙑхъ дѣтеи село земли на лодми дворъ и дворище горн̑ие земли ѡрамꙑе и луговꙑе земли ѡрамꙑе и пожни и путики и перевѣсѣща и в лѣсехъ в полѣшихъ уцастоко и в тони уцастокъ а далъ на томъ сели федоръ лукиѧну и ѥго братнимъ дѣтемъ григорью и селивестру и ивану двѣнат҃цать сороковъ бѣл̑ да шуба пополонка а купил̑ собѣ и своимъ дѣтемъ ѡдерень а на тъ люди ѡртѣмеи есипович̑ степанъ строка ѡртѣмъ шашановъ а в пецати стоѧли лукиѧне да григореи и у братьи своеи мѣстъ селивестрово и иваново и земли завел̑ а межи тѣмъ землѧмъ и пожнѧмъ и всѣмъ угодьѧмъ по старꙑмъ межамъ цимъ владѣл̑ лукиѧне и его братни дѣт̑ тѣмъ володѣт̑ федору и его дѣтемъ по старини без вꙑвет̑,,,
2,gvnp,блг҃ословлениѥ ѿ влд̑кꙑ покланѧниѥ ѿ посадніка михаила и ѿ тꙑсѧцьскаго кондрата и ѿ всѣго новагорода и ѿ всѣхъ старѣишихъ и ѿ всѣхъ меньшихъ къ кн҃зю ꙗрославѹ на семь кн҃же цѣлѹи хс̑ъ къ всѣмѹ новѹгородѹ на цѣмь то цѣловали дѣди и ѡц҃и и ѡц҃ь твои ꙗрославъ новъгородъ ти дѣржати въ старинѣ по пошлинѣ что волостии всѣхъ новгородьскꙑхъ того ти кн҃же не держати своими мѹжи нъ дьржати мѹжи новгородьскꙑми а даръ имати тобе ѿ техъ волостии а бес посадника тобе волостии не раздавати а комѹ раздаꙗлъ волости братъ твои алеѯандръ илі дмитрии съ новгородци тобе техъ волостии без винꙑ не лишати а что ти кн҃же пошло на торожку и на волоцѣ тивѹнъ свои дьржати на своѥи чѧсти дьржати а новъгородьць на своѥи чѧсти дьржати а въ бежицахъ кн҃же тобе ни твоѥи кнѧгꙑни ни твоимъ боꙗромъ ни твоимъ дворѧномъ селъ не дьржати ни кѹпити ни даромъ приимати и по всеи волости новгородьскои а се кн҃же волости новгородьскꙑѥ волокъ съ всеми волостьми тържькъ бежицѣ городьць палиць а то ѥсме дали иванкови потомъ мелѣчѧ шипино ѥгна вологда заволоцьѥ трѣ перемь печера югра а в рѹсѹ ти кн҃же ѥздити ѡсень а лѣт̑ не ѥздити ѥздити на ѡзвадо звѣри гонитъ а в ладогѹ ти кн҃же слати ѡсетрьникъ и медовара по грамотѣ оц҃ѧ своѥго ꙗрослава а сѹдъ кн҃же ѿдалъ дмитрии съ новгородци бежичѧномъ и ѡбонижаномъ на г҃ лѣт̑ сѹдьѥ не слати а из бежиць кн҃же людии не вꙑводити въ свою землю ни изъ инои волости новгородьскои ни грамотъ имъ даꙗти ни закладниковъ приимати ни кнѧгꙑни твоѥи ни боꙗромъ твоимъ ни дворѧномъ твоимъ ни смерда ни кѹпцинꙑ а без винꙑ ти мѹжа волости не лишити а грамотꙑ ти кн҃же не посѹживати а пожне кн҃же что пошло тобе и твоимъ мѹжемъ то твоѥ а что бꙑлъ ѿꙗлъ брат̑ твои алеѯандръ пожне а то ти кн҃же не надобѣ а что кн҃же братъ твои алеѯандръ дѣꙗлъ насилиѥ на новѣгородѣ а того сѧ кн҃же ѿстѹпи дворѧномъ твоимъ и тивѹнимъ погонъ имати како то пошло а на томъ ти кн҃же на всѣмь хс̑ъ цѣловати бес перевода прі нашихъ послѣхъ а мꙑ ти сѧ гн҃е кн҃же кланѧѥмъ а что кн҃же мꙑтъ по твоѥи земли и по инои волости и по всеи суждальскои земли а то кн҃же имати по ·в҃· векши ѿ лодьѥ и ѿ воза и ѿ лну и ѿ хмелна короба а дворѧномъ твоимъ по селомъ ѹ кѹпцевъ повозовъ не имати разве ратнои вести тако кн҃же гн҃е пошло ѿ дѣдъ и ѿ ѡц҃ь и ѿ твоихъ и ѿ нашихъ и ѿ твоего ѡч҃ѧ ꙗрослава,,,
20,gvnp,а на семъ на всем̑ гн҃е кн҃зь великии борисъ ѡлександрович̑ челуи крт҃ъ ко всем̑ великом̑ нов̑город̑ а старыи гс̑не кн҃зь великии рубеж̑ земли и вод даи промежи тферью и кашиномъ и новгородчкои ѡтц҃инѣ и торжком̑ и бѣжичкым верхом и кн҃зь великии борисъ ѡлександрович̑ дал̑ рубежь земли и вод промежи своєго великог̑ кн҃женьꙗ тфери и кашина и промежи новгорочкои ѡтц҃инѣ и новоторжскои земли и вод и бѣжичкои по великог̑ кн҃зѧ грамот ивана данилович̑ а как̑ почелуеть крт҃ъ кн҃зь великии борисъ ѡлександрович̑ к великом̑ нов̑город а земли и вод дасть старыи рубеж по великог̑ кн҃зѧ грамот ивана данилович̑ ино дати кн҃зю великом̑ борису ѡлександрович̑ своєго боꙗрина сѹд̑єю на рубежь а великом̑ нов̑город дати своєго боꙗрина судєю на рубеж̑ а тым̑ судꙗмъ судти порубежных люди татеи и розбоиниковъ с обѣ половинѣ по хрт҃ному целованью а на кого възговорѧт из новгорочкых волостеи на тферьског татѧ или на розбоиника а възмолъвѧт нѣтъ ино єму и потомъ не быти во тферьскых волостех а будет ино его бес суд выдати по хрт҃ному чєлованью а на ког̑ взговорѧт изо тферьскых волостеи на новгорочкого татѧ или разбоиника а възмолвѧт нѣтъ ино єму и потом̑ не быт̑ в новгорочкых волостех и в новоторжскых а будет ино єго бес суд выдати по хрт҃ному челованью а судьи слати кнзю великом̑ борису ѡлександрович̑ и великом̑ нов̑город на рубеж чересъ годъ а кн҃зю великом̑ борису ѡлександрович̑ и єго брат̑и и єго дѣтєм̑ и его кн҃гини и ихъ боꙗром̑ земли и вод новгород̑чкои и новоторжскои нє купит ни даром̑ не приимати ни закладщиковъ не держат а хто почнет новгородцев̑ или новоторжцовъ во тфери жити или во тферьском̑ кнженьи или в кашини землѧ ихъ к нов̑город а кн҃зю великом̑ борису ѡлександрович̑ то не надоби или хто почнет тферичь жити в нов̑город или в торжку землѧ ихъ кн҃зю великом борису ѡлександрович̑ а нов̑город то нє надоби а имуть чего искати на новгородцєх или на новоторжчех суд с новгородцем̑ в нов̑город а с новоторжцом̑ в торжку или цего имут искати новгородци или новоторжци на тферитинѣ сѹд имъ во тфери а судти с обѣ половинѣ по хрт҃ному чєлованью а посула не взѧт с обѣ половинѣ а в русѣ и в торжс̑ку имаати ѹ тферичь гостинноє по старинѣ а во тфєри ѹ новгородцєвъ и ѹ новоторжцовъ имати гостинноє и мытъ по старинѣ а приведут тферитина с поличним̑ к новгорочком̑ посаднику или к новоторжком̑ судти єго по хрт҃ном̑ чєлованью а посула нє взѧт с обѣ половинѣ а приведут новгородца или новоторжца с поличним на тфери к великом̑ кнзю или къ єго намѣстнику судти єго по хрт҃ному чєлованью а посула не взѧт с обѣ половинѣ а гдѣ ѡрудє почнет ту єго и концат̑ а гостю гостити всѧком̑ с обѣ сторонѣ пѹт чт҃ъ без рубежа а воротъ ти не затворѧт и всѧкꙑи гость пустити в нов̑город а силою ти гостѧ новгородчког̑ и новоторжког̑ во тферь не переимат а черес̑ рубежь ти в новгородчкую волость и в новоторжъскую дворѧнъ и приставовъ не всылат̑ а послом̑ новгорочкым̑ и новгородцемъ и новоторжцемъ ѣздит̑ сквозѣ кн҃зѧ великог̑ ѡц҃ину бориса ѡлександрович̑ пут чт҃ъ бес пакости а холопы и робы и беглеци выдати с обѣ сторонѣ по исправ̑ и по хрт҃ном челованью а на том̑ на всем кн҃зь великии борисъ ѡлександрович̑ чєлуи гн҃е крт҃ъ к великом̑ нов̑город по любви в правду а похоцет кн҃зь великии на тои грамот̑ за то ꙗтисѧ и великии новгород повелѣлъ за то ꙗтисѧ павлу федодорович̑ или ккн҃зь великии борис̑ ѡлександро того не похочечет ино великом̑ нов̑город на павла не помолвити,,,
200,gvnp,се купи иванъ чевакинъ ѹ сасинихъ ѹ єръмолинихъ дитеи ѹ парьфеньꙗ ѹ єрефи ѹ григорьꙗ ѹ ларивона ѹ перьфурьꙗ ѹ васильєва сн҃а в обросима ѹ степана в ꙑванова ѹнука и ѹ филикса тони в великои сѧрьти в половини половину на литнои сторони а другаꙗ половина тои тони за ивановꙑми дитьтьми за ѡврамова за степаномъ и за ивакомъ а далъ иванъ чевакинъ на тои полу половини тони на великои сѧрьти всимъ тимъ сѧбрамъ сасинимъ дѣтемъ полъ четверъта сорока бѣл̑кѣ а туть имъ и пополонокъ а купи собѣ и в викѣ и своимъ братомъ васильємь а на то послухи семень зеновьєвич федоръ макаровъ назарьꙗ ѡндриевич ѹв печати стоꙗлъ парьфинеи єръмолинич и в братьи своєи мисто а в оцищеньи тои тони сами братеники сасини дѣтѣ,,,
201,gvnp,се купи василеи филимонович и євсѣи ѡнаньинъ ѹ федоры ѹ григорьєвы дочери и ѹ єи мужа ѹ федора ѹ федорович̑ сѣло земли на ижьмѣ фофановьскоє ѿчину єꙗ дворъ и дворище ѡрамыи земли и с притеребы и пожни с притѣребы и путики того сѣла и перевесища того села и полѣшии лѣсы и бобровыи ловища и в тонѣ ѹчастокъ ѹ ижемьского кола шестаꙗ часть со всими ѹгодьи гдѣ ни єсть все без вывѣта что федорѣ дали братьꙗ аврамъ и ꙗковъ ѿчину свою ижемьскоє сѣло со всимъ володѣньємъ а далъ василеи филимоновъ и євсѣи ананьинъ на томъ сѣле федорѣ григорьєвѣ дочери и єє мужу федору федорович̑ девѧть сороковъ бѣлъки а пополонка курѧ а купилъ василеи филимоновъ и євсѣи ананьинъ собѣ и своимъ дѣтемъ ѡдерень и в вѣки чимъ володѣлъ григореи васильєвич̑ и єго дочи федора и зѧть єго федоръ федорович̑ тымъ володѣти василью филимонову и євсѣю ѡнаньину ихъ дѣтемъ и в вѣки а будетъ євсѣю не до земли и єго дѣтемъ ино имъ мимо васильꙗ филимонова и єго дѣтеи земли не продавати никомуже ни євсѣєвымъ дѣтемъ мимо васильєвыхъ дѣтеи земли не продовати никомуже ино взѧти євсѣю и єго дѣтемъ свои куны ѹ васильꙗ ѹ филимонова и ѹ єго дѣтеи полъ пѧта сорока бѣлъки а землѧ василью филимонову и єго дѣтемъ ѡдѣрень и в̾ вѣки а на то послухи ꙗковъ васильєвич̑ лука павлович̑ семенъ ѡкуловъ иванъ фоминъ а ѹ печати стоꙗлъ самъ федоръ федорович̑ и в жены своєи мѣсто в̾ федорино и в отводѣ ꙗлъсѧ и в очищеньє самъ федоръ федорович̑ и жена єго федора,,,
202,gvnp,се купи кюприꙗнъ павловъ сн҃ъ ѹ павла ѹ григорьева сн҃а на ижмѣ село земли ѡцину его букаркиньскоє дворъ и дворище и ѡрамыє земли и пожни и притеребы и в сорки перевисища и патриєвъ ѻстровъ ѹсть ижми рѣки колъ рыба ловити и коловаꙗ пожнѧ и путики и в камбалици пожнѧ и лѣшебныє лѣсы и со всѣми ѹгодьи цѣмъ владѣлъ павелъ григорьєвъ сн҃ъ тѣмъ владѣти кюпреꙗну павлову сн҃у а далъ куприꙗнъ павловъ сн҃ъ на всемъ на томъ павлу григорьєву сн҃у девѧть сороковъ бѣлки а пополонка десѧть пузовъ жита сѣменного а купилъ себѣ и своимъ дѣтемъ ѡдерень а на то послухи василеи григорьєвичь тимофѣи ꙗковличь иванъ васильевич̑ а на ѿводъ земли былъ васильи филимоновичь да иванъ федорович̑ да степанъ ѡмосовичь а ѹ печѧти стоѧлъ самъ павелъ григорьєвъ сн҃ъ,,,
203,gvnp,се купи попъ максимъ ӏвонинъ сн҃ъ ѹ нефедьѥвꙑхъ детеӏ ѹ бориса ӏ в ондрѣѧна ӏ ѹ парфѣниѧ ѻц҃ину ӏ дѣдину ӏхъ на лѣтнеӏ сторони ѹ подмошѣчкоӏ тони трѣть рꙑбꙑ ловити семжи ӏ ѹ путикахъ ӏ ѹ ловищахъ трѣть а межа тое тони ѿ рѣчки ѿ лавкоти ѹверьхъ до великого розлога а даша на тоі трѣти тони попъ максимъ борису ·л҃· бѣлъ да ·ӏ· пузовъ жита ѻвцю пополонка а ѻндрѣѧну да парфѣнью ·ѯ҃· бѣлъ а пополонка пузъ ржи семѧноӏ а купи собѣ ӏ своӏмъ детемъ попъ максимъ ѻдѣрѣнь ѻнтону ӏ борису а на то послуси фефилатъ федоровичь степанъ мигалъкинъ ѻлѣксѣӏ ѻбросимовичь братъ ѥго сава михало фѣфилатовичь а ѹ печати вѣлели стоѧти нефѣдьѥвы дети борисъ ӏ ондрѣѧнъ ӏ парфѣнѣӏ ѹ своѥ место фефилату федоровичю сочкому,,,
204,gvnp,се роздилишас̑ по блгс̑внью ѿц҃а своєго максима попъ ꙗков̑ и поп̑ъ ѡнтонъ максимовы дѣти земли и водꙑ попѹ ꙗковѹ досталосѧ пожни в коидокѹрьи и на лѣтнеи сторонѣ ємѹ половина зачепина и лахътѣ а противъ того попу ѡнтонѹ досталосѧ на лѣтнеи сторонѣ рѣка ꙗреньга и на морѣ тонѧ рꙑбꙑ ловити и пожнѣ въ ꙗреньгѣ и ѡзера и лѣсꙑ лѣсовати и всѧкии ѹгодьѧ ловища или соловарноє мѣсто бѹдет и подъ мошкомъ половина тонь или ловища путик̑ и всѧкии ѹгодьѧ под̑ мошомъ противъ ꙗколѣ половинѣ а на то послѹсѣ с ъбѣ половинѣ григорѣи ѡндрѣєвъ микула михаилович̑ цюпрѣѧнъ попович̑ а то роздѣлиша собѣ братеникѣ по жеребью а то имъ дѣлъ ихъ дѣтемъ и в вѣк̑,,,
205,gvnp,се минишас̑ попъ ѡнтон̑ максимовъ сн҃ъ семеном и с максимомъ с кюриловꙑмꙑ дѣтми далъ и полъ пожнѣ свою половину в ламокурьи на ивановъскои ѹскую веретѣю а семенъ и максим̑ далѣ костьковъскои пожнѣ половинѹ противъ тог̑ и ѡрамичю тѹтоже а на то послухи цюпрѣѧнъ попович с обѣ половинѣ да дементѣи юрьєвичь,,,
206,gvnp,се купи вафромеи гаврилович̑ у демки и ѡрти ѡкинѳовыхъ детеи у меншои юры ѿ устьꙗ и до верховьꙗ два жеребьꙗ по ѡбе сторони рѣки полешиѥ лесы и путики и боброви ловища и сеныꙗ наволоки чем̑ володели демка и ѡртѧ по старини вдаша на том пѧт десѧт сороковъ бѣлки да пѧть пузовъ ржи семѧнои пополонка а купи ѡдерень себѣ и своимъ дѣтем а на то мужи ꙗрасим̑ михаилович̑ и тимоѳѣи ѳедорович̑ ивашь кузнецъ да ѳедоръ соцкои а у печѧти стоꙗле демка и в братнѣ мѣсто,,,
207,gvnp,се купи ѻндроникъ в оврама в онтомановица ѹ солъзи ѹчастокъ ѥго ѻц҃ину ѥго и ѹ прибꙑтъчнихъ мѣстехъ ѹчастокъ ѥго ѹ рѣки рꙑба ловити и ѹ стороньнихъ рѣкахъ рꙑба ловити и бобрꙑ бити и ѹ лѣсехъ и в озерехъ ѹчастокъ ѻврамовъ во всемъ а далъ на томъ ѹчастки полъ шеста тьцать бѣлъ курѧ пополнъка а купӏ собѣ и своимъ дѣтемъ ѻдернь а на то послухи микула перфуриѥвиць лукиꙗнъ ѥрмолинъ максимъ сн҃ъ ѥго кондратке,,,
208,gvnp,се кѹпи вахромѣи гаврилович̑ в ънтюши ѹ тютина и ѹ романа ѹ мартынова бол̑шеи юры рѣкы половинѹ ѿ пач̑вьского рѹч̑ꙗ и до верховьꙗ по ѻбе стороны юры рѣкы и с озѣры и с ыстокы и с наволокы и с полѣшими лѣсами и з бобровыми ловищы и с пѹтиками а дал̑ на томъ ·е҃ӏ· сороковъ бѣл̑кы да кѹрѧ пополонка а кѹпи собѣ ꛩдѣрень и своимъ дѣтемъ въ вѣкы а на то послѹхы василеи кѹзминъ семѣнъ григорьєвъ федоръ соцкѣи,,,
209,gvnp,се кѹпи вахромѣи гаврилович̑ ѹ ивана в олѣксѣєва и ѹ єго брата ѹ михаила дрѹгѹю половинѹ юры рѣкы бол̑шеи ѿ пачевьского рѹч̑ѧ до верховьꙗ по ꛩбѣ стороны юры рѣкы и с озѣры и с ыстокы и с наволокы и с полѣшими лѣсами и з бобровыми ловищи и с пѹтиками и даша на томъ ·к҃· сороковъ бѣл̑кы да пополонка пѹзъ жита а кѹпи себѣ ꛩдѣрень и своимъ дѣтемъ въ вѣкы а на то послѹхи иванъ карза федотъ ꙗкимъ єванович̑ ꛩверкѣи поповъ,,,
216,gvnp,се купи игнате ѹ станшѣ ѹ борисъва сына село на лѹкини береги горнеи землѣ семь поль а на юрмоли верхнемъ поли ѹцѧстокъ ѥго и въ дворищи ѹцѧстокъ ѥго и в сосъники ѹцѧстокъ ѥго и ѹ воротъ ѹцѧстокъ ѥго с притеребомъ и на токнои веретии ѹцѧстокъ ѥго и на великои пожнии противъ ꙗгодника ѹцѧстокъ ѥго и на великои пожни противъ двора ѹцѧстокъ ѥго а цто противъ иванова двора пожнѣ на л҃ куць сина а землѣ ѻрамои пѧтери гонѣ а то тои же землии а на великои юрмоли логъ верхнмъ конци его ѹцѧстокъ тои же землѣ а в залывъи два перевесища а то тоии же землѣ а в рицки цетвертаꙗ цѧсть а на писку в тони цетвертаꙗ цѧсть и да игнате на теи землѣ и҃ рублевъ и к҃ сороковъ бѣлкѣ а пополонка за телицю полъ третьꙗ цѧть бѣлъ соби ѻдирнь и своимъ дитемъ а на то послуси ѻлекса микулинъ родивонъ юргевъ грихне даниловъ кюрьꙗкъ василевъ,,,
217,gvnp,Во имѧ ѡц҃а и сн҃а и ст҃го дх҃а се ꙗз рабъ бж҃їи ѳедоръ михаилов̑ ѿходѧ сег̑ свѣта списах рꙋкописан̑е при своем животѣ а приказываю в дѡм ст҃ѣи софїи и гн҃ꙋ прс̑щнномꙋ архїєпс̑кпꙋ великог̑ новагород и псков̑ влдкѣ иѡны землю кꙋплю свою на двинѣ на бобровѣ горѣ а та землѧ чиста по моемꙋ володѣн̑ю в дом̑ ст҃ѣи софїи и в вѣки на памѧт ѡц҃ꙋ моемꙋ и мт҃ри и мнѣ и всемꙋ родꙋ моемꙋ а на то послꙋх ѡц҃ь мои дш҃вныи попъ ѡнтонїи служител̑ ст҃го егорьꙗ а хто се рꙋкописан̑е перестꙋпит̑ сꙋдитсѧ со мною пред бг҃омъ в дн҃ь страшнаг̑ сꙋда,,,
218,gvnp,се дастъ тимѡфѣи єрмѡлинич̑ в дѡмъ ст҃мꙋ сп҃сꙋ и прчс̑тѣи єго мт҃ре ѹспенїѫ ст҃ѣи бц҃и и хс̑вꙋ чѫдѡтвор̾цꙋ николы в ꙋм̾бѣ и в вар̾зꙋгѣ что кꙋпилъ ѹчастокъ ѹ трꙋфана ꙋ микꙋлина зѧтѧ ѹ кꙋральскаго лѡвища и по мѡр̾скомꙋ берегꙋ и полѣшеи лѣсъ котѡрыми водами и полѣшимъ лѣсѡм володѣлъ трꙋфанъ микꙋлинъ зѧть кꙋральскаго тꙋды волѡдѣти игꙋменꙋ и всеи братьи солѡвѣц̾кагѡ манастырѧ и въ вѣкы а дана сѧ грамота лѣт̑ ҂ѕ ц҃ од҃,,,
22,gvnp,по блгс̑внїю пресщ҃наго архїєпс̑кѡпа великѡг̑ новагорода и пьскова влдки єѹфимїа ѿ посадника ноꙋгородскѡг̑ ивана лꙋкинич̑ ѿ тысетског̑ ноꙋгородског̑ василїа пантелѣєвич̑ и ѿ всег̑ великог̑ новагорода се приѣхали послове к великомꙋ кн҃зю василїю василїєвич̑ всеꙗ рꙋси и к великомꙋ кн҃зю иванꙋ василїєвич̑ всеꙗ рꙋси ѿ великог̑ новагорода посадник̑ ноꙋгородскыи григореи данилович̑ посадник̑ ноꙋгородскыи федоръ ꙗковлич̑ посадник̑ ноꙋгородскыи василеи степанович̑ тысѧтскои ноꙋгородскыи ꙗков̾ иванович̑ тысѧтскыи ноꙋгородскыи василеи пантелѣєвич̑ а ѿ житьих ѡфонасъ микꙋлич̑ иван̑ юрїєвич̑ ꙗковъ иванович̑ єремѣи кꙋзмич̑ василеи захарьинич̑ и докончали миръ по крс̑тнымъ грамотам̑ со кнѧземъ с великим̑ с василїемъ с василїевичем̑ и со кн҃земъ великим̑ иваном̑ василїевичем̑ как̑ целовал̑ кнѧз великыи ѡндрѣи и кнѧз великыи иван̑ и кнѧз великыи семен̑ и прадѣд твои кнѧз великыи иван̑ и дѣд твои кнѧз великыи дмитріи и ѡц҃ь твои кнѧз великыи василеи целꙋи гн҃е кнѧз великыи василеи василїевич̑ и кнѧз великыи иван̑ василїєвич̑ по томꙋж крс̑тъ ко всемꙋ великомꙋ ноꙋгородꙋ новъгород держати вам̑ в старинѣ по пошлинѣ без обиды а нам̑ мꙋжем̑ ноꙋгородцем̑ кнѧженїе ваше держати чс̑тно и грозно без обиды а пошлин̑ ваших кн҃зеи великих не таити по целованїю а что волостеи ноꙋгородцких всѣх вам̑ не держати своими мꙋжи держати мꙋжи нѹгородцкими и даръ имати ѿ тѣх волостеи а без посадника вам̑ кн҃зи сꙋда не сꙋдити ни волостеи роздавати ни грамот давати а что вам̑ пошлїна в торжкꙋ и на волоцѣ тиꙋнъ свои держати на своеи части а ноꙋгородцом̑ на своеи части а в бѣжыцах вам̑ кн҃зи великыи ни вашим̑ кнѧгинѧм̑ ни вашим̑ боꙗром̑ ни вашим̑ слꙋгам селъ не держати ни кꙋпити ни даром̑ не приимати по всеи волости ноꙋгородцкои а се вы волостели ноꙋгородцкїє волок̑ со всѣми волостьми торжок̑ бѣжици городець палець шипино мелеца єгна заволоч̑е тирь пермь печера югра вологда а в рꙋсꙋ вам̑ кн҃зи ѣздити на третїю зимꙋ а лѣтѣ ѣздити на взвад звѣри гонити а в ладогꙋ вам̑ слати ѡсетреникы и медовары по старым̑ грамотам̑ по крс̑тным̑ а в ладогꙋ вам̑ кн҃зи ѣздити на третїее лѣто а из бѣжиць вам̑ кн҃зи не выводити людеи в свою волость ни из ыных волостеи ноꙋгородцкых ни грамот давати ни закладнеи не держати ни приимати ни вашим̑ кнѧгинѧм̑ ни вашим̑ боꙗром̑ ни кꙋпчины а без вины вам̑ кн҃зи мꙋжа волости не лишити ни грамот не посꙋжати а пожни кн҃зи ваши и ваших мꙋжеи то ваши и ваших мꙋжеи а что пожни ноꙋгородскыи а то к ноꙋгородꙋ как̑ пошло а дворѧном̑ вашим̑ как̑ пошло погон̑ имати ѿ кн҃зꙗ по пѧти кꙋн̑ а ѿ тиꙋна по двѣ кꙋны а что мыт по суздалскои землѣ в вашеи волости ѿ воза имати по двѣ вѣкши и ѿ лодьи и ѿ хмелна короба и ѡто лнѧна а дворѧном̑ вашим̑ ꙋ кꙋпцов̑ повоза не имати развѣе ратныє вѣсти а слобод и сел кн҃зи великїи състꙋпилисѧ великомꙋ ноꙋгородꙋ на ноꙋгородцкои землѣ сел̑ не ставити а на имоволожском̑ погостѣ кꙋны имати а холоп̑ или роба имет на гс̑дꙋ вадити томꙋ вам̑ вѣры не нѧти ни на низꙋ ноꙋгородца не сꙋдити ни дани роздавати ни приставов̑ вамъ не всылати во всю волость ноꙋгородцкꙋю с низꙋ не всылати а что вамъ кн҃зи великыи гнѣвъ на влдкꙋ и на посадника и на тысецког̑ и на весь новъгород то вам̑ кн҃зи великии нелюбїе ѿложити а хто вам̑ почнет вадити а томꙋ вѣры не нѧти а про послы и про кꙋпци ноꙋгородцкыи тѣх вам̑ не приимати а в нѣмецком̑ дворѣ торговати нашеи брати ноꙋгородцем̑ а двора вам̑ не затворѧти ни приставов̑ не приставливати а на том̑ вамъ кн҃зи великыи крс̑тъ целовати ко всемꙋ великомꙋ ноꙋгородꙋ а гостем̑ гостити без рꙋбежа по цс̑рвѣ грамотѣ а сꙋдеи слати по волостем̑ на петров̑ дн҃ь как̑ пошло а вывода межи сꙋздал̑скои земли и ноꙋгородцкои не чинити а закладнеи вам̑ кн҃зи великыи и вашим̑ кнѧгинѧм̑ ни вашим̑ боꙗром̑ в торжкꙋ не держати ни во всеи волости ноꙋгородцкои а кꙋпець поидет во сто а смердъ потѧнет въ свои потꙋгъ как̑ пошло к ноꙋгородꙋ а на том̑ на всем̑ кнѧз великыи василеи василїєвич̑ и кнѧз великыи иван̑ василїєвич̑ целꙋите крс̑тъ ко всемꙋ великомꙋ ноꙋгородꙋ безо всѧког̑ извѣта такоже и посадник̑ и тысѧцкыи и весь великои новъгород целꙋите крс̑тъ к великомꙋ кн҃зю василїю василїєвич̑ всеꙗ рꙋси и к великомꙋ кн҃зю иванꙋ василиєвич̑ всеꙗ рꙋси по любви в правдꙋ безо всѧкои хитрости,,,
220,gvnp,доложа тиꙋна кн҃жог̑ васильєва васильєвич̑ григорьꙗ тишькова се ꙗз минѧ васильєвъ сн҃ъ кꙋпилъ єсми себѣ землю и своим̑ дѣтемь ѹ никона ꙋ ѳилѣмова сн҃а ꙋ бѣлоꙋсова ѿч҃нꙋ єго а дал̑ єсми ємꙋ на тои земли семънацат̑ сороковь бѣлъкѣ а пополънька пѹз ржы землѧ в лѧлин̑ погости и прикꙋпнꙋю землю дворъ и дворищо ѡрамыє земли и пожни и притеребы и ловища в лѧлинѣ кꙋрьє ꙋчасток̑ рыбы ловити и в тонѧх ѹчастокъ в лѧлинѣ прилꙋкѣ в большем̑ и в меньшем̑ и в хиченискои тонѣ ѹчасток̑ и в хабокꙋрьи ѹчастокъ а тымь землѧм̑ и пожнѧм̑ и тонѧмь межи по старымь межам̑ а восе гд҃не продавець никон̑ пред̑ тобою и тиѹнъ тишковь вспросилъ никона продал̑ ли еси свои ѹчастокъ земли в лѧлинѣ погости и в тонѧх̑ и взѧлъ ли єси на тоє земли зӏ҃ сороковь бѣл̑кѣ а пополънъка пꙋз ржы и никон̑ тако реклъ продалъ єсми гс̑не томꙋ мини свои ѹчастокъ земли в лѧлѣни погостѣ свои ѹчасток̑ ѡч҃ны и прикꙋпноє земли и в тонѧх а взѧл̑ єсми гн҃е у нег̑ зӏ҃ сороковь бѣлькѣ а попол̑нька пѹз ржы а на то послꙋхы василеи григорьєвь соцькои ѡстаѳеи ѡнѹфрѣєвь степанъ ѡмосовь григореи ѳедоровь а докладнꙋю писал дьꙗк ѳетько земьскоє а сию землю кѹпил̑ минѧ на женни кꙋны ѡпришьно ѿц҃а и братьи своєи в лѣт̑ п҃ десѧте маръта ѳ҃,,,
222,gvnp,се дасть нестерь иванович̑ ѹчастокъ ѿчины своєго брата феѡдора иваноча меж̑ дедтми корел̑ским̑ ѹв ѹмьбѣ и в варъзѹгѣ по морьскомѹ берегѹ и по рекам̑ по терьскомѹ наволокѹ землю и водѹ и пожни и лѣшїи лѣсъ и лѣшїи ѡзера и на лоби торговѹю козицѹ в дѡмъ ст҃мѹ сп҃сѹ на соловки в вѣки игѹменѹ феѡдосью сщ҃енником и всѣмъ старцем̑ кѹды владѣлъ феѡдоръ иванович̑ тѹды владѣти игѹменѹ феѡдосью и всѣмь старцем̑ и в̾ вѣки,,,
223,gvnp,се дасть ѹльꙗн̑ петров̑ ѿчинꙋ брата своєго микꙋли в дом̑ ст҃го сп҃са на соловки игꙋменꙋ федосию и сщ҃ннїком̑ и всеи брат̑и в̾ вум̾бѣ рѣкѣ и в вар̾зꙋгѣ рѣкѣ по мор̾скомꙋ берегѹ и по рѣкамъ по терскомѹ наволоку землю и воды и пожни и полѣшеи лѣсъ и лѣшии ѡзера в дом̑ ст҃мѹ сп҃сꙋ на соловки и в̾ вѣки куды владѣлъ микѹла петров̑ своею ѿчиною туды владѣти игуменѹ ѳедосию и сщ҃нником̑ и всѣмъ старцем̑ до лопс̾кого рубежа,,,
224,gvnp,се купи ѥсифь село ѹ брата ѹ своѥго ѹ игната станшиншинескоѥ на лукꙑни береги по игнатови купнои грамоти дернои и то село далъ ѥсипъ ст҃му николи въ вѣкꙑ а игумну оц҃ю моѥму дх҃овному кузми до ѥго живота а хто ѹчнеть ѿимати ѹ ст҃го николи то село сужюсю с нимь передъ бо҃мь,,,
225,gvnp,во имѧ ѡц҃а и сн҃а и ст҃го дх҃а се азъ рабъ би҃и степанъ ѡлфромѣевъ сн҃ъ черноризець скимникъ далъ есмъ в домъ ст҃му николи землю на нальестрови конець паритова ѡзера ѡрамую и дворъ и дворищо и старꙑми грамотами с купнꙑми а межи по старꙑмъ межамъ и еще есмъ придалъ к тои земли ѡч҃ни своеи землю перелогъ межу ѡндрѣевꙑми землѧми ѡлексѣевич̑ надъ паритовꙑмъ ѡзеромъ а межи по старꙑмъ межамъ и еще есмъ придалъ пожню на вильꙗкини кулигу а межи по старꙑмъ межамъ и еще есмъ далъ другую пожню надъ рушеꙗгръ ѡзеромъ и с притеребомъ а межи по старꙑмъ межамъ и рѣпѣща и кривую полосу ѡч҃нꙑ моеи а межи по старꙑмъ межамъ и еще есмъ далъ землю полосу на имѧ сокѣрку а межи по старꙑмъ межамъ а то есмъ далъ ст҃му николи в домъ и в҃ вѣки а на то б҃ъ послухъ ст҃ꙑи никола и ѡц҃ь мои дх҃внꙑи игуменъ макарии ст҃го николи и староста ст҃го николꙑ иванъ семеновъ попъ ꙗковъ ст҃ии трц҃и павелъ попович̑ степанович̑ сидоръ труфанович̑ федоръ ѡкинфович̑ федоръ иванович̑ а грамоту сию писалъ григореи дьꙗкъ ст҃го спс̑а а в печати стоꙗлъ ѡврамъ сн҃ъ степановъ,,,
226,gvnp,во имѧ ѿца и сн҃а и ст҃го дх҃а се азъ иванъ церноризець скимникъ матфѣевич̑ писалъ есми рукописанье своимъ цѣлъмъ умомъ а цто моѧ ѿцина дворъ и дворище и горнии земли ѡрамꙑе и юрмолские земли ѡрамые и пожни и михаилова землѧ на гори и на юрмоли ѡрамꙑе земли и пожни а тѣи земли всѣ даю своему братню сн҃у василью и его дѣтемъ а далъ есми ту землю и дворъ василью и его дѣтемъ ѡдерень и в҃ вѣкѣ а в ту мою землю внуку моему кюрилу не вступатисѧ ни моимъ братнимъ дѣтемъ игнатьевꙑмъ не вступатисѧ в ту землю ни в цт̑ъже а цто ми взѧти у игнатьѧ у моего брата е҃ сороковъ бѣл̑ а в тѣхъ кунахъ заложилъ мнѣ ѕ҃ лоскутовъ земли трофимови ѿцини на низу цто купилъ игнатеи у трофима тои земли половину далъ есми ст҃му николи и в҃ вѣкѣ а будеть игнатьевꙑмъ дѣтемъ до земли а кунꙑ у нихъ будуть свои ини дають кунꙑ ст҃му николи а землѧ имъ а николи е҃ сороковъ бѣл̑ да е҃ бѣл̑ а боле того не виноватъ есми никому ницимъ развѣе бг҃у дш҃ею а на тъ бг҃ъ послухъ да ѿць мои дш҃евнꙑи игумѧнъ юрьи ст҃го николꙑ а хтъ се мое рукописанье преступит̑ сужусѧ с нимъ предъ бг҃мъ в день страшнаго суда а на дш҃и бꙑли люди иванъ степанович̑ нифонтъ марковъ петре ивановъ да всѧ лавра церенцѣ ст҃го никълъ тутъ бꙑли а межи тои земли всеи по роздѣлу по старини,,,
227,gvnp,се купи перхуреи васильевичь ѹ игумена ѹ юрьꙗ у никольского и ѹ всѣхъ церенцевъ ѹ никольскихъ ѹ всего стада село земли на нальѡстровѣ дворъ и дворище ѡрамꙑи земли и пожни и притеребꙑ и ловища что далъ степанъ ѡлъфромѣевъ тии земли в домъ ст҃го николѣ въ вѣки а межи по старꙑмъ межамъ цим владѣлъ степанъ ѡлъфромѣевъ тꙑмъ владѣти перхурью а далъ перхуреи на томъ селѣ на тои земли игумену юрью ст҃го николи и всему стаду церенчамъ ст҃го николѣ пѧть сороковъ бѣлкѣ а пополонка пузъ жита сѣмѧнного а купилъ перхуреи въ вѣки собѣ и своимъ дѣтемъ а на то послухи ꙗковъ селивановичь василеи парфѣевъ григореи васильевъ карпъ кованиковъ а ѹ печати стоꙗлъ иванъ семеновичь староста ст҃го николꙑ,,,
228,gvnp,се купилъ дмитре ѧколь у ильинꙑхъ дѣтеи у семена и у дементѣѧ и у филикса ӏ у федора и у ивана лоскутъ земли ѡрамои на вильютови ѿцину иихъ а межа тои земли со сторони по данилови межи а с верхнего конца по иванови межи да по маковѣеви а с нижнего кънца по семенови межи а межи по старꙑмъ межамъ а далъ дмитре на тои земли ильинꙑмъ дѣтемъ г҃ сороки бѣл̑ да пузъ ржи пополонка а купил̑ собѣ ѡдерен̑ и своимъ дѣтемъ а на то люди михаила фефилатович̑ иванъ степанович̑ фомама микитинич̑ а в пецати стоѧлъ и землю завел̑ дементѣи ильинич̑ и у братьи своеи мѣстъ всихъ братениковъ,,,
229,gvnp,се купилъ родивонъ тимофѣевиць у своего брата у сидора лоскутъ земли на юрмоли ѡрамои ускую вѣрѣтѣю а межа тои земли с верьхнего конца ѿ дурневьскои межи до дмитрушови межи а ѿ рѣкѣ посереди ѡзера межа а з другои сторони межа посереди логу межа а далъ родивонъ сидору на тои земли р҃ бѣл̑ да пузъ жита сѣмѧнного пополонка а купилъ собѣ и своимъ дѣтемъ ѡдерень а на тъ послухи нифонтъ марковъ иванъ степановъ григорьи ѡртѣмовъ есипъ ѡнуфрѣевъ а в пецат̑ стоѧл̑ сидоръ и землю завел̑,,,
230,gvnp,во имѧ ѡц҃а и сн҃а и ст҃го дх҃а се азъ рабъ бе҃и сидоръ пишю рукописаниє при ємъ животѣ своимъ цѣлымъ ꙋмомъ приказываю животъ свои и ѡчьцину свою горную землю и юрмольскую и прикуплю свою горную землю и юрмольскую ї з грамотами а та моꙗ куплѧ чс̑та женѣ своєи настасьи сыновемъ своимь ѡстафью и юрью гдѣ ми что дати или взѧти дати ми ѡлеху поколотову н҃ бѣл̑ дати ми василью дьꙗку ѯ҃ бѣл̑ дати ми мр҃ьи братьни дочери левонтиєви земныхъ кунъ м҃ бѣл̑ дати ми ст҃му петру к҃ бѣл̑ а что єсмь посулилъ надѣлка зѧтю своєму сидору и дочери своєи мр҃ьи заплатилъ есмь имъ н҃ бѣл̑ а дати ми имъ г҃ сороки бѣл̑ки а в томъ треть села в заклади на два году до кунъ на то свѣдѣтели и прикащики захарьꙗ климентиевич̑ родивонъ тифѣєвич̑ єсипъ ѡнуфриєвич̑ а боле того не виноватъ єсмь никому ничимъ развѣє б҃у дш҃ею а на то б҃ъ послухъ и ѡц҃ь мои дш҃вныи попъ ильꙗ служитель стго дмитрѣꙗ а хто се рукописаниє преступить или посудить сужюсѧ с нимъ в дн҃ь страшнаго суда предъ бъ҃мъ,,,
231,gvnp,се купи єсипъ и федоръ ѡнуфрѣєвꙑ дѣтѣ ѹ ѡртема ѹ федорович̑ лоскутъ земли задворнои а межа тои земли до карлаєвьского ѡгородца а по другому концю до ручьꙗ а по сторони межа до лукини земли а з другую сторону до ѡнуфрѣєвичовъ земли и в потполки что с лукою половина да грѧда капуста садити земли а дали єсипъ да федоръ ѡртему на томъ пол четверта сорока бѣлки а пополонка пузъ жита а купили собѣ и своимь дѣтемъ ѡдерень а на то послухи родивонъ тимофеєвич̑ дмитре григорьєвич̑ кирило мелентѣєвич̑ а в печати стоꙗлъ ѡртемъ самъ а ѡчищивати та землѧ ѡртему федорову,,,
232,gvnp,се купи есифъ ѡнуфрѣєвич̑ ѹв устѣна ѹ семенова сн҃а два лоскута земли и старымы грамоты лоскутъ лукинъскои а другои федоровъскои а меж̑ тои землѣ федоровъскои до миколъскои земѣ с верхънего конча а з другѹю сторону до фоминѣ землѣ с рѣчную сторону до згорка а з другого конча до розлогу а другого лоскѹта лукинъскои землѣ до сидоровѣ землѣ с верхъного конча а с кончовъ до семеновицевъ землѣ а да на тои земли л҃ бѣлъ да бѣлка да пузъ ржи пополонка а купи єсифъ ѡдеренъ собѣ и своимъ дѣтемъ а заводѣ былѣ захарьѧ климентѣєвич̑ федоръ ѡнуфрѣєвич̑ сидоръ труфанович̑ а ꙋ печати стоѧлъ в ꙋстѣново мѣсто сидоръ труфанович̑,,,
235,gvnp,се добѣ челомъ еванова жена и еи сн҃ъ и еи деверь ѡбекану курову сн҃у цто взѧти бꙑло куру ·ѳ҃· бѣлъ на еванци и ставъ передъ людми еванцава жена и еи сн҃ъ и еӏ деверь по пословици снохою и со братономъ ѡсташь даша за ѳ҃ белъ ѡбекуку воду ѡдьрнь в сѧрди а мѣжа вꙑшь камени по глубокому руцью а пополонка далъ ѡбеканъ ѡвцю а потомъ не надобе курови и ни куровимъ дѣтемъ ѡбекуну ни его братии искати на еванцеве жени ни на еи сн҃у ни на еи девери на ѡсташи а на то рѧдци и послуси филиксъ прокшиниць братъ его григорьи евша головневъ лаврокъ страшковъ зѧть сменъ немринъ кондратъ евановъ зѧть а псалъ грамоту самула дьꙗкъ,,,
238,gvnp,се купипи григореӏ староста ст҃му николи в домъ у софонтеꙗ у фомина сн҃а у степанови конци лоскутъ земли на два пуза в николини поли а далъ на тои земли двачать бѣл̑ да курѧ пополонка а межа по филипови межи а на то послуххи ѡмосъ григорьевъ да филимонъ ѡврамовъ семенъ трофимъвъ а купилъ ст҃му николи в вѣки а в печати стоѧлъ самъ софонтеи фоминъ сн҃ъ ӏ землю завелъ,,,
239,gvnp,во имѧ ѻтц҃а и сн҃а и стаго дх҃а се ѧзъ рабъ бо҃жи·и ѻртемеи черноризець ѿходѧ сего свѣта пишю рукописанье ст҃ому николѣ и ѻтьц҃ю моему дш҃евному игумену савастьѧну и всему стаду череньцемъ четверть наволока моего участька ѹ ѻстрова вехнего коньца куда моѧ рука ходила ӏ в орамои земли в пожьнѧхъ и въ лѣсѣ и въ водахъ и въ землѧхъ и во всемъ навокѣ четверть моѧ а не ви·новатъ есмъ никому ничѣмъ ни мо землѧ а не восхочеть игуменъ савастьѧнъ тое земли дадуть мои племеньники игумену савастьѧну сорочекъ за сокоѹстъ а ст҃ому николѣ л҃ бѣлъ на темьѧнъ или ченьци восхотѧтъ то же дадуть а на ду҃ши бꙑлъ мелелньте федовъ ананьѧ понамарь сме чернець а рукописанье писалъ отц҃ь мои дш҃енꙑ игуменъ савастьѧнъ а хто се рукописанье почьнеть рудити судитъсѧ со мною пере бо҃гомъ на стшномъ судѣ,,,
240,gvnp,се купи кондратъ ѹ степана ѹ прокшина землю ѻтцину ѥго дворъ и дворище горнеи земли двӏ полѧнъки ӏ притеребъ за ѹлицею д҃ лоскутꙑ на юрмоли земли ӏ ѹ перивисѣщахъ и в тонѧхъ и в ручьѥхъ ѻтцинꙑ ѥго чимь владѣлъ степанъ ӏ далъ степану кондратъ на всемъ томъ г҃ рубли ѻвьцю пополонка а купи собѣ ѻдернь ӏ своӏмь дѣтемь а на то послуси ӏванъ капустинъ федоръ павловъ ӏванъ костковъ сменъ микифоровъ сидоръ борисовъ,,,
241,gvnp,се купи иване федорович̑ ѹ дороши ѹ иванова и ѹ михаили ѹ григорьєва село на ровдини гори горнихъ земель пѧть поль ѹ двора г҃ полѧ а в лѣси в҃ полѧ вꙑсокоє поле да долгаꙗ веретѣꙗ а межа тои земли по сменову межу а з другую сторону по сменову же межу и с притеребꙑ а на нальєѡстровѣ нижнеє поле и пожни в соколовѣ лахтѣ ѡрамꙑи земли и пожни и в сарокоскахъ ѡрамꙑи земли и пожни и с притеребꙑ и рѣпища цимъ ѡц҃и ихъ владѣли иване и григореи и дѣти ихъ дороша и михаила а далъ иване на томъ сели дороши иванову и михаилу григорьєву двачать рублевъ а пополонка сорокъ пузовъ сѣмѧнного жита да двачать пузовъ ржи а купи иване ѡдерень собѣ и своимъ дѣтемъ а на то послухи ѡнтане кузмине климѧта васильеве зѣновеи иванове,,,
242,gvnp,се купи тирунъ ѹ нестера ѹ павлова сн҃а пожню на на нальѥстрови на батьюрмоли в угли подлѣ лꙑву а межа до степановескои пожни а другаꙗ до карпа попа пожни межа а третьꙗ межа до нестерови пожни ѻстрюкова прѧмо на шипицю а шипици на черьмховъи кустъ к лѣсу а да на тои пожни е҃ съроковъ бѣл̑ безъ ӏ҃ бѣл̑ а курѧ пополънка а купи ѻдерьнь себе и своимъ дѣтемъ а буде тируну не до земли ино мимо земца не продати а на то послухꙑ федоръ исаковъ власьи ѻндроновъ дементьи деꙗкъ ст҃го бо҃ꙗвленьꙗ,,,
251,gvnp,се срѧдисѧ рѧдомъ степанъ цюниковъ с онаньею с трофимовꙑмъ что взꙑскалъ степанъ на ѡнаньи ѡц҃ини своеи на нальѡстровѣ земли кривои полоси ѿ рѣкѣ и до ѡзера промежи манꙑловьскими землѧми и на вильꙗкини пожни и на батьюрмоли пожнѧ клинцатаꙗ и ѿступисѧ степанъ ѡнаньи тꙑхъ земель а взѧлъ собѣ степанъ противъ тꙑхъ земель в отмѣну на ровдини гори ѹ своего двора над руцьемъ полѧнка а другии лоскутъ подъ ѡлешникомъ ѿ олуфѣрьеви земли да до манꙑлови цимъ владѣлъ ѡнаньꙗ а владѣтъ ѡнаньи тими землѧми и пожнѧми по старому владѣнью а степану владѣти тими лоскутꙑ по григорьеву владѣнью и по ѡнаньину а о̑цищивати степану своꙗ ѡц҃ина хто иметь наступати а потомъ не надобѣ степану ни его дѣтемъ до ѡнаньи ни до его дѣтеи ни д его половниковъ ѡ тꙑхъ землѧхъ ничтоже ни ѡнаньи не надобѣ ни григорью семеновицю до степана ни до его дѣтеи ѡ тꙑхъ землѧхъ ничтоже а на то рѧдци с обѣ половини ѡлуфереи сергѣевич̑ харитонъ родивонович̑ ѡнцифоръ ѡксѣнтевич̑ ѡндрѣи васильевич̑ микифоръ ѡртѣмьевичь а хто сеи рѧдъ порушить дасть судьѧмъ тꙑсѧцю бѣлки,,,
252,gvnp,се купи петре попъ ѹ трофима ӏ ѹ хорка ӏ ѹ дементиꙗ наволокъ в лѧвлѣ в рѣкѣ межа до мшаринꙑ по ручеӏ гдѣ евша рожь сѣӏвалъ за тотъ ручаӏ попу не надобѣ в нижене конець ӏ с тое же мшаринꙑ ручаӏ ӏдеть в рѣку а далъ петре попъ на тоӏ земли полъ третьꙗ рублѧ да землицю на ѻстровѣ кутець конець ӏхъ пожни ѻвцю пополънъка а купи петре попъ себѣ ӏ своӏмъ дѣтемъ ѻдерень а на то послуси грихне павловъ баӏша ӏванавъ сава еремѣевъ нестеръ сидоръ курило матфѣӏ а грамоту писалъ семенъ ӏгославль сн҃ъ,,,
253,gvnp,ѿ посадника терьнтиꙗ се дахъ ст҃ѣи бц҃и на кнѧжѣѡстровѣ селъ роспопинъ михаиловъ и дворъ и землю ѡромую и пожни и всь слѣдъ михаиловъ а пришло мнѣ то в тадбꙑ а иному не надобѣ никъмужь,,,
254,gvnp,се дасть иванъ михаилович̑ и жона его федотьѧ микити федорович̑ и дочерӏ своеи ѡвдокѣи село земли ѡнашиньское на кургонеми да двое портъ шюбу да чюпрунъ да приданую девку феню а мѣжа тому селу по старымъ мѣжамъ и пожни и с притеребы а на то послухи попъ василеи служитель ст҃го николы иванъ федорович̑ иванъ нетесь ѡнтуфеи филиповъ а ѹ печати стоꙗлъ иванъ михаилович̑ и в жены своеи мѣсто,,,
255,gvnp,се дасть ѡндрѣ михаилович̑ землю и жена єго анна и сн҃ъ ѡфромѣи и дочи его мариѧ в дом ржс̑твѹ прчс̑тѣи и ст҃мѹ николѣ а ѡбодъ тои земли ѿ ѹсть хмелева рѹчьѧ ѿ быковои рѣки по хмелевомѹ рѹчїю вверхъ до пѹти что пѹт идеть ѿ манастырѧ в каковичи что черезь хмелевои рѹч̑и идет пѹт ино ѿ того пѹти черезъ наволокы дрѧнь тысѧча саженъ до грѧниць что ѡндрѣи грѧници проложилъ ино ѿ хмелевого рѹчїа по грѧницам дрѧнь колоднои рѣки и по колоднои рѣки внизъ тысѧча саженъ до ѡвинного ѡзера и черезъ ѡвинное ѡзеро къ ѹсть быковои реки и по быковои реки к середнемѹ ѡзерѹ и черезъ середнее ѡзеро к тои ж быковои рѣкы что сквозѣ хвошевое ѡзеро течет ино по быковои рѣки да верхъ до ѹсть хмелева рѹчиꙗ а что ѡзера в каковьскои ѡч҃инѣ ино старцем волно ловитї неводом и сѣтми по юрїевѣ грамоти и єго дѣтех̑ грамотамъ по захарїеве и по еуфимиевѣ и по ивановым грамотам а еще дасть пожню ѹсть хмелева рѹчїа по юриевым грамотам а что ѹ ѡндрѣꙗ вытѧгалнаѧ грамота и рѧднаѧ с шѹриею своею ино дас ѡндрѣи по вытѧгалнои по рѧднои грамотѣ что рѧднаѧ с щѹриею съ єго съ игꙋменом̑ съ игнатєм и съ братом єго с манѹилою а кто почнет на сю земьлю настѹпат ино сп҃съ на него и прчс̑таѧ и ст҃ыи никола,,,
256,gvnp,во имѧ ѡц҃а и сн҃а и ст҃го дх҃а се азъ рабъ бж҃ии карпъ пишю рукописаньє при своємь животи своимъ цѣлымъ ѹмомъ а чо єсми купилъ село в киницах ѹ микифора ѡнтонова и ѹ его сн҃а в ысака а та моꙗ куплѧ чиста а то село далъ єсмь в домъ ст҃му ильи по своихъ родителехъ и по собѣ и по своєи женѣ а жени моєи марини с того села ѣсти хлѣбъ до єє живота а не ѹсѣдѣтъ жена моꙗ марина в дому моємъ а поиде за мужь ино село в дом ст҃му ильи а ѡцьчина моꙗ братичамъ моимъ а ишьку єго ѹчастокъ безъкуньно а дворъ мои и дворище сн҃у моєму хрестъному филимону сверхъ а микифоровъ дворище и дворъ в дом ст҃му ильи а чо єсми купилъ ѹ савы ѹ пыча лоскутъ земли на великом ѡстрови на д҃ пузы да пожнѧ на нѧри а та моꙗ куплѧ чиста а та землѧ калистови земли ст҃му же ильи взѧти ми ѹ васильꙗ ѹ подриза вӏ҃ бѣл̑ ѹ григорьꙗ ѹ бакова е҃ бѣл̑ ѹ васильꙗ ѹ мишкова е҃ бѣл̑ а жени моєи марини конь да кобыла да двѣ корови да половина ѡвьць а чьто ѡстанки в̾ засѣки ѡбильꙗ жита или ржи или рожь на земли или ѡстанки живота моєго а то жени моєи марини поправите по мнѣ а приказъ приказываю старости лучькому дмитрию ꙗковлич̑ и фатию григорьєвич̑ и тарасу ꙗковличю и всеи луки чюхъченимьскои моєи ѡсподи а на дш҃и сѣдили мои сусѣди стапанъ кожевник̑ фома филѧ галуша сусанинъ а на тъ б҃ъ и послухъ ѡц҃ь мои дш҃евныи игуменъ нестеръ служитель ст҃го николи а хто се рукописаньє престѹпи сужусѧ с нимъ предъ бм҃ъ в дн҃ь страшнаго суда,,,
257,gvnp,въ имѧ ѻц҃а и сн҃а и ст҃го дх҃а се ꙗзъ рабъ бж҃ии матфьи васильѥвич̑ ѿходѧ свѣта сего пишю рукописаниѥ при своѥмь животѣ а даю село ст҃ѣи бц҃и по ѻц҃а своѥго дш҃и и по своѥи дш҃и ѻц҃ину свою дворъ и дворищо горьнии земли и юръмольскии земли и пожни и перевѣсища и поводнища и в лѣсѣхъ ѹчастокъ и в путикехъ цимъ ѻц҃ь мои володѣлъ то далъ ѥсмь ст҃ѣи бц҃и а что на пѣски землѧ моꙗ того же сѣла а та землѧ ст҃ому николѣ а что въ моѥмъ сѣлѣ ѹ половника ѹ моѥго ѹ ѥсипъка м҃ пузовъ житнꙑхъ сѣмѧнъ а тихъ сѣмѧнъ далъ ѥсмь к҃ пузовъ ст҃ѣ бц҃и а другую к҃ пузовъ жита да ӏ҃ пузовъ ржи а то приказоваю мт҃ри своѥи на памѧть ѻц҃ю моѥму и мнѣ а взѧти ми ѹ половника ѹ своѥго ѥсипака ѻсмина жита сѣмѧного да е҃ осминъ жита ѥдѣмого безъ пуза да полъторы осмини ръжы ѹ исака ѹ дѧди моѥго взѧти ми е҃ ѻсминъ жита ѹ юрьꙗ перьхурьѥва сн҃а к҃ бѣл̑ ѹ ѻбросимови жени ѕ҃ бѣл̑ ѹ захарькы ӏ.в҃ бѣл̑ ѹ скреба ӏ҃ бѣл̑ ѹ ѻлехна ӏ҃ бѣл̑ ѹ луцекꙑ в ълехнова ѕӏ҃ бѣл̑ ѹ омоса ѹ сѣльшина ѕӏ҃ бѣл̑ ѹ павлока ѹ олупина д҃ бѣл̑ ѹ дорошки ѳ҃ бѣл̑ а что живота ѻсталосѧ оц҃а моѥго и моѥго ѹ мт҃ри моѥ свита да шюба бораньꙗ да кобꙑла а за ѻцимо·мъ за моимъ за сменомъ ӏ҃ бѣл̑ котельнаꙗ а то ст҃ому сп҃су впись а иноѥ ст҃ому богоꙗвлению ѹ дѧди моѥго исака сѣдло моѥ а ѹ перьхурьꙗ ѹ дѧди моѥго корова а то не виновато ничимъ а что сѣꙗно в сели момѥмь полъ г҃ ѻсмини ржи а с тоѥ ржи ст҃ѣи бц҃и ѕ҃ пузовъ ржи на сѣмѧна а другаꙗ ѕ҃ пузовъ ржи и с полономь а то на памѧть ѻц҃ю моѥму и мнѣ а то приказъваю мт҃ри своѥи а не виноватъ ѥсмь никому развѣѥ б҃у дш҃ю а на то б҃ъ послухъ и оц҃ь мои дш҃вныї попъ власьи ст҃го богоꙗвлениꙗ,,,
264,gvnp,се купи самъсонъ перьхурьєвич̑ ѹ степана ѡньдрѣєвич̑ селоо на ємъчи ѿьчину єго горную земьлю и на маломъ ѡстровѣ ѡрамую земьлю и єзѣща по дворомъ на ємъчи и пожни а межа тои земли ѿтъ нижнеи чюхци до волочка на волочки перевѣсища за волоцкомъ внизъ пожонъки и пабережьє а вьрьхь до верьхнои цюхци и пожонъки и лѣсъ и ловища и путики цимъ володѣлъ степанъ ѡньдрѣєвъ а да самъсонъ перьхурьєвич̑ на томъ е.ӏ҃ сороковъ бѣлькѣ а подеренъка шюбу боранью а купи собѣ и своимъ дѣтемъ и в вѣки а на то послухи с обѣ половини михаило микифоровъ марътънъ поповъ степанъ матьфѣевич̑ федоръ кравьча фефилъ євановъ,,,
278,gvnp,се роздѣлиша промеж себе по любви василеи федорович̑ з брат̑номъ своимъ с васильемъ степанович̑мъ ѡц҃нꙋ свою и дѣдинꙋ землю и села и досташетсѧ василью федорович̑ въ ѿдѣлъ по любви ѿ брат̑на ѿ своего ѿ васильꙗ степанович̑ на поли рѣкѣ в начючкомъ погостѣ и на сомшинѣ а за волоком̑ в раибалѣ болшеи дворъ и нижнаѧ едма по ѡгашкꙋ рѣку а ѿ ѻгашки рѣки по рꙋчьи кои промежи двѣма едмами а вь ꙗропꙋгѣ ивашково село бꙋраково селце и за ѡзеромъ половничкое селце а на тарнѣ федорково село дрꙋгаго федорка лꙋкин̑ село евшиньское село а на рѣчкѣ лепьшиньское село кꙋрѧткова кюпречево село а третьее гдѣ семенко живал̑ ѡпашїн̑ а на заечьи рѣкѣ два села третьее петроково на кокшеньги ѹ ст҃го федора в пꙋстынѣ по ручеи которои течет̑ под манастырь ст҃го федора а ѿ того рꙋчьꙗ внизъ по кокшенгѣ села в хавдиничах села по плоскꙋю лꙋжꙋ в мадовѣси села ѿ почи рѣки до салниковѣ рѣчкѣ а тыи села досташетча василью федорович̑ ѿ брат̑на свое ѿ васильꙗ степанович̑ въ ѿдѣлъ а ловища и пожни и страдомыи земли и лѣсъ а то к тымъ селам по старинѣ ис которого села которыи мѣста дѣлали а в тыи села василью степановицю не въстꙋпатци а против̑ тых селъ досташетца василью степанович̑ землѧ и села ѡц҃на его и дѣдина на ловотѣ в ходынѧхъ села и в соинѣ ѡстровѣ за волоком̑ъ за рѣкою за вагою климово село перевоское село лꙋчкино село на крꙋглом̑ боркꙋ селце а вь ꙗропꙋгѣ михалѧ калоева село сн҃а его степанцево селче ѡндрѣꙗ рыболова село на литвиновѣ горѣ село и верхнѧа едма вахрꙋшово а межа рꙋчьемъ кои рꙋчеи промежи двѣма едмами и на тарнѣ кѹликово село ескино комълова село евсѣиково село телково селце и на рѣчкѣ русаново село нестерково село сидорково село степачево село и на плѣсѣ болшое село что надъ шолошеи и на кокшенги в пꙋстынѣ ѹ ст҃го федора по рꙋчеи которои рꙋчеи под манастырь течет̑ ѿ того рꙋчьꙗ по кокшенгѣ вверхъ села до конѧдернини рѣчкѣ а ѿ плоскои лꙋжи по высокои горѣ села и за ѡмелфои рѣкои до поци рѣки а ѿ салниковѣ рѣчкѣ до ст҃го сп҃са села гдѣ ни есть ѡц҃на наша а ѹ ст҃го сп҃са болшее село да илькиньское село ѡпрочѣ цр҃ковнаг̑ села григорьева а за григорьевым̑ селомъ в наволокѣ села гдѣ ни есть а тых всих селъ пожни и ловища и страдомыи земли и лѣсы а то к тым̑ селамъ по старинѣ ис которого села гдѣ дѣлали а тыи села досташетца василью степанович̑ ѿ дѧди ѿ своего въ ѿдѣлъ а в тыи села василью федорович̑ не въстꙋпатци а на пог̑стѣ ѹ ст҃го сп҃са а то имъ въпцѣ а в раибалѣ ѹ ст҃го борисоглѣба а то имъ вопцѣ на погостѣ а пожнѧ горочкаѧ на быстрои а то имъ по половнам̑ и болото машково и колъ на рогꙋ а то имъ по половинамъ а ѡзера и рѣкѣ за волокомъ а то имъ вопце а #ѣсѣ гдѣ блазнъ живе а то село имъ по половинамъ а сведе бг҃ъ смерть василью федоровꙋ а не бѹде ѿрода или бꙋде не до земли ино емꙋ земли своеи мимо братана своег̑ васильꙗ степанова ни менѧт̑ ни продават̑ ни приказыват̑ а сведе бг҃ъ смрс̑ть василью степановꙋ а не бꙋде ѹ него ѿрода или бꙋде не до земли ино емѹ земли сво мимо дѧди своего василь федорови ни менѧт̑ ни продават̑ ни приказыват̑ а сеи имъ дѣлъ крѣпок̑ и в вѣк̑ а на семъ делꙋ были люди добрыи со ѡбѣ половины василеи иванович̑ иванъ ꙗкимович̑ ѡнтоманъ есипович̑ семенъ матфѣевич̑ а хто сеи дѣлъ порꙋш̑ и ѡнъ дас̑ кн҃зю и влдцѣ дѣсѧть гривенъ золота,,,
28,gvnp,Се ꙗзъ кнѧзь ꙗрославъ володимѣричь сгадавъ с посадникомь с мирошкою и с тꙑсѧцкꙑмь ꙗковомь и съ всѣми новгородьци потвердихомъ мира старого с посломь арбѹдомь и съ всѣми нѣмьцкꙑми сн҃ꙑ и съ гтꙑ и съ всемь латиньскꙑмь ꙗзꙑкомь послалъ ѥсмь посла своѥго григѹ на сеи правдѣ первоѥ ходити новгородцю послѹ и всѧкомѹ новгородцю в миръ в нѣме в нѣмечьскѹ землю и на гъцкъ берегъ такоже ходити нѣмьчьмь и гтѧномъ в новъгородъ безъ пакости не ѡбидимъ никꙑмже аче бѹдеть сѹдъ кнѧзю новгороцкъмѹ новѣгородѣ или нѣмецкъмѹ в нѣмчьхъ а в томь мирѹ ити гостю домовь бес пакости а кого бг҃ъ поставить кнѧзѧ а с тѣмъ мира потвердить любо ли землѧ без мирѹ станеть а ѡже ѹбьють новгородца посла за моремъ или нѣмецкꙑи посолъ новѣгородѣ то за тѹ головѹ ·к҃· грв҃нъ серебра а ѡже ѹбьють кꙋпчинѹ новгородца или нѣмчина кѹпчинѹ новѣгородѣ то за тѹ головѹ ·ӏ҃· грв҃нъ серебра а ѡже мѹжа свѧжють без винꙑ то ·в҃ӏ· грв҃нъ за соромъ старꙑхъ кѹнъ ѡже ѹдарѧть мѹжа ѡрѹжеѥмь любо коломъ то ѕ҃ грв҃нъ за рану старꙑѥ ѡже ѹпьхньть любо мѧтель роздрьть то ·г҃· грв҃нꙑ старꙑѥ ѡже пошибаѥть мꙋжескѹ жену любо дчьрь то кнѧзю ·м҃· грн҃ъ ветхꙑми кꙋнами а женѣ или мѹжьскоѥ дчери ·м҃· грн҃о ветхꙑми кѹнами ѡже съгренеть чюжеѥ женѣ повои с головꙑ или дщьри ꙗвитсѧ простоволоса ·ѕ҃· грн҃ъ старꙑѥ за соромъ ѡже тѧжа родитсѧ бес крови снидутсѧ послуси и русь и нѣмц҃и то вергуть жеребеѥ кому сѧ вꙑимьть ротѣ шедъ свою правду възмѹть ѡже ѥмати скотъ варѧгѹ на рѹсинѣ или русину на варѧзѣ а сѧ ѥго заприть то ·в҃ӏ· мужь послухꙑ идеть ротѣ възметь своѥ ѡже родитсѧ тѧжа в нѣмцехъ новгородцю любо нѣмчинꙋ новѣгородѣ то рубежа не творити на другоѥ лѣт̑ жаловати ѡже не правѧть то кнѧзю ꙗвѧ и людемъ взѧти своѥ ѹ гости ѡже тѧжа родитсѧ в новѣгородѣ ѡже тѧжа родить в ꙑноѥ зѥмли в рускꙑхъ городѣхъ то ѹ тѣхъ своѥ тѧже прашати искати новугороду не надобе а тѧжа на городꙑ а нѣмчинъ свободь и новгороци ѡже придетъ въ своѥи лодьи в нѣмецкои домовь аче самъ не поидьть в неи ѡпѧть мужь дасть кърмьникѹ нѣмчина не сажати в погребъ новѣгородѣ ни новгородца в нѣмцьхъ нъ ѥмати своѥ ѹ виновата ѡже кто робу повержеть насильѥмь а не соромить то за ѡбиду грн҃а пакꙑ ли соромить собѣ свободна ѡже ѹбьють таль или попъ новгороцкоѥ или нѣмецкъѥ новѣгородѣ то ·к҃· грн҃ъ серебра за головѹ,,,
281,gvnp,Се ꙗз̑ иванъ васил̑евич̑ с̾ своею женою євдокѣєю дал̑ єсмь в дом̑ ст҃го ӏѡан̾на бг҃ослова и трех̑ ст҃ль въ свои монастырь во ѡбщину по своих родителех в̾ поминанїе за ѹпокои а за себе и за свою семїю бг҃а молити два села на паденгѣ что ми дал̑ дѧдѧ мои климентеи тимофѣевич̑ игумену серапиѡну и старцем̑ или кто по нем̑ иныи игумен будет и тѣ села вѣдаєт игумен̑ и старци а кунщики мои с тѣхъ селѧн̑ кунъ не берут и иных никакых пошлин̑ ни приказ̑щик̑ мои къ нимъ не въєжжает ни переваръ не піет ни пошлин̑ не ємлет ни биричь ими не нарѧжаєт ѡпроч̑ городног̑ дѣла а вѣдают тѣ селѧне дѣло монастырьскоє а дана грамота въ лѣт ҂ѕ҃ ч҃ ои҃ феврѧл̑ в҃,,,
282,gvnp,се аз исак̑ семенович̑ и моꙗ осподрыни мати офимьꙗ по наказꙋ родителеи своих оц҃а моєг̑ и дѣда дал єсми в мидлешѣ двѣ дѣревни а на пинешкѣ дал̑ єсми три дѣревеньки в дом великом̑ иванꙋ бг҃ословꙋ и трїємъ ст҃ителем васил̑ю великомꙋ григорью бг҃ословꙋ и иванꙋ златѡѹстомꙋ в манастырь игꙋменꙋ и братїє в общинꙋ съ всѣми ѹгодьи куды ходила коса и секыра по старинѣ и в вѣкы да молѧт бг҃а о здравїи гс̑дреи великых кн҃зеи и о нашемъ а ѿшедших свѣта сего поминают за ѹпокои,,,
286,gvnp,се купи посадникъ ѡфоносе есифович̑ ѹ ивана ѹ федорова и ѹ его брата ѹ и васильꙗ и ѹ ѡнкифа в сорокѣ рѣкѣ на морѣ и въ выгѹ два ѹчастка в землѣ и въ въдѣ ловища и пошлинѣ по варишельскои земли по волосовѣ ѹчасткѣ и по скомороховѣ межи куролчи и рувкулчи куды пошло в тои земли и въ въдѣ и да посадникъ ѡфоносе ивану и єго братьи на тыхъ дву ѹчасткахъ два рублѧ въ вѣкѣ собѣ и своимъ дѣтемъ а на то послухи с обѣ половѣнѣ игнатии михаилович̑ грѣгорьꙗ кузминъ максиме кузминъ ѡнаньꙗ волосовъ василии куриловъ самуила кузминъ,,,
287,gvnp,се купи посаднике ѡфоносе єсифович̑ ѹ євана ѹ лускалова и ѹ єго сн҃а ловища на вꙑгѹ ѹв золотца камени и в сорокѣ рѣкѣ и полѣсьє и страдомѣи лѣсъ в тыхъ рѣках̑ межю курольцѣ и ровкулцѣ куды пошло и на морѣ свои ѹчасткѣ и да на том рубль и коробью ржи собѣ и своимъ дѣтемъ и в вѣки а на то послухѣ с обѣ половѣнѣ микула ѡврамович̑ ꙗковъ степанович̑ иване данилович̑ иване федодович̑ брат его василѣи данила павлович̑,,,
29,gvnp,Се азъ кнѧзь ѡлександръ и сн҃ъ мои дмитрии с посадникомь михаилъмь и с тысѧцькꙑмь жирославомь и съ всѣми новгородци докончахомъ миръ с посломь нѣмьцкꙑмь шивордомь и с любьцкꙑмь посломь тидрикомь и с гъцкꙑмь посломь ѡлъстенъмъ и съ всѣмъ латиньскꙑмь ꙗзꙑкомь что сѧ ѹчинило тѧже межи новгороци и межю нѣмци и гтꙑ и со всѣмъ латиньскꙑмь ꙗзꙑкъмь то все ѿложихомъ а миръ докончахъмъ на сеи правдѣ новгороцмъ гостити на гоцкꙑи берегъ бес пакости а нѣмцьмъ и гтъмъ гостити в новъгородъ бес пакости и всемꙋ латиньскомѹ ꙗзꙑкѹ на старꙑи миръ пѹдъ ѿложихомъ а скалви поставихомъ по своѥи воли и по любви а в ратшинѹ тѧжю платили ѥсмꙑ ·к҃· грв̑нъ серебра за двѣ голове а третьюю вꙑдахомъ а нѣмьцмъ и гтъмъ и всемѹ латиньскомѹ ꙗзꙑкѹ платити по двѣ кѹнѣ ѿ капи и ѿ всѧкого вѣснаго товара что кладѹть на скалви и продавше и кѹпивше а старꙑи миръ до котлигнѣ а новгородцьмъ въ становищи на гоцкомъ березѣ бес пакости въ старꙑи миръ а зимнии гость ѡже не поиметь нашего посла ни новгородцьскꙑхъ кѹпець из новагорода или съ гъцького берега а что сѧ ѹчинить ис котлингъ до новагорода или из новагорода до котлингъ немецкъмѹ гости ѡже бес посла поидуть то новѹгородѹ тѧжѧ не надобе въ старꙑи миръ ѡже кто гоститъ в корѣлѹ или нѣмци или гтѧне а что сѧ ѹчинитъ а то новѹгородѹ тѧжѧ не надобе а которꙑхъ треѥ дворць въпросили ваша братьꙗ посли а тѣхъ сѧ ѥсмꙑ ѿстѹпили по своѥи воли а се стараꙗ наша правда и грамота на чемь цѣловали ѡц҃и ваши и наши крс̑тъ а гдѣ сѧ тѧжѧ родить тѹ ю кончати а иноѥ грамотꙑ ѹ насъ нѣтуть ни потаили ѥсмꙑ ни вѣдаѥмъ на томь крс̑тъ цѣлѹѥмъ,,,
290,gvnp,се доби чоломъ микита ивановичь тысѧчкому новгорочкому дмитрею васильевич̑ и срѧдисѧ рѧдом с дмитреєм васильевицом микита иванове что послалъ тысѧчкои дмитреи васильевич̑ своихъ ловцовъ на корѣлскои годъ на свою куплю на выгъ и корѣла тысѧчкого дмитреєвых людеи сгонилѣ и сѣти выкинулѣ корѣла хто в выгу ѹчастки и да микита иванове тысѧчкому дмитрею васильєвич̑ за себе за свою вину рубль а иныхъ ѹчастниковъ свою братью корѣлу вывѣчає а ѹвѣдаєтсѧ тысѧчкои дмитреи васильєвич̑ сь ими по своєи исправѣ а потомъ микитѣ иванову не встуапатсѧ в тысѧчкого дмитреꙗ васильевич̑ куплю по купным грамотам тысѧчкого дмитреꙗ васильєвич̑ а на то рѧдци с обѣ половинѣ єсифъ васильєвич̑ ꙗкимъ ꙗколич̑ лука ѡндрониковъ а хто сии рѧд поруши дасть кн҃зю и влдцѣ гривну золота,,,
291,gvnp,се купи посадникъ новгорочкии дмитрии васильевич̑ ѹ ховрѣ ѹ васильєвѣ дочерѣ ѹ кокуєвѣ а ѹ давꙑдовѣ женѣ ѹ тоивѹтовѣ ѿц҃инѹ єи и дѣдѣнѹ на морѣ на выгѹ и в шюгъ рѣкѣ и в кѣмѣ рѣкѣ и в килбоѡстро̑вѣ и по морьскому берегѹ и поньгама рѣка по ѡбѣ сторонѣ и по лѣшимъ ѡзерамъ єи ѿц҃ина в лѣшеи лопѣ єи ѹцастокъ и в кутоѡзерѣ єи ѿц҃ина и кѣмь рѣка с верховьємь кѹдꙑ володѣлъ ѿц҃ь єи васѣль кокуи и в соловкахъ на морѣ во ѡстровехъ ѿц҃ина єи и в кѹзовех̑ в островахъ кѹдꙑ володѣлъ валь кокуи тѹды володѣть посадникѹ новгородчкому дмитрию васильєвич̑ землею страдомою и водою и полѣшимъ лѣсомъ и лопью и єго дѣтемъ и да посадникъ новгородчкии дмитрии васильєвич̑ на тои земли и на водѣ на всомъ томъ на єи ѿц҃инѣ ховрѣ васильєвѣ дочерѣ полъ четверта рублѧ собѣ в вѣкы и своим дѣтемъ а ѹ печати стоꙗлъ и серебро взѧлъ в ховрино мѣсто мѹжь єи дв҃дъ тоивѣтъ а ховра продала посаднику дмитрию васильєвич̑ ѿц҃ину свою рокольского роду а на то послѹхѣ юрьи костѧнтиновъ ѡлександръ сидоровъ иванъ ѡндрѣєвъ нефедьꙗ микулинъ,,,
296,gvnp,се кѹпи иване и єго братьꙗ денесьꙗ максиме мѣнѹєви дѣти ѹ фалелѣѧ из валдоли ѹ сави ѹ сидора ѹ юрьєвыхъ дѣтеи землю и водѹ на поморьи по морьскимъ рикамъ и по лѣшимъ ѡзерамъ ѡлексиєвъ ѹчастокъ каръгольско а ловити иванѹ и денесьи максимѹ мѣнуєвымъ дѣтемъ в кими рики подъ ѹжмою юнъдою тако володѣти єму инымъ ѡлексиєвымъ ѹчасъткомъ землею и водою и лопъю и празгою межу корѣлою куды всѧ е҃ родовъ володѣю а дасть иване и єго братьꙗ денесьѧ максиме на тои земли на ѡлексиєвы ѹчастки фалелѣю валдольскому и сави и сидору юрьєвымъ дѣтемъ и҃ сороковъ бѣлки да рублъ серебромъ а володѣти ивану и денесьи и максиму мѣнуєвымъ дѣтемъ тою землею тымъ ѡлексиєвымъ ѹчастькомъ до кѹнъ а на то послуси со ѡбѣ половини матфи ивановичь ильꙗ степановъ насоне волосове иване юрьєвε,,,
297,gvnp,сε кꙋпи кирила и его дѣти харитѡн̑ ѳедот степан̑ ѹ макарьи ѿч҃инꙋ промеж вымол̾ци землю и водꙋ и лѣсъ полѣшеи и лопь и землю страдомꙋю и ловища и пожни кѹдѣ володѣлъ макарѣи промеж̑ вымольци и прѡмеж̑ пѧти родѡв̑ тѹды володѣти кирилѣ и єг дѣтемь харитонѹ и ѳедотꙋ и степанѹ в̾ выгꙋ рѣки в золотцѣ ѹчасток̑ и в шꙋи рѣки и в кемѣ рѣкѣ и в кѣлбъѡстровѣ и по всѣмь морьским̑ рѣкамъ до сѡн̑ рѣки и по лѣшимь ѡзерамь и дасть кирила и єг̑ дѣти харитѡн̑ и федот и стεпан̑ на тои земли ѡч҃инѣ макарьинѣ вымолεцкои девѧть рꙋблев̑ собѣ и своим дѣтемь и в вѣки а кто выидεт ѡч҃инникъ тои земли и ѡн̑ дасть ѳ҃ рꙋблев̑ а ѿч҃инои володѣєт,,,
298,gvnp,Сε дасть федосьꙗ харитонова жεна по своєм мꙋжи харитѡнѣ и по своих дѣтех пѡ дεмεнтѣи и по ѳедорѣ и по ильи что кꙋпил̑ кирила и его сн҃ъ харитѡн̑ ѹ макарьи ѿч҃инѹ и дасть ѳедосьꙗ харитѡнова жена ѹчастѡкъ мꙋжа своєг̑ харитѡна тои кѹпли на соловки в дѡм ст҃го сп҃са и ст҃го николы игѹменꙋ ивонѣ и всеи братїи кꙋдѣ володѣлъ харитѡн̑ по тои кꙋплѣ в выгꙋ рѣкѣ ѹ золотча ѹчастѡкъ и в шꙋе рѣки и в кемѣ рѣкѣ и в кѣл̾бъѡстровѣ и по всѣмь морьскимь рѣкамъ до сон̑ рѣки и по лѣшимь ѡзεрамь и лѣсъ полѣшεи и лоп̑ страдомаꙗ землѧ и ловища и пожни тꙋдѣ володѣти игꙋмεнꙋ ивонѣ и всеи братїи и промеж̑ вымолци и пѧти родовъ а кто выиде ѡч҃инникъ тои земли и ѡн̑ дасть три рꙋбли а ѡч҃инои володѣє а кто не вьиде ѡч҃инник̑ тои земли ино в̑ домь ст҃го сп҃са и ст҃го николы и в вѣкы а на то послꙋси со ѡбѣ половинѣ люди добрыи сидоръ староста терентѣи дорофѣєв̑ сидоръ конанѡв̑ ꙗкѡв̑ трꙋфанѡв̑ григорїи петров̑ нестеръ ѳедоров̑,,,
299,gvnp,се дасть микита иванович̑ в домъ бж҃їи ст҃го сп҃са на соловки игѹменѹ иѡнѣ и всѣмъ старцамъ ѡц҃инꙋ свою два ѹчастка ѹ золотца ѹчастокъ свои а дрѹгои карпинъ дѧди своего в домъ бж҃їи ст҃го сп҃са и въ вѣкы а на то люди сторон̾ныи фалелѣи федорович семенъ ильиничь,,,
3,gvnp,блг҃ословлениѥ ѿ влд҃кꙑ поклонъ ѿ посадника павше и ѿ всѣхъ старѣишихъ и от всѣхъ меншихъ и от всего новагорода къ гн҃ѹ кн҃зю ꙗрославѹ на семь кн҃же цѣлѹи хс̑ъ къ всемѹ новѹгородѹ на цѣмь то целовали дѣди и ѡц҃ь твои ꙗрославъ новгородъ ти дѣржати въ старинѣ по пошлинѣ что волостии всехъ новгородьскꙑхъ тѣхъ волостии кн҃же не держати ти своими мѹжи нъ держати мѹжи новгородьскꙑми а даръ кн҃же тобе имати ѿ техъ волостии а бес посадника ти кн҃же сѹда не сѹдити ни волостии раздавати ни грамотъ ти даꙗти а комѹ волости роздаꙗлъ дмитрии съ новгородци и александръ брать твои тѣхъ волостии тобе без винꙑ не лишати а что ти кн҃же пошло на торожкѹ и на волочѣ тивѹнъ свои дьржати на своѥи чѧсти а новгородець на своѥи чѧсти а въ бежичѧхъ тобе кн҃же ни твоѥи кнѧгꙑни ни твоимъ боꙗромъ ни твоимъ слѹгамъ селъ не держати ни кѹпити ни даромъ приимати и по всеи волости новгородьскои а се кн҃же волости новгородьскꙑѥ волокъ съ всеми волостьми торжекъ бежиче городець палиць мелечѧ шипино ѥгна заволочьѥ трѣ перемь печера югра вологда а в рѹсѹ ти кн҃же ѥздити на третиюю зимѹ а лѣт̑ кн҃же ѥздити на ѡзвадо звери гонитъ а в ладогѹ кн҃же слати ѡсетрьникъ и медовара по грамоте ѡц҃а своѥго ꙗрослава а тѹ грамотѹ кн҃же ѿꙗлъ ѥси а та грамота кн҃же дати ти назадъ а в ладогѹ кн҃же ѥздити на третиѥѥ лѣто а из бежиць кн҃же людии нѣ вꙑводити въ свою волость ни изъ инои волости новгородьскои ни грамотъ имъ даꙗти ни закладниковъ приимати ни твоѥи кнѧгꙑни ни боꙗромъ твоимъ ни слѹгамъ твоимъ ни смерда ни кѹпцинꙑ а без винꙑ ти кн҃же мѹжа без винꙑ не лишати волости а грамотъ ти не посѹжати а пожне кн҃же что твоѥ и твоихъ мѹжь пошло то твоѥ и твоихъ мѹжь а что бꙑлъ ѿꙗлъ братъ твои александръ пожне то ти не надобе а что кн҃же грамотꙑ посѹдилъ ѥси ѡц҃а своѥго и брата своѥго а своѥ грамотꙑ подаꙗлъ ѥси на тꙑ грамотꙑ тꙑ грамотꙑ ѿимати а старꙑѥ ѡправливати а что кн҃же братъ твои александръ дѣꙗлъ насилиѥ на новегородѣ того ти сѧ ѿступити а дворѧномъ твоимъ како пошло погонъ имати ѿ кн҃зѧ по ·е҃· кѹнъ а ѿ тивѹна по ·в҃· кѹне а что кн҃же мꙑтъ по сѹждальскои земли и въ твоѥи волости ѿ воза имати по ·в҃· векши и ѿ лодьѥ и ѿ хмѣлна короба и ѿ лнѧна а дворѧномъ твоимъ ѹ кѹпчевъ повозовъ не имати разве ратнои вести а свободъ ти ни мꙑтъ на новгородьскои волости не ставити а на имоволозьскомъ погосте кѹнꙑ ти имати и на важаньскомъ а что ѥси кн҃же ѿимъ ѹ кюрили хотѹниче далъ ѥси попѹ ст҃го михаила а городискꙑмъ попомъ не пошло дани имати на новгородькомъ погосте вдаи ѡпѧть а холопъ или роба почнеть вадити на господѹ томѹ ти вѣрꙑ не ꙗти а на низѹ кн҃же новгородца не сѹдити ни дании ти раздавати а что кънѧже тобе бꙑло гнѣва на посадника и на всь новгородъ то ти кн҃же все нелюбьѥ ѿложити и ѿ мала и ѿ велика не мщати ти ни сѹдомь ничимже а кто почнеть вадити к тобе томѹ ти верꙑ не ꙗти а про послꙑ кн҃же и про кѹпче новгородьскꙑѥ что въ костромѣ и по инꙑмъ городомъ то исправивъ пѹсти въ новъгородъ съ товаромъ а въ немецьскомъ дворѣ тобе торговати нашею братиѥю а двора ти не затварѧти а приставовъ ти не присталивати а про полонъ кто кде заточенъ или чл҃вкъ или конь русьскꙑи и новгородьскꙑи то исправи а село ст҃ои софии исправи къ ст҃ои софии а до влд҃кꙑ ѡч҃а нашего гнѣва ти не держати на томъ гн҃е на всемь крс̑тъ цѣлѹи къ всемѹ новѹгородѹ а гости нашемѹ гостити по сѹждальскои земли безъ рѹбежа по цс̑рвѣ грамоте а судьѥ слати на петровъ дн҃ь тако пошло а вꙑвода ти кн҃же межи сѹждальскою землею и новъмьгородомъ не чинити а что закладниковъ за гюргемь на торожкѹ или за тобою или за кнгꙑнею или за мужи твоими кто купець тотъ въ сто а кто смердъ а тотъ потѧгнеть въ свои погостъ тако пошло новегородѣ ѿпѹстите ихъ проць,,,
30,gvnp,менгу.темерево слово клъ ѧрославу кнѧзю даи путь немецкому гости на свою волость ѿ кнѧзѧ ѧрослава ко рижаномъ и к болшимъ и к молодꙑмъ и кто гоститъ и ко всѣмъ путь вашь чистъ ѥсть по моѥи волости а кто мнѣ ратнꙑи с тимь сѧ самъ вѣдаю а гостю чистъ путь по моѥи волости,,,
300,gvnp,се даша климъ да иванъ михаиловы дѣти из валдолѣ ѡц҃инꙋ ѡц҃а своего в домъ бж҃їи ст҃го сп҃са и ст҃ии бц҃и на соловки игꙋменѹ иѡнѣ и сщ҃нником и всеи братїи в кѣмѣ рѣкѣ промежю валдолеи пол̾ третьи юнды ино по тымъ юндамъ владѣти тою ѡц҃иною климовою да ивановою игꙋменꙋ иѡнѣ и всеи брати в шꙋи рѣкѣ ѹчастокъ и в выгꙋ рѣкѣ и в золотца ѹчастокъ и по всѣмъ рѣкамъ морскымъ и на лопѣ землю и водѹ и полѣшии лѣсъ и пожни и ловища а по томꙋ владѣти игꙋменꙋ иѡнѣ или хто бꙋдеть по немъ ино игѹменъ и всеи братьи и въ вѣкы тою ѡц҃иною а на то послꙋси съ #бѣ сторонѣ старець семенъ строка с двины фалелѣи ѳедоровичь семенъ ильиничь,,,
301,gvnp,се дасть семенъ климовъ ѡц҃инѹ свою в домъ бж҃їи ст҃мѹ сп҃сѹ игꙋменѹ ивонѣ и сщ҃н̾никамъ и всеи братїи в̾ выгꙋ ѹ золотца ѹчѧстокъ и полѣшии лѣсъ в шꙋи рѣкѣ ѹчѧстокъ и в кѣми рѣкѣ ѹчастокъ и до соны рѣкѣ по берегꙋ землю и водꙋ и полѣшїи лѣсъ промежи пѧти родовъ и въ вѣкы ст҃мꙋ сп҃сꙋ игꙋменꙋ ивонѣ и всеи братїи а на то люди сторонныи семенъ григорьєвич̑ дементїи киприѧнович̑,,,
302,gvnp,се кѹпи сергїи соловечкои старець ѹ фомы ѹ максимова ѹ мѣнѹєва ѡц҃инѹ ѡц҃а єго промежю корѣлои пѧти родовъ в̾ выгꙋ ѹ золотца ѹчѧстокъ и в шѹи рѣкѣ и в кѣмѣ рѣкѣ ѹчастокъ и по морскомꙋ берεгꙋ и по морьскым рѣкамъ до сонъ рѣкѣ землю и водꙋ и пожни и ловища и полѣшїи лѣсъ кꙋды володѣлъ ѳома максимовъ мѣнꙋєвъ тꙋды володѣти игꙋменꙋ ивонѣ и всѣмъ старцам ст҃го сп҃са соловечкого манастырѧ и в вѣкы а дасть сергїи старець на тои земли и водѣ фомѣ максимовꙋ шесть десѧтъ бѣлъ а на то люди добрыи ѡлфереи семеновъ василеи макарьєвъ фотѣи тꙋрбасовъ,,,
303,gvnp,се кꙋпи макарїа старець соловечкои ѹ григорїѧ ѹ давыдова промежю пѧти родовъ корѣльскых дѣтеи ѡц҃инꙋ его землю и водѹ и пожни и ловища и полѣшии лѣсъ в̾ выгѹ ѹ золотца ѹчѧстокъ в шѹи рѣкѣ ѹчѧстокъ и в кѣмѣ рѣкѣ под ѹжмою ѹчѧстокъ по морскомꙋ берегѹ до сонъ рѣкѣ кѹды володѣлъ григореи давьдовъ тꙋды володѣти игѹменѹ ивонѣ и сщ҃никам и всѣмъ старцамъ ст҃го сп҃са соловечкого манастырѧ и въ вѣкы а дасть макарїѧ старець на тои земли и водѣ григорїи давыдовꙋ н҃ бѣлъ а на то люди добрыи ꙗковъ скотник̑ марфинъ степанъ ѡлексинъ захарьѧ шараповъ,,,
304,gvnp,се порѹчисѧ макарїѧ старець соловечкои по ѡлфѹи по корѣлѧнинѣ сменꙋ кꙋзнецꙋ в треи сороках бѣлкы а срокъ тымъ кꙋнам заговенье а кон̾чеє петровъ дн҃ь а в тых кꙋнах заложишѧ ѡлфꙋи юрьєвъ ѡц҃инѹ свою корѣльско.и земли промежꙋ пѧтью родъ корѣльскых дѣтеи старцю макарью соловечкомꙋ в золотцѣ и в̾ выгꙋ два ѹчѧстка земли и воды и полѣшего лѣсꙋ в̾ шꙋи рѣкѣ ѹчѧстокъ в земли и в водѣ и в пожнѧх в кѣмѣ два ѹчѧстка в̾ земли и в̾ воде и в пожнѧх и полѣшии лѣсъ кꙋди ѡлѳꙋи володѣлъ промежю пѧтью роды корѣльскыхъ дѣтеи а на то послꙋхи фома бѹрковъ ѡнисимъ борковъ,,,
305,gvnp,се да мосии федорович и жена єго наталиѧ и дѣтѣ єго в домъ ст҃го спс̑са и ст҃го николы свои ѹчастокъ в рѣкѣ вирми в деревнѣ свои ѹчастокъ землю страдомꙋю и лѣсъ полѣшѣи и пожни ї ловища а в шизни вочомъ ловить с того сола а таѧ землѧ и ѹчастокъ пожни и ловища и лѣсъ полѣшѣи в домъ стго спас̑ и ст҃го николы игꙋмѧнꙋ ивонѣ и вс̑имъ старцам по сеї данои грамо̑тѣ и вѣкы,,,
307,gvnp,се ꙗзъ марфа исака ѡндрѣεвичѧ жена и сн҃ъ мои фεдоръ исаков̑ дали εсмѧ в дом ст҃мꙋ сп҃сꙋ и прчс̑тѣи его мт҃ри и ст҃го николы на соловки игꙋмεнꙋ иѻнѣ и старцамъ на морѣ в сꙋмѣ рѣки ꙋ чѧсовни два лѹка зεмли гдѣ парфѣико да пεршица живꙋть ино тои дεрεвни зεмли страдомыи и пожни и лѣсъ полѣшεи и ловища водныε и лѣшεи ѡзεра тыи два лꙋка в домъ ст҃го сп҃са и прчс̑тыѧ єг̑ мт҃рε и ст҃го николы по сεи данои моεи грамотѣ володѣти игꙋмεнꙋ и старцам и в вѣки а поминати им̑ мꙋжа моεг̑ исака и родитεлεи моих да и дѣтεи моихъ а ставити имъ ѡбѣдъ на дмитрѣεвъ дн҃ь,,,
317,gvnp,се купил̑ игумен̑ федосии соловечкаг̑ манастырѧ и свщ҃еннїкѣ и братьꙗ ꙋ филикса ѹ конанова сн҃а ѹ костиєва ѡчцин̑у в кильбъѡстровѣ и в лотошковѣ ѡстровѣ два ꙋчастка ѡ·̑ча єго конана и дѧдѣ єго ивана гаровнїи миста и водечныи тонѣ куды ловѣл̑ ѡ·̑ць єго конанъ и дѧдѧ єго иван̑ и дано на тои ѡч҃цинї четырѣ коробьи ржи да сирмѧг̑ да пѧтокъ конопли а на то люди добрыи с обѣ половѣнї єрасимъ аврамович̑ и власеи ѡлексиєвич̑ ѡфромии павлов̑ матвии потафьєвъ а приложиш печат̑ к сеи грамот̑ с филиксовѣ половїни єрасимъ аврамович̑ а с̑ соловечкои половїнѣ ѡфромии павлович̑,,,
318,gvnp,се дасть ѡнчифоръ єсиповъ сн҃ъ в дѡм̑ ст҃го сп҃са и ст҃ѣи бц҃и ѡспеннїꙗ и игꙋменꙋ ѳеѡдосїю и сщ҃нникамъ и всеи братїи живꙋщимъ в дѡмꙋ бж҃ии ст҃го сп҃са и ст҃ѣи бц҃и на соловках ѿцини своєи половинꙋ в корѣлѣ межи пѧти рѡдѡв̑ вымолцѡвъ и ѹ золотьтцѧ ѹчастѡк̑ и в шꙋи рѣкѣ и в кемѣ рѣкѣ и в карѣлѣ и по всим̑ рѣкамъ морьскымъ полѣшии лѣсъ и водꙋ и ловища дворъ и с хѡромы и страдомаꙗ землѧ и пожни кꙋды володѣлъ ѡнчифоръ єсипѡвъ сн҃ъ своєю ѡциною половиною а тꙋды володѣти тою ѡциною ѡнчифоровою игꙋменꙋ феѡдосїю ст҃го сп҃са и ст҃ѣи бц҃ї илї хто по нем̑ иныи игꙋменъ бꙋдет ѹ ст҃го сп҃са и ст҃ѣи бц҃и на соловках и сс̑щннїкѡм̑ и всеи братїи живꙋщим̑ в дѡмꙋ бж҃їи ст҃го сп҃са и ст҃ѣи бц҃и и в вѣки а на то послꙋх печат домꙋ бж҃иї ст҃ѣи соѳїи и архиєпк҃па влдки ѳеѡфила,,,
319,gvnp,сε далъ матвѣи ильинъ в домъ сп҃са преѡбражениꙗ гс̑нѧ и в домъ прчс̑тѣи ѹспεнию и в домъ стго николы на соловькы игѹмεнѹ и сщником и всεи братии промежѹ пѧтию роды корѣльскими дѣтьми в валъдѣискомъ родѹ отчинѹ оленѣ оравановѣ дочεрѣ єи ѹчастокъ промεжу корильскими дѣтми и зεмли и воды и полѣшеи лѣсъ и ловища и пожни или єи ꙋчастокъ на лопи промεжи корильскими дѣтми,,,
320,gvnp,во имѧ ѡц҃а и сн҃а и ст҃го дх҃а се ꙗз рабъ бж҃їи григорїи гавриловичь кѧкшѧ ѿходѧ сего свѣта пишѹ рѹкописанїє при своємъ животѣ своимъ цѣлымъ ѹмомъ что ѹ мене ѡц҃ина была в̾ выгꙋ ѹчастокъ ѹ золотьца ино та ѡц҃ина моѧ в домъ ст҃го сп҃са и ст҃ѣи бц҃и ѹспенїю на соловки а на то послѹх ѡц҃ь мои дх҃овны игꙋменъ феѡдосїи слꙋжитель ст҃го николы в̾ шꙋи,,,
321,gvnp,се кѹпи павле да ивашь да борисъ кѹпилѣ єсмѧ ѹ бориса ѹ калтоєва землю и во́дѹ и лопь хо́дити и празгѹ имати ѹчастокъ парандоєвъ кѹды володѣлъ парандоє туды володѣти павлѹ и и́вашю и борисѹ а дали єсмѧ на то̀и землѣ и водѣ и лопи полъ шеста сорока бѣл̑ а кѹпилѣ есмѧ тѹ̀ землю до кѹнъ а на то послѹси терентїи староста вачюи пен̾цине ивашь колижемьскои,,,
322,gvnp,се купи иване ѡбакунове ѹ юрьꙗ ѹ каргуєва землю и воду и лѣсъ полѣшии на вꙑгу полѣсовати д҃.ма чл҃вко̑мъ ловити д҃.ма чл҃вко̑мъ корѣльи годъ на вꙑгу а в боꙗрьскы год̑ чл҃вко̑мъ в корѣльскои части в золотцѣ в шии рѣкѣ селище своє и воду в кєми рѣкѣ ловиль д҃.ма чл҃вкмъ под ѹжьма гарвамы ловити и вонгѣ рѣкѣ полѣсовати д҃.ма чл҃вко̑мъ и ловити вонги рѣкѣ и по всим рѣкамъ до кирицкои межи и по лишим ѡзерамъ до каꙗньского рубежа и на дѣкои лопѣ до тирьского наволока торговати ивану и празга єму ємати и межю наволоча роду на пѧтыи год ѕ҃ часть межю корѣлои и на лѣшеи лопѣ ѹчастке куды володѣле юрьи каргуєве и дасть иване на тои земли и водѣ пѧть рублевъ собѣ и в вѣкы и своимъ дѣтемъ а на то послухъ дѣмьꙗнъ ꙗколь гаврила борковъ сасиль староста гыгозерьскыи микифоре грѣгоєве а ѹ печати стоꙗлъ во юрьєво мѣсто ѡфоносе куншине,,,
324,gvnp,се розделишасѧ василь з братомъ своимъ с маковеѧмъ животъ и ѿч·̑ину ѡц҃а своєго прокофьи по половинамъ и досташас̑ василю г҃ села земли июдино седеньє да созоново седеньє да михалкино седеньє а маковею досташас̑ противъ того г҃ села земли василево седеньє да єлизарово седеньє да ѡнаньино седеньє и положисѧ попремежи себѧ межю роскладнѹю из роскладнои межи из олшѧга да ѹ веросовинѹ изь веросовине да в сѹхыи дѹбъ на рѹчьи из дѹба да въ єль изь єли посеродъ василева репища да в дѹбъ в огорелеи из дѹба дрѧн в мостища из мостища дрѧнь на валища да во твеку реку а тои делъ имъ водерень а на т люд сидорѧ да харитоне,,,
326,gvnp,се взѧлъ богданъ єрмолинъ ѹв устиньи ѹ тысѧчкого жени ѹ васильєвѣ десять рублевъ денгамы взаимꙑ а заложилъ богданъ ѹстѣньи в тыхъ десѧти рублѧхъ ѡц҃ину свою землю на ѡнигѣ ѡзерѣ в унаскꙑхъ ѡстровахъ и в селахъ и пожнѧхъ и в ловищахъ и в матеромъ берегу в унасскомъ землю и полѣшии лѣсъ и пожни и лѡвища и грамоту купную тои земли а володѣти ѹстѣньи и єи дѣтемъ тꙑмꙑ селы вунаскꙑми и полѣшимꙑ лѣсꙑ и пожнѧми и ловищамꙑ богдановою половиною всею бєз вꙑвѣта на своє серебро на десѧть рубловъ за накладѣ докуль богдане єрмолине десѧть рубловъ ѿдастъ ѹстѣньи тысѧчкогѡ женѣ васильєве а на семъ заимѣ были люди добрѣи со ѡбѣ половинѣ степанѣ фомине степане ѡстафьине матфѣи єрмолине мосѣи фиклистове павле домантове,,,
328,gvnp,во имѧ оц҃а и сн҃а и ст҃го дх҃а сε ꙗз рабъ бж҃ии григорїи иванович̑ ѿходѧ сεг̑ свѣта списах̑ рꙋкописанїε при своєм животѣ приказываю оч҃инꙋ свою землю и водꙋ в дом ст҃го сп҃са на соловки в корѣлскои зεмлѣ в жоравьи̑ рѣкѣ против̑ цр҃кви сεло и пожни и ловища оч҃инꙋ ѡц҃а моєг̑ ивана ортεмьина и на морѣ в корѣлѣ мεжꙋ пѧти родѡв̑ и в выгꙋ рѣкѣ в золотцѣ ꙋчасток и в шꙋи рѣкѣ ꙋчасток̑ и в кѣмѣ рѣкѣ ꙋчасток̑ и в килбо҃островѣ и по морскомꙋ бεрεгꙋ и землѧ и вода и лѣсъ полѣшїи ї пожни и ловища и на лопѣ мεжꙋ пѧтїа роды кꙋды ходѧ корѣлскїи дѣти а нε виноват єсмь никомꙋ ничим развѣ б҃ꙋ дш҃εю а на то б҃ъ послꙋх и ѿц҃ь мои дх҃овныи попъ ѳеѡдосїи слꙋжител̑ ст҃го сп҃са а хто сїε рꙋкописанїε пεрεстꙋпит сꙋжꙋсѧ с нимъ прεд б҃мь,,,
34,gvnp,ѿ великого кнѧзѧ анъдрѣꙗ ѿ посадника смена ѿ тꙑсѧчкого машка ѿ всего новагорода се приѥха иванъ бѣлꙑи изъ любка адамъ съ гочкого берега инчѧ ѻлчѧть из ригꙑ ѿ своѥи братии ѿ всѣхъ купѣчь своихъ латиньского ꙗзꙑка и дахомъ имъ ·г҃· пѹти горнии по своѥи волости а четвертꙑи в рѣчкахъ гости ѥхати бесъ пакости на божии ручѣ и на кнѧжи и на всего новагорода ѻже бѹдеть не чистъ пѹть в рѣчкахъ кнѧзь велить своимъ мѹжемъ проводити сии гость а вѣсть имъ пъдати,,,
35,gvnp,ѿ великогъ кн҃зѧ андрѣꙗ ѿ влд҃кꙑ блгс̑ниѥ ѿ посадника андрѣꙗ ѿ тꙑсѧчьского ѿ всего новагоръда ко кърольвꙑмо мѹжьмо в колꙑвань что ѥсте присꙑлали послꙑ ко кн҃зю и ко всемѹ новѹгоръдѹ с любовию и с ласкою кн҃зь великꙑи послалъ к вамо своѥго сн҃а а вашего племника володимира а ѿ новагоръда кѹзма и илиꙗ с любовию же и с ласкою что имѹть молвити посълѻ великогъ кн҃зѧ и новгоръдескꙑи томѹ верѹ имить пословѣ нашими ѹстꙑ молвѧте к вамъ,,,
36,gvnp,блг҃влниѥ ѿ влд҃кꙑ феклиста и ѿ посадника и ѿ тꙑсѧцьского и ѿ всего новагорода и ѿ всѣхъ купьць къ пс̑пѹ к рижьскому игьрлаку и к ламбрату и къ всѣмъ ратманомъ и къ всѣмъ рижаномъ что избили братию нашю ѹ васъ и товаръ поимали за то вамъ б҃ъ помози аже ѥсте розбоиниковъ изꙑскали по хрс̑ьному челованию правду держите братеи нашеи товаръ даите и розбоиникꙑ атъ не будеть промежи насъ рѣци а кто привезлъ грамоту сию тому вѣрꙑ имите,,,
4,gvnp,поклонъ ѿ кнѧзѧ ѿ михаила къ ѡтьцю ко влд҃цѣ то ти ѿьче повѣдаю съ братомь своимь съ старѣишимь съ даниломь ѡдинъ есмь и съ иваномь а дѣти твои посадникъ и тꙑсѧцьскꙑи и весь новъгородъ на томь цѣловали ко мнѣ крс̑тъ аже будеть тѧгота мнѣ ѿ андрѣѧ или ѿ татарина или ѿ иного кого вамъ потѧнути со мною а не ѿступити вꙑ сѧ мене ни въ котороеже веремѧ а чего будеть искати мнѣ и моимъ боѧромъ и моимъ слугамъ у новъгородьцевъ и у новоторъжьцевъ и у волочанъ а тому всему судъ дати безъ перевода а холопꙑ и долъжникꙑ и поручникꙑ вꙑдавати по исправѣ а кто будеть закладень позоровалъ ко мнѣ а жива въ новъгородьскои волости тѣхъ всѣхъ ѿступилъсѧ есмь новугороду а кто будеть давнꙑхъ людии въ торъжьку и въ волоцѣ а позоровалъ ко тфѣри при ѡлександрѣ и при ѧрославѣ тѣмъ тако и сѣдѣти а позоровати имъ ко мнѣ а што будеть моихъ селъ в новъгородьскои волости или моихъ слугъ тому буди судъ безъ перевода,,,
44,gvnp,ѿ великого кн҃зѧ намѣстъника ѡндрѣѧ ѿ посадника ивана ѿ тꙑсѧцкого ѡлисѣѧ и ѿ всего новагорода к посадникамъ к любьцкимъ и к ратманамъ и ко всимъ лубцанамъ буди вамъ свѣдомо братьи нашеи побито на морѣ ·в҃ӏ· чл҃вка въ #днои лодьи и тꙑи товаръ розбоиники привезлѣ к вамъ в любокъ а в тои лодьи бꙑла немцинова боцка федора церного и ту боцку ѥсте далѣ федору своѥму брату а нашеи брат̑и товаръ за вами такоже брат̑ нашь сидоръ бꙑлъ въ стоколмѣ посольствомъ с тꙑми погꙑблꙑми людми которꙑхъ племѧ на морѣ побито игнате с готкого берега своими складники и с ратманꙑ стоколомъскꙑми ѿимѧ товаръ силно и послалѣ к вамъ в любокъ торговать и вꙑ то ѹслꙑшавъ аже ѹ нашеи брат̑и товаръ ѿималъ игнатъ силно и вꙑ тои товаръ ѿималѣ и нꙑнѣ тако вамъ повѣстуѥмь по хрс̑тьному челованью ѿдаите тои товаръ погꙑблꙑмъ людемь о бꙑ сѧ просто не ѹцинилосѧ занеже тꙑхъ погꙑблꙑхъ людеи боле дву сотъ чл҃вкъ в томъ товарѣ сели не ѹцините исправѣ в тѣи срокъ по хрс̑тьному целованью вамъ ти на себе жѧлоба,,,
45,gvnp,ѿ архиѥпс̑па новгородьского влд̑кꙑ ѻлексѣꙗ ѿ посадника юргѧ ѿ тꙑсѧчкого матфѣꙗ ѿ всего новагорода ѻ тои жалобѣ что ѹ насъ бꙑлѣ на любцѧнѣ и на годьцкѣ бережанѣ что взѧлѣ ѹ насъ товаръ передъ невою розбоиникꙑ тои товаръ творилѣ ѥсмѧ въ ихъ городѣхъ тако и тꙑи товаръ что ѹ стеколмѣ взѧлѣ такоже ѥсмѧ творилѣ во ихъ городѣхъ в любкѣ да ѹ гочкого берега то ѥсмѧ с ними доконцѧлѣ с ними правдою какъ ми и наши с тꙑхъ ѥсмѧ спустилѣ на зень чс̑то ни в котороѥ веремѧ не поминать то ѥсмѧ доконцѧлѣ с посломъ съ ꙗковомъ и съ иваномъ из любка да съ григорьѥю да съ иваномъ из гоцкого берега на томь ꙗковъ да иванъ из любка да григорѣи да иванъ из гоцкого берега хрс̑тъ цѣловалѣ про тꙑи товаръ безъ хꙑтрости,,,
46,gvnp,се приѣха иванъ нибуръ изь любька посольствомъ иньча вландерь и федоръ куръ из гоцького берега и заморьѧ из риги тилька нибрюгѣ изь юрьѥва ѥремѣи кѣглерь и винька клинъкродъ ис колꙑванѧ григорьѧ вить и ѿ всихъ купьцовъ заморьскꙑхъ и се сторонѣ поморьѧ к посаднику тимофѣю юрьѥвич̑ и тꙑсѧцькому микитѣ фдорович̑ ко всему великому нову.городу а постуѥте тако намъ с вами ѡпришьнии миръ взѧлѣ ѥсте у нашихъ купьчовъ товаръ в новѣгородѣ у юрьѥвьцъвъ и у нꙑхъ городовъ и на сомъ поморьи и на ѡпаснои грамотѣ что ѥсте к намъ прислалѣ за посадницею печ̑тью васильѧ иванович̑ и тꙑсѧцького григорьи иванович̑ и посаднике и тꙑцькии и весь гд҃нъ великѣи новъгородъ смотрѣвъ в грамотѣ в старѣи в заморьскѣи в хрестьнѣи и в ъпасъ свои зандо новугороду и заморьци с нѣмѣчькими купьци миръ ѡпришьнии и грамотѣ ѡпришьнии тѣ товаръ что в ругодивѣ порубилѣ и противъ того товара полѣле новъ.городъ взѧти товаръ своѥи братьи и посаднике и тꙑсѧцькии и весь гд҃нъ велики новъ.городъ повелѣша товаръ дати своѥи братьи и федору и михаилѣ и василью и тереньтѣю и смену и сидору ильинꙑмъ дѣтемь ивану нибуру инѣцѣ вландерь и федору куру из гоцького берега заморьскому послу и тильку из риги и юрьѥвьскому ѥремѣю и внькѣ ис колꙑванѧ григорью вѣдатисѧ имъ самꙑ с тꙑмꙑ истци своими купьци чѣи товаръ тѣи товаръ что в ругодивѣ порублене у новгороцькихъ купьцовъ у федора и у михаилѣ и васильѧ и у теньтѣѧ и у ихъ друговъ а то новъгородъ увѣдаѥтсѧ с ругодивъци кто у ихъ товаръ поимале а что грамота ѡпаснаѧ за посадницею пецатью васильѧ иванович̑ и тꙑсѧцького григории ивановица а то ѥсме ѿдалѣ новугороду а цто ѡ другои грамотѣ новъгородъ говорить котораѧ за ѡлексѣѥвои влд҃цнею пецатью и за посадницею за васильѥвои федорович̑ и за тꙑсѧцького бъ҃.дана ѡбакуновица а та грамота ивану и ѥго другамъ вꙑдати или не знаидуть не поминати то грамотѣ ѡпаснои ни въ вѣкꙑ а потомъ нѣмѣцкимъ купьцамъ заморьскꙑмъ и на сомъ поморьи ничто не надобѣ ни поминати до новгороцькихъ купьцовъ до федора и до михаилѣ и до васильѧ и до тереньтѣѧ и до смена и до сидора и до ильинꙑхъ дѣтеи и до ихъ друговъ и племени в томъ товарѣ ни вкъ а цто буде сопналосѧ купьцю с купьцомъ с обѣ половинѣ или посемъ сопенетсѧ а то знати исцю исца исправа имъ дати по хрестному целованию на ѡбѣ половинѣ по старому доконьцанию что иванъ нибуръ любьцькꙑи повѣстовалѣ и ѥго дружина иньца и федоръ куръ заморьскии посолъ и на сомъ поморьи и тилька из риги и ѥремѣи и винька изь юрьѥва ис колꙑванѧ григорьѧ ѡ своѥи бжьницѣ то дворъ ихъ погоорѣле и что у ихъ бжьницѣ пакость уцинилась аже гдѣ изнаидуть то изгибелѣ или тать или товаре что ни наидуть а то великому новугороду ѡбꙑскати и дати справа на томъ томъ товарѣ и на татеи по хрестнму целованию безо всѧкои хитрости а нѣмьцомъ взѧти бес пенѣ или не будеть в томъ новугороду нѣтъ измѣнѣ а такоѥжь ивану нибуру изь любька иньцѣ вландерь и федору куру и нѣмѣцькимъ посломъ скати что побилѣ розбоиникѣ на невѣ матьфѣѥва сн҃а и ѥго друговъ и товаръ ѿималѣ аже наидуть что того товара вꙑдати нѣмчемъ новугороду по хрестному целованию или не наидуть в томъ нѣмъцамъ измѣнѣ нѣтуть а пенѧ гдѣ зацьньтьсѧ ту ѥѧ коньцати а се котороѥ ѡрудьѥ завѧжетсѧ ѡ въ #бидѣ промежи велкого новагорода свѣскѣмъ короломъ или съ велневицами или с пискупомъ риськимъ или с пискупомъ юрьѥвьскимъ или с пискупомъ ѡстровьскимъ или с ругодивьци или розбоиникѣ на морѣ а то купьцамъ не надобѣ а купьцамъ нѣмѣцькꙑмъ путь чс̑тъ сквозѣ новгороцькую волость горою и водою в новъгородъ приѣхати и ѿѣхати бес пакости а новгороцькимъ путъ чс̑тъ на гоцькѣи берегъ по пискуплѣ землѣ юрьѥвьского и по ѥго городамъ горою и водою путь цс̑тъ во юрьѥво приѣхати и ѿѣхати бес пакости а купьцамъ торговати по старꙑнѣ с обѣ половинѣ а ч̑то под̑ пискуплимъ городомъ колода цересъ рѣку за замькомъ а тудꙑ новгороцькому купьцю путь цс̑тъ а на томъ дѣлѣ ѡ всѧкомъ дѣлѣ котороѥ попереду псано посадникъ тимофѣи юрьѥвич̑ и тꙑсѧч̑кꙑи микита федорович̑ на томъ крс̑тъ человалѣ за весь новъ.городъ како то держати по старꙑнѣ в хресноѥ целованиѥ безо всѧкои хитрости такоже послꙑ заморьскѣ изь любка иванъ нибуръ из гоцького берега иньца вландерь и федоръ куръ из ригꙑ тилька нибрюгѣ изь юрьѥва ѥремѣи кѣглерь и винька клинъкродъ ис колꙑванꙗ григорьѧ витъ крс̑тъ целовалѣ по сому доконьцанию и по старому крс̑тму целованию держати безо всѧкои хитрости,,,
5,gvnp,на семь кнѧзь михаило цѣлуи крс̑тъ къ посаднику и къ тꙑсѧцьскому и ко всему новугороду кдѣ будеть ѡбида новугороду тобѣ потѧнути за новъгородъ съ братомь своимь съ даниломь и съ мужи съ новъгородьци а межю тфѣрью и новагорода розъѣздъ по давнои пошлинѣ а кто будеть закладень позоровалъ к тобѣ а жива в новъгородьскои волости тѣхъ ти сѧ всѣхъ ѿступити новугороду а кто будеть давнꙑхъ людии в торъжьку и въ волоцѣ а позоровалъ ко тфѣри при ѡлександрѣ и при ѧрославѣ тѣмъ тако и сѣдѣти а позоровати имъ к тобѣ а холопꙑ и долъжникꙑ и поручникꙑ кому не будеть суда тѣхъ вꙑдаваю безъ суда а кто речеть судъ а тому судъ а што пошлинꙑ городьскꙑи во тфѣри и въ новѣгородѣ и в торъжьку и въ волоцѣ а то по давнои пошлинѣ,,,
50,gvnp,блгс̑вньѥ ѿ ар҃хиѥпп҃а новгородчког̑ влд̑чѣ ивана ѿ посадник ивана ѡлєксандрович̑ ѿ тꙑсѧчког̑ васильꙗ ѥсифович̑ ѿ всєг̑ вєликог̑ новагород̑ къ посадникам калꙑваньскимъ и к ратманамъ и ко всимъ колꙑванчамъ буди вамъ вѣдомо здѣсє мꙑ с нѣмчи в розмирьи свѣѥю и вꙑ наши сусѣдѣ к нимъ бꙑ ѥстє не приставалѣ а по нихъ не пособлѧлѣ а к намъ бꙑ ѥстє вѣсти слалѣ а тꙑмъ бꙑ ѥстє намъ издружилѣ а коли вашє слово придеть к намъ и мꙑ такожє хотимъ вамъ дружити сусѣдамъ своимъ а гостю бꙑ нашєму по вашєи земли путь бꙑ бꙑлъ чс̑тъ а ѿ лихивꙑ людѣи на пути пакости имъ не бꙑло а мꙑ вашєму гостю такожє здѣсє далѣ путь кудꙑ и пєрєжє сєго не бꙑвало а вамъ дружа своиимъ сусѣдамъ а мꙑ вамъ ѡ томъ слово добро повѣстуѥмъ а гостю брат̑и вашеи хто поѣдеть в векии новъгород̑ и вꙑ имъ вєлитє ѣхати новгород̑чкимъ путемъ а на пъсковъ пути имъ нѣть или хто поѣдєт̑ на пъсковъ ѣхати имъ взадъ а на себе имъ жалоба занже того дѣлѧ вамъ повѣстуѥмъ что бꙑ вашемъ гостю пакости не бꙑло к посадникам̑ коливанъским̑ и к ратманам̑ и ко всим̑ колꙑванчам̑,,,
53,gvnp,ѿ посадника новгорочкого ивана олександровича ѿ тꙑсѧчкого ѡлександра игнатьѥвича и всего воликого новагорода к местерю к рискому сдѣсе намъ наша братьꙗ много жаловалѣсѧ игнатовѣ дѣти и лентѣѥвѣ дѣти и фоминѣ дѣти и родивоновѣ на кондрата на колꙑваньского посадника и на ѥремѣѥвꙑхъ дѣтеи что взѧти имъ на нихъ четꙑри ста рублевъ по жеребью и по ѹтѧгалнои грамотѣ что ѹтѧгалѣ кондрата наша братьꙗ пред нашими судьꙗми а пред вашими послꙑ заморьскими и рискими и мꙑ нонѣча приказахомъ к вамъ ѻ томъ послу своѥму труфону ѻнъчифорову и тꙑ чс̑тнꙑи местерь ими вѣру нашимъ судьꙗмъ по крс̑тному челованью такоже и мꙑ имемъ вѣру вашимъ судьꙗмъ коли судѧть нашу братью по крс̑тному челованью и тꙑ чс̑тнꙑи добрꙑи местерь что бꙑ ѥси повелѣлъ кондратовꙑмъ внучатамъ колꙑваньского посадника корту и инцѣ и складникам ихъ дати нашеи братьи четꙑри ста рублевъ чс̑то а ѹ сего миру докончаниꙗ бꙑлъ иване из любка федоре и инча с гочкого берегу тилька из риги ѥремѣи винка изъ юрьѥва григорьꙗ ис колꙑванѧ коли вашѣ послꙑ в новѣгородѣ на миру крс̑тъ человалѣ а се ѻрудьѥ бꙑло вашимъ посламъ въ вꙑвѣтѣ и тꙑ д̑обрꙑи местерь по крс̑тьному челованью чо бꙑ ѥси имъ велѣлъ дати нашеи братьи четꙑри ста рублевъ по жеребью и по ѹтѧгалнои грамотѣ а только не ѿдадуть нашеи братьи того серебра и мꙑ и мꙑ имъ велимъ взѧти ту четꙑри ста рублевъ на вашеи братьи на купчехъ,,,
56,gvnp,ѿ посадника ивана ѡлександрович̑ ѿ тꙑсѧчкого онаньи костѧнтинович̑ и ѿ всего великого нова.города кумендерю и к посадникамъ и к ратманамъ колꙑванскимъ что вашь брат̑ нѣмчинъ иванъ мѧсо прислалъ грамоту къ своимъ должникамъ а к нашєи брат̑ к федору и кь єсифу а хотѣлъ сѧ имъ платити и созвавъ брат̑ю нашю новгородчевъ ивана кочєрина и матфѣꙗ микулина макарью ѡксентѣꙗ ꙗнка григорью и казалъ имъ ѹ себє товаръ облакану и золото а тꙑмъ хотѣлъ ѿлазити брат̑ю нашю а своихъ должниковъ фєдора и ѥсифа и нашеи брат̑и должникъ иванъ мѧсо приѣхалъ в колꙑвань по ихъ опасу и нашь братъ ѥсифъ приѣхалъ в колꙑвань а с новгорочкою грамотою к вамъ и къ своєму должнику и должникъ брат̑и нашєи ѹ васъ и вꙑ должника ивана мѧса нашєму брат̑ єсифу нє поставили и должник̑ за вами и товаръ брат̑и нашеи за вами и нꙑнь даитє исправу по крс̑тму чѣлованью или не дадитє исправѣ и намъ вєлѣти своєи брат̑и взѧти на вашихъ дѣтєхъ свои товаръ в новѣ.город̑ а то слово нє в ꙑзмѣну,,,
57,gvnp,ѿ архиѥпп҃а новгород̑ского влд̑ци семе семена к посадникамъ к рискꙑмъ к ратманамъ и къ всимъ добрꙑмъ люд̑мъ здѣсе мнѣ билъ целомъ новгородечь наш̑ ѡлександръ труфановъ сн҃ъ а жалуѥтсѧ на вашу братью на инчу зашємььбаку и на ѥго брат̑ на ѡртѣмью на местерева толка взѧл̑ ѹ труфана бѣлку ѹв александрова ѡц҃а инца з брат̑мъ съ ѡртѣмьѥи с местеревꙑмъ толкомъ а взѧти бꙑло труфану ѹв ꙑнчи и ѹ ѥго брат̑ ѹв ортѣмьи ѹ местерева тѹку ·н҃· рублевъ и вꙑ люд̑ добрꙑи даите исправу по крс̑тьному целованью нашем̑ новгородчу ѡлександру труфанову а моѥ слово приимит̑ а коли прид̑ ваше слово ко мнѣ и ꙗзъ ваше слово прииму а послалъ ѥсми су грамот̑ к вам̑ съ ѻлексѣѥмъ с поповичемъ,,,
58,gvnp,ѻт посадника новгороцгого ѻлександра игнатьевица и ѻ тꙑсѧцгого новгороцкого кузми тереньтиевица и ѻт всего великого новагорода посадникамъ рискимъ и к ратманомъ и ко всимъ людемъ добрꙑмъ здѣсе намъ билъ целомъ олександре труфановъ сн҃ъ а жалуетсѧ на вашу братью на иньцю зашемъбѧку и на его брата на ортимью на местерева толка взѧл у труфана бѣлку у олександ̑рова отц҃а иньца з братомъ а взѧт труфану у иньци з братомъ с ортимьею ·н҃· руб и вꙑ люди добриѣ даите исправу по кресному целованью олксандру труфанову сн҃у а послали есмѧ к вамъ сю грамоту съ ѻлексѣѥмъ с поповичем̑ а живите здорово,,,
6,gvnp,блг҃ословлениѥ ѿ влд҃кꙑ поклонъ ѿ посадника гюргѧ и ѿ тꙑсѧчкого и ѿ всѣхъ старѣишихъ и ѿ всѣхъ мьншихъ и ѿ всего новагорода гс̑нѹ кн҃зю михаилѹ на семь кн҃же цѣлѹи хрьстъ къ всемѹ новѹгородѹ на чемь цѣловали дѣди и ѡц҃ь твои ꙗрославъ новгородъ ти дьржати въ старинѣ по пошлинѣ что волостии новгородьскꙑхъ тѣхъ волостии кн҃же не дьржати ти своими мѹжи дьржати мѹжи новгородьскꙑми а даръ кн҃же тобѣ ѥмати ѿ тѣхъ волостии а бес посадника ти кн҃же сѹда не сѹдити ни волостии роздавати ни грамотъ даꙗти а без винꙑ мѹжа волости не лишити ти а что ти кн҃же пошло на тържькѹ и на волоцѣ тивѹнъ свои дьржати на своѥи части а новгородца на своѥи части а въ бѣжичахъ тобѣ кн҃же ни твоѥи кнѧгꙑни ни твоимъ боꙗромъ ни твоимъ слѹгамъ селъ не дьржати ни кѹпити ни даромъ приимати и по всеи волости новгородьскои а се кн҃же волости новгородьскꙑꙗ волокъ съ всѣми волостьми тържькъ бѣжицѣ городьць палиць мелеча шипино ѥгна заволочиѥ тьрѣ пьрмь печера югра волъгда а свинье бити за ѯ҃· вьрстъ ѿ города а в рѹсѹ ти кн҃же ѥздити на третьюю зимѹ а лѣтѣ ѥздити на ѡзвадъ звѣри гонитъ а в ладогѹ ти кн҃же слати ѡсетрьника и медовара по грамотѣ дѣда твоѥго ꙗрослава а ѥздити тобѣ кнѧже въ ладогѹ на третиѥѥ лѣто а из бѣжиць кн҃же людии не вꙑводити въ свою волость ни из ꙑнои волости новгородьскои ни грамотъ имъ даꙗти ни закладниковъ приимати ни твоѥи кнѧгꙑни ни боꙗромъ твоимъ ни слѹгамъ твоимъ ни смѣрда ни кѹпцинꙑ а грамотъ ти не посѹжати а пожнѣ что твои и твоихъ мѹжь пошло то твоѥ и твоихъ мѹжь а новгородьскоѥ новѹгородѹ а дворѧномъ твоимъ како пошло погонъ ѥмати ѿ кнѧзѧ по ·е҃· кѹнъ а ѿ тиѹна по ·в҃· кѹнѣ а что кн҃же мꙑтъ по сѹждальскои земли и въ твоѥи волости ѿ воза имати по ·в҃· вѣкшѣ и ѿ лодьѥ и ѿ хмелна короба и ѿ льнѧна а дворѧномъ твоимъ ѹ кѹпьць повозовъ не ѥмати развѣ ратнои вѣсти а свободъ ти ни мꙑтъ на новгородьскои волости не ставити а холопъ или роба почнеть вадити на господѹ томѹ ти вѣрꙑ не ꙗти а на низѹ тобѣ кн҃же новгородца не сѹдити ни волостии роздавати а кто почнеть вадити к тобѣ томѹ ти вѣрꙑ не ꙗти а въ нѣмѣчкомъ дворѣ тобѣ кн҃же търговати нашею брат̑ею а двора не затварѧти а приставовъ не приставливати а гости нашемѹ гостити по сѹждальскои земли безъ рѹбежа по цс̑рвѣ грамотѣ а сѹдьѥ слати тобѣ своѥ на петровъ дн҃ь тако пошло а вꙑвода ти кн҃же межю сѹждальскою землею и новгородьскою не чинити а что закладниковъ въ търъжкѹ или инде или за тобою или за кнѧгꙑнею или за мѹжи твоими кто кѹпьць поидеть въ своѥ сто а смѣрдъ поидеть въ свои погостъ тако пошло в новѣгородѣ ѿпѹсти ихъ прочь а за волокъ ти своѥго мѹжа не слати слати новгородца а тобѣ серебро ѥмати а гнѣва ти кнѧже до новагорода не дьржати ни до ѡдиного чл҃вка а рѧдѹ въ новгородьскои волости тобѣ кн҃же и твоимъ сѹдиꙗмъ не посѹжати а самосѹда не замꙑшлѧти а старостѣ ни холопа ни робꙑ безъ га҃рѧ твоимъ сѹдиꙗмъ не сѹдити а за рѹбежь из новгородьскои волости твоимъ дворѧномъ сѹда не водити ни сѹдити а свободъ ти и селъ състѹпитисѧ а про землю и про села кто ѹ кого бѹдеть кѹпилъ знаѥть своѥго истьца про кѹнꙑ а землѧ къ ст҃ои софии,,,
63,gvnp,и многих̑ руских̑ земль докончал̑ єсми # #по богосп҃саєма великого новагорода и с посадником̑ #ичом̑ со всим̑ великим̑ новым̑городом̑ а приѣхали ѿ # #чь григореи захарьинич̑ с тыми єсми миръ кончал̑ а што или смолнѧнинъ или с ынѣх̑ с наших̑ руских̑ земль тым̑ в новѣгороде безъ пакости по старинѣ а торгова# товаром̑ торговати имъ с новогород̑ци в немецком̑ дворѣ #ти без пакости по всеи литовскои земли а мнѣ кн҃зю #єго литвина такоже и новогород̑цом̑ блюсти литвина #игаилу на новоторъж̑скомъ пути и на всих̑ путех̑ во #о никакогож̑ хто поѣдеть в новъгород̑ или из нова# #го с товаром̑ без пакости или новогород̑ци литви# #ъ свои взѧти аже ѹзгоном̑ во блазну возмуть волости чл҃вку к воєводѣ рекъ право своє взѧти измѣна а с насъ правда доловь такоже ново# #хавъ право рекъ своє взѧти или черес̑ то село межи собою намъ будучи в любви захо# разбоиника не стоѧти ни мнѣ ни вамъ новогород̑скому в литвѣ тамо єму и ко #ли ѹчинитсѧ пенѧ в новѣгороде полоча# великог̑ кнѧженьѧ кончати в новѣгороде #городу с литвою по старому рубежу з# #ѧт#ох̑ взѧти мнѣ кн҃зю великому #ти мнѣ кн҃зю великому рубль а тиву# полтора рубли да #ть куниць а петровщины рубль в мореве сорок̑ а в осенине полъ рублѧ а #не д# перевары а медъ по силе а на лопа# бѣлки а слугам̑ трем̑ по бѣлце а на луках̑ на #му тивуну по новогород̑скои волости не #ници да по две бѣле а за петровщину перевары мед̑ по силе сытити а тивуну #ть чл҃вка а по чернокунцом̑ також̑ # пѧтинадцѧть чл҃вка и што иноє литвѣ ни на дѣмѧни ни на снѣ ни на полонове #уны #то а кончалъ ѧзъ кн҃зь великии швитрикгаило миръ # великим̑ новым̑городом̑ и с пригороды и со всею волостью новогородскою по сеи грамоте аже ѹ#ѧ нелюбовь мнѣ кн҃зю великому швитрикгаилу до великого новагорода или новугороду # до великог̑ кн҃зѧ швитрикгаила или будеть миръ нелюбъ сославсѧ и грамоты ѡтославъ а после грамот̑ мѣсѧць не воєватисѧ а как# изоидеть тоже сѧ воєвати а на семь на всем̑ ѧзъ кн҃зь великии швитрикгаило крс̑тъ целовалъ такоже и послове новогород̑скии борис̑ юрьєвичь а ѿ житьих̑ людеи иван̑ єрмолинич̑ григореи захарьинич̑ крс̑тъ целовали ѡто всего великог̑ новагорода по любви ѹ правду безо всѧкого извѣта а литовским̑ послом̑ по новогород̑скои волости подвод̑ не имати а новгород̑скимъ #ъ по литовскои волости подвод̑ не имати а псан̑ ѹ вилни в лѣт̑ шестьтисѧчноє девѧтисотоє и тридцат̑ ѳ҃е индикта ѳ҃ генварѧ ке҃,,,
65,gvnp,Блгс̑влениє прс҃щннаго архиєпс̑кпа великог̑ новагород и пскова влдки єуѳимїа к милымъ сусѣдом нашим к посадником рискымъ И к ратманомъ и к добрымъ людем послалъ єсмь к вам слугу своєго петра мастера дѣлѧ колоколного И вы сусѣдѣ наши посадникѣ и ратманѣ и вси добрыи люди насъ дѣлѧ мастера доброго колоколног̑ к намъ пришлите а тымъ издружите нам̑ а ваше слово к намъ приидет и мы противъ вамъ рад̑ издружити и ѿприꙗти а мастеру какъ вы даєте ѿ дѣла и мы по том же пѣнѧзѣ дадимъ а живите здорово а псан̑ сѧ грамот мс̑ца марта въ ·ѕӏ҃· дн҃ь,,,
69,gvnp,ѿ посад̑ника великог̑ новагород̑ федора данилович̑ и ѿ тꙑсѧцког̑ великог̑ новагород̑ ивана лукинич̑ и ѿ всег̑ великог̑ новагород̑ с вѣца съ ꙗрослалѧ двора къ посадникам колꙑваньским̑ и к ратманам̑ колꙑваским здѣсе нам жаловалъсѧ брат̑ нашь кузма ларивонович̑ на вашег̑ брат̑ на ивана на амъбура цто взѧл̑ ваш̑ брат̑ иванъ ѹ кузмѣ ѹ ларивонович̑ товаръ на ругодивѣ соболи и троинич̑ и камъки а на том товарѣ взѧти кузмѣ ларивонович̑ ѹ вашег̑ брат̑ ѹ ивана ѹ амъбура десѧть ластовъ молодог̑ ·д·ӏ҃· ластꙑ жит̑ ·г҃· пунъдꙑ пшенич̑ а тои торговли другии год̑ и наш̑ брать кузма ларивонович̑ к ивану къ к амъбуру слал̑ своег̑ чл҃вка на колꙑвань слал̑ и лодьи понаимовъ по записнои грамот̑ что бꙑло ивану амъбуру дать товаръ в первꙑи лодьи кузмину чл҃вку по своеи грамот̑ ї то вашь брат̑ иванъ амъбуръ товара кузмину чл҃вку не дал̑ а и грамоту взѧл̑ ѹ кузмина чл҃вка и вꙑ бꙑ посадникѣ колꙑваньскѣи и ратьманѣ колꙑваньскѣи далѣ ѹправу ѡртѣмьи ларивович̑ в кузмино мѣсто с ꙑваном со амъбуром̑ по хрс̑тному челованью а вꙑ нашѣ сусѣдѣ живите здорово,,,
7,gvnp,блг҃ословлениѥ ѿ влд҃кꙑ поклонъ ѿ посадника геѡргиꙗ и ѿ тꙑсѧчкого андрѣꙗна и ѿ всѣхъ старѣишихъ и ѿ всѣхъ мьншихъ и ѿ всего новагорода гс̑нѹ кнѧзю михаилѹ ꙗрославицю на семь ти кнѧже хрс̑тъ цѣловати къ всемѹ новѹгородѹ на чемь цѣловали пьрвии кнѧзи и дѣдъ твои и ѡтьць твои новгородъ ти дьржати по пошлинѣ како дьржалъ дѣдъ твои и ѡц҃ь твои грамотъ ти не посѹжати а мѹжа ти без винꙑ волости не лишити а бес посадника ти волостии не раздавати ни сѹда ти сѹдити ни грамотъ давати а волостии ти кнѧже новгородьскꙑхъ своими мѹжи не дьржати дьржати ти мѹжи новгородьскꙑми а даръ тобѣ ѿ тѣхъ волостии ѥмати а се волости новгородьскꙑꙗ волокъ съ всѣми волостьми а дьржати ти свои тиѹнъ на половинѣ а новгородьць на половинѣ въ всеи вости волочкои а на търъжкѹ ти кнѧже дьржати свои тиѹнъ на своѥи части а новгородьць на своѥи части а се волости новгородьскꙑꙗ бѣжицѣ городьць мелеча шипино ѥгна волъгда заволочиѥ голопьрьмь тьрѣ пьрьмь печера югра а тꙑ волости дьржати ти мѹжи новгородьскꙑми а свиньѥ бити ти кнѧже за ·ѯ҃· вьрстъ ѡколо города а дале кѹда комѹ годно а закладниковъ ти не приимати кнѧже по всеи волости новгородьскои ни кнѧгꙑни твоѥи ни боꙗромъ твоимъ ни дворѧномъ твоимъ а селъ ти не ставити по новгородьскои волости ни твоѥи кнѧгꙑни ни твоимъ боꙗромъ ни твоимъ дворѧномъ ни кѹпити ни даромь приимати а свободъ ти не ставити по новгородьскои волости а что селъ кнѧже на новгородьскои земли твоихъ или кнѧгꙑнинꙑхъ или боꙗръ твоихъ тѣхъ селъ тобѣ състѹпитисѧ а кѹнꙑ ѥмати на нихъ ѹ истьцевъ своихъ ѹ кого бѹдеть кто кѹпилъ а землѧ ст҃ои софии къ новѹгородѹ а что селъ и свободъ дьмитриѥвꙑхъ то дали ѥсме бꙑлѣ андрѣю до живота андрѣѥва въ хрс̑тьноѥ цѣлованиѥ а потомь новѹгородѹ то все а тобѣ кнѧже въ то не въстѹпитисѧ а рѹбежь ти дати правꙑи по старомѹ рѹбежю въ хрс̑тьноѥ цѣлованиѥ како бꙑло при ѡц҃и твоѥмь ꙗрославѣ а на ѡзвадъ ти кнѧже ѥздити лѣтѣ звѣри гонитъ а въ рѹсѹ не ѥхати ѥхати въ рѹсѹ на третьюю зимѹ а въ ладогѹ ти кнѧже ѥздити на третиѥѥ лѣто а ѡсетрьникѹ твоѥмѹ ѥздити въ ладогѹ по грамотѣ ѡц҃а твоѥго како пошло а въ вълъгдѣ ти тиѹна не дьржати а сѹдиꙗмъ твоимъ ѥздити по волости кѹда пошло лѣтѣ съ петрова дн҃и по пошлинѣ а что пожѣнь кнѧжихъ то кнѧзю а новгородьскоѥ новѹгородѹ а вꙑводъ ти кнѧже въ всеи новгородьскои волости не надобѣ а съ сѹждальскои земли тобѣ кнѧже новгородца не сѹдити ни грамотъ давати ни волостии раздавати а по всеи сѹждальскои земли гостити новгородцю безъ рѹбежа а ѹ мꙑта ѹ новгородца и ѹ новоторъжца по двѣ вѣкшѣ ѿ воза и ѿ лодиѥ и ѿ хмелна короба и ѿ льнѧна а дворѧномъ твоимъ ходити по пошлинѣ ѿ кнѧзѧ по пѧти кѹнъ а ѿ тиѹна по двѣ кѹнѣ а за волокъ ти кнѧже своѥго мѹжа не слати продаꙗти ти дань своꙗ новгородцю а холопѹ и робѣ на гс̑дарѧ вѣрꙑ не ꙗти а въ нѣмѣчкомъ дворѣ тобѣ кнѧже търговати нашею братиѥю а приставовъ ти не приставливати а двора ти не затварѧти а что подѣꙗлосѧ доселѣ межи тобою и твоими мѹжи новѹгородѹ до хрс̑тьного цѣлованиꙗ то ти все кнѧже ѿложити и твоимъ мѹжемъ а твоимъ сѹдиꙗмъ по волости самосѹда не замꙑшлѧти на людехъ по новгородьскои волости а вѧзчего не пошло по новгородьскои волости то сѹдиꙗмъ твоимъ ѿложити а холопа и половника не сѹдити твоимъ сѹдиꙗмъ безъ гс̑дарѧ сѹдити кнѧзю въ новѣгородѣ тако пошло и кѹпцинꙑ въ силѹ не сѹдити въ волости а кто живеть въ търъжкѹ на новотързькои земли а къ ст҃мѹ сп҃сѹ не тѧгнеть къ търъжкѹ кнѧземь ѿѥмъсѧ а ти поидѹть ис торъжкѹ кѹда имъ годно аже възъидеть к тобѣ кнѧже на мѹжа ѡбада томѹ ти вѣрꙑ не ꙗти дати томѹ исправа а ѹ кѹпьць повозовъ не имати развѣ ратнои вѣсти а коли кнѧже поѥдешь въ новгородъ тъгда тобѣ даръ ѥмати по постоꙗниꙗмъ а коли поѥдешь из новагорода тъгда даръ не надобѣ а холопъ или половникъ забѣжить въ тфѣрьскѹю волость а тѣхъ кнѧже вꙑдавати которꙑи ли въстворить сѹдъ собѣ сѹдити ѥго въ новѣгородѣ а нелюбиѥ кнѧже тобѣ ѿложити и ѿ старѣишихъ и ѿ мьншихъ и ѿ всѣхъ на семь гс̑не на всемь цѣлѹи хрс̑тъ при нашеи братии при послѣхъ,,,
70,gvnp,се ѧзь великии кнѧзь казимиръ королевич̑ всеи лит̑вьскои земли и жомотскои и многих рускꙑх земль доконьчалъ єсмь миръ вечнꙑи съ влдкою новгородскꙑмъ съ єѹфимємь и с посадником̑ с федором̑ съ ѡлисиєвич̑ и с тꙑсѧчькым семеномъ с тимофиєвичем̑ и со всим̑ великимъ новымъгородом̑ а приѣхалѣ ѿ новагород єсифъ васильєвич̑ сн҃ъ посаднич̑ а ѿ житьихъ тимофии иванович̑ с тыми єсми миръ кончалъ а што моих̑ людеи или литвинъ или витблѧнин̑ или полочанин̑ или смолнин̑ или с ынꙑх с наших рускых земль тым̑ путь чс̑тъ изо всеи моєи ѿцины торговати имъ в новѣгород бес пакости по старинѣ а торговати с новгородци а хто приѣдет с великог̑ кн҃зѧ товаром̑ торговати им̑ с новгородчи в нѣмечком дворѣ такоже и новгородчемъ изо всеи новгородскои волости торговати бес пакости по всеи литовьскои земли а мнѣ великому кн҃зю казимиру королевич̑ блюсти новгородча какъ и своєго литвина такоже и новгород̑чемъ блюсти литвина какъ и своего новгородча а мнѣ великому кн҃зю казимиру королевич̑ на новоторском пути и на всих путех во всеи новгородскои волости пути не переимати гостѧ никакоже хто поѣдеть въ новъгородъ или из новагорода а гдѣ новгородча в ратном̑ имуть пустити єго с товаром бес пакости или новгородчи литвина в ратном̑ имуть пустити єго а ему право рекъ товаръ свои взѧти аже взгоном̑ въ блазну возмуть новгород̑скоє или чл҃вкъ или лошадь ѣхавъ ис тои волости чл҃вку к воєводе рекъ право своє взѧти а имъ дати или чересъ то село возмуть или два то ѹже измѣна а с насъ правда доловь а межи собою намъ будучи в любви за холопъ за робу за должникъ за розбоиникъ не стоꙗти ни мнѣ ни вам̑ и за поручникъ и за смердъ вꙑдати єго по исправѣ а ѹчинитсѧ пенѧ гостю новгородскому в литвѣ тамо єму и кончати по кн҃жои правдѣ и по крс̑тному челованью или ѹчинитсѧ пенѧ в новѣгородѣ полочанину или витблѧнину или литъвину или русину с нашего великого кн҃женьꙗ концати в новѣгородѣ по кн҃жои правде и по крс̑тному челованью а рубежь новугороду с литвою по старому рубежю земли и водѣ и с волочаны и с витблѧны и с торопчаны а на молвѧтичох взѧти ми кн҃зю великому два рублѧ а тиѹну рубль за петровщину на куньску възѧти мнѣ кн҃зю великому рубль а тиѹну полтина на березовчи взѧти мнѣ кн҃зю великому полтора рублѧ да тритчать куничь на стержи тритчать куничь да шесть десѧтъ бѣлъ а петровщинѣ рубль в моревѣ сорок̑ куничь да два сорока бѣлъ да петровщинѣ рубль а в осенинѣ полъ рублѧ а в жабнѣ дватчать куничь да сорокъ бѣлъ да петровьщинѣ рубль а пиво с перевары а медъ сытити по силѣ а на лопастичох и на буичох ѹ чорнокунчовъ по двѣ куници да по двѣ бѣлѣ а слугам тремъ по бѣлѣ а на луках нашь тиѹнъ а вашь другии суд имъ наполъ а торопечкому тиѹну по новгородскои волости не судити ни ржевьскому а в любоковѣ и в заклиньи по двѣ куничи да по двѣ бѣлѣ а за петровщину сорокъ бѣлъ а во ржеве по двѣ куници да по двѣ бѣлѣ а медъ по силѣ сытити с перевары а тиѹну ѣздити по переварамъ в пѧтинатчати чл҃вкъ а по чернокунчем такоже в пѧтинатьчати чл҃вкъ а в новгородскои волости не надоби ничто иноє литви ни на дѣмѧнѣ ни на снѣ ни на полоновѣ не надоби брати черна куна ни иноє ничтожє а кончалъ ꙗзъ великꙑи кн҃зь казимиръ корович̑ миръ со всим великымъ новым̑городом̑ и с пригороды и со всею волостью с новгородскою по сеи грамотѣ ѡже ѹчинитсѧ нелюбовь мнѣ великому кнѧзю казимиру королєвич̑ до великого новагорода или новугороду до мене великог̑ кн҃зѧ казимира или будеть миръ нелюбъ сославсѧ и грамота ѡтославъ а послѣ грамот мс̑ць не воеватисѧ а какъ мс̑ць изоидет тоже сѧ воєвати а на сем̑ на всем ꙗзъ великии кн҃зь крс̑тъ человалъ казимиръ королевич̑ такоже и послы новгородскыи єсифъ васильєвич̑ сн҃ъ посаднич̑ а ѿ житьихъ тимофии иванович̑ крс̑тъ человалѣ ѿ всего великого новагород по любви въ правду безъ всѧког извита литовьскым послом по новгородскои волости подводъ нє имати а новгородскымъ послом по литовьскои волости не имати подводъ,,,
71,gvnp,блгс̑вниє прс̑щенног̑ ар҃хиєпс̑кпа великог̑ нов̑город влд̑кꙑ єѹфимьѧ ѿ посадника новгородчког̑ федора ѡлисѣєвич̑ ѿ тꙑсѧчког̑ новгородчког̑ семена тимофѣєвич̑ и ѿ всего великог̑ нов̑город слово добро к сѹсѣдомъ нашимъ посадникомъ колꙑваньскꙑмъ и ко всим ратманомъ буд вам вѣдомо здѣсе намъ билъ челомъ и жаловалсѧ нашь брате новгородечь петре что ѹ него взѧлѣ лодью на морѣ с товаромъ и головꙑ посѣкли и ѡнъ вам билъ челом и просилъ ѹ васъ проводника до того мѣста где ѹ него лодью взѧли и вꙑ молвили шлемъ мꙑ своихъ на извѣщениє и послѣ того пришедъ посадникъ дмитръ кижа и ѡлфромѣи кѹзнечкои и говорили тꙑи рѣчи сказꙑваемъ вамъ по хрс̑тномꙋ челованью что товаръ вашь в полнои рѣкѣ и розбоиники поиманѣ и мꙑ посꙑлали своих и наши наѣхали тѹю лодью в томъ мѣстѣ гдѣ розбили лодьꙗ тѹ стои а люд побитꙑ и на берегѹ похороненꙑ и вꙑ наши сѹсѣдꙑ тому ѹправѹ даите по хрс̑тному челованью и по своим̑ рѣчомъ или пак̑ тому ѹправѣ не дадите и мꙑ своєго брата новгородца петра не мечемъ,,,
75,gvnp,ѿ посадника новгорочкого михаили ѡнаньинич̑ и ѿ тꙑсѧчкого новгорочкого ѡникиꙗ власкєвич̑ и ѿ всего гн҃а великого новагорода с вѣча съ ꙗрославлѧ двора к микитки тинчову что єси взѧлъ ѹ посла ѹ колꙑваньског̑ ѹ ивана и ѹ гостили два рублѧ и тꙑ то ѿдаи а великого новагород слова не ѡслꙑшьсѧ а ѡслꙑшисьсѧ бꙑти ѿ великого новагорода в казни,,,
8,gvnp,блгс̑вниѥ ѿ влд҃кꙑ поклонъ ѿ посадника и ѿ тꙑсѧчкого и ѿ всего новагорода кнѧзю михаилѹ ꙗрославицю кнѧзь великꙑи андрѣи и вьсь новгородъ дали федорѹ михаиловицю городъ стольнꙑи пльсковъ и ѡнъ ѥдъ хлѣбъ а како пошла рать и ѡнъ ѿѥхалъ городъ повьргѧ а новагорода и пльскова поклона не послѹшалъ приѥхавъ въ село новгородьскѹю волость пѹстѹ положилъ братию нашю испродалъ тобѣ кнѧже не кърмити ѥго новгородьскимь хлѣбомь кърми ѥго ѹ себе а на селѣхъ ѥго кѹнꙑ ѥмѹ даѥмъ а бориса костѧнтиновица кърмилъ новгородъ корѣлою и ѡнъ колѣлѹ всю истерѧлъ и за нѣмцѣ загонилъ надъ тимь рѹбежь ѹчинилъ на новѣгородѣ чего не пошло про рѹбежь гс̑не како бѹдешь въ новѣгородѣ ѹ ѡц҃а своѥго ѹ влд҃цѣ и ѹ своихъ мѹжь намъ съ нимь сѹдъ передъ тобою гс̑не а нꙑнѣ серебра ѥмѹ не вели ѥмати а тобѣ гс̑не новгородьскꙑмь хлѣбомь не кърмити ѥго а из новгородьскои волости поидеть а на селѣхъ ѥго кѹнꙑ даѥмъ по исправѣ на кѹпленꙑхъ а котороѥ не кѹплено а съ тѣхъ поидеть бес кѹнъ,,,
81,gvnp,се азъ мьстиславъ володимирь сн҃ъ дьржа рѹсьскѹ землю въ своѥ кнѧжениѥ повелѣлъ ѥсмь сн҃ѹ своѥмѹ всеволодѹ ѿдати бѹицѣ ст҃мѹ геѡргиеви съ данию и съ вирами и съ продажами и вено волоцкое даже которꙑи кнѧзь по моѥмь кнѧжении почьнеть хотѣти ѿꙗти ѹ ст҃го геѡргиꙗ а бг҃ъ бѹди за тѣмь и ст҃аꙗ бц҃а и тъ ст҃ыи геѡргии ѹ него то ѡтимаѥть и тꙑ игѹмене исаиѥ и вꙑ братиѣ донѥлѣже сѧ миръ състоить молите б҃а за мѧ и за моѣ дѣти кто сѧ изѡстанеть въ манастꙑри то вꙑ тѣмь дължьни ѥсте молити за нꙑ б҃а и при животѣ и въ съмьрти а ꙗзъ далъ рѹкою своѥю и осеньнѥѥ полюдиѥ даровьноѥ полъ третиꙗ десѧте гривьнъ ст҃мѹ же геѡргиеви а се ꙗ всеволодъ далъ ѥсмь блюдо серебрьно въ л҃ грв҃нъ серебра ст҃мѹ же геѡргиеви велѣлъ ѥсмь бити въ нѥ на ѡбѣдѣ коли игѹменъ ѡбѣдаѥтъ даже кто запъртить или тѹ дань и се блюдо да сѹдить ѥмѹ бъ҃ въ дн҃ь пришьствиꙗ своѥго и тъ ст҃ыи геѡргии,,,
9,gvnp,блг҃свениѥ ѿ влд҃цѣ поклонъ ѿ посадника и ѿ тꙑсѧчкого и ѿ всѣхъ старѣишихъ и ѿ всѣхъ мѣншиихъ и ѿ всего новагорода гс̑нѹ кнѧзю великомѹ михаилѹ на семь гс̑не новгородъ всь хрьстъ цѣлуѥть кнѧжениѥ твоѥ чс̑тьно дьржѧти по пошлинѣ безъ ѡбидꙑ а тобѣ гс̑не такоже новгородъ дьржати по пошлинѣ безъ ꛩбидꙑ что свободъ дмитриѥвꙑхъ и андрѣѥвꙑхъ и что сельць тѧгнѹло къ тꙑмъ свободамъ того всего тобѣ състѹпитисѧ то все къ новѹгородѹ бес кѹнъ а что кнѧже селъ твоихъ и влд҃чьнихъ и кнѧгꙑнинꙑхъ и боꙗръ твоихъ и слѹгъ твоихъ на новгородьскои земли котороѥ село зашло бес кѹнъ то бес кѹнъ поидеть къ новѹгородѹ а кто кѹпилъ а тꙑи знаѥть своѥго истьца или дѣти ѥго истьца ли не бѹдеть ни дѣтии ѥго цѣловати ѥмѹ хрс̑тъ како истьца не свѣдаѥть взѧти ѥмѹ кѹнꙑ колико бѹдеть далъ по исправѣ а землѧ къ новѹгородѹ а рѹбежь ти кнѧже межю сѹждальскою землею и новгородьскою дати ти старꙑи како бꙑло при дѣдѣ твоѥмь и при ѡц҃и твоѥмь ꙗрославѣ а что волостьи новгородьскꙑихъ тѣхъ волостьи тобѣ не дьржѧти кнѧже своими мѹжи дьржѧти мѹжи новгородьскꙑми а даръ тобѣ имати ѿ тѣхъ волостьи а бес посадника ти кнѧже сѹда не сѹдити ни волости роздавати ни грамотъ давати а без винꙑ мѹжѧ волости не лишити а в рѹсѹ ѣздити кнже въ ꛩсень како пошло а лѣтѣ ѥздити на ѡзвадъ звѣрии гонитъ а за волокъ ти слати своѥго мѹжа изъ новагорода въ двѹ носадѹ по пошлинѣ а ѡпѧт̑ ѣхати тѹдꙑже на новъгородъ а съ низѹ ти не слати такоже и въ бѣжицѣ а что пошлинъ кнѧзю въ новгородьскои волости того вꙑ мене не таити въ всѣхъ волостьхъ а холопꙑ и порѹчникꙑ вꙑдавати а всему тому сѹдъ въ новѣгородѣ а что ти кнѧже пошло на тържькѹ и на волоцѣ тиѹнъ свои дьржѧти на своѥи части а новгородцѧ на своѥи части а въ бѣжичахъ тобѣ кнѧже ни твоѥи кнѧгꙑни ни твоимъ боꙗромъ ни твоимъ слѹгамъ селъ не дьржѧти ни кѹпити ни даромъ приимати и по всеи волости новгородьскои а се кнѧже волости новгороскꙑи волокъ съ всѣми волостьми тържькъ бѣжицѣ палиць городьць мелечѧ шипино ѥгна заволочиѥ тьрѣ пермь печера югра вологда а свинии ти бити за ·ѯ҃· вьрстъ ѿ города а в ладогѹ ти кнѧже слати ꛩсетрьника и медовара по грамотѣ дѣда твоѥго ꙗрослава а ѣздити тобѣ кнѧже въ ладогѹ на ·г҃· лѣто а из бѣжицѣ кнѧже людьи не вꙑводити въ свою волость ни зъ иинꙑхъ волостьи новгородьскꙑихъ ни грамотъ имъ давати ни закладневъ приимати ни кнѧгꙑни твоѥи ни боꙗромъ твоимъ ни слѹгамъ твоимъ ни смьрда ни кѹпчинꙑ а грамотъ ти не посѹжѧти а пожнѣ что твои и твоихъ мѹжь пошло то твоѥ и твоихъ мѹжь а новгородьскоѥ новѹгородѹ а дворѧномъ твоимъ како пошло погонъ имати ѿ кнѧзѧ по ·е҃· кѹнъ а ѿ тиѹна по двѣ долгѣи а что кнѧже мꙑтъ по сѹждальскои земли и въ твоѥи волости ѿ воза имати по двѣ вѣкшѣ и ѿ лодьи и ѿ хмелна короба и ѿ лнѧнѧ а дворѧномъ твоимъ ѹ кѹпѣць повозовъ не имати развѣ ратнои вѣсти а свободъ ти и мꙑтовъ на новгородьскои волости не ставити а холопъ или роба почнеть вадити на господѹ томѹ ти вѣрꙑ не ꙗти а на низѹ тобѣ кнѧже новгородчѧ не сѹдити ни волости роздавати а кто почнеть вадити к тобѣ томѹ ти вѣрꙑ не ꙗти а въ нѣмѣчкомь дворѣ тобѣ кнѧже търговати нашею братиѥю а двора ти не затворѧти а приставовъ не приставливати а гости нашемѹ гостити по сѹждальскои земли безъ рѹбежѧ по цс̑рвѣ грамотѣ а сѹдьѥ слати тобѣ своѥ на петровъ дн҃ь тако пошло а вꙑвода ти кнѧже межю сѹждальскою землею и новгородьскою не чинити а что закладниковъ въ тържькѹ или инде или за тобою или за кнѧгꙑнею или за мѹжи твоими кто кѹпьць поидеть въ своѥ сто а смѣрдъ поидеть въ свои погостъ тако пошло в новѣгородѣ ѿпѹсти ихъ прочь а гнѣва ти кн҃же до новагорода не дьржѧти ни до ѡдиного чл҃вка а рѧдѹ въ новгородьскои волости тобѣ кн҃же и твоимъ сѹдиꙗмъ не посѹжѧти а самосѹда не замꙑшлѧти а старостѣ ни холопа ни робꙑ безъ гс̑дарѧ твоимъ сѹдиꙗмъ не сѹдити а за рѹбежь из новгородьскои волости твоимъ дворѧномъ сѹда не водити ни сѹдити а свободъ ти и селъ съступитисѧ,,,
92,gvnp,ѿ посадника ѧкова федорович ѿ посадника ӏѥва тимофѣѥвич ѿ сочкого ӏвана се позва ѹласке тупичинъ вѧчеслава ӏ всихъ кнѧжь·ѡстровчевъ на судъ дворѧнꙑ степанкомъ ӏ ӏванкомъ а ркѧ такъ кладете на мене розрубъ а ѧзъ ѹ васъ не живу ӏ вѧчеславъ ӏ вси кнѧжьѡстровчи сташа на судѣ ӏ ркоша нашь ѥси братъ кнѧжь·ѡстровець а кунамъ ѥсте заѥмщики ѡц҃ь твоӏ ӏ тꙑ ӏ посадники вспросиша ѹласка жилъ ли ѥси на кнѧжьѡстровѣ давалъ ли ѥси с кнѧжь·ѡстровци розрубъ ӏ ѹласке рце жилъ ѥсмь ӏ розрубъ ѥсмь с ними давалъ ӏ посадники ѡбꙑскавъ судомъ вѧчеслава ӏ всихъ кнѧжь·ѡстровче ѡправиша а ѹласка ѡбиниша ӏ даша вѧчеславу ӏ всѣмъ кнѧжь·ѡстровчемъ грамоту судную правую потѧнеть ѹласке с кнѧжьѡстровци въ старину какъ ѡц҃ь ѥго тѧнулъ а потомъ тѧжа не надобѣ,,,
ae-59-2,gvnp,ѿ посадника новгорочкого васильꙗ микитинича ѿ тꙑсѧчкого новгорочького ѡврама степановича ѿ всего великого новагород̑ к посадникамъ к рискимъ и к ратманомъ к рискимъ здѣсе намъ бьєть челомъ нашь братъ данила ѡндрѣєвъ что єму взѧти на иванѣ на люткѣ безъ рублѧ три тцать рублевъ и два тцать золотникъ на товарѣ и како бꙑлъ здѣсе ѿ васъ в новѣгородѣ посломъ ѡлексѣи и посадникъ и тꙑсѧчкꙑи и купцѣ говорилѣ вашему послу ѡ данилѣ что посꙑлалѣ єсте данилу с местеревою грамотою на колꙑвань с местеремъ съ ѡдинои пословицѣ к посадьникамъ и к ратманамъ и данила грамоту ѿвезле ѿ колꙑваньскꙑхъ посадниковъ и ѿ ратмановъ к местерю и к вамъ что данила ѹ ивана ѹ люткѣ товара не взѧлъ и вашь посолъ ѡлексѣи повѣстовалъ посаднику и тꙑсѧчкому и купчамъ и всему великому новугороду пошлите данилу на ригу тамо єму исправа будет̑ а товара люткина половина ѹ местерѧ а половина ѹ насъ и нꙑца послалѣ єсме своєго брат̑ данилу к вамъ на ригу и вꙑ нꙑнеча данилѣ исправу даите и товарѣць єму ѿдаите по крс̑тьному челованью а по городамъ єго не шлите цресъ сю исправу зандо брату нашему данилѣ в тꙑхъ ѣздехъ ѹбꙑтка много а данилѣ великꙑ новъгородъ не мечеть,,,
ae-63-3,gvnp,со въздвиженьскои ѹлици поѣхалѣ есме из города из ругодива с товаромъ и ваша чудь насъ розбилѣ и ѻграбил̑ подъ городомъ и взѧли ѹ нашего друга съ санѣи котелъ да чомоданець и на тꙑмъ друга нашего покололи суличею и мꙑ розбоиника изъимали и повеглѣ єсме в городъ къ судьи хотѧци исправѣ по хрѣстному чолованью̑ и левонтѣике своєю дружиною на торгу ѹ насъ розбоиника ѿнелѣ а насъ побиле и подрале а къ судьи насъ не пустил̑ и ту ѹ наше дружин̑ оборвалѣ с ворота съ шесть рублевъ да взѧли три киверѣ да три ножи да рукичѣ да насъ въ клѣтъку всадилѣ и потомъ насъ изъ клѣткѣ купець вꙑруцилѣ новгородьскѣи и веглѣ насъ на городок̑ къ зумберю хотѧчи исправѣ по хрѣстном̑ челованью̑ и зуберь нашг̑о розбоиника ѻдного поставил̑ а инꙑхъ не поставил̑ да и с тꙑм̑ розбоиником̑ намъ не дасть говорит̑ а насъ не судиле с нимъ по хрѣстному целованью да велѣ насъ съвѧзати да вести на пол̑ сѣчи да вꙑвеглѣ насъ свѧзавъ на поле и посажалѣ сѣч̑и да ѹ нашего друга ѹ мосѣѧ и бороду побрѣл̑ и с полѧ нас̑ сведши всадилѣ насъ в костеръ и сѣдѣл̑ єсмѧ в тои мукѣ недѣл̑ и зумберь на насъ взѧле с левоньтѣиком̑ тꙑсѧч̑ бѣлък̑ а тритчеть бѣлъ намета а иване ѹ нас̑ глазе тѣи взѧле пѧть десѧт̑ бѣлъ а кто намъ въ костеръ воду давал̑ а тѣи ѹ нас̑ взѧлѣ ·ѕӏ· оврѣи а как̑ сѣдѣ в кострѣ а в то веремѧ ѹ насъ ѹбꙑтка много доспѣлось и кони ѹ нсъ попадал̑ с голода на пути а се имена кого нѣмчѣ огабил̑ а и въ костеръ сажал̑ єремѣѧ моисѣи канане клименьт̑ иване ѿ посадьник̑ фомѣ єсифович̑ ѿ тꙑсѧчког̑ кюрилѣ дмитреєвич̑ се биша челомъ порубнѣи людѣ новугороду что порубил̑ ихъ клавша зъ братью коли сѣдѣлъ индрѣкъ на ргодивѣ а по повелѣнью местерев̑ и индрѣков̑ михаилу илью терентѣѧ федора ѡмоса игната за павла за кровчу въ стѣ рублов̑ и въ ·л҃· и въ ·з҃· за ѻгофона за симанова зъ братомъ єго съ ѧковомъ за мосѣѧ зъ дѣтьм̑ и за пага павлова въ стѣ рублев̑ и въ ·к҃· и за смена за коровин̑ з дѣтьми въ ·л҃· рубловъ за луку въ треначать рублев̑ а насъ в томъ ос҃пода порубили ·ӏ҃· бочокъ бѣлкꙑ да три круги воску а нꙑнеча на съиздѣ тꙑхъ людеи ставѧ кому дать и и взѧть да что бꙑ не гибли правии люди наѣхавши ѻгс̑до нѣмьци ратью на наше село на болшеє мужа ѻгс̑до моєго ѹбилѣ ѻлександро до смерти а мене ѻгс̑до полонилѣ и з детьми и животъ ѻгс̑да нашь вохъ поималѣ и села наша всѧ пожьглѣ и челѧдь ѻгс̑до нашю полонъ повеглѣ а взѧл̑ ѻгс̑до двои колотки золотѣ въ ·ӏ҃· рублев̑ чепь золоту въ ·ӏ҃· рублевъ и портѣ поималѣ а всего ѻгс̑до живота взѧле на сто ру҃бле нашь братъ новгородець федоръ єсифъ докучають великом̑ новугороду и жалуютьс̑ на посадьников̑ на колꙑваньских̑ и на ратмановъ вꙑлгаль ѹ нихъ в колꙑванѣ иванъ нѣмцинъ а прозвище єму мѧсо товара на осми десѧт̑ рублевъ и посадникꙑ и ратманѣ колꙑваньскии изъимавъ ихъ длжника посѣклѣ а товаръ ихъ взѧли къ собѣ и нꙑнѣча держа за собою а наше братеи не даду а зумусь порубиле зумберь ·ӏ новгородьцевъ а взѧле ѹ них бочку шевницѣ да поставъ кумьскии на ругодив̑ ѹ купьцевъ,,,
ae-65-1,gvnp,к гс̑ну пресвещеному арьхиєпискупу великого новагорода и пскова влк҃ꙑ феѡфилѹ и посаднику степенъному григорьи михаиловичъ и к старымъ посадникамъ и к тысѧчькымъ степеному василью максимовичь и к старымъ тысѧчкымъ к боѧромъ и к житьиимъ и к купечькымъ старостамъ и к купьчамъ и к купечькымъ детемъ и к чернымъ людемъ и ко всему нашему гс̑дрю великому новугороду се приєхаше послове ѿ риге и ѿ юрьєва и ѿ колывана и ѿ всехъ семи десѧтъ городовъ и ѿ треи иванъ вѧзовъ и єго товарищи в великеи новъгородъ а посольства єсте правили ѡ томъ что быти вашимъ честнымъ людемъ посломъ в великомъ новегороде ѿ всехъ семи десѧтъ городовъ и ѿ треи ѡ всѧкыхъ делахъ ѡ земьскыхъ и ѡ всѧкыхъ же и ѡ купечькыхъ делахъ и попросили єсте ѡпаса у великого новагорода ѡпаснои грамоте на тыхъ послованьи честныхъ людеи по хрс҃тному чолованью и великеи новъгородъ грд҃ъ нашь вашимъ посломъ ѡпасъ далъ и ѡпасную грамоту по своєму хрс̑тному челованью по новгорочькому и по вашему но вашимъ посломъ чс̑тнымъ людемъ приєхати в великеи новъгородъ или хто с нимъ будеть доброволно и ѿєхати имъ из новагорода доброволно безо всѧкоѧ хытрости а се вашимъ посломъ ѡпасъ и ѡпаснаѧ грамота за великого новагорода печатми,,,
ae_59-1,gvnp,от посадника новгороцкого олєксандра фоминица и ѻт тꙑсѧцкого олисиѧ костѧнтиновица от всєго вєликого нова.города к рискимъ посадникам.ъ и ратманомъ и всимъ добрꙑмъ людємъ послали єcмѧ к ва.мъ бориса кижанинова про єго обиду и вꙑ єстє обꙑскали с мєстєрємъ по крсному цєлованью,,,
ae_63-1,gvnp,ѿ великого кн҃зѧ намѣстниковъ ивана и васильѧ ѿ посадника ѥсифа захарьинича ѿ тꙑсѧчкого григорьи ивановица и ѿ всего великого новагорода к заморьскꙑмъ посламъ въ юрьво к ивану и другому ивау что ѥсте к намъ прислалѣ и мꙑ вашю грамоту слꙑшилѣ а повѣстуѥте такъ что бꙑ ѥсте послалѣ к намъ во юрво свои пословѣ послалѣ чт҃нꙑ добрꙑи люди ѻ всѧкохъ дѣлехъ на всю правду ино того у насъ пѣрвѣѥ сего не бꙑло что намъ слать во юрво а намъ с вами заморчи инꙑ миръ и гамота намъ с вами а оъ юрьвчи с велневичи намъ сво миръ братьѧ заморци приславъ к намъ грамоту ѻпасную взѧлѣ у насъ с нашими напечатьми что вамъ ѣздити въ великꙑ новъгородъ и ѿиздити путь чс̑тъ безо всѧкого ѻпаса про то на васъ велми дивимъ цто вꙑ к намъ не идите по ѻпасу на бж҃и руки ст҃и софьи на нвгорочкѣи а вамъ чт҃ъ путь приихати ѿихать безо всѧкого ѻпаса,,,
asei_1-2,gvnp,се кꙋпиша михаило ѳедорович̑ своим̑ сн҃ом с ываном̑ ѹ юрьѧ ꙋв он̑циѳорова сн҃а село мидно з дерев̑нѧми и с пꙋстошми потѧгло стра к мид̑нꙋ со всим̑ ꙋгодємь и с лисомъ да лꙋгъ за рекою за тверцою по берегꙋ под̑леи старские пож̑ни а завод и межа старым̑ по томꙋ лꙋгꙋ врагом̑ ѿ тверци ѿ рики верхъ да изо вага логом да в камен да верхъ логом против̑ трех могил̑лъ по выш̑ню могилꙋ да прѧмо в рикꙋ во тверцꙋ да по тѳерци на нис̑ возли приѡр стар̑ског и шед̑ лꙋгъ миденьскои да во тѳер̑цу прѧмо и даша на том сели на мидни з деревнѧми и с пꙋшьми и с лесом̑ и со всѧким ꙋгодиєм̑ и с лꙋгом за тѳерцею девѧносто рꙋблев̑ навгородцкꙋю а на то люди добрые моси ѡлексиевич̑ да ꙗков̑ алексиевич̑ да василе ивановъ сн҃ъ да юр̑и ѡл̑фимовъ сн҃ъ а хто на тꙋ землю настꙋпит и та землѧ ѡцищат прикащикꙋ а мни с тым хто настꙋпит̑ на тꙋ землю сꙋдтис̑ пред бг҃омъ на страшном судѣ а кꙋпьцꙋю писалъ ꙗковъ бобровниковъ,,,
asei_3-13,gvnp,по дѣда своєг̑ грамотѣ великог̑ кн҃зѧ дмитреꙗ ивановичѧ и по ѡтца своєго грамотѣ великог̑ кн҃зѧ васил̑ꙗ дмитреєвичѧ се ꙗз кнꙗз велики василеи васил̑євич̑ пожаловал̑ єсми своих̑ рꙋских тонников̑ внꙋчѧт̑ и правнꙋчѧт̑ ꙗкимовых и михѣєвых и ѡлꙋхиных и демешковых микитꙋ и єсипа з братєю и кꙋзмꙋ и перфꙋрьꙗ ѡнтона з братом̑ дал̑ єсмь им̑ грамотꙋ по старым̑ грамотам̑ погоста им̑ не платити ни в чернои боръ им не тѧнꙋт а литов̑скомꙋ послꙋ подводъ им̑ не давати ни на дворѣ ꙋ них не стоꙗти ни новгородскомꙋ послꙋ на дворѣ ѹ них не стоꙗти ни кормꙋ ни подвод им не давати а сотнои соли микитѣ и єсипꙋ з брат̑єю и кꙋзмѣ и перфꙋрью ни их дрꙋгом̑ не платити рꙋшаном̑ а дават им мнѣ великомꙋ кн҃зю по три берков̑ски медꙋ через год а не бꙋдет медꙋ ино по три рꙋбли а в вирꙋ им с рꙋшаны не тѧнꙋт а дрова им̑ по рѣкам̑ плавити на себѧ а рꙋс̑ским̑ промыслом̑ им промышлѧти соль варити а с рꙋшаны им̑ въ ихъ потꙋг̑ не тѧнꙋт ни подвоиским̑ рꙋс̑ским̑ ихъ не позыват ни посадникꙋ рꙋс̑скомꙋ их не сꙋдити ни с полич̑ным̑ а скꙋє в рꙋсѣ ино взѧть ꙋ них̑ дворѧнинꙋ пѧт кꙋн̑ а в любцѣ им землѧ ѡрати гдѣ им̑ любо а иномꙋ не встꙋпатис̑ в тꙋ землю в мою кнꙗз великог̑ а завод тои моєи ѿ полисти рѣки по воєи рꙋчеи а ѿ воꙗ рꙋч̑ꙗ до ближнеи сомин̑ки по радын̑ пꙋт а ѿ ближнеи сомин̑ки до далнеи соминки а ѿ далнеи сомин̑ки конюшьим̑ пꙋтем̑ до рѣдьи рѣки в гоболеи рꙋчеи а косит моим̑ тонником̑ рꙋс̑ским̑ по конюшеи пꙋт а вниз по ѡбе стороны сомин̑ки по роскрѣси а дворѧном̑ моим̑ з городища ни подвоиским̑ новгородским̑ ни биричемъ ни соѳꙗном̑ влд̑чнимъ моих̑ тонников̑ рꙋс̑ских̑ не позыват ни в каковѣ дѣле а комꙋ бꙋдет до них каково ѡрꙋдє ино ѣхати на них ѿ великог̑ кн҃зѧ ловчем̑ а ѿпꙋщеникꙋ не ѣхати въ єго мѣсто никомꙋ не позыват а без менѧ без великог̑ кн҃зѧ не сꙋдит никомꙋ или без намѣстника а звати их с осеннег̑ николина дн҃и до середохрестьꙗ а позовникꙋ взѧт гривна ѣздовъ а что дана пожнѧ ст҃ѣи бц҃и а та косит старостам̑ по зимнеи выѣздъ до комарова рꙋч̑ꙗ а хто через сю грамотꙋ подѣєт силꙋ над ними и ꙗз кнꙗз велики могꙋ боронити а на сю грамотꙋ инои грамотѣ не быти,,,
asei_3-21,gvnp,По прадѣда своєг̑ грамотѣ великог̑ кн҃зѧ дмитреꙗ ивановичѧ и по дѣда своєг̑ грамотѣ великог̑ кн҃зѧ васил̑ꙗ дмитреєвичѧ и по ѿца своєго грамотѣ великог̑ кн҃зѧ васил̑ꙗ василїєвичѧ Се ꙗз кнꙗз велики иван̑ васил̑євич̑ всеꙗ рꙋси пожаловал̑ єсми своих рꙋс̑ских тонников̑ внꙋчѧт и правнꙋчѧт ꙗкимовых и михѣевых и ѡлꙋхиных и демеш̑ковых федора з братом̑ перфꙋрьꙗ з братєю васил̑ꙗ семенова з братєю лꙋк̑ꙗна з братєю ивана з братєю парфѣꙗ з братєю дал̑ єсмь им̑ грамотꙋ по старым̑ грамотам̑ погоста им̑ не платити ни в чернои боръ им не тѧнꙋт а литов̑скомꙋ послꙋ подвод имъ не давати ни на дворѣ ꙋ них не стоꙗти ни навогородскомꙋ послꙋ ѹ них на дворѣ не стоꙗт ни кормꙋ ни подводъ им не давати а сотнои соли писчеи им̑ не платити рꙋшаном̑ а дают мнѣ великомꙋ кн҃зю по три берков̑ски медꙋ через годъ а не бꙋдет медꙋ ино по три рꙋбли а въ вирꙋ им с рꙋшаны не тѧнꙋти а дрова им̑ по рѣкам̑ плавити на себѧ а рꙋсьскимъ промыслом̑ имъ промышлѧти соль варити а с рꙋшаны им̑ въ их потꙋг̑ нѣ тѧнꙋти ни подвоиским̑ рꙋс̑ским̑ их не позывати ни посадникꙋ рꙋскомꙋ их̑ не сꙋдити ни с полич̑ным̑ или их скꙋют в рꙋсе ино взѧти ꙋ нег̑ дворѧнинꙋ пѧт кꙋн̑ а в любцѣ им̑ землѧ ѡрати гдѣ им любо а иномꙋ в тꙋ землю мою великог̑ кн҃зѧ не встꙋпатисѧ а завод тои моєи землѣ ѿ полисти рѣки по воєи рꙋчѧи а ѿ воꙗ рꙋч̑ꙗ до ближнеи сомин̑ки по радын̑ пꙋт а ѿ ближнеи сомин̑ки до далнеи сомин̑ки а ѿ далнеи сомин̑ки конюшим̑ пꙋтем̑ до рѣдьи рѣки в хоболеи рꙋчѧи а косити моим̑ великог̑ кн҃зѧ тонникомъ рꙋским̑ по конюшеи пꙋт а вниз по ѡбѣ стороны сомин̑ки по роскрисѣ а дворѧномъ моим̑ з городища ни подвоиским̑ новогородским̑ ни биричем̑ ни соѳꙗном̑ влдчнимъ моихъ тонников̑ рꙋс̑ских не позывати ни в каковѣ дѣле а комꙋ бꙋдет до них каково ѡрꙋдє ино ѣхати на них ѿ менѧ ѿ великог̑ кн҃зѧ ловчемꙋ а ѿпꙋщеникꙋ не ѣхати въ єго мѣсто никомꙋ не позывати а без менѧ без великог̑ кн҃зѧ не сꙋдити или без моєго намѣстника а звати их с осеннег̑ николина дн҃и до середохрестьꙗ а позовникꙋ ѣздꙋ взѧти ꙋ них гривна а что дана пожнѧ ст҃ѣи бдци и та пожнѧ коси старостам̑ по зимнеи выѣздъ до комарова рꙋч̑ꙗ а хто через сю мою грамотꙋ великог̑ кн҃зѧ подѣет̑ силно над ними и ꙗз кнꙗз велики могꙋ боронит а на сю грамотꙋ инои грамотѣ не быти,,,
ia_56-2,gvnp,челобитьє ѿ ивана ѿ кочерина к посадникамъ колꙑваньскимъ и къ ратманомъ и ко всимъ добрꙑмъ людемъ чс̑тнꙑмъ ѹмнꙑмъ вамъ то вѣдомо ль что пришла грамота изъ юрьева къ нѣмцомъ и ко мнѣ о кривощокѣ и о моємъ орудьи а въ грамотѣ стоить такъ имисѧ иване и даи руку за павла за трубицина и за олфѣрьꙗ верѧжина за мертвꙑхъ и за ихъ дѣтеи кои сѧ родили и кои сѧ не родилѣ и за ихъ родъ а ѹ мене одино слово какъ ꙗзъ молвилъ вамъ своєи гс̑дѣ на ратушѣ положилъ єсмь в бозѣ и въ хрс̑тномъ цѣлованьи и въ васъ добрꙑхъ людехъ а въ своємъ словѣ такъ и стою имаюсѧ за свои родъ и за свое племѧ и за свою братью и руку даю и вꙑ гс̑до всего того посмотрите а ꙗзъ вамъ челомъ бью а о цр҃кви ст҃го николѣ попечальтесѧ а новгородци вамъ кланѧютсѧ а живите сдорово,,,
ia_56-3,gvnp,мꙑ город̑ рига и юрьѥвъ и колꙑвань добро здоровьѥ ст҃му архиєпс̑пу новгород̑скому и посадником̑ и тꙑсѧчкꙑм̑ и старостам̑ купечкꙑм̑ и всєм̑ великом̑ новугород̑ буди вам свѣдом̑ как̑ нам̑ иванъ дуркуи ꙗвил̑ о тои грамот̑ как̑ вамъ бꙑл̑ охотно как̑ въ хрс̑тномъ цѣлованьи стоит̑ о томъ мꙑ вам̑ молимсѧ а купцом̑ свои товаръ ѿдаит̑ котороѥ ѹ нихъ поиман̑ ѹ вас̑ в новѣгород̑ коли нашь товаръ ѿдадит̑ ино вашь товаръ по тому ж̑ слободен̑ по нашим̑ городом̑ а купчем̑ даите путь чс̑тъ по хрс̑тному цѣлованью а о томъ нам̑ охотно что бꙑ ѥсте дали нашем̑ послу доброи ѿвѣтъ за вашею грамотою и за вашею печати а та грамот̑ писан̑ до сп҃сва дн҃и за двѣ недѣл̑ в перневѣ до сп҃сва дн҃и занеже ту имъ бꙑлъ съѣздъ на семъ поморьи а сѧ грамот̑ за нашею печатью юрьѥвьскои а останьтесѧ добрꙑ и здорови ѹ ст҃ои софьи,,,
tla-1465-872,gvnp,ст҃ѣму владице архибискуп̑ омельѧну и посадьником̑ и къ тꙑсѧцьким̑ и купьцомъ и ко всему великом̑ новугороду нашимъ добрꙑм̑ сусѣдом̑ добро здоровье ѿ посадьньков и отъ ратмановъ и ѡттъ всѣх колꙑваньцев̑ мꙑ слꙑшели што вꙑ нашихъ купьцовъ принѧл̑ и сь ихъ товаром̑ вашемъ городѣ про тую ѻбиду лѣтось што вашь брате побите на море и товаре поимане а богъ то знаєть што намъ то жаль ѿто всего сердьца а мꙑ вамъ то повестуєм̑ по хртном̑ целованью безо всѧкоє хитрости тоє же дѣло не долм̑ ни думою ни виновати какъ мъ лѣтось вашему послу аньдрѣю повестовали такоже по хртном̑ целованью а мꙑ ещо не вѣдаємъ и не слꙑхали про ваше брате ѿтъ кого имъ та ѻбида доспѣлас̑ што бꙑ мꙑ то вѣдали не хотѣли бъ мꙑ того за собою держать и заветать а за виноват̑ не хотим̑ стоѧть то мꙑ вамъ скажемъ по хртном̑ целованью безо всѧкоє хитрости люше того вꙑ нашихъ купець принѧл̑ и сь ихъ товаромъ то въ дѣєте противъ прав.дꙑ и хртног̑ целованьѧ то бо҃гъ знаєть ѻсподине свтꙑи бискупе владꙑко познаи бога и правду а и вꙑ посадьник̑ и тꙑсѧцькии и весь великии нов.городъ милꙑи сусѣди познаите бога и правду ѿпустите нашихъ купец и сь ихъ товаромъ то вамъ молимъсѧ даите имъ путь чистъ приєхати и ѿтъєхат занъда мꙑ вси купьци в томъ ѻрудьи ни виноват ни дѣлом ни словом̑ то пишемъ вам̑ по хртном̑ целованью занъда купьци надѣѧлисѧ на богъ и на хртноє целованьє наши купьци ехали к вамъ смотрите на добро сусѣдъство а станьте зодорово ѹ свѧтии софьи,,,
smolensk_A,smolensk,Что сѧ дѣетѣ по вѣремьнемь то ѿидето по вѣрьмьнемь приказано бѹдѣте добрꙑмъ людѣмъ а любо грамотою аже капь чимь то весѧтѣ ӥзлъмльна бѹдѣте а любо льгче бѹдѣть то ть спѹскати ѡ̈бѣ въ #дино мьсто ѹтвѣрдѧть како то бѹдѣте всемъ вѣдомъ или кто посль живꙑи ѡ̈станѣтьсѧ того лѣт̑ коли алъбрахтъ что лѣжить ѹ ст҃ое бц҃е на горе а дрѹгаꙗ ѹ латинескои цр҃кви ѡ̈бѣ ровнати Аже латинескꙑи гость влд҃ка ризкиӥ ѹмьрлъ ꙋздѹмалъ кнѧзѣ смольнескꙑи мьстиславъ дв҃двъ сн҃ъ прислалъ въ ригѹ смолнѧнꙑ приедѣть на вълъкъ то ть мьтати жеребѣи кого напьрьдъ вѣсти ко смольньскѹ Аже бѹдѹть своѥго лѹчьшего попа ѥрьмеꙗ̈ ӥ съ нимь ѹмьна мѹжа пантельꙗ и своѥго горда смольнеска та людиѥ ӥз #ꙑноѥ̈ земль тьхъ посль вѣсти Таꙗ правда ѹ̈зѧти рѹси ѹ ризѣ ӥ на гочкомь березѣ два бꙑла послъмь ѹ ризѣ из ригꙑ ѥ̈хали на гочкꙑи берьго тамо твердити миръ ѹтвьрдили миръ Пискѹпъ ризкии мастьръ бжх̑ъ дворѧнъ и вси земледѣржци Ти даю̈ть двинѹ свободнѹ что бꙑлъ немирно промьжю смольньска ӥ ригꙑ ӥ готскꙑмь берьгомь всемъ кѹпчемъ Пре сеӥ миръ ѿ вьрхѹ и до низѹ въ мъре ӥ по въдѣ и по бѣрегѹ Всемѹ латинескомѹ ꙗ̈зꙑкѹ ӥ рѹси кто правꙑи трѹдилисѧ дъбрии людиѥ Ролфо ис кашелѧ бж̑и дворѧнинъ тѹмаше смолнѧнинъ аж бꙑ миро бꙑлъ и кꙋпьчь ѥ̈сть ѿ морѧ даѥ̈мо свободно кто хочете по двине ѥ̈хати ѹвьрхъ или ѹнизъ ѹ кого сѧ избиеть дъ вѣка ѹрѧдили пакъ миръ како бꙑл̑о любо рꙋси ӥ всѣмѹ латинескомѹ ꙗзꙑкѹ кто то ѹ рѹсе гостить ѹчанъ а любо челнъ б҃ъ того не даи или ѹ рѹсина или ѹ латинеского ѹ тѣхъ вълъсти кто сю свободѹ На томь мирѹ аж бꙑ миръ твьрдъ бꙑлъ тако бꙑлъ кнѧзю любо и рижанъмъ всемъ и всемѹ латинескомѹ далъ товаръ ѥ̈го свобонъ на въдѣ и на беререзѣ Бес пакости всѧкомѹ Товаръ иж то потоплъ брати ѹ ꙗ̈зꙑкѹ И всемь темь кто то на ѹстоко морѧ ходить аж бꙑ нальзлъ правдѹ то напсати како то держати мьсто своѥю дрѹжиною̈ из водꙑ на берего Аже надобѣ ѥ̈мѹ болше помъчи то ть наимѹӥ при послѹсѣхъ рѹси съ латинескꙑмь ꙗзꙑкомѣ и латинескомѹ ꙗ̈зꙑкѹ съ рѹсию то дѣржатӥ Аж бꙑхъмъ кто бꙑлъ тѹ то бѹдѣте послѹхъ что ӥмъ посѹлишь то даи а болѣ не даи Таꙗ правда латинескомѹ что тако ѹ̈чинили того б҃ъ не даӥ аж бꙑ промьжю нами бои бꙑлъ а любо чл҃вка ѹ̈биють до см҃рти како възѧти ѹ̈ рѹскоӥ земли ѹ вълъсти кнѧзѧ смольнеского ӥ ѹ полотьского кнѧзѧ вълъсти и ѹ витьбеского чл҃вка то ѿплатити аж бꙑ миръ не ръздрѹшенъ бꙑлъ такъ платити како то бꙑ ѡ̈боимъ любо бꙑлꙑ кнѧзѧ вълъсти Коли сѧ грамота псана ишлъ бꙑлъ ѿ ржс̑тва гс̑нѧ до сего лѣта ·а҃~· лѣт̑ ӥ ·с҃· лѣт̑ ӥ ·и҃· лѣт̑ ӥ ·к҃· Зде починаетьсѧ правда Аже бѹдѣть свободѣнꙑи чл҃вкъ ѹбитъ ·ӏ҃· гривенъ серебра за голъвѹ Аже подъ пискѹпомь ризкимь провстъ ꙗ̈ганъ мастьръ вълквинъ бж̑ии дворѧнинъ и подъ горожанꙑ ризѣскими бѹдѣте холъпъ ѹбитъ ·а҃· гривна серьбра заплатити ѹ смольнѣскь тако платити и ѹ ризе и на готскомь прѣдъ всеми латинескими кѹпци сѧ грамота ѹ̈твьржена всехо кѹпьче пьчатию се орѹдиѥ ӥсправили берьзѣ ꛩ̈ко рѹка нъга ӥли инъ что любо по пѧти гривьнъ серьбра ѿ всѧкого платити ѹ̈мниӥ кѹпчи регньбодѣ дѣтѧртъ адамъ то бꙑли горожане на гочкомь березе за ѡ̈къ ·е҃· серьбра зӓ рѹкѹ ·е҃· серьбра за нъгѹ ·е҃· серьбра и за всѧкꙑи сѹставъ пѧть гривьнъ серебра мьмьбернь вредрикъ дѹмбѣ ти бꙑли из любка гиндрикъ готь илдигьрь та два бꙑла и съжата конратъ За зѹбъ ·г҃· гривнъ серебра ӥ смольньскь ӥ ѹ ризѣ и на гочкомь березѣ Кто биеть дрѹ̈га дѣревъмь шхель ѡ̈дѣ ꙗганть кинть та два бꙑла из мюньстьрѧ бернѧрь ѡ̈дѣ вълкерь та два бꙑла изъ грюнигь а бѹдѣте синь любо кровавъ полѹторꙑ гривнꙑ серебра платити ѥмѹ по ѹхѹ ѹдарите ·г҃· ѥрмьбрьхть ѡ̈дѣ албрахтъ та два бꙑла из дортмьнѧ гиндрикъ цижикъ из бремьнь албрахтъ слѹкъ четвѣрти серебра послѹ и поп̑у что ѹ̈чинѧть за двоѥ̈ того ѹзѧти два платежѧ Аже кого ѹранѧть бернѧртъ ѡ̈дѣ валтърь ѡ̈дѣ албрахтъ фоготь то бꙑли горожане ѹ ризѣ и инехъ много ѹмнꙑхъ добрꙑхъ полѹторꙑ гривнꙑ серебра аже бѹдѣте без вѣка Тако платити ѹ смолѣнеске ӥ ѹ ризѣ ӥ на людѣи которꙑӥ рѹсинъ или латинескꙑи противѹ сеѥ правдꙑ мълвить того почьсти за лихии гочкомь берьзѣ Аже извинитьсѧ рѹсинъ ѹ ризе или на гочкъмь березе ѹ̈ дꙑбѹ ѥго не сажати мѹжь сѧ грамота ѥ̈сть вꙑдана на гочкомь берьзѣ пьрьдъ рѹскимь посломь и пьрьдъ всеми латинскими Аже извинитьсѧ латининъ ѹ смольнѣскѣ не мьтати ѥго ѹ погрѣбъ Аже не бѹдѣтѣ порукꙑ кѹпци то ѹ̈ жельза ѹсадить Аже латининъ дасть рѹсинѹ товаръ своӥ ѹ дълго ѹ смольнске заплатити немчинѹ пьрвѣѥ хотѧ бꙑ ӥнъмѹ комѹ виноватъ бꙑлъ рооинѹ Тако ѹзѧти рѹси̑нѹ ѹ ризѣ и на готскомь березѣ Аже розгнѣваѥ̈тьсѧ кнѧзѣ на своѥго чл҃вка а бѹдѣте винъватъ немчицю рѹсинъ а ѿӥмьть кнѧзѣ все женѹ и дѣти ѹ холъпство пѣрвоѥ̈ платити ѥ̈мѹ латинину а потомь кнѧзю какъ лю̈бо съ своӥмь чл҃вкмь Такѹ правдѹ възѧти рѹсинѹ ѹ ризѣ и на гочкъмь березѣ Аже латининъ дасть кнѧжю хълопѹ въ заемъ или инъмѹ добрѹ чл҃вкѹ а ѹмрете не заплативъ а кто ѥ̈мльть ѥ̈го ѡ̈статъкъ томѹ платити немчинѹ Такова правда ѹ̈зѧти рѹсинѹ ѹ ризѣ ӥ на гочкомь березѣ Рѹсинѹ не ѹпирати латинина ѡ̈днемь послухомь аже не бѹдѣтѣ двою̈ послѹхѹ ѡ̈диного немчича а дрѹгого рѹсина добрꙑхъ людии Тако латининѹ не пьрьпрети рѹсина аже не бѹдѣть послѹха рѹсина а дрѹгого немчина ѹ ризѣ и на гочкомь березѣ Рѹсинѹ не вѣсти латинина ко жельзѹ горѧчемѹ аже самъ въсхочетѣ А латининѹ тако рѹсина не вести аже самъ въсхочете Рѹсинѹ не звати латина на полѣ битъсѧ ѹ рѹскоӥ земли А латининѹ не звати рѹсина на полѣ битосѧ ѹ̈ ризѣ и на готскомь березѣ Аже латинескии гость биѥтьсѧ мьжю събою ѹ̈ рѹскои земли любо мьчемь а любо дѣревъмь кнѧзю то не надобе мьжю събою сѹдити Тако аже рѹскии гость биетьсѧ ѹ ризѣ или на гочкомь березе латине то не надъбѣ ате промьжю събою ѹрѧдѧтесѧ Аже застанете рѹсинъ латинеского чл҃вка своѥю женъю̈ за то платити гривьнъ ·ӏ҃· серебра Тако ѹчинити рѹсинѹ ѹ ризѣ и на гочкомь берьзѣ платити Аже латинескꙑи чл҃вкъ ѹ̈чинить насилиѥ свободнь жене а бѹдѣть пьреже на неи не бꙑлъ сорома за то платити гривьнъ ·е҃· серебра Таꙗ правда ѹзѧти рѹсинѹ ѹ ризѣ и на готескомь березе Аже бѹдѣте пьрвѣе на нѣи съръмъ бꙑлъ взѧти ѥи гривна серьбра за насилиѥ Аже насилѹеть робѣ а бѹдѹть на на него послѹси дати ѥ̈мѹ гривна серебра Такова правда ѹзѧти рѹсинѹ ѹ ризѣ и на гочкомь березѣ Аже мьжю рѹсиномь и латинескъмь свѧжеть дрѹгъ дрѹга без винꙑ за то платити ·г҃· гривнꙑ сербра Ӓже бѹдѣте рѹсинѹ платити латинескомѹ а не въсхъчеть платити то ть латинескомѹ просити дѣтского ѹ тиѹна аже дасть наѥ̈мъ дѣтьскомѹ а не ӥсправить за ·и҃· дн҃ии товара ѹ рѹсина то ть дати ѥ̈мѹ на събѣ порѹка аже смолнѧне не дадѹть ѥ̈мѹ въль смолнѧнъмь платити самꙑмъ дългъ платити Таꙗ правда ѹзѧти рѹсинѹ ѹ ризѣ ӥ на гочкомь березе Аже тиѹнъ ѹслꙑшить латинескꙑи гость пришелъ послати ѥмѹ люди с колꙑ пьревѣсти товаръ А не ѹ̈дѣржати ѥмѹ аже ѹдѣржить ѹ̈ томь сѧ можете ѹчинити пагѹба Которꙑи вълъчанинъ възмьть латиньскꙑи товаръ чересъ вълъкъ вѣсти а что погꙑнеть ѿ того товара что ѥмѹ приказано тъ платити всемъ вълъчанъмъ Таꙗ правда рѹси ѹзѧти ѹ ризѣ ӥ на гочкомь березѣ Аже латинескиӥ придѣть къ городѹ свободно ѥ̈мѹ продава̑ти а противѹ того не молвити никомѹже Тако дѣлати рѹси ѹ ризѣ и на гочкомь березе Аже латинескиӥ ѹсхочеть ѥ̈хати и смольнеска своимь товаромь въ ӥнѹ сторонѹ про то ѥ̈го кнѧзю не дѣржати ни иномѹ никомѹже Тако рѹсинѹ ѥ̈хати ӥзъ гочкого бѣрѣга дъ травнꙑ Аже рѹсинъ кѹпить ѹ латинеского чл҃вка товаръ а възмьть к собѣ то ть латинескомѹ не взѧти товара наѹспѧть рѹсинѹ томѹ платити Тако рѹсинѹ не ѹзѧти ѹ латинеского товара своѥ̈го ѡ̈пѧть платити ѥмѹ Рѹсинѹ не звати латинеского на ӥного кнѧзѧ сѹдъ лише предъ смольнеского кнѧзѧ аже самъ въсхочете тъ ть идѣть Тако латинескомѹ не звати рѹсина на ӥнꙑи сѹ̈дъ лише ѹ̈ ригѹ ӥ на гочкꙑи берего Рѹсинѹ не ставити на латинеского дѣтьского не ꙗвивъше старость латинескомѹ аже не слѹшаѥ̈ть старостꙑ то ть можеть на него дѣткого приставити Тако латинескомѹ на рѹсина не ставити бирица ѹ ризѣ ни на гочкомь бѣрезѣ Латинескомѹ ѥ̈сть вълно ѹ смольнеске которꙑи товаръ хъчьть кѹпити бес пакости Тако дѣла·ти рѹси ѹ ризѣ и на гочкомь березѣ Латинескомѹ не ѥхати на въинѹ съ кнѧземь ни съ рѹсию аже самъ хъчьть то ть ѥ̈дѣть Тако рѹсинѹ не ѥ̈хати съ латинескꙑмь на въинѹ ни ѹ ризѣ ни на гочкомь березѣ аже хочеть самъ тъ ть ѥ̈дѣть Которꙑӥ рѹсинъ или латинескꙑӥ имьть татѧ надъ тѣмь ѥ̈мѹ своꙗ вълѧ камь ѥ̈го хочеть тамъ дѣжеть Ниѡ̈диномѹже рѹсинѹ не дати пересѹда ѹ ризѣ ни на гочкомь березѣ Тако латинескомѹ ѹ рѹскои зѣмли не дати пересѹда никомѹже Которое ѡ̈рѹдиѥ̈ доконьчано бѹдѣть ѹ̈ смольнескь мьжю рѹсию̈ и мьжю латинескимь ꙗ̈зꙑкомь пьредъ сѹдиꙗ̈ми и пьредъ добрꙑми людми Боль того не починати ѹ̈ ризѣ и на гочкомь березѣ А что бѹдѣть дъкончано ѹ ризѣ и на гочкомь берьзе перьдъ сѹдиꙗми ӥ пьрьдъ дъбрꙑми людми того ѹ смольнс̑кѣ не починати Всѧкому латинескомѹ чл҃вкѹ свободѣнъ путе из гочкого берега до смольнеска без мꙑта таꙗ правда ѥсть рѹси изъ смольнеска до гочкого берега Како тако бѹдѣте како придѹть латинескии гость ѹ городъ с волока дати имъ кнѧгини поставъ частинꙑ Тиѹнѹ на вълъцѣ дати рѹкавицѣ аж бꙑ товаръ пьревьзлъ без дѣржаниꙗ Латинескомѹ дати ѿ двою капию въск̑у вѣсцю кѹна смольнескаꙗ кѹпить латинескꙑи гривнѹ золъта дасть вѣсити дати ѥмѹ вѣсцѣ ногата смольнескаꙗ̈ аже продасть не дати ничегоже аже латинскии кѹпить сѹдꙑ серебренꙑе дати ѥмѹ вѣсцю ѿ гривнꙑ серебра по ногатѣ смольнескои аже продасть не дати ничегоже аже латинескии кѹпить гривнꙋ серебра дати ѥмѹ вьсцю двѣ векшӥ аже продасть не дати ничегоже аже латинескиӥ дасть серебро пожигати дати ѥ̈мѹ ѿ гривнꙑ серебра кѹна смольнескаꙗ̈,,,
smolensk_B,smolensk,се ѧзъ кнѧзь смоленьскии ѡ̈лексанъдръ докончалъ ѥсмь с немьци ать сами сѧ ѹрѧдѧ межи собою Аже застанеть рѹсинъ кꙋпить сѹдъ серебрьнꙑи дати ѥмѹ вѣсцю ѿ по давному докончанью како то докончали ѡтци наши дѣди наши немьчина съ своею женою за то платити ·ӏ҃· грив̑ серебра Такоже гривнꙑ серебра по ногатѣ смолескои аже продасть не на техъ же грамотахъ целовалъ ѥсмь крестъ а се моѧ печать и рѹсинъ ѹчинить в ризѣ или на готьскомь березѣ дати ѥмѹ ничего аже немьчичь кѹпить грив̑ серебра Что дѣѥтьс̑ по временомъ то ѿиде по временомъ приказано такоже платити Аже ланьскии чло̑вкъ ѹчинить насильѥ дати ѥмѹ вѣсцю ·в҃· вѣкши аже продасть не дати ѥму бѹдеть добрꙑмъ людемъ а любо грамотою свободьнѣ женѣ а бѹдеть переже на неи не бꙑло сорома за ничегожь аже немьчичь дастьсть серебро пожигати ѹтвердѧть како бѹдеть всѣмъ вѣдомо или кто то платити ·е҃· грив̑ серебра така же правда взѧти и рѹсинѹ дати ѥмѹ ѿ грив̑ себра куна смоленьскаꙗ аже капь послѣ живꙑи ѡ̈станетьс̑ того лѣт̑ коли алъбрахтъ и в ризѣ и на готьскомь березе Аже бꙋдеть на неи первое бꙑлъ а изломле бѹдеть али легьчеѥ бѹдеть то спѹскати влд̑ка рижьскии ѹмерлъ съдумавъ кнѧзь смоленьськии соромъ бꙑлъ взѧти ѥи грив̑ серебра за насильѥ Аже насилуѥть ꛩбѣ в одино мѣсто что лежить ѹ ст҃ое бц҃и на горѣ а дрꙋгаꙗ мьстиславъ дв҃двъ сн҃ъ и присла в ригѹ своѥго люучьшего робѣ а бѹдѹть на нь послѹси дати ѥмѹ грив̑ серебра Така ꙋв латиньскои церькъви ꛩбѣ ровнати аже латиньскꙑи попа ѥремѣꙗ и с нимь ѹмна мѹжа паньтѣлѣѧ правда взѧти русинѹ в ризѣ и на гостьскомь березѣ аже гость съ смольнѧнꙑ приидеть на волокъ метати своѥго города смоленьска та два бꙑла посломь в ризѣ из межи русиномь и латискимь свѧжеть дрѹгъ дрѹга жеребии кого напередъ вести къ смоленьску Аже риги ѥхали на готьскии берегъ тамо твердити миръ ѹтвердили без винꙑ за то платити ·г҃· серебра Аже бѹдеть рѹсинѹ бѹдѹть людьѥ из оное земли тѣхъ послѣ всти миръ што бꙑло немирно промежи смоленьска и плати немьчинѹ а не въсхочеть платити то ть немьчинѹ така же правда взѧти рѹси в ризѣ и на готьскомь риги и готьскимь берегомь всѣмь кѹпцемъ Про сеи миръ просити дѣтьского ѹ тивѹна аже дасть наемъ дѣтьскомѹ березѣ Пискупъ рижьскии месторъ божьихъ дворѧнъ трѹдилисѧ добрии людьѥ Ролъфъ ис кашелѧ бж̑ии а не исправить за ·и҃· дн҃ии товара ѹ рѹ то ть дати ѥмꙋ и вси земледерьжьци Ти дають двинѹ свободьнѹ дворѧнинъ тѹмашь смолнѧнинъ ажь бꙑ миръ бꙑлъ на собѣ порѹка аже смолнѧне не въздадѹть воли самѣмъ ѿ верьхѹ до низѹ в море и по водѣ и по берегѹ и до вѣка и ѹрѧдили пакъ миръ како бꙑло рѹсьи любо и смольнѧномъ долъго ѥго платити та же правда взѧти русинѹ все латиньскомѹ ꙗзꙑкѹ и рѹсьскомѹ Кто всемѹ латиньскомѹ ꙗзꙑкѹ кто в рѹсь гостить На томь в ризѣ и на готьскомь березѣ аже тивѹнъ ѹслꙑшить правꙑи кѹпець ѿ морѧ даѥмъ свободьно кто хочеть мирѹ ажь бꙑ миръ твердъ миръ бꙑлъ тако бꙑло кнѧзю немецьскии гость пришелъ послати ѥмѹ люди с колꙑ перевести горѣ ѥхати или внизъ по двинѣ а ѹ кого сѧ ѹчанъ изъбьеть любо и рижѧнѧмъ всѣмъ и всемѹ латиньскомѹ ꙗзꙑкѹ товаръ а не ѹдерьжати ѥмѹ аже ѹдерьжить въ или челнъ б҃ъ того не даи или ѹ рѹсина или И всѣмъ тѣмъ кто то на въстокъ морѧ ходить Аже бꙑ налѣзли томь с̑ можеть ·ѹчинити пагѹба Которꙑи волочанинъ ѹ немьчина въ тѣхъ волости кто сю свободу далъ правдѹ то написати то написати како то дерьжати возметь немескии товаръ чересъ волокъ вести а што погинить товаръ ѥго своденъ на водѣ и на березѣ Бес пакости рѹсьи с латиньскимь ꙗзꙑкомь правдѹ а латиньскомѹ ѿ того товара што ѥмѹ приказана то платити всѣмъ всѧкомѹ Товаръ иже потоплъ брати въ мѣсто ꙗзꙑкѹ съ рѹсью дерьжати правдѹ Ажь бꙑхомъ то тако волочамъ Та же правда рѹси взѧти и в ризѣ и на готьскомь съ своею дрѹжиною из водꙑ на берегъ аже надобѣ ѹчинили то богови любо А неправду дѣюче промежи того аже латиньскии приидеть къ городѹ свободно ѥмѹ продавати ѥмѹ больше помочи то ть наимѹи при послусѣхъ бои бꙑваеть и чло̑вка ѹбьють до смерти како того чловѣка а противѹ того не молвити никомѹже Тако дѣлати кто бꙑлъ тѹтъ то бѹдеть послѹхъ что имъ посѹлишь ѿплатити ажь бꙑ миръ не разрѹшенъ бꙑлъ то тако рѹсьи и в ризѣ и на готьскомь Аже латиньскии въсъхочеть то даи а боле не даи Та правда латиньскому възѧти платити како то ꛩбоимъ любо бꙑло Здѣ починаѥтьсѧ ѥхати и смольнеска съ своимь товаромь про то ѥго в рѹсьскои земли и вълости кнѧзѧ смоленьского правда аже бѹдеть свободьнꙑи чло̑вкъ ѹбитъ ·ӏ҃· грив̑ серебра кнѧзю не дерьжати ни иномѹ никоможе тако рѹсину ѥхати И въ полотьского кнѧзѧ волости и въ витебьского за головѹ аже бѹдеть холопъ ѹбитъ ꛩдина грив̑ серебра изъ готьского берега до травнꙑ аже рѹсинъ купить ѹ кнѧзѧ волости Коли сѧ грамота писана ишло бꙑло заплатити и въ смоленьсцѣ тако платити и в ризѣ и на готьскомь нѣмьчина товаръ а возметь к собѣ то ть латинескомѹ ѿ ржс̑тва гс̑нѧ до сего лѣта ·а҃~· лѣт̑ и ·с҃· лѣт̑ и ·и҃· лѣт̑ березѣ а за ѡко ·е҃· серебра за рукѹ ·е҃· серебра за ногѹ не взѧти то не възѧти товара навъспѧть рѹсину томѹ и ·к҃· подъ пискѹпомь рижьскимь провъстъ ꙗганъ ·е҃· серебра за всѧкии съставъ по ·е҃· серебра а за зѹбъ ·г҃· грив̑ платити Тако и рѹсинѹ не взѧти ѹ немьчина това своего волъквинъ би҃и дворѧнинъ и подъ горожѧнꙑ рижьскими серебра то правда ѥсть межи насъ с вами Кто бѹдеть назадъ платти ѥмѹ Русинѹ не звати немьчина на и подъ всѣми латиньскими кѹпьц·и сѧ грамота дрѹга билъ деревомь а бѹдуть сини ранꙑ или кръвавъ иного кнѧзѧ сѹдъ лише прѣдъ смолеского кнѧзѧ аже самъ ѹтверьжена всѣхъ кѹпецъ печатью се ꛩрѹдьѥ полѹторꙑ грив̑ серебра платити ѥмѹ а по ѹхѹ ѹдарить въсъхочеть то ть идеть Тако немескомѹ не звати рѹсина исправили ѹмнии кѹпци регньбоде детѧртъ ·г҃· четверти серебра а послѹ и попѹ что ѹчинꙗть на инꙑ сѹдъ лише в ригѹ же на готьскии берегъ Рѹсїнѹ адамъ то бꙑли горожане на готьскомь березѣ мемьбернь за двоѥ того взѧти два платежа Аже кого ѹранѧть не ставити дѣтьского на нѣмьчина не доложивше старостъ врѣдрикъ дѹмьбе ти бꙑли из любъка гиньдрикъ полѹторꙑ грив̑ серебра аже бѹдѣть без вѣка немецьского аже не ѹслѹшаѥть старостꙑ можеть готь ильдигьрь та два бꙑла и съжата конъдратъ тако платити и въ смолесцѣ и в ризѣ и на готьскомь березѣ на него дѣтьского приставити Тако латиньскомѹ на рѹсина шьхель ѡ̈дѣ ꙗганьть киньть та два бꙑла аже изъвинитьс̑ рѹсинъ в ризе или на готьскомь не ставити бирича в ризѣ и на готьскомь березѣ Латиньскомѹ из мюньстрѧ бернѧрь ꛩдѣ волькѣрь та два бꙑла изъ березѣ въ дꙑбѹ ѥго не сажати аже извинитьс̑ латининъ ѥсть кѹпити въ смоленьсцѣ то волно которого грунигь ѥрмьбрехте ꛩдѣ алъбрахтъ та два въ смоленьсцѣ не метати ѥго въ погребъ аже не бѹдеть въсхочеть бес пакости тако дѣлати и рѹси в ризѣ и на бꙑла из доротьмнѧ гиньдрикъ чижикъ из беремень порѹки всадити ѥго въ желѣза аже латининъ дасть готьскомь Латиньскомѹ не ѥхати на воинѹ съ кнѧземь алъбрахтъ слꙋкъ бернѧартъ ꛩдѣ валъторь ѡ̈дѣ рѹсинѹ товаръ свои въ долъгъ ѹ смоленьсцѣ заплатити ни съ рѹсью аже самъ хочеть ать ѥдеть тако и рѹси не ѥхати алъбрахтъ фоготь а ти бꙑли горожане в ризѣ нѣмьчинѹ первоѥ хотѧ бꙑ иномѹ виноватъ съ латиньскимь на воинѹ ни в ризѣ ни готьскомь аже и инѣхъ бꙑло много ѹмнꙑхъ добрꙑхъ людии бꙑлъ рѹсинѹ Тако взѧти рѹсинѹ в ризѣ и на готьскомь хочеть по воли ѥхати Которꙑи рѹсинъ или немчинъ иметь и которꙑи рѹсинъ или латиньскии противѹ березе Аже розъгнѣваѥтьсѧ кнѧзь на своего человѣка татѧ како ѥмѹ любо над нимь Ниꛩдиномѹже рѹсинꙋ сеѥ правдꙑ молвити иметь того почисти а бодетъ виноватъ немьчинѹ рисинъ а ꛩтоиметь не дати пересѹда в ризѣ ни на гостьскомь Тако и латиньскомѹ за лихии мѹжь Сѧ грамота ѥсть вꙑдана на готьскомь кнѧзь все и женѹ и дѣти въ холопьство первое платити в рѹскои земли не дати пересѹда никомѹже Котороѥ березѣ передъ русьскимь посломь и передо ѥмѹ латининѹ а потомь кнѧзю како любо съ своимь ѡрѹдьѥ доконьчано бѹдеть въ смольсцѣ межи рѹси и всѣми латиньскими кѹпци чло̑вкомь Таку правдѹ възѧти рисинѹ в ризѣ и на готьскомь межи немьци пере дъбрꙑми судьꙗ и людьми боле того не березе Аже латининъ дасть кнѧжю холопѹ въ заѥмъ починати в ризѣ и на готьскомь березѣ А што бѹдеть доконьчано или иномѹ добрѹ чло̑вкѹ а ѹмреть не заплативъ в ризѣ и на готьскомь передъ сѹдьꙗми и пере добрꙑми а кто ѥмлеть ѥго ꛩстанокъ томѹ платити нѣмьчинѹ Така людьми того въ смоленьсцѣ не починати Всѧкомѹ правда взѧти рѹсинѹ в ризѣ и на готьскомь березѣ латиньскомѹ ꙗзꙑку из риги из готьского берега Рѹсинѹ не ѹпирати латинина ꛩдиномь послѹхомь до смоленьска без мꙑта тако правда ѥсть а рѹси и смоленьска аже не бѹдеть двою послѹхѹ рѹсина же немьчина добрꙑхъ до вашихъ городовъ а како приидеть латиньскии людии Такоже и латининѹ дѣꙗти В ризѣ и на гость въ городъ с волока дати имъ кнѧгини поставъ гостькомь березѣ Рѹсинѹ не вести латинина къ горѧчему частꙑни а тивѹну на волоцѣ рѹкавици дати аже бꙑ товаръ желѣзѹ аже самъ въсхочеть а латининѹ русина не вести перевез дерьжаньꙗ Латиньскомѹ дати ѿ двою капью А латининѹ не звати рѹсина на поле битъсѧ ни русинѹ воску вѣсцю куна смоленьскаꙗ купить немьчинъ гривнѹ латинина звати в ризѣ и на готьскомь березѣ Аже золота дасть вѣсити а вѣсьцю ногата смоленьскаꙗ латьскии гость бьѥтьс̑ межи събою в русьскои земли любо аже продасть не дати ѥмѹ ничегоже аже немьчинъ мечемь или деревомь Кнѧзю то не надобѣ межю собою сѹдѧтьс̑ Такоже и роськии гость бьѥтьс̑ въ вашихъ городѣхъ немьцемъ не надобѣ,,,
smolensk_C,smolensk,сорома не бꙑло за то платити ·ӏ҃· серебра Таѧ правда русину взѧти ѹ ризе и на гочкомь березе аже будеть первее на неи соромь бълъ взѧти е гривна серба за насилие аже насилуеть робе а будуть послꙋси дати ему гривна серебра Аже межю русиномь и латинскомъ Что сѧ дееть по веременемь то ѿидеть по веременемь приказано будеть добрꙑмъ людѣмъ а любо грамотою ѹтвьрдѧть како то будеть всемъ ведомо или кто после жꙑвꙑи ꛩстанетьсѧ того лѣт̑ коли алъбрахтъ влд҃ка ризькии ѹмерлъ оуздумалъ кнѧзь смоленьскꙑи мстиславъ дв҃двъ сн҃ъ прислалъ ѹ ригу своего луцшего попа еремьѧ и с нимь ѹмна мужа пантелѣѧ изъ своего города смольнска та два бꙑла посломъ оу ризѣ из ригꙑ ехали на гочкꙑи берегъ тамо твьрдити миръ ѹтвьрдили миръ что бꙑло немирно промежю смольнска и ригꙑ и готскꙑмь берегомь всемъ купцемъ Про сеи миръ трудилисѧ добрии людие Ролфъ ис кашлѧ бж̑ии дворѧнинъ тумашь смолнѧнинъ аже бꙑ миръ бꙑлъ и до века ѹрѧдили пакъ миръ како бꙑло русии любо и всему латиньскомѹ ѧзꙑку кто ѹ русь гостить На томь миру аж бꙑ твьрдъ бꙑлъ миръ тако бꙑло кнѧзю любо и рижаномъ всемъ и всему латинскому ѧзꙑку и всемъ темъ кто на ѹстокъ морѧ ходить аж бꙑ налезлъ правду то напсати како то дѣржати руси со латинскꙑмь ѧзꙑкомь и латинскому ѧзꙑку со русию то держати Аж бꙑхомъ что тако ѹцинили того бо̑гъ не даи аж бꙑ промежи нами бои бꙑлъ а любо чло̑вка ѹбиють до см҃рти како чло̑вка то ѿплатити аж бꙑ миръ не розрушенъ бꙑлъ тако плати како то бꙑ ꛩбоимъ любо бꙑло Зде починаетсѧ правда Аже будеть свободнꙑи чло̑вкъ ѹбитъ ·ӏ҃· гривенъ серебра за голов̑ Аже будеть хотелъ погубити ·а҃· гривна себра платити ѹ смоленске тако платити и ѹ ризѣ и на гоцкомъ березѣ око рука нога или ино что любо по пѧти гривенъ серебра ѿ всѧкого платити за ꛩко ·е҃· серебра за руку ·е҃· серебр за ногу ·е҃· серебра и за всѧкꙑи сустав̑ ·е҃· себра̑ за зубъ ·г҃· серебра и смоленске и ѹ ризѣ и на гочкомь березѣ Кто биеть друга деревомь а будеть с нимь любо кровавъ полъторꙑ серебра платит ему по ѹхѹ ѹдарить ·г҃· чтвьрти серебра послу и попу что ѹцинѧть за двое того ѹзѧти два платежа Аже кого ѹрѧнѧть полъторꙑ гривнꙑ серебра аже будеть без века То платити ѹ ризѣ и ѹ смоленске и на гочкомь березе аже извинитсѧ русинъ ѹ ризѣ или на гочкомь березе ѹ дꙑбу его не сажати Аже извинитсѧ латининъ ѹ смоленске не метати его ѹ погребъ Аже не будеть порукꙑ то ѹ зельза ѹсадите Аже латининъ дасть русину ѹ дологъ товаръ свои ѹ смоленске заплатити немчину первее хотѧ бꙑ иному кому виноватъ бꙑлъ русину Тако ѹзѧти русину ѹ ризе и на гоцкомь березе Аже розгнѣваетсѧ кнѧзь на своего чло̑вка а будеть виноватъ немчицю русинъ а ѿиметь кнѧзь все жену и дѣти ѹ холопство первое платити ему латинину а потомь кнѧзю како любо своимь чло̑вкмъ Таку правду взѧти русину ѹ ризе и на гоцкомь березе Аже латининъ дасть кнѧжю холопу во заимъ или иному добру чло̑вкѹ а ѹмр҃ть не заплативъ а кто емлеть егӧ останокъ тому платити немчину Такова правда ѹзѧти рѹсину ѹ ризе и на гоцкомъ березе Рѹсину не ѹпирати латинина ꛩднемь послухомь аже не будеть двою послуху одиного немцича а другого русина добрꙑхъ людии Тако латининѹ не перепрети русина аже не будеть послуха русина а другого немцина ѹ ризе и на гоцкомь березе Русину не вести латинина ко железу горѧцему аже самъ восхочеть А латинину тако русина не вести аже самъ восхочеть Русину не звати латинана на поле битсѧ ѹ русьскои земли А латинину не звати русина на поле битсѧ ѹ ризе и на гоцкомь березе Аже латинскꙑи гость биетсѧ межи собою ѹ рускои земли любо мецемь или деревовомь кнѧзю то не надобе сами межю собою судити Тако аже рускꙑи гость биетсѧ ѹ ризе или на гочкомь березе латине то не надобе атъ сами промежи ѹрѧдѧтсѧ Аже застанеть русинъ латинского чло̑вка ѹ своие женꙑ за то платити ·ӏ҃· серебра Таѧ правда дати русину ѹ ризе и на готскомь березе платити Аже латинскꙑи чло̑вкъ ѹцинить насилие свободне жене а будеть переже на неи свѧжеть другъ друга без винꙑ за то платити гривнꙑ ·г҃· серебра Аже будеть русинѹ платити латинскому а не восхоцеть плати то ть латинскому просити детского ѹ тиуна аже дасть наемъ детскому а не исправить товара ѹ русина за ·и҃· днии тъ ть дати ему на собе порука аже смолнѧне не дадуть ему воле смолнѧномъ самꙑмъ платити долгъ тъ Таѧ правьда ѹзѧти русину ѹ ризе и на гоцкомь березе Аже тиѹнъ ѹслꙑшить латинскꙑи гость пришелъ послати ему люди с колꙑ перевести товаръ А не ѹдержати ему аже ѹдержить ѹ том сѧ можеть ѹцинити пагуба Которꙑи волочанинъ возметь латинскꙑи товаръ чересъ волокъ вести а что погꙑбнеть ѡт того товара что ему приказано То платити всемъ волоцаномъ Та правда ѹзѧти руси ѹ ризе и на гоцкомь березе Аже латинскꙑ придеть ко городу свободно ему продавати а противу того не молвити никомужь Тако делати руси ѹ ризе и на гочкомь березе Аже латинскꙑи ѹсхоцеть ехати и смоленска со своимъ товаромь во ину сторону про то его кнѧзю не держати ни иному никомужь Тако русину ехати из гоцкого берега до травнꙑ Аже русинъ купитъ ѹ латинского чло̑вка товаръ а возметь к собе то ть латинскому не взѧти товара навспѧть русину тому платити тако русину не взѧти товара своего у латинского опѧть платити ему Русину не звати латинского на иного кнѧзѧ судъ лише предъ смоленского кнѧзѧ аже самъ восхочеть то идеть тако латинскому не звати русина на инꙑи судъ лише ѹ ригу и на гочкꙑи берегъ Русинѹ не ставитити на латиниского детского не ѧвивше старосте латинскому аже не слушаеть старостꙑ то ть можеть на него детского приставити Тако латинскому не ставити бирица ѹ ризе и на гоцко березѣ Латиньскому волно есть ѹ смоленске которꙑи товаръ хочеть то ть купить безъ пакости Тако делати русину ѹ ризе и на гоцкомь березе Латинскому не ехати на воину с кнѧземь ни со русию аже самъ хочеть то ть идеть Тако рисину не ехати с латинскꙑмъ на воину ни ѹ ризе ни на гоцкомь березе аже хочеть самъ то ть едеть Которꙑи русинъ или латинскꙑи иметь татѧ надъ тимь ему с волѧ камо его хочеть тамо его джеть Ниꛩдиномуже русину не дати пересуда ѹ ризе ни на гоцкомь березе Тако латинскому ѹ рускои земли не дати пересуда никомуже Которое ꛩрудие доконцано будеть ѹ смоленске межю русию и межи латинскꙑмь ѧзꙑкомь предъ судиѧми и предъ добрꙑми людми Боле того не починати ѹ ризе ни на гочкомь березѣ А что будеть доконцано ѹ ризе и на готскомь березѣ предъ судиѧми и предъ добрꙑми людми того ѹ смоленске не починати Всѧкомѹ латинскому чло̑вку свобонъ путь из гочкого берега и до смоленска без мꙑта таѧ правда есть руси и смоленска до гочкого берега Како то будеть како придуть латинскꙑи гость ѹ городъ с волока Дати имъ кнѧгини поставъ цастинꙑ Тиуну на волоче дати рукавице аж бꙑ товаръ перевезлъ безъ держаниѧ Латинскому дати ѿ двою капию воску весцю куна смоленскаѧ купитъ латинскꙑи гривну золота дасть весити дати вѣсцѣви ногата смоленскаѧ аже продасть не дати ничегожь аже латинскꙑи купить судꙑ сребренꙑе дати ему весцю ѡт гривнꙑ сребра по ногате смоленскои аже продасть не дати ничегожь аже латинскꙑи купить гривну серебра дати ему весцю двѣ векши аже продасть не дати ничегоже аже латинскꙑи дасть серебро пожигати дати ему ѿ гривнꙑ серебра куна смоленскаѧ Аже капь чимь то весѧть изломлена будеть а любо лѣгце будеть то ть спускивати обѣ во одино место что лѣзить ѹ ст҃ое бц҃е на горе а другаѧ ѹ латинское цр҃кви обѣ ровнати аже латинскꙑи гость смолнѧнꙑ приедеть на волокъ то ть метати жеребие кого напередъ вести ко смоленску Аже будꙋть людие из ꙑное земле техъ после вести таѧ правда ѹзѧти руси ѹ ризѣ и на гоцкомь березе Пс҃кпъ ризкии масторъ бо̑жих дворѧнъ и вси земледержци Ти дають двину свобону ѿ верху и до низу ѹ море и по воде и по земли Всему латинскому ѧзꙑку и русии Кто правꙑи купець есть ѡт морѧ свобоно даемо есть кто хочеть по двине ехати ѹверхъ и ѹнизъ ѹ кого сѧ избиеть ѹцанъ или члънъ богъ того не даи или ѹ русина или ѹ немецкого ѹ техъ волости кто сю свободу далъ товаръ его свобонъ и на воде и на березѣ Бес пакости всѧкому Товаръ иж то потополъ брати ѹ место своею дружиною из водꙑ на берегъ Аже надобе ему болше помоци То ть наимуи при послусехъ кто бꙑлъ туто будеть послухъ что имъ посулишь то имъ даи а боле не даи Таѧ правда латинскому взѧти ѹ рускои земли ѹ волости кнѧзѧ смоленского и ѹ полотского кнѧзѧ волости и ѹ витьбского кнѧ волости Коли сѧ грамота псана ишлъ бꙑло ѡт ржс̑тва гс̑нѧ до сего лѣт̑ ·а҃~· лѣт̑· и ·с҃· лѣт̑ и ·к҃· Подъ пс҃кпмь ризкимь прѹв̑стъ ѧганъ масторъ волквинъ бж҃ии дворѧнинъ и подъ горожанꙑ ризкими предъ всеми латинскꙑми купци регньбодъ детѧрдъ адамъ то бꙑли горожане на готскомь березе мьмьбернь фредрикъ думбѣ ти бꙑли из любка индрикъ готь илдигьрь та два бꙑла и зожата кондратъ шхелѣ оде ѧганте кентить та два бꙑла из муньстьрь бернѧрь оде волъкерь та два бꙑла иизъ грюнигь ермебрехтъ ꛩде албрахтъ та два бꙑла из #тмѧнѧ гиндрикъ цижикъ из бремень албрахтъ слукъ бернѧртъ ꛩде валтоторъ оде алъбрахтъ фоготь что бꙑли горожане ѹ ризе инехъ много ѹмнꙑхъ добрꙑхъ люди которꙑи русинъ или латинскꙑи противу сее правдꙑ поцнеть того почисти за лихии мужь сѧ грамота есть вꙑдана на гоцкомь бѣрезѣ предъ рускꙑмь посломь и предъ всеми латинскими купци,,,
smolensk_D,smolensk,что сѧ въ которое вѣремѧ нѧчнеть дѣꙗти то ѹтвьржають за недѣлю лзѣ емѹ рѹсина поꙗти домовь аще ли кто ѹ насилье жюжа.жата кондратъ кривꙑи еганъ кинотъ ти же сѹть грамотою а бꙑша сѧ не забꙑли познаите на памѧть держите поиметь томѹ товаръ платити та же правда бѹди рѹси въ из мѹньстерѧ берникъ фолкꙑрь ти сѹть из грѹли ꙗремъ.брахтъ нꙑнѣшнии и по сѣмь веремени вѹдѹчи Къ комѹ̈ ризѣ и на готьскомь березе а како ѹслꙑшить волочьскꙑи тивѹнъ и алъбрахтъ ти же сѹть из дротминꙑ индрикъ си грамота придеть того лѣта коли епп҃ъ алъбрахтъ рижьскꙑи ожо гость немечьскꙑи съ смолнѧнꙑ приехалъ на волокъ чижикъ ти же из брѧмь альбрѧкъ слѹкъ берьнѧрь валтѣрь мьртвъ кнѧзь мьстиславъ дв҃двчь послалъ свое мѹже послати емѹ чл҃вка своего въборзѣ къ волочаномъ ать перевезѹть алберь сѹдиꙗ рижьскꙑи то же сѹть рижане аще къторꙑи геремеꙗ попа пантелеꙗ сотьского ѿ смолнѧнъ въ ригѹ немецьскии гость и смолнѧнꙑ с товаромь а никтоже рѹсинъ или немчичь противити въсхочеть сеи а из ригꙑ на готьскꙑи берегъ ѹтвьрживати миръ розлюбье иметь имъ пакостити зане в тои пакости велика пагѹба бꙑваеть правде да тъ противенъ б҃ѹ и сѣи правдѣ на сторонѹ ѿвѣречи которое бꙑло межю немци и смолнѧнꙑ ѿ погани смолнѧномъ и немцомъ метали же жеребии А што немѣцьскꙑх̑ дворѡвъ и дворищь смѡлѣньскѣ а за тотъ миръ страдалъ рѹлфъ ис кашлѧ и тѹмашь михалевичь комѹ поити черес волокъ напередъ аще инꙑи бѹдеть гость кѹплѣнинꙑ и цр҃кве ихъ мѣсто не надобѣ никомѹжо а бꙑ добросердье межю ихъ бꙑло а бꙑ рѹсьскꙑмъ рѹскꙑи томѹ поити позадѹ а како бѹдеть гость немецьскꙑи комѹ дадѧть ли посадѧть ли кого кѹпцомъ въ ризѣ и на готьскомь березѣ а немецьскꙑмъ въ городѣ дати имъ кнѧгꙑни поставъ частинꙑ а тивѹнѹ немци то по своеї вѡли а на которѡмь подворьи кѹпцомъ въ смоленьскои волости любо бꙑло како миръ ѹтвьржонъ волочьскомѹ рѹкавицѣ пьрстатꙑ готьские а которꙑи стоꙗть немци или гость немьцьскии и добросердье а бꙑ въ вѣкꙑ стоꙗло и кнѧзю любо волочанинъ въскладꙑвать товаръ немецьскии или не поставити на томь дворѣ кнѧзю ни татарина бꙑ и всѣмъ смолнѧномъ и рижаномъ и всемъ немцомъ смоленьскии на кола своꙗ черес волокъ вѣсти а што погꙑнеть ни иного которого пѡсла по въсточномѹ морю ходѧщимъ ѡже такѹю правдѹ напсали товара то то всѣмъ волочаномъ платити та жо правда которою правдою бꙑти рѹсинѹ въ ризѣ и на готьскомь бѹди рѹси въ ризѣ на готьскомь березе а како немецьскии березе тою же правдою немцомъ въ смоленьскѣ а бꙑша сѧ гость бѹдеть смоленьскѣ городе тако емѹ продати свои товаръ тои правде дьржали въвъ вѣкꙑ б҃ъ того не даи оже розбои грехомь безъ всѧкое борони а како бѹдеть рѹсьскꙑи гость в ризе пригодитьсѧ межи немци и мѣжи рѹси что за что ли на готьскомь березе волно же имъ продати свои товаръ платити а бꙑ миръ не разрѹшонъ а бꙑ рѹсинѹ и немчичю безъ всѧкое борони аще которꙑи немчичь хочеть ити съ любо бꙑло А се починокъ правдѣ оже бьють волного чл҃вка своимь товаромь в ꙑнъ городъ кнѧзю не боронити ни смолнѧномъ платити за головѹ ·ӏ҃· гривенъ серебра а за гривнѹ серебра по ·д҃· али которꙑи рѹсинъ хочеть поити съ готьского берега гривнꙑ кѹнами или пенѧзи а за холопа гривна серебра аже въ немецьскѹю землю въ любекъ немцомъ не боронити кто холопа ѹдарить то грив̑на кѹнъ та жо правда бѹди смоленьскѣ имъ того пѹте аще которꙑи товаръ възметь рѹсинъ ѹ немчича и въ ризѣ на готьскомь березѣ аще око вꙑбьють или а понесеть из двора тꙑи товаръ не ворочаетсѧ которꙑи немчичь рѹкѹ ѿтнѹть или ногѹ или инаꙗ хромота котораꙗ на телѣ товаръ кѹпилъ ѹ рѹсина из двора понеслъ рѹсинѹ ·е҃· грв҃нъ серебра а за зѹбъ ·г҃· грв҃нꙑ серебра та жо правда бѹди нелзѣ позвати немчича на обчии сѹдъ разве на смоленьского смоленьскѣ въ ризѣ на готьскомь березе аще кто деревомь ѹдарить кнѧзѧ аже влюбить немчичь на обчии сѹдъ то его волѧ немьчичю чл҃вка до кръви полѹторꙑ грв҃нꙑ серебра аще ѹдарить же нелзѣ звати рѹсина въ ризе на готьскомь березе въсхочеть по лицю или за волосꙑ иметь или батогомь шибеть платити ли рѹсинъ на обчии сѹдъ его волѧ в томь рѹсинѹ нелзе безъ четвьрти грв҃на серебра аще послови пригодитьсѧ пакость приставити детьского на немчича смоленьскѣ нъ переже или поповиви въсѧкои обидѣ за два чл҃вка платити обестити емѹ стареишомѹ ожо стареишии его не ѹмолвить то за нь аще кто дрѹга ранить а хромотꙑ на телѣ не бѹдеть лзѣ емѹ детьскии приставити тако и немчичю въ ризѣ и на полѹторꙑ грв҃нꙑ серебра платити аще рѹсьскꙑи гость въ готьскомь березѣ нелзѣ емѹ приставити детьского аже бѹдеть ризѣ или на готьскомь березѣ извинитсѧ никакоже его въсадити рѹсинѹ товаръ имати на немчичи ли въ ризѣ ли на готьскомь въ дꙑбѹ ѡ̈же бѹдеть порѹка по нь то дати на порѹкѹ березе ли въ которомь городѣ немецьскомь нъ ити не бѹдет ли порѹкꙑ то лзѣ и въ железа въсадити или немечьскꙑи истьцю к ꙑстьцю и взѧти емѹ та правда котораꙗ то в томь городѣ гость извинитсѧ смоленьске нелзѣ его въверечи въ а рѹбежа не дѣꙗти а немчичю та же правда взѧти в рѹси погребъ ожо не бѹдеть по нь порѹкꙑ лзѣ его въ железа въсадити а немчичю платити вѣсцю ѿ двою капью кѹна смоленьскаꙗ ожо немецьскꙑи гость дасть свои товаръ въ долгъ аже немчичь крьнеть грв҃нѹ золота платити емѹ ногата вѣсцю смоленьскѣ а рѹсинъ бѹдеть должонъ рѹси немчичю напередъ или продасть не дати емѹ ни векше аще крьнеть немчичь взѧти та же правда и рѹсинѹ бѹди въ ризѣ на готьскомь грв҃нѹ серебра дати емѹ весцю ·в҃· вѣкши или продасть не дати березѣ аще кнѧзь възвержеть гнѣвъ на рѹсина повелить емѹ ожо немчичь дасть серебро плавити дати емѹ кѹна смоленьскаꙗ его розграбити съ жоною съ дѣтми а рѹсинъ должонъ бѹдеть ѿ гривнꙑ аще сѧ вощнꙑи пѹдъ исказить лежить капь немчичю напередѣ взѧти а потомь како б҃ви любо и кнѧзю въ ст҃ое бц҃е на горѣ а дрѹгаꙗ въ немецьскои бц҃и то темь пѹдъ изверѧче та же правда бѹди рѹсинѹ въ ризѣ на готьскомь березѣ право ѹчинити та же правда бѹди рѹсь въ ризѣ на готьскомь или немѣчьскꙑи гость дасть холопѹ кнѧжю или боꙗрьскѹ березе немчичю же волно кѹпити всѧкꙑи товаръ смоленьске а кто его задницю возметь то в того немчичю товаръ взѧти без борони такоже и рѹсинѹ волно кѹпити всѧкꙑи товаръ та жо правда бѹди рѹсинѹ въ ризѣ на готьскомъ березе рѹсинѹ без борони в ризѣ и на готьскомь березе немчичю же не надобѣ никакое же нелзѣ възвѣсти одиного рѹсина въ послѹшьство мꙑто и смоленьска и до ригꙑ а из ригꙑ и до смоленьска такоже нъ поставити рѹсина же немчича въ послѹшьство та же правда рѹсинѹ не надобѣ мꙑто з готьского берега до ригꙑ из ригꙑ бѹди немцомъ смоленьскѣ рѹсинѹ же нелзѣ имати немчича до смоленьска аще смоленьскии кнѧзь поедеть на воинѹ не надобѣ на железо такоже и немчичю рѹсина аже возлюбить самъ же немецьскомѹ гостьи оже въсхочеть съ кнѧземь ехати то своѧ ѥмѹ своею волею то его волѧ рѹсинѹ же нелзѣ позвати немчича на волѧ такоже и рѹсинѹ волѧ въ ризе на готьскомь березе аще поле смоленьске ни немчичю въ ризѣ на готьскомь березе или рѹсинъ или немчичь иметь тате въ своего товара в томь его волѧ немѣчьскꙑи гость иметь сѧ бити межю собою мѣчи в рѹси или рѹсинѹ же не дати пересѹда ни въ ризе ни на готьскомъ березе сѹлицами кнѧзю то не надобе никакомѹ рѹсинѹ ать правѧтьсѧ ни немчичю платити пересѹда смоленьске котораꙗ си тѧжа сами по своемѹ сѹдѹ та же правда бѹди рѹси въ ризе бѹдеть сѹжона смоленьскѣ или ѹ кнѧзѧ или ѹ тивѹна или на готьскомь березе ать правѧтсѧ сами по своемѹ сѹдѹ а иже иметь ѹрѧдили бѹдѹть добрии мѹжи боле же не поминати того ни рѹсинъ немчича ѹ своеѥ жонꙑ за соромъ ·ӏ҃· грв҃нъ серебра въ ризе ни на готьскомь березе та же правда бѹди немецьскомѹ та же правда бѹди рѹсинѹ въ ризе и на готьскомь березе гостьи смоленьскѣ а пѹдъ дали немци волочаномъ иже то имь аще которꙑи немчичь ѹчинить насилье надъ волною женою товаръ возити на волоце всѧкомѹ гостьи то ци да коли исказитьсѧ смоленьскѣ а дотолѣ не слꙑшати бꙑло блѧдне ее ·е҃· грв҃нъ серебра а подрѹгъ его лежить въ немецьскои божници а дрѹгꙑи за соромъ та жо правда бѹди рѹсинѹ въ ризе на готьскомь ковати изверивши темь ѥпп҃ъ же рижьскꙑи фолкѹнъ березѣ бѹдет ли дотолѣ блѧла грв҃на серебра за соромъ аще которꙑи мастеръ бж҃иихъ дворѧнъ и все волостелеве по рижьскои земли немчичь ѹчинить насилье надъ робою грв҃на серебра за соромъ дали двинѹ волнѹ ѿ ѹстьꙗ до вьрхѹ по водѣ и по берегѹ аще рѹсинъ ли немчичь дрѹгъ дрѹга свѧжеть без винꙑ всѧкомѹ гостьи рѹсьскомѹ и немецьскомѹ ходѧщимъ ·г҃· грв҃нꙑ серебра за соромъ или рѹсинъ должьнъ бѹдеть немьчичю вънизъ въвьрхъ б҃ъ того не даи аче кого притча прииметь а не хочеть сѧ платити емѹ то просити детьского ѹ ли лодьꙗ ѹразитсѧ ли рѹсьскаꙗ ли немецьскаꙗ кнѧзѧ ли ѹ тивѹна а детьскии возма почтѹ жо не исправить волно емѹ свои товаръ безъ всѧкое борони къ берегѹ аже емѹ въ пособленье людии мало бѹдеть а ктомѹ принаꙗти людии бѹдеть емѹ въ помочь што бѹдеть сѹлилъ имъ наима черес то имъ боле не взѧти та жо правда бѹди рѹсинѹ и немчичю по смоленьскои волости по полотьскои по витьбьскои а си грамота написана бꙑс̑ ѿ распѧтьꙗ бꙑло ·҂а҃· лѣт̑ и ·с҃· лѣт и ·л҃· лѣт̑ безъ лета а при епп҃ѣ рижьскомь николаи и при попѣ иѡ̈анѣ при мастере фолкѹне при рижьскꙑхъ мѹжихъ при многꙑхъ кѹпцихъ римьскаго цс̑ртва еже есть техъ печать на грамоте сѣи а се же сѹть послѹси томѹ регемъ:бодъ тетартъ адамъ горожане на готьскомь березе мѣмберь вередрикъ дѹмомь из любка ти сѹть андрикъ готъ илиерь ти же сѹть изъ,,,
smolensk_E,smolensk,что сѧ въ которое вѣрѣмѧ начнеть дѣꙗти то ѹтвьрживають грамотою нъ переже ѡбѣстити ѥмѹ стареишемѹ ѡже стареишии ѥго не ѹмолвить а бꙑша сѧ не забꙑли познаите и на памѧть дьржите нꙑнѣшнии то лзе ѥмѹ децьскꙑи приставити такоже и немчичю въ ризѣ и на готьскомь березѣ и по семь врѣмѣни бѹдѹчи Къ комѹ си грамота нелзѣ ѥмѹ на русина приставити дьцьского аже бѹдеть рѹсинѹ товаръ придеть того лѣта коли ѥпс̑пъ алъбрахтъ рижьскꙑи мьртвъ имати на немчичи или въ ризѣ или на готьскомь березѣ или въ которомь городѣ кнѧзь мьстиславъ дв҃двчь послалъ своѥ мѹже геремѣꙗ попа пантѣлѣꙗ въ немецьскомь нъ ити истьцю к ꙑстьцю и взѧти ѥмѹ та правда котораꙗ то в томь сътьского ѿ смолнѧнъ въ ригѹ а из ригꙑ на готьскꙑи берегъ городѣ а рѹбѣжа не дѣꙗти а немчичю та же правда взѧти въ рѹси а немчичю ѹтвьрживати миръ розлюбие на сторонѹ ѿвѣрѣчи котороѥ платити вѣсцю ѿ дъвою капию кѹна смоленьскаꙗ аже немчичь крьнѣть бꙑло мѣжи немци и смолнѧнꙑ а за тотъ миръ страдалъ рѹлъфъ грв҃нѹ золота плати ѥмѹ ногата вѣсцю или продасть не дати ѥмѹ ни вѣкъше ис кашлѧ и тѹмашь михалѣвичь а бꙑ добросьрдие мѣжи или которꙑи немчичь кѹпить съсѹдъ серебрьнꙑи дати ѥмѹ ѿ грв҃нꙑ кꙋна ихъ бꙑло а бꙑ рѹсьскꙑмъ кѹпьцемъ въ ризѣ и на готьскомь березѣ вѣсцю или продасть не дати ѥмѹ ни вѣкше аще кринеть немчичь грв҃нѹ а немѣцьскꙑмъ кѹпцемъ въ смѻленьскои волости любо бꙑло како серебра платити ѥмѹ вѣсцю ·в҃· векши или продасть не дати ѥмѹ ѡже немчичь миръ ѹтвьрженъ и добросьрдиѥ а бꙑ въ вѣкꙑ стоꙗло и кнѧзю любо дасть серебро плавити дати ѥмѹ кѹна смоленьскаꙗ ѿ грв҃нꙑ аще сѧ бꙑ и всѣмъ смолнѧномъ и рижаномъ и всѣмъ немцемъ по въсточномѹ вощнꙑи пѹдъ исказить лежить же капь въ ст҃ое бц҃е на горѣ а дрѹгаꙗ капь морю ходѧщимъ аже такѹю правдѹ напсали которою въ немецьскои бц҃и то тѣмь пѹдъ извѣрѧче право ѹчинити та же правда правдою бꙑти рѹсинѹ въ ризѣ и на готьскомь березѣ тою же правдою бѹ̈ди рѹсьи въ ризѣ и на готьскомь березѣ немчичю же волно кѹпити всѧкꙑи немцемъ въ смоленьске а бꙑша сѧ тои правдѣ дьржали въ вѣкꙑ товаръ смоленьске без борони такоже и рѹсинѹ волно кѹпити всѧкꙑи товаръ б҃ъ того не даи ѡже розбои грѣхъмь пригодитьсѧ межи немци и без борони въ ризѣ и на готьскомь березѣ немчичю же не надобѣ никакоѥ межи рѹси что за что платити а бꙑ миръ не раздрѹшенъ а бꙑ рѹ·синѹ мꙑто исъ смоленьска и до ригꙑ а из ригꙑ и до смоленьска такоже и рѹсинѹ и немчичю любо бꙑло А се починокъ правдѣ ѡжо биють вольного не надобѣ мꙑто из готьского берега и до ригꙑ а из ригꙑ и до смоленьска аще чл҃вка платитити за головѹ ·ӏ҃· гривенъ серебра а за гривнѹ серебра смоленьскꙑи кнѧзь поидеть на воинѹ не надобѣ же немецьскомѹ гостьи ѡже по ·д҃· гривнꙑ кѹнами или пенѧзи а за холопа грв҃на серебра въсхочеть съ кнѧземь поѥхати то своꙗ ѥмѹ волѧ такоже бѹди рѹсинѹ волѧ въ аже кто холопа ѹдарить то гривна кѹнъ та жо правда бѹди смоленьске ризѣ и на готьскомь березѣ аже рѹсинъ или немчичь иметь тате ѹ своѥго товара и въ ризѣ и на готьскомь березѣ аще бо ѡко вꙑбьють или рѹкѹ а в томь ѥго волѧ што хочеть то ѥго волѧ рѹсинѹ же не дати пересѹда ни ѿтнѹть или ногѹ или инаꙗ хромота котораꙗ на телѣ ·е҃· гривенъ въ ризѣ ни на готьскомъ березѣ ни немчичю платити пересѹда смоленьске серебра а за зѹбъ ·г҃· гривнꙑ серебра та же правда бѹди ѹ смоленьске котораꙗ си тѧжа бѹдеть сѹжена смоленьске или ѹ кнѧзѧ или ѹ тивѹна и въ ризѣ и на готьскомь березѣ аще кто деревомь ѹдарить чл҃вка до кръви или ѹрѧдили бѹдѹть добрии мѹжи боле же не поминати того полѹторꙑ гривнꙑ серебра аже ѹдарить по лицю или за волосꙑ иметь ни въ ризѣ ни на готьскомь березе та же правда бѹди немецьскомꙋ или батогомь шибеть платити бесъ четверти гривна серебра гостьи смоленьскѣ а пѹдъ дали немци волочаномъ иже то имь товаръ аще послови пригодитьсѧ пакость или попови въсѧкои ѡбидѣ возити на волоцѣ всѧкомѹ гостьи то ци да коли исказитьсѧ а подрѹгъ за дъва чл҃вка платити за нь аще кто дрѹга ранить а хромотꙑ ѥго лежить въ немецьскои божници а дрѹгꙑи ковати извѣривъши тѣмь на телѣ не бѹдеть полѹторꙑ гривнꙑ серебра платити аще рѹсьскꙑи ѥпс̑пъ же рижьскꙑи фолкѹнъ мастеръ бж҃ьихъ дворѧнъ и все волостелеве гость въ ризѣ или на готьскомь березѣ извинитьсѧ никакоже по рижьскои земли дали двинѹ волнѹ ѿ ѹстиꙗ до вьрхѹ и по водѣ ѥго въсадити въ дꙑбѹ ѡже бѹдеть порѹка по нь то дати на порѹкѹ и по берегѹ всѧкомѹ гостьи рѹсьскомѹ и немецьскомѹ ходѧщимъ не бѹдѣт ли порѹкꙑ то лзѣ и въ желѣза въсадити или немѣцьскꙑи и вънизъ и въверхъ б҃ъ того не даи аче кого притъча прииметь ли лодьꙗ ѹразитсѧ гость извинитьсѧ смоленьске нелзѣ ѥго въверечи въ погребъ или рѹсьскаꙗ или немецьскаꙗ волно ѥмѹ свои товаръ привести безъ ѡ̈же не бѹдеть по нь порѹкꙑ лзѣ ѥго въ желѣза въсадити ѡ̈же всѧкое борони къ берегѹ аже ѥмѹ въ пособление людии мало бѹдеть а ктомѹ немѣцьскꙑи гость дасть свои товаръ въ долгъ смоленьске а рѹсинъ бѹдеть ѥмѹ принаꙗти людии въ помочь што бѹдеть имъ сѹлилъ бѹдеть долженъ рѹси немчичю напередъ взѧти та же правда и рѹсинѹ наима черес то имъ боле не взѧти та же правда бѹди рѹсинѹ бѹди въ ризѣ и на готьскомь березѣ аще кнѧзь възвѣржеть гнѣвъ и немчичю по смоленьскои волости и по полоцьскои по витьбьскои на рѹсина и повѣлить ѥго розграбити съ женою и съ дѣтми а рѹсинъ а си грамота написана бꙑс̑ ѿ распѧтиꙗ бꙑло ·҂а҃· лѣт̑ и ·с҃· лѣт̑ и ·л҃· долженъ бѹдеть немчичю наперѣдѣ взѧти а потомь како бг҃ви любо лѣт̑ без лѣта а при ѥпс̑пѣ рижьскомь николаи и при попѣ иѡанѣ и и кнѧзю та же правда бѹди рѹсинѹ въ ризѣ и на готьскомь березѣ при мастере фолкѹнѣ и при рижискꙑхъ мѹжихъ и при многꙑхъ кꙋпцихъ или немецьскꙑи гость дасть холопѹ кнѧжю или боꙗрьскѹ а кто ѥго римьскаго цс̑ртва ѥже ѥсть тѣхъ печать на грамотѣ сеи а се же задницю возметь то въ того немчичю товаръ взѧти та жо правда сѹть послѹси томѹ регемъ·бодъ тетартъ адамъ горожане на готьскомь бѹди рѹсинѹ въ ризѣ и на готьскомъ березѣ рѹсинѹ же нелзѣ възвѣсти березѣ мѣмбѣрь верѣдрикъ дѹмомѣ из любка ти сѹть въ послѹшьство ѡдиного рѹсина нъ поставити рѹсина же немчича въ послѹшьство андрикъ готъ илиерь ти же сѹть изъ жюжа·жата кондратъ кривꙑи та же правда бѹди немцемъ смоленьске рѹсинѹ же нелзе ѥганъ кинотъ ти же сѹть из мѹньстѣрѧ берникъ и фолкꙑрь ти имати немчича на желѣзо такоже и немчичю рѹсина аже възлюбить же сѹть из грѹли ꙗрѣмъ·брахтъ и алъбрахтъ ти же сѹть из дротминꙑ самъ своею волею тъ ть ѥго волѧ рѹсинѹ же нелзе позвати немчича на индрикъ чижикъ ти же из брѧмь альбрѧхъ слѹкъ берьнѧрь вальтѣрь поле смоленьске ни нѣмчичю въ ризѣ и на готьскомь березѣ или немѣцьскꙑи албѣрь сѹдиꙗ рижьскꙑи то же сѹть рижане аще которꙑи рѹсинъ гость имѣть сѧ бити мѣжи собою мечи в рѹси или сѹлицами или немчичь противитисѧ въсхочеть сеи правдѣ да тъ противенъ кнѧзю то не надобѣ никакомѹ рѹсинѹ ать правѧтьсѧ сами по своѥмѹ сѹдѹ б҃ѹ и сеи правдѣ та же правда бѹди рѹси въ ризѣ и на готьскомь березѣ ать правѧтсѧ А что немечкꙑхъ дворовъ и дворищь ѹ смолѣнеске кѹплѣнъхъ сами по своѥмѹ сѹдѹ аже иметь рѹсинъ немчича ѹ своѥе женꙑ за соромъ и цр҃кве ихъ мѣсто не надобе никомѹже комѹ дадѧть или посадѧть ·ӏ҃· гривнъ серебра та же правда бѹди рѹсинѹ въ ризѣ и на готьскомь березѣ кого немци то по своѥи воли а на которомь подвории стоꙗ̈ть аще которꙑи немчичь ѹчинить насилье надъ волною женою смоленске немци или гость немьцкꙑи не поставити кнѧзю на томь дворе ни татарина а дотолѣ не слꙑшати бꙑло блѧдне ѥе ·е҃· грв҃нъ серебра за соромъ та же правда ни иного которого посла бѹди рѹсинѹ въ ризѣ и на готьскомь березѣ бѹдет ли дотолѣ блѧла грв҃на серебра за соромъ аще которꙑи немчичь ѹчинить насильѥ надъ робою грв҃на серебра за соромъ аще рѹсинъ или немчичь дрѹгъ дрѹга свѧжеть без винꙑ ·г҃· грв҃нꙑ серебра за соромъ или рѹсинъ долженъ бѹдеть немчичю а не хочеть сѧ платити ѥмѹ то просити дьцьского ѹ кнѧзѧ или ѹ тивѹна а децьскꙑи возма почтѹ же не исправить за неделю лзѣ ѥмѹ рѹсина поꙗти домовь аще ли кто ѹ насильѥ поиметь томѹ товаръ платити та же правда бѹди рѹси въ ризѣ и на готьскомь березѣ а како ѹслꙑшить волоцьскꙑи тивѹнъ ѡ̈же гость немѣцьскꙑи съ смолнѧнꙑ приѥхалъ на волокъ послати ѥмѹ чл҃вка своѥго въборзѣ къ волочаномъ ать перевезѹть немѣцьскꙑи гость и смолнѧнꙑ с товаромь а никтоже иметь имъ пакостити занеже в тои пакости вѣлика пагѹба бꙑваеть ѿ погани смолнѧномъ и немцемъ метали же жеребии комѹ поити чересъ волокъ напѣредъ аще инꙑи гость бѹдеть рѹськꙑи томѹ поити позадѹ а како бѹдеть гость немецьскꙑи въ городѣ дати же имъ кнѧгꙑни поставъ частинꙑ а тивѹнѹ волоцьскомѹ рѹкавицѣ перъстатꙑ готьскꙑѥ а которꙑи волочанинъ въскладꙑваеть товаръ немѣцьскꙑи или смоленьскꙑи на кола своꙗ чересъ волокъ вѣсти а што погꙑнеть товара то то всѣмъ волочаномъ платити та же правда бѹди рѹсьи въ ризѣ и на готьскомь березѣ а како немецьскꙑи гость бѹдеть смоленьске городѣ тако ѥмѹ продати свои товаръ безъ всѧкое борони а како бѹдеть рѹсьскꙑи гость въ ризѣ или на готьскомь березѣ волно же имъ продати свои товаръ безъ всѧкое борони аще которꙑ немчичь хочеть поити съ своимь товаромь в ꙑнъ городъ кнѧзю же не боронити ни смолнѧномъ али которꙑи рѹсинъ хощеть поити съ готьского берега въ немецьскѹю землю въ любекъ немцемъ не боронити имъ того пѹте аще которꙑи рѹсинъ возметь товаръ ѹ немчича а понесѣть товаръ из двора тꙑи товаръ не ворочаѥтьсѧ которꙑи немчичь купилъ товаръ ѹ рѹсина из двора понеслъ рѹсинѹ же нелзѣ позвати немчича на ѡбьчии сѹдъ развѣ на смоленьского кнѧзѧ аже влюбить немчичь на ѡбьчии сѹдъ то ѥго волѧ немчичю же нелзе позвати рѹсина въ ризѣ и на готьскомь березѣ въсхочет ли рѹсинъ на ѡбчии сѹдъ ѥго волѧ в томь рѹсинѹ же нелзѣ приставити децьского на немчича смоленьске,,,
smolensk_K,smolensk,а рѧдъ мои съ немьци таковъ аже бѹдѹть мои смолнѧне въ ризѣ вольное търгование имъ въ ризѣ аже бѹдѹть смолнѧне на гътьскомь бѣрѣзѣ вольное търгование имъ на гътьскомь бѣрѣзѣ аже бѹдѹть немьци въ моемь смольскѣ вольное имъ търгование въ моемь смольньскѣ а мѣста на корабли вольнаꙗ како немѣчичю тако и смолнѧнинѹ аже ѹбьють мѹжа вольного тъ вꙑдати розбоиникꙑ колико то ихъ бѹдѣть бꙑло не бѹдѣть розбоиниковъ то дати за головѹ ·ӏ҃· грив̑ сѣрѣбра аже ѹбьють посла или попа то двое того дати за головѹ аже не бꙋдѣть розбоиниковъ бѹдѹть розбоиници вꙑдати е или кто вꙑбиеть ꛩко чл҃вкѹ или ногѹ ототнеть или рѹкѹ ѡтотнеть или инѹю хромотѹ въ тѣлѣ ѹчинить ·е҃· грив̑ сѣрѣбра платити а за зѹбъ ·г҃· грив̑ сѣрѣбра или чл҃вкъ чл҃вка дѣрѣвъмь ѹдарить до кръви или по лицю ѹдарить а дати емѹ ·г҃· грив̑ сѣрѣбра или чл҃вкъ ранить мечемь или ножемь а хромотꙑ на тѣлѣ его не бѹдѣть дати емѹ ·г҃· грив̑ сѣрѣбра или рѹсьскомѹ гъстьи притъча сѧ пригодить въ ризѣ или на гътьскомь бѣрѣзѣ никакоже его въ дꙑбѹ въсадити аже бѹдѣть порѹка по нь на порѹцѣ его дати или не бѹдѣть порѹкꙑ а въ желѣза и въсадити или рѹсьскꙑи гъсть свои тъваръ дасть въ дългъ или въ ризѣ или на гътьскомь бѣрѣ немьчичю анъ дъдълженъ бѹдеть инемъ рѹсьскомѹ же гъстьи наперѣдѣ възѧти или немьчьскꙑи гъсть въ дългъ дасть смолѣньскѣ свои тъваръ рѹсинѹ аче дълженъ бѹдѣть инѣмъ немѣчьскомѹ гъстьи напѣрѣдѣ възѧти аже бѹдѣть влд҃цѣ или мастерови или которомѹ сѹдьи гнѣвъ на которого немьчица а въсхочети и казнити а бѹдѣть тотъ дълженъ немьчиць смолнѧнинѹ перѣже дати емѹ тъваръ смолнѧнинѹ а въпроче его волѧ аже смолнѧнинъ тъваръ дасть въ ризѣ или на гътьскомь бѣрѣзѣ а не росплативъсѧ поидѣть къ б҃ви а кто его задьницю възьметь тътъ и гостинꙑи тъваръ дасть аже бѹдѣть търговати смолнѧнинѹ съ немьчицемь смолнѧнинѹ одинѣхъ смолнѧнъ на послѹмьство не вꙑводити такоже и нѣмьчицю своихъ немѣчь одинѣхъ на послѹшьство не вꙑводити ставити имъ на послѹшьство рѹсина же нѣмьчица такоже и въ всѣхъ тѧжахъ рѧдъ смолнѧнинѹ съ немьчицемь про послѹшьство немьчичю же въ ризѣ и на гътьскомь бѣрѣзѣ смолнѧнина на желѣзо безъ его воле нелзѣ имати ѹлюбить своею волею нести желѣзо тъ ть его волѧ виноватъ ли бѹдѣть своѧ емѹ волѧ или правъ бѹдѣть а ·ӏ҃· грив̑ сѣрѣбра за соромъ емѹ възѧти немьчичю же нельзѣ позвати на поле рѹсина битъсѧ въ ризѣ и на гътьскомь бѣрѣзѣ рѹсинѹ же нельзѣ позвати немьчича на поле битъсѧ смоленьскѣ тако межи себе ѹстановимъ ꛩже имѹть сѧ бити рѹсь въ ризѣ и на гътьскомь берѣзѣ мечи или сѹличами или инаꙗ тѧжа ѹчинитьсѧ межи самѣми не надобѣ то влд҃цѣ ни иномѹ сѹдьи немьчьскомѹ ать ѹправѧтьсѧ сами по своемѹ сѹдѹ такоже и немьчемъ смольньскѣ оже которꙑи немьчиць въ ризѣ или на гътьскомь бѣрѣзѣ свѧжеть смолнѧнина или въ желѣза въсадить за соромъ емӱ платити ·г҃· грив̑ сѣрѣбра такоже и немьчицю смолиньскѣ аже бѹдѣть смолнѧнинѹ немьчичь дължьнъ въ ризѣ или на гътьскомь берѣзѣ правити емѹ поемъши дѣтьскꙑи ѹ сѹдье тъть ли дѣтьскꙑи не исправить возма мьздѹ приставити на нь дрѹгого тътъ ли еметь хꙑтрити а поставити и передъ сѹдьею ать вꙑдасть и сѹдьꙗ такоже и немьчицю смолиньскѣ поставить и передъ кнѧземь ать вꙑдасть и кнѧзь аже кто изотьметь дължьбита ѹ смолнѧнина въ ризѣ или на гътьскомь бѣрѣзѣ то тому за нь платити кто и изетѧлъ такоже и нѣмьчемъ смольньскѣ а ѿ смолѣньска чистꙑи пѹть до ригꙑ а не надобѣ имъ ни вощець ни мꙑто а на волоце како то есть пошло а моимъ смолнѧномъ въ ризѣ и на гътьскомь бѣрѣзѣ не надобѣ имъ ни вощець ни мꙑто аже немьчиць кѹпить въ ризѣ и на гътьскомь бѣрѣрѣ ѹ смолнѧнина товаръ понесеть его домовь а въсхочеть воротити смолнѧнинѹ же тътъ тъваръ не надобе боле такоже и немьчичю смоленьскѣ ꛩже бѹдѣть смолнѧнинѹ съ немьчичемь тѧжа въ ризѣ тѹ сѧ тѧжють передъ рижьскꙑмь сѹдьею бѹдѣть ли тѧжа смолнѧнинѹ съ немьчицемь на гътьскъмь березѣ а сѹдити и гътьскꙑмъ сѹдьꙗмъ тѹ тои тѧжи и коньць бѹдѣть ли тѧжа смоленьскѣ немьчицю съ смолнѧниномь сѹдити ꙗ смолѣньскомѹ кнѧзю тѹже тои тѧжи и коньць аже кто ѹръветь бородꙑ смолнѧнинꙋ въ ризѣ или на гътьскомь бѣрѣзѣ или смолнѧнинъ немьчицю томѹ ѹрокъ ·г҃· грив̑ сѣрѣбра ѻже ѹръвѣть немьчиць бородꙑ смолнѧнинѹ смольньскѣ дати емѹ ·г҃· грив̑ сѣрѣбра ѻже ѹръвѣть бородꙑ немьчиць боꙗринѹ или кѹноемьчи дати емѹ ·е҃· грив̑ сѣрѣбра а како бѹдѣть немьчьскꙑи гъсть смоленьскѣ а почьнѣть сѧ кто ѿ нихъ просити в ꙑнѹю землю то како то бꙑло при моемь ѻц҃и при мьстиславѣ при романовиці и при моемь братѣ при мьстиславѣ ѻнемъ сѧ прашати а мнѣ е по дѹмѣ пѹщати аже ѹбьють тивѹна кнѧжа городьского ·к҃· грив̑ сѣрѣбра како и послѹ ѻже имѹть рѹсина вольного ѹ вольное женꙑ въ ризѣ или на гътьскомь бѣрѣзѣ оже ѹбьють и тъ ть ѹбитъ пакꙑ ли не ѹбьють платити ему ·ӏ҃· грив̑ сѣрѣбра такоже и немьчицю смолиньскѣ аже ѹчинить рѹсинъ насилье въ ризѣ или на гътъскомь бѣрѣзѣ надъ вольною женою а дотоле не слꙑшати бꙑло до нее лихого ѹрока за то ·ӏ҃· грив̑ сѣрѣбра такоже и немьчицю смоленьскѣ аже ѹчинить рѹсинъ насилье надъ робою въ ризѣ или на гътьскомь бѣрѣзѣ платити емѹ за соромъ грив̑ сѣрѣбра такоже и нѣмьчицю смоленьскѣ тоже есмь с вами рѧдъ свои доконьчалъ про свое мѹже и про свое смолнѧнꙑ аже въедеть братъ мои которꙑи въ смолньскъ а ѹчинитсѧ вамъ свада съ ихъ мѹжьми вамъ сѧ вѣдати с ними самѣмъ или гость ис которое земле приедеть въ мои смолньскъ а бѹдѣть вꙑ с нимь свада а вѣдаитесѧ с ними сами,,,
smolensk_aleksandr,smolensk,Поклонъ ѿ кнѧзѧ смоленьскогѡ ѿ олександра ѿ глѣбовича к ратманомъ к рижьскимъ ї ко всѣмъ горожаномъ како єсте бꙑли въ лви съ ѡ̈тц҃мь моимь глѣбомь ї с моимь стрꙑемь федоромь тако будете ї со мною въ любви а ꙗзъ тоѣ же любви хочю с вами гость ко мнѣ пѹщаите а пѹть имъ чистъ а мои мѹжи к вамъ ѣдуть А пѹть имь чистѡ,,,
smolensk_fedor,smolensk,поклонъ ѡ̈тъ кнѧзѧ ѿ федора къ пискѹпѹ и къ мастерѹ и къ ратманомъ што бѹдеть намъ речь съ пискѹпомь или съ мастеромь то ведаемъсѧ мꙑ сами а вашомѹ гостеви сѣмо бѹди пѹть чистъ а нашомѹ гостеви бѹди къ вамъ пѹть чистъ а рѹбѣжа не дѣꙗти ни намъ в сѣбе въ смоленьске ни вамъ в себе в ризѣ и на гоцьскомь березѣ кѹпьцомъ си же грамота псана бꙑсть ищьло бꙑло ѿ ржс̑тва гн҃ѧ до сего лѣта ·а҃҂· лѣтъ и двѣ стѣ лѣтъ и ѡсмь десѧтъ летъ и три лѣта въ четвертое лето на възнесенье гн҃е а тѹ бꙑлъ въ смолѣньске на мѣсте на кнѧжи на федорове аньдрѣи михаиловичь кнѧзь артѣмии намѣстьникъ ѡстафии дѧдко микѹла дѧдковичь лаврѣнтии намѣстьникъ влд҃чнь мирославъ ѡлекса чернꙑи тереньтеи таможникъ ветхꙑи аньдрѣи попъ а тѹ бꙑлъ при докончаньи грамотꙑ сее любрахтъ посолъ ѡтъ мастера ӏ а ѡтъ горожанъ петръ бѧртолть а въ торговьцихъ федоръ болковьникъ из брюньжвика гелмикъ из миштерѧ а моисѣи печатникъ кнѧжь федоровъ печаталъ а федорко писець кнѧжь федоровъ псалъ,,,
smolensk_ivan,smolensk,се ѧзъ кнѧзь великиӥ смоленьскꙑӥ иванъ ꛩлександровичь ѹнукъ глѣбовъ докончалъ ѥсмь с братомь своимь с мѣстерѣмь с ризьскимь и съ пс̑пмь и с рꙑдѣли ӥ с ратманꙑ ӥ со всѣми рижанꙑ што подъ ѥго рукою докончалъ ѥсмь по дѣда своего докончанью ӥ по старꙑмъ грамотам докончалъ ѥсмь по тому докончанью како то брат̑ моӥ старѣишиї кедименъ докончалъ и ѥго дѣти глѣбъ и алкердъ ѥздити немцемь в домъ ст҃ѣӥ бц҃е ӥ ко мнѣ а мнѣ блюсти какъ и своег̑ смолнѧнин̑ а моӥмъ ѥздити в ригу а мѣстерю ӥ ратманомъ блюсти моег̑ смолнѧнин̑ какъ своег̑ немчина а приѥздили ко мнѣ на докончанье ӥз риги ѿ местѣрѧ пьсковъ би҃ї дворѧнин̑ а ѿ ратманъ иванъ папъ на том̑ на всѣмь цѣловалъ ѥсмь крс̑тъ к брат̑ къ своѥму к мѣстерю а ꛩни цѣловали ко мнѣ крс̑тъ мѣстеревою дш҃ею и пс̑куплею,,,
smolensk_kolokol,smolensk,Се ꙗзъ кнѧзь смоленьскꙑи федоръ сѹдилъ есмь бирелѧ съ армановичемь про колоколъ про немецьскꙑи бирель правъ а армановичь виноватъ вꙑдалъ есмь армановича и съ дворомь немьцомъ за колоколъ А тѹ бꙑли на сѹде со мною боꙗре мои григорь намѣстьникъ данило артѣмии микꙋла дѧдковичь лѹка ѡколничии пѹтѧта дѧдковичь а ѡтъ немець бꙑли на сѹде искали колокола ꙗнъ алъбратъ изъ брюньжвика геньци ꙗганъ варенъдоръпръ моисѣи кнѧжь печатникъ федоровъ печаталъ си же грамота псана бꙑс̑ ищьло бꙑло ѡтъ ржс̑тва гн҃ѧ до сего лѣта ·а҃҂· лѣтъ и две сте летъ и ѡсмь десѧтъ лѣтъ и три лѣта а на четвьртое лѣто псана а федорко писець кнѧжь псалъ,,,
smolensk_riga_episkop,smolensk,блг҃влние ѿ митрофолита ризького ко своему милому сн҃ви кнѧзю великому феꛩ̈дору и къ его дѣтемъ и ко влд҃чѣ и къ намѣстьнику и ко всемъ боѧромъ то буди тобе ведомо про тую жѧлобу что витьблѧ̑не жѧлобилисѧ на рижѧнꙑ чимь то хотел̑и ꛩ̈правитисѧ противу гѣлмика и ихъ слов̑о таково хотели сѧ темь словомь ꛩ̈правити и рекли такъ предъ кнѧземь брѧньскꙑмь вꙑехали ·н҃·ть мужь изъ ригꙑ и ѹбили чоловека и ѹзѧли ·ӏ҃·ть бѣрковъсковъ воскꙋ и нꙑне ѧ митрофолитъ тако молвю как то витьблѧне неправдою жѧлобилисѧ на рижѧнꙑ и нꙑне то есть мнѣ ведомо аже рижѧне суть в томь не виновати и нꙑне ѧ тому дивлюсѧ аже твои намѣстьникъ слушаеть всѧкого чл҃вка слова а та правда есть промѣжи васъ и насъ кдѣ сѧ тѧжѧ почнеть ту концѧти и нꙑне ѧ молюсѧ вамъ как то мозите стоѧти ѹ тои правдѣ и ѹ крт҃номь человании аже иметь жѧлобитисѧ васъ кто на рижѧнꙑ или гѣлмико или кто инꙑи и вꙑ шлите к намъ а мꙑ правдѹ дамꙑ по бж҃ьи правдѣ,,,
332,pskov,ѿ посадника сидора и ѿ рагѹила и ѿ всѣхъ сътьскꙑхъ и ѿ всѣх̑ пльсковиць къ ратьманомъ въ ригѹ и къ всѣмъ рижаномъ здѣ тировалъ нездильце вашь во пльсковѣ съ дѣтьми търговалъ съ кѹмордою и недоплатилъ кѹморде ·к҃· гривенъ серебра и полѹ трѥтие гривне серебра а ивана головачка нашего въвелъ въ порѹкѹ а иванъ в новъгородъ и ѡнъ побѣжалъ къ вамъ и нꙑнѣ ѹчините правдѹ вꙑдаите нездильца порѹчникѹ здѣ ваша братиꙗ и дѣти ваши търгѹють и въводѧть люди добрꙑ въ порѹкѹ и мꙑ за виноватꙑмь не стоимъ или не вꙑдадите нездильца порѹчникѹ то мꙑ исправимъ въ пльскове на вашеи братии а вамъ повѣдаѥмъ,,,
336,pskov,ѿ кн҃жѧ псковъского ивана александрович̑ и ѿ посадник̑ псковьского степенного максима ларивонович̑ и ѿ всехъ посадниковъ псковъскихъ и ѿ боꙗръ псковьскихъ и ѿ купцовъ и ѿ всего пскова суседомъ нашимъ посадникомъ рижкимъ и ратманомъ рижкимъ здесе зѧлуютсѧ намъ молодии люди купцини иване да кузма на вашего брата на иволта что тотъ иволтъ не знаꙗ бг҃а держѧлъ нашихъ купцинъ ивана да кузму ·е҃· днеи а искалъ на нихъ животу брата своєго ивана что убилъ брата єго слуга єго жь а искалъ на нихъ чепи золотои да дву ковшовъ серебрѧныхъ да кругу воску да белке безъ числа да полъ треꙗ дьчѧти бочекъ пива да ·д҃·и бочекъ меду пресного ино посадники и ратмани того росмотрите мы тому велми дивимсѧ что теи иволтъ не право чинить что на нашихъ на правыхъ людехъ ищеть цего у брата єго и не было было то такъ какъ бра єго убивъ слуга тую жь ноць жбегле ино ѿсталошь у него полъ третьꙗ дьчѧть боцекъ пива да ·д҃· бочке меду сыценого ино тоє пиво и медъ и животъ поимали наши люди кому былъ иване виноватъ а животъ єго за печѧттью лежѧлъ на городе потомъ приєхавъ иволтъ просилъ у насъ исправе головника и животу и пива и меду и мы ѡбыскавъ головника выдали и животъ брата єго и ѡнъ єще почѧлъ просити пива и меду и мы поставили передъ иволтомъ тыхъ людеи котории имали пиво и медъ за свои пенежи иволтъ стоꙗ говорилъ такъ мои братъ не винова былъ никомужь и мы ѿвечѧли иволту мы тобе с тымы людмы судъ дадимъ по пскои послине и ѡнъ ѿвечѧлъ ꙗзъ приєхалъ въ псковъ не тѧгатсе и вы посадники рижкии и ратмани не даваите воли такимъ зброднѧмъ над нашимы купцинамы что бы ѡпѧть не держѧлъ нашихъ купцинъ никого а надобно єму на тыхъ людехъ искати котории поимали пиво и медъ за свои пенежи и ѡнъ пусть єдеть ко пскову мы єму судъ дадимъ,,,
bs-1,pskov,ѿ кн҃зѧ пскѡв̑ског̑ ꙗрослав̑ васил̑євич̑ И ѿ всѣ# по#адникѡв̑ пъ#скых̑ стп̑ен̾ных И ѿ всег̑ пс#ѡ на колыван̑ къ посадникꙋ ко#ском̑ Иван̑ жюперꙋ И къ ратманам И къ золотон#сцем̑ здес̑ нам били челом̑ Иван̑ да ꙗковъ И дрꙋжина их̑ што дали григорью конеи на его рꙋки И тот̑ григории сказал̑ нашим̑ пъсков̑# тии кони ꙋкрали а наш̑ пскѡв̑чи тог̑ не ведают̑ ꙋкрали и бꙋдет̑ самъ скор#товалсѧ И вы бы на# #равꙋ ꙋчинили по крс̑#мꙋ целован̑ю люд не гыбли а писан̑ #ком̑ пскѡв̑ # ц҃ ·ч҃е·,,,
dnd-d-41,pskov,ѡто кнѧз̑ федора ѡл҃ександрович̑ и ѿ посадник̑ псковског микѹле павлович̑ ѿ посадник̑ псковског̑ федоса фефилович̑ и ѡто всих̑ посадниковъ псковскихъ и ѡто всих̑ сочких̑ и ѡто всего пскова к сѹседом̑ нашим̑ добрꙑмъ к посадником̑ къ колꙑваньским̑ и к ратманом̑ бѹди вам̑ сведом̑ что ѥсте писали к нам̑ свою грамотѹ ѡ том̑ что ѹ вас̑ мертве нашь брат̑ псковитинъ а что сѧ ѡстало сѧ ѥго рухлѧди и вꙑ того досмотривши и запечатали а криво не хочете деꙗти а дѥете право какъ и всегдꙑ добрии люди делають а писали ѥсте кто приѥдеть с тою с вашею грамотою да и ѿ нас̑ ѿ посадниковъ ѡто псковских̑ с нашею грамотою и мꙑ к вам̑ писали свою грамотѹ к посадником̑ къ колꙑваньским̑ и к ратманомъ къ своимъ сѹседом̑ кто вамъ привезеть сию нашю грамотѹ и вашю к вамъ и вꙑ тꙑмъ людемъ даите то москотиньѥ никоново что ѹ вас̑ ѹмерлъ а имите верѹ сеи нашеи грамоте и печати зандо же тꙑи люди кто к вам̑ поѥхали сь сею с нашею грамотою томѹ никонѹ племеньники и вꙑ имъ даите чисто по сеи грамоте по нашеи а тꙑмъ людемъ имѧна левоне да кононе а пришла грамота ѿ вашего брат̑ ѿ вас̑ ис колꙑвана ѿ ивана ѹ кого мертве нашь брат̑ никоне и вꙑ ѥго сиротьство ѿдаите чисто по правде и по целованью а ѡстанитесѧ здорови,,,
kjulena,pskov,Во имꙗ ѡц҃а и сн҃а и ст҃го дх҃а се азъ раба бж҃ьꙗ кюлена ѿходꙗ сего света ѹчиних радъ животѹ своємѹ и ѡц҃не своєи и дворѹ своємѹ и клети своєи на городе и исадѹ своємѹ и всемѹ сполѹ что ни єсть даю животъ свои и ѡц҃нѹ свою ·з҃· дворовъ на кобыльи быстреи и половинѹ мелничи своєи на вѧде мѹжеви своємѹ федорѹ кн҃зю а с тоѧ ѡц҃не моєѧ с тых семи дворовъ и с половине мелници моєѧ кормити мѹжеви моємѹ федорѹ и до своєго животѹ а что село моє на кеби и животъ и клеть моѧ на городе верхъ ѡднымы двермы на бѹи и дворъ мои ѹ ст҃го михаила ѹ городечкомъ кончи а то даю мѹжеви своємѹ федорѹ водерень а изнесетьсѧ мѹжь федоре ино даю ѡц҃нѹ свою ·ѕ҃· дворовъ на быстреи и половинѹ мелници своєѧ на вѧде ѹспенью свт҃еи бц҃и в манастырь черничамъ на кормълю половинѹ ѹ сести дворъ и в мелници а дрѹгѹю половинѹ ѡцне своєѧ и мелници даю ѹспенью св̑теи бц҃и в манастырь на вседенънѹю слѹжбѹ попомъ а что село моє семеи дворь на быстреи самѹхново седеньє а то даю по животе мѹжа своєго федора ст҃мѹ михаилѹ на кѹхавъ на вино на темъꙗнъ а что ѡц҃на моꙗ на пѹкнеи два двора данилово седеньє и харитоново седеньє а то даю племенникѹ своємѹ матфею съпроста по своємъ животе а изнесетьсѧ племенникъ мои матфеи ино даю ѡц҃нѹ свою два двора на пѹкнеи тремъ свт҃лмъ в манастырь на болото черницамъ на кормълю а что ѡц҃на моꙗ ·д҃· двори за ѡстровомъ на веретеи да два двора на пѹкнеи микитино седеньє да дихово седеньє а то даю ѡц҃нѹ свою ѹспенью свт҃еи бд̑ци в манастырь попомъ на вседен҃нѹю слѹжбѹ спроста по своємъ животе а с тои ѡц҃не моєи попомъ заведати вино и темъꙗнъ и проскѹри и свеци а черничамъ то не надобъ а что место воде моєѧ в кѹтке и колце моє золотоє а то даю сестре своєи ѡфросимъи водерень а колтъки свои золотии велю мѹжи своємѹ федорѹ и ѡц҃ю своємѹ дх҃овномѹ захарьи попѹ велю дати на н#р# а # а колце своѧ золотоꙗ даю на єваньгельє ѹспенью свт҃еи бц҃и в манастырь а что ѡц҃на моꙗ ѹ зрѧковичах дворѧ и два двора ѹ глиннꙗ а то велю мѹжеви своємѹ федорѹ и ѡц҃ви своємѹ дх҃овномѹ и матфею продати собе на памꙗть и долгъ ѡлесть а ѡнрѹчи свои и приворотъки а то даю по своєи дш҃и за сорокѹстьꙗ а подволокѹ свою камчатѹю даю ѹспенью свт҃еи бд̑ци в манастырь на престолъ а тарлопъ свои кѹнеи и кадманъ свои червъчатыи даю мѹжеви своємѹ федорѹ а платьє своє белоє велю мѹжеви своємѹ федорѹ и ѡц҃ю своєму дх҃овномѹ и матфею раздати в мт҃ню а иномѹ племени моємѹ ни мѹжкомѹ полѹ ни женъскомѹ не надобъ имъ встѹпатисѧ ни во чт҃о а ѡцви своєму дх҃овномѹ захарьи попѹ даю приворотак̑ ѹ полътора рѹблꙗ да полътора рѹблꙗ серобрамъ за сорокоѹстъ а се рѹкописаньє моє первоє и послѣднеє а на т̑ послѹх бг̑ъ и ѡц҃ь мои дх҃овныи захарьꙗ попъ слѹжитель ст҃го въздвиженьꙗ чс̑тнаго крс̑та гн҃ꙗ а кто слов̑ моє перестѹпить или посѹдить сѹди ємѹ бг̑ъ и бѹди ємѹ анафема а что село моє за ѡстровомъ фларево седеньє а то даю свт҃еи бц҃и в манастырь черницамъ въ островъ,,,
pskov-teshata,pskov,се порѧдисѧ тѣшата съ ꙗ̈кꙑмомь про складьство про первоѥ̈ и про задьнеѥ̈ и на дѣвцѣ ꙗкꙑмъ серебро взѧлъ а мониста тѣшатина у ꙗ̈кꙑмовꙑ женꙑ свободна тѣшѧтѣ взѧти и рощетъ ѹчинила промежи себе ӓ болѣ не надобѣ ꙗкꙑму тѣшѧта нї тѣшѧтѣ ꙗкꙑмъ а на томь послуси дв҃дъ попъ дорожка домославъ вѣкошкꙑнъ боꙗ̈нъ кузма лоӥковичь жидило жихновичь ӥванъ смолнѧнинъ а кто сиӥ рѧдъ переступить ꙗ̈кꙑмъ ли тѣшѧта ли тотъ дасть р҃ грив̑ серебра ӓ псалъ довмонтовъ писець,,,
