Filename,Title,Raw_Language,Raw_Epoch,Original_Date_Str,Y_min,Y_max,Target_Year,Source
001_Zografsko_Evangelie.txt,Zografsko Evangelie,Old Church Slavonic,Old Church Slavonic,10th,901,1000,950,https://github.com/torottreebank/treebank-releases/blob/master/zogr.conll
002_Slovo_za_veliki_Petăk.txt,Slovo za veliki Petăk,Old Church Slavonic,Old Church Slavonic,10th,901,1000,950,https://histdict.uni-sofia.bg/textcorpus/show/doc_102
003_Mariinsko_evangelie.txt,Mariinsko evangelie,Old Church Slavonic,Old Church Slavonic,11th,1001,1100,1050,https://github.com/proiel/proiel-treebank/blob/master/marianus.conll
004_Sinajski_Psaltir.txt,Sinajski Psaltir,Old Church Slavonic,Old Church Slavonic,11th,1001,1100,1050,https://github.com/torottreebank/treebank-releases/blob/master/psal-sin.conll
005_Suprasălski_sbornik.txt,Suprasălski sbornik,Old Church Slavonic,Old Church Slavonic,11th,1001,1100,1050,https://github.com/torottreebank/treebank-releases/blob/master/supr.conll
006_Novgorod_service_book_marginalia.txt,Novgorod service book marginalia,Old Russian,Old Church Slavonic,11th,1001,1100,1050,https://github.com/torottreebank/treebank-releases/blob/master/nov-marg.conll
007_Colophon_to_the_Ostromir_Codex.txt,Colophon to the Ostromir Codex,Old Russian,Church Slavonic,12th,1101,1200,1150,https://github.com/torottreebank/treebank-releases/blob/master/ostromir-col.conll
008_Mstislavs_letter.txt,Mstislav’s letter,Old Russian,Church Slavonic,12th,1101,1200,1150,https://github.com/torottreebank/treebank-releases/blob/master/mst.conll
009_The_Primary_Chronicle_Codex_Laurentianus.txt,"The Primary Chronicle, Codex Laurentianus",Old Church Slavonic,Church Slavonic,12th,1101,1200,1150,https://github.com/torottreebank/treebank-releases/blob/master/lav.conll
010_Pooučenie_na_pamjat_stouju_vrchovnjuju_apostolou_Petra_i_Pavla.txt,Pooučenie na pamjat' stouju vr'chov'njuju apostolou Petra i Pavla,Old Russian,Church Slavonic,12th,1101,1200,1150,https://histdict.uni-sofia.bg/textcorpus/show/doc_115
011_Zapovědaniě_o_prazdnicěchă.txt,Zapovědaniě o prazd'nicěchă,Old Russian,Church Slavonic,12th,1101,1200,1150,https://histdict.uni-sofia.bg/textcorpus/show/doc_113
012_The_tale_of_Igors_campaign.txt,The tale of Igor’s campaign,Old East Slavic,Church Slavonic,12th,1101,1200,1150,https://github.com/torottreebank/treebank-releases/blob/master/spi.conll
013_Slovo_pochvlalno_na_pamjat_styima_i_prěslavnyima_oučitelema_clověnskou_jazykou.txt,Slovo pochvlal'no na pamjat' styima i prěslav'nyima oučitelema clověn'skou jazykou,Old Russian,Church Slavonic,12th,1101,1200,1150,https://histdict.uni-sofia.bg/textcorpus/show/doc_117
014_Pooučenie_na_stǫjǫ_paschǫ.txt,Pooučenie na stǫjǫ paschǫ,Old Russian,Church Slavonic,12th,1101,1200,1150,https://histdict.uni-sofia.bg/textcorpus/show/doc_128
015_Poučenie_pred_pričastie.txt,Poučenie pred pričastie,Old Russian,Church Slavonic,12th,1101,1200,1150,https://histdict.uni-sofia.bg/textcorpus/show/doc_129
016_Pooučenie_na_stǫjǫ_paschǫ.txt,Pooučenie na stǫjǫ paschǫ,Old Russian,Church Slavonic,12th,1101,1200,1150,https://histdict.uni-sofia.bg/textcorpus/show/doc_118
017_Učitelno_evangelie.txt,Učitelno evangelie,Old Russian,Church Slavonic,12th,1101,1200,1150,https://histdict.uni-sofia.bg/textcorpus/show/doc_154
018_Varlaams_donation_charter_to_the_Xutyn_monastery.txt,Varlaam’s donation charter to the Xutyn monastery,Old Russian,Church Slavonic,12th,1101,1200,1150,https://github.com/torottreebank/treebank-releases/blob/master/varlaam.conll
019_Statute_of_Prince_Vladimir.txt,Statute of Prince Vladimir,Old Russian,Church Slavonic,12th,1101,1200,1150,https://github.com/torottreebank/treebank-releases/blob/master/ust-vlad.conll
020_Colophon_to_Mstislavs_Gospel_book.txt,Colophon to Mstislav’s Gospel book,Old Russian,Church Slavonic,12th,1101,1200,1150,https://github.com/torottreebank/treebank-releases/blob/master/mstislav-col.conll
021_Kratăk_Zlatostruj.txt,Kratăk Zlatostruj,Old Russian,Church Slavonic,12th,1101,1200,1150,https://histdict.uni-sofia.bg/textcorpus/show/doc_239
022_The_First_Novgorod_Chronicle_Synodal_manuscript.txt,"The First Novgorod Chronicle, Synodal manuscript",Old Russian,Church Slavonic,13th,1201,1300,1250,https://github.com/torottreebank/treebank-releases/blob/master/nov-sin.conll
023_Novgorods_treaty_with_Grand_Prince_Jaroslav_Jaroslavich_1266.txt,"Novgorod’s treaty with Grand Prince Jaroslav Jaroslavich, 1266",Old Russian,Church Slavonic,13th,1201,1300,1250,https://github.com/torottreebank/treebank-releases/blob/master/novgorod-jaroslav.conll
024_Uspenskij_sbornik.txt,Uspenskij sbornik,Old Russian,Church Slavonic,13th,1201,1300,1250,https://github.com/torottreebank/treebank-releases/blob/master/usp-sbor.conll
025_The_Kiev_Chronicle_Codex_Hypatianus.txt,"The Kiev Chronicle, Codex Hypatianus",Old Russian,Church Slavonic,13th,1201,1300,1250,https://github.com/torottreebank/treebank-releases/blob/master/kiev-hyp.conll
026_The_1229_Treaty_between_Smolensk_Riga_and_Gotland_version_A.txt,"The 1229 Treaty between Smolensk, Riga and Gotland (version A)",Old Russian,Church Slavonic,13th,1201,1300,1250,https://github.com/torottreebank/treebank-releases/blob/master/riga-goth.conll
027_SLOVO_OUPATIJA_jefesăkago.txt,SLOVO OUPATIJA jefesăkago,Old Serbian,Church Slavonic,third quarter of the 13th,1251,1325,1288,https://histdict.uni-sofia.bg/textcorpus/show/doc_5
028_Slovo_stgo_Polouta_Rimskago_o_tkovanii_danilově.txt,Slovo stgo Polouta Rim'skago o t'kovanii danilově,Old Serbian,Church Slavonic,third quarter of the 13th,1251,1325,1288,https://histdict.uni-sofia.bg/textcorpus/show/doc_6
029_A_ce_tkovanie_danilovo.txt,A ce t'kovanie danilovo,Old Serbian,Church Slavonic,third quarter of the 13th,1251,1325,1288,https://histdict.uni-sofia.bg/textcorpus/show/doc_7
030_Viděnije_Danila_Propoka_o_crěch_i_poslědnich_dnech_i_o_končině_věka.txt,Viděnije Danila Propoka o crěch' i poslědnich' dnech' i o končině věka,Old Serbian,Church Slavonic,third quarter of the 13th,1251,1325,1288,https://histdict.uni-sofia.bg/textcorpus/show/doc_13
031_Stago_Metodija_Jepiskoupa_Patrskago_Oukazanie_istoje_o_crěch_i_o_poslědnich_dnech_i_lětchă.txt,Stago Metodija Jepiskoupa Patr'skago Oukazanie istoje o crěch' i o poslědnich' dnech' i lětchă,Old Serbian,Church Slavonic,third quarter of the 13th,1251,1325,1288,https://histdict.uni-sofia.bg/textcorpus/show/doc_14
032_Stich_videnije_Danila_prorka.txt,Stich' videnije Danila pr(o)rka,Old Serbian,Church Slavonic,third quarter of the 13th,1251,1325,1288,https://histdict.uni-sofia.bg/textcorpus/show/doc_16
033_Viděnije_Isaie_Prorka_o_poslědnem_vrěmeni_čto_choščhet_byti_rodou_človčju_poslědnemou_kolěnou.txt,Viděnije Isaie Pro(r)ka o poslědnem' vrěmeni [č]to choščhet' byti rodou člo[v]čju poslědnemou kolěnou,Old Serbian,Church Slavonic,third quarter of the 13th,1251,1325,1288,https://histdict.uni-sofia.bg/textcorpus/show/doc_17
034_Pandechovo_prorčskoje_skazanie.txt,Pan'dechovo pr(o)rč'skoje skazanie,Old Serbian,Church Slavonic,third quarter of the 13th,1251,1325,1288,https://histdict.uni-sofia.bg/textcorpus/show/doc_18
035_Russkaja_Pravda.txt,Russkaja Pravda,Old Russian,Church Slavonic,13th,1201,1300,1250,https://github.com/torottreebank/treebank-releases/blob/master/rusprav.conll
036_Missive_from_the_Archbishop_of_Riga_to_the_Prince_of_Smolensk_Old_Church_Slavonic_Treebank.txt,"Missive from the Archbishop of Riga to the Prince of Smolensk, Old Church Slavonic Treebank",Old Russian,Church Slavonic,13th,1201,1300,1250,https://github.com/torottreebank/treebank-releases/blob/master/rig-smol1281.conll
037_Birchbark_letters.txt,Birchbark letters,Old Russian,Church Slavonic,13th,1201,1300,1250,https://github.com/torottreebank/treebank-releases/blob/master/birchbark.conll
038_Mesecă_oktjabr_fei_den_Pamjat_podrobnago_otza_ioanna_pustynnika.txt,Mesecă oktjabr' fei den' Pamjat' podrobnago otza ioanna pustynnika,Middle Bulgarian,Church Slavonic,13th,1201,1300,1250,https://histdict.uni-sofia.bg/textcorpus/show/doc_34
039_Pochvalno_slovo_za_sv_Kiril.txt,Pochvalno slovo za sv. Kiril,Middle Bulgarian,Church Slavonic,13th,1201,1300,1250,https://histdict.uni-sofia.bg/textcorpus/show/doc_57
040_Kanon_za_polagane_rizata_i_pojasa_na_Sv_Borodica.txt,Kanon za polagane rizata i pojasa na Sv. Borodica,Middle Bulgarian,Church Slavonic,13th,1201,1300,1250,https://histdict.uni-sofia.bg/textcorpus/show/doc_58
041_Pochvala_na_prěstavlenie_prěstyja_bzja.txt,Pochvala na prěstavlenie prěstyja bzja,Old Serbian,Church Slavonic,13th,1201,1300,1250,https://histdict.uni-sofia.bg/textcorpus/show/doc_112
042_Položenie_rizě_i_poěsou_prěstyja_bcja.txt,Položenie rizě i poěsou prěstyja bcja,Middle Bulgarian,Church Slavonic,13th,1201,1300,1250,https://histdict.uni-sofia.bg/textcorpus/show/doc_122
043_Pochvala_na_prěstavlenie_vlačicja_našeja_bcja_i_prisno_dvy_Marija.txt,Pochvala na prěstavlenie vlačicja našeja bcja i prisno dvy Marija,Old Serbian,Church Slavonic,13th,1201,1300,1250,https://histdict.uni-sofia.bg/textcorpus/show/doc_127
044_Prolog_i_Bogoslovie_Nebesa_ot_Isbor_na_zianieto_na_Joan_Damaskin.txt,Prolog i Bogoslovie (Nebesa) ot Isbor na zianieto na Joan Damaskin,Old Russian,Church Slavonic,13th,1201,1300,1250,https://histdict.uni-sofia.bg/textcorpus/show/doc_151
045_Шестоднев.txt,Шестоднев,Old Serbian,Church Slavonic,13th,1201,1300,1250,https://histdict.uni-sofia.bg/textcorpus/show/doc_152
046_šestodnev_čast_2.txt,šestodnev čast 2,Old Serbian,Church Slavonic,13th,1201,1300,1250,https://histdict.uni-sofia.bg/textcorpus/show/doc_153
047_Life_of_Sergij_of_Radonezh.txt,Life of Sergij of Radonezh,Old Russian,Church Slavonic,14th,1301,1400,1350,https://github.com/torottreebank/treebank-releases/blob/master/sergrad.conll
048_Vita_Constantini.txt,Vita Constantini,Church Slavonic,Church Slavonic,14th,1301,1400,1350,https://github.com/torottreebank/treebank-releases/blob/master/vit-const.conll
049_Vita_Methodii.txt,Vita Methodii,Church Slavonic,Church Slavonic,14th,1301,1400,1350,https://github.com/torottreebank/treebank-releases/blob/master/vit-meth.conll
050_Dušanova_kodifikacija_ZKJU_I_DZ_Sofijski_prepis.txt,"Dušanova kodifikacija (ZKJU I DZ), Sofijski prepis",Resavian,Church Slavonic,14th,1301,1400,1350,https://histdict.uni-sofia.bg/textcorpus/show/doc_3
051_Slova_na_avva_Dorotej.txt,Slova na avva Dorotej,Middle Bulgarian,Church Slavonic,Mid-14th,1334,1367,1350,https://histdict.uni-sofia.bg/textcorpus/show/doc_12
052_Slovo_o_vi_sněch_iže_vidě_cr_šaikiš_oče_blgovij.txt,Slov(o) o vi sněch' iže vidě cr' šaik'iš' oče blg(o)vij,Resavian,Church Slavonic,14th,1301,1400,1350,https://histdict.uni-sofia.bg/textcorpus/show/doc_31
053_Borilov_sinodik.txt,Borilov sinodik,Middle Bulgarian,Church Slavonic, Last quarter of the 14th,1376,1400,1388,https://histdict.uni-sofia.bg/textcorpus/show/doc_33
054_Zadonščina.txt,Zadonščina,Old Russian,Church Slavonic,14th,1301,1400,1350,https://github.com/torottreebank/treebank-releases/blob/master/zadon.conll
055_Oustav_stgo_velikaago_i_văselenskago_iže_vă_Nikei_vtorago_săbora.txt,Oustav' stgo velikaago i văselenskago iže vă Nikei vtorago săbora,Middle Bulgarian,Church Slavonic,Last quarter of the 14th,1376,1400,1388,https://histdict.uni-sofia.bg/textcorpus/show/doc_39
056_Rešenie_na_săbora_na_patriarch_Mina.txt,Rešenie na săbora na patriarch Mina,Middle Bulgarian,Church Slavonic,Last quarter of the 14th,1376,1400,1388,https://histdict.uni-sofia.bg/textcorpus/show/doc_40
057_Molitva_na_postavlenie_cěsarja_fragment.txt,Molitva na postavlenie cěsarja (fragment),Middle Bulgarian,Church Slavonic,Last quarter of the 14th,1376,1400,1388,https://histdict.uni-sofia.bg/textcorpus/show/doc_43
058_Tomos_unionis.txt,Tomos unionis,Middle Bulgarian,Church Slavonic,Last quarter of the 14th,1376,1400,1388,https://histdict.uni-sofia.bg/textcorpus/show/doc_41
059_Mltva_na_postavlenie_kesara_se_že_i_na_postavlenie_chranitelě_polatě.txt,Mltva na postavlenie kesara se že i na postavlenie chranitelě polatě,Middle Bulgarian,Church Slavonic,Last quarter of the 14th,1376,1400,1388,https://histdict.uni-sofia.bg/textcorpus/show/doc_44
060_Mlitvy_styǫ_pjatidesjatnicǫ.txt,Mlitvy styǫ pjatidesjatnicǫ,Middle Bulgarian,Church Slavonic,Last quarter of the 14th century,1376,1400,1388,https://histdict.uni-sofia.bg/textcorpus/show/doc_45
061_čin_oumveni_v_styi_veli_četvrtok.txt,čin' oum'veni v' styi veli četvrtok,Middle Bulgarian,Church Slavonic,Last quarter of the 14th century,1376,1400,1388,https://histdict.uni-sofia.bg/textcorpus/show/doc_46
062_Slovo_za_različnata_nepravda.txt,Slovo za različnata nepravda,Old Russian,Church Slavonic,14th,1301,1400,1350,https://histdict.uni-sofia.bg/textcorpus/show/doc_51
063_Poučenie_za_spasenieto_na_dušata.txt,Poučenie za spasenieto na dušata,Old Russian,Church Slavonic,14th,1301,1400,1350,https://histdict.uni-sofia.bg/textcorpus/show/doc_53
064_Žitie_na_sv_Teodopa_Aleksanidrijska.txt,Žitie na sv. Teodopa Aleksanidrijska,Middle Bulgarian,Church Slavonic,14th,1301,1400,1350,https://histdict.uni-sofia.bg/textcorpus/show/doc_50
065_Triodna_čast_na_Patriaršeski_chomiliar_II.txt,Triodna čast na Patriaršeski chomiliar II,Middle Bulgarian,Church Slavonic,14th,1301,1400,1350,https://histdict.uni-sofia.bg/textcorpus/show/doc_56
066_Slovo_pochvalno_cpsano_klimentom_episkoupom_na_pamjat_blaženaego_proroka_Zacharija_i_o_rodstvě_ioana_krstiatelě.txt,Slovo pochval'no c'p'sano klimentom' episkoupom' na pamjat' blaženaego proroka Zacharija i o rod'stvě ioana kr'stiatelě,Old Russian,Church Slavonic,14th,1301,1400,1350,https://histdict.uni-sofia.bg/textcorpus/show/doc_105
067_Pamjat_svjataego_Aleksiě_člověka_bžiě.txt,Pamjat' svjataego Aleksiě člověka bžiě,Middle Bulgarian,Church Slavonic,14th,1301,1400,1350,https://histdict.uni-sofia.bg/textcorpus/show/doc_104
068_Pachvala_prědvnaego_žitiě_Ilija_proroka.txt,Pachvala prědv'naego žitiě Ilija proroka,Old Serbian,Church Slavonic,14th,1301,1400,1350,https://histdict.uni-sofia.bg/textcorpus/show/doc_107
069_Pochvala_stouemou_Klimenătou_patriarchou_Rimskou.txt,Pochvala stouemou Klimenătou patriarchou Rim'skou,Old Russian,Church Slavonic,14th,1301,1400,1350,https://histdict.uni-sofia.bg/textcorpus/show/doc_108
070_Slovo_pochvalno_archanglou_Michailou_i_Gavriilou.txt,Slovo pochval'no archanglou Michailou i Gavriilou,Middle Bulgarian,Church Slavonic,14th,1301,1400,1350,https://histdict.uni-sofia.bg/textcorpus/show/doc_109
071_Pochvala_sbjatouemou_kurilou_Oučitelju_clověnskou_jazykou.txt,Pochvala sbjatouemou kurilou Oučitelju clověn'skou jazykou,Middle Bulgarian,Church Slavonic,14th,1301,1400,1350,https://histdict.uni-sofia.bg/textcorpus/show/doc_110
072_Pooučenie_na_pamjat_stouju_vrchovnjuju_apostolou_Petra_i_Pavla.txt,Pooučenie na pamjat' stouju vr'chov'njuju apostolou Petra i Pav'la,Old Russian,Church Slavonic,14th,1301,1400,1350,https://histdict.uni-sofia.bg/textcorpus/show/doc_115
073_Slovo_na_cvětonosnǫjǫ_nedělǫ.txt,Slovo na cvětonos'nǫjǫ nedělǫ,Middle Bulgarian,Church Slavonic,14th,1301,1400,1350,https://histdict.uni-sofia.bg/textcorpus/show/doc_116
074_Stgo_otca_metodiě_stchry_glas.txt,Stgo otca metodiě stchry glas,Old Serbian,Church Slavonic,14th,1301,1400,1350,https://histdict.uni-sofia.bg/textcorpus/show/doc_120
075_Slovo_pochvalno_Noanou_Krstitelju.txt,Slovo pochval'no Noanou Kr'stitelju,Old Serbian,Church Slavonic,14th,1301,1400,1350,https://histdict.uni-sofia.bg/textcorpus/show/doc_124
076_Žitie_i_žizn_prdpbiyǫ_matere_našę_paraskevi.txt,Žitie i žizn' prdpbiyǫ matere našę paraskevi,Middle Bulgarian,Church Slavonic,14th,1301,1400,1350,https://histdict.uni-sofia.bg/textcorpus/show/doc_155
077_Dioptra_na_Filip_Monotrop.txt,Dioptra na Filip Monotrop,Old Russian,Church Slavonic,First quarter of the 14th,1301,1325,1313,https://histdict.uni-sofia.bg/textcorpus/show/doc_160
078_Germanov_sbornik_Čast_1_slovo_1_15.txt,Germanov sbornik Čast' 1 (slovo 1-15),Middle Bulgarian,Church Slavonic,14th,1301,1400,1350,https://histdict.uni-sofia.bg/textcorpus/show/doc_161
079_Germanov_sbornik_Čast_2_slovo_16_28.txt,Germanov sbornik Čast' 2 (slovo 16-28),Middle Bulgarian,Church Slavonic,14th,1301,1400,1350,https://histdict.uni-sofia.bg/textcorpus/show/doc_162
080_Germanov_sbornik_Čast_3_slovo_29_44.txt,Germanov sbornik Čast' 3 (slovo 29-44),Middle Bulgarian,Church Slavonic,14th,1301,1400,1350,https://histdict.uni-sofia.bg/textcorpus/show/doc_163
081_Pověsti_o_isvěstovannyich_veščei_eže_o_kralechă_pričę.txt,Pověsti o isvěstovannyich veščei eže o kralechă pričę,Middle Bulgarian,Church Slavonic,14th,1301,1400,1350,https://histdict.uni-sofia.bg/textcorpus/show/doc_165
082_Prěmǫdrago_manasia_i_ltopisca_cbranie_ltno_1.txt,Prěmǫdrago manasia i l'topisca c'branie l'tno 1,Middle Bulgarian,Church Slavonic,14th,1301,1400,1350,https://histdict.uni-sofia.bg/textcorpus/show/doc_166
083_Prěmǫdrago_manasia_i_ltopisca_cbranie_ltno_2_3.txt,Prěmǫdrago manasia i l'topisca c'branie l'tno 2-3,Middle Bulgarian,Church Slavonic,14th,1301,1400,1350,https://histdict.uni-sofia.bg/textcorpus/show/doc_167
084_Prěmǫdrago_manasia_i_ltopisca_cbranie_ltno_4_5.txt,Prěmǫdrago manasia i l'topisca c'branie l'tno 4-5,Middle Bulgarian,Church Slavonic,14th,1301,1400,1350,https://histdict.uni-sofia.bg/textcorpus/show/doc_168
085_Prěmǫdrago_manasia_i_ltopisca_cbranie_ltno_6_7.txt,Prěmǫdrago manasia i l'topisca c'branie l'tno 6-7,Middle Bulgarian,Church Slavonic,14th,1301,1400,1350,https://histdict.uni-sofia.bg/textcorpus/show/doc_169
086_Berlinski_sbornik.txt,Berlinski sbornik,Middle Bulgarian,Church Slavonic,14th,1301,1400,1350,https://histdict.uni-sofia.bg/textcorpus/show/doc_173
087_Molitva_za_podpečatvaneneznamenovane_na_mladenec_na_osmija_den_sled_raždaneto_i_priemane_na_ime_Archaična_versija.txt,Molitva za podpečatvane/neznamenovane na mladenec na osmija den sled raždaneto i priemane na ime. Archaična versija,Old Russian,Church Slavonic,Second half of the 14th,1351,1400,1375,https://histdict.uni-sofia.bg/textcorpus/show/doc_181
088_Božstvnaa_služba_iže_v_svętych_Vasilia_Velikago.txt,Bož'stvnaa služba iže v svętych' Vasilia Velikago,Middle Bulgarian,Church Slavonic,14th,1301,1400,1350,https://histdict.uni-sofia.bg/textcorpus/show/doc_219
089_Božstvnaa_služba_svętych_liturgia_diakonskaa_kuri_Evevmia_patriarcha_Trnovskago.txt,"Bož'stvnaa služba svętych' liturgia diakonskaa kuri Evevmia, patriarcha Tr'novskago",Middle Bulgarian,Church Slavonic,14th,1301,1400,1350,https://histdict.uni-sofia.bg/textcorpus/show/doc_220
090_Kur_Eveimia_patriarcha_molitva_na_kotoryǫęžde_litię_o_cari.txt,Kur' Eveimia patriarcha molitva na kotoryǫęžde litię o cari,Middle Bulgarian,Church Slavonic,14th,1301,1400,1350,https://histdict.uni-sofia.bg/textcorpus/show/doc_222
091_Pochvalnoe_cvętomou_Muchaulou_voinou_săpisanoe_Eveimiem_pariarchom_Trănovskym.txt,"Pochvalnoe cvętomou Muchaulou voinou, săpisanoe Eveimiem', pariarchom Trănovskym",Middle Bulgarian,Church Slavonic,14th,1301,1400,1350,https://histdict.uni-sofia.bg/textcorpus/show/doc_215
092_Molitvi_protiv_epidemii_123_Iny_molitvy_pročitaemyǫ_vănegda_bǫdet_sămrătonosie.txt,"Molitvi protiv epidemii -1,2,3. Iny molitvy, pročitaemyǫ vănegda bǫdet sămrătonosie",Middle Bulgarian,Church Slavonic,14th,1301,1400,1350,https://histdict.uni-sofia.bg/textcorpus/show/doc_223
093_Stgo_Isaie_prorka_o_budušich_lětěch_i_o_crěm_skazanie_i_o_antichrsta_iže_choščt_byti.txt,Stgo Isaie pr(o)rka o buduši(ch) lětě(ch) i o crěm' skazanie i o antichr(s)ta iže chošč(t) byti,Resavian,Church Slavonic,Last quarter of the 15th,1476,1500,1488,https://histdict.uni-sofia.bg/textcorpus/show/doc_19
094_The_list_of_the_Novgorodians_losses.txt,The list of the Novgorodians’ losses,Old Russian,Church Slavonic,15th,1401,1500,1450,https://github.com/torottreebank/treebank-releases/blob/master/nov-list.conll
095_S_bgom_počinaem_razoumnik_sie_jes_oučitel_vsem_clovom_ga_ba_i_spasa_našego_Ivs_Cha_I_red.txt,S' bgom' počinaem' razoumnik' sie je(s) oučite(l) v'sem' clovom' ga ba i spa(s)a našego Iv(s) Cha (I red.),Resavian,Church Slavonic,15th,1401,1500,1450,https://histdict.uni-sofia.bg/textcorpus/show/doc_22
096_Slovo_ga_našeg_Isu_Cha_o_nem_kogda_čto_sătvoril_es_I_red_fragment.txt,Slovo ga naše(g) Isu Cha o ne(m) kog(d)a čto sătvoril' e(s) (I red. fragment),Middle Bulgarian,Church Slavonic,Last quarter of the 15th,1476,1500,1488,https://histdict.uni-sofia.bg/textcorpus/show/doc_23
097_Chrismi_na_Lăv_Mădri.txt,Chrismi na Lăv Mădri,Middle Bulgarian,Church Slavonic,Last quarter of the 15th,1476,1500,1488,https://histdict.uni-sofia.bg/textcorpus/show/doc_29
098_Slovo_o_antichristě_oč_blvi.txt,Slovo o antichristě o(č) blvi,Old Serbian,Church Slavonic,Middle 15th,1434,1467,1450,https://histdict.uni-sofia.bg/textcorpus/show/doc_30
099_Dialozi.txt,Dialozi,Old Russian,Church Slavonic,15th,1401,1500,1450,https://histdict.uni-sofia.bg/textcorpus/show/doc_32
100_Pochvalno_slovo_za_Vrăbnica.txt,Pochvalno slovo za Vrăbnica,Old Russian,Church Slavonic,15th,1401,1500,1450,https://histdict.uni-sofia.bg/textcorpus/show/doc_101
101_Slovo_o_stěi_troici_tvari_i_o_sǫdě.txt,Slovo o stěi troici tvari i o sǫdě,Old Russian,Church Slavonic,15th,1401,1500,1450,https://histdict.uni-sofia.bg/textcorpus/show/doc_119
102_Slovo_o_stěi_troici_i_o_tvari_i_o_sǫdě.txt,Slovo o stěi troici i o tvari i o sǫdě,Old Russian,Church Slavonic,15th,1401,1500,1450,https://histdict.uni-sofia.bg/textcorpus/show/doc_130
103_Pooučenie_o_prěčstnyich_tainachă.txt,Pooučenie o prěč'st'nyich tainachă,Old Russian,Church Slavonic,15th,1401,1500,1450,https://histdict.uni-sofia.bg/textcorpus/show/doc_131
104_Prěppdobnomu_i_bgonosnomu_otcu_ioannu_pustynožitelju_pylskomu_kanoni_pěvaemu_vă_sǫbotǫ.txt,Prěppdobnomu i bgonosnomu otcu ioannu pustynožitelju pylskomu kanon'i pěvaemu vă sǫbotǫ,Middle Bulgarian,Church Slavonic,Second half of the 15th,1451,1500,1475,https://histdict.uni-sofia.bg/textcorpus/show/doc_135
105_žitie_i_žizn_prpodbnaago_otca_našego_ilariona_epskpa_moglenskago.txt,žitie i žizn' prpodbnaago otca našego ilariona epskpa moglenskago,Middle Bulgarian,Church Slavonic,15th,1401,1500,1450,https://histdict.uni-sofia.bg/textcorpus/show/doc_157
106_pochvalnoe_stym_velimym_iravnoapstonym_crem_Konstantinou_i_Eleně.txt,pochvalnoe stym' velimym' iravnoapsto'nym' crem' Konstantinou i Eleně,Middle Bulgarian,Church Slavonic,15th,1401,1500,1450,https://histdict.uni-sofia.bg/textcorpus/show/doc_158
107_Pochvalnoe_stoi_velikomici_nedli.txt,Pochvalnoe stoi velikomici nedli,Middle Bulgarian,Church Slavonic,15th,1401,1500,1450,https://histdict.uni-sofia.bg/textcorpus/show/doc_159
108_Druga_molitva_za_rodilka.txt,Druga molitva za rodilka,Old Russian,Church Slavonic,15th,1401,1500,1450,https://histdict.uni-sofia.bg/textcorpus/show/doc_183
109_Torožde_Eveimia_patriarcha_Trănovskago_kă_sveščenněišomu_mitropolitu_Ougrovlachiiskomou_kură_Aneimou.txt,"Torožde Eveimia patriarcha Trănov'skago, kă sveščenněišomu mitropolitu Ougrovlachiiskomou, kură An'eimou",Resavian,Church Slavonic,15th,1401,1500,1450,https://histdict.uni-sofia.bg/textcorpus/show/doc_202
110_Žitie_i_žizn_prěpodonyǫ_matere_našǫ_Filofei.txt,Žitie i žizn' prěpodonyǫ matere našǫ Filofei,Middle Bulgarian,Church Slavonic,15th,1401,1500,1450,https://histdict.uni-sofia.bg/textcorpus/show/doc_205
111_Eveimia_patriarcha_Trănovskago_kă_Nikodimou_sveščennoinokou_iže_vă_Tismeně.txt,"Eveimia patriarcha Trănov'skago, kă Nikodimou, sveščennoinokou iže vă Tismeně",Resavian,Church Slavonic,15th,1401,1500,1450,https://histdict.uni-sofia.bg/textcorpus/show/doc_211
112_Božstvnaa_sloužba_prěždesvęnnaa.txt,Bož(')stvnaa slouž'ba prěždesvęnnaa,Middle Bulgarian,Church Slavonic,15th,1401,1500,1450,https://histdict.uni-sofia.bg/textcorpus/show/doc_212
113_Torožde_Eveimia_patriarcha_Trănovskago_poslanie_kă_Kvprianou_mnichou.txt,"Torožde Eveimia, patriarcha Trănov'skago, poslanie kă Kvprianou mnichou",Resavian,Church Slavonic,15th,1401,1500,1450,https://histdict.uni-sofia.bg/textcorpus/show/doc_213
114_Božstvnaa_služba_iže_vă_svętychă_otca_naševo_Ivanna_Zlatoustago_archieposkopa_Kostantině_grada.txt,"Bož'st'vnaa služba iže vă svętychă otca naševo Ivanna Zlatoustago, archieposkopa Kostantině grada",Middle Bulgarian,Church Slavonic,15th,1401,1500,1450,https://histdict.uni-sofia.bg/textcorpus/show/doc_214
115_Torožde_molitvy_vă_načalo_indikty_byvšu_i_togda_cămrătokosiu.txt,"Torožde molitvy vă načalo indikty, byvšu i togda cămrătokosiu",Middle Bulgarian,Church Slavonic,15th,1401,1500,1450,https://histdict.uni-sofia.bg/textcorpus/show/doc_216
116_Blagodarim_tę_gospodi_bože_našă_o_văsěch_ichže_ot_věka.txt,"Blagodarim tę, gospodi, bože našă, o văsěch, ichže ot věka",Middle Bulgarian,Church Slavonic,15th,1401,1500,1450,https://histdict.uni-sofia.bg/textcorpus/show/doc_217
117_Togožde_molitva_za_bezdăždia.txt,Togožde molitva za bezdăždia,Middle Bulgarian,Church Slavonic,15th,1401,1500,1450,https://histdict.uni-sofia.bg/textcorpus/show/doc_225
118_Pochvalno_slovo_za_Ioan_episcop_Polivotski.txt,"Pochvalno slovo za Ioan, episcop Polivotski",Middle Bulgarian,Church Slavonic,15th,1401,1500,1450,https://histdict.uni-sofia.bg/textcorpus/show/doc_240
119_Afanasij_Nikitins_journey_beyond_three_seas.txt,Afanasij Nikitin’s journey beyond three seas,Old Russian,Church Slavonic,15th,1401,1500,1450,https://github.com/torottreebank/treebank-releases/blob/master/afnik.conll
120_The_tale_of_Dracula.txt,The tale of Dracula,Old Russian,Church Slavonic,15th,1401,1500,1450,https://github.com/torottreebank/treebank-releases/blob/master/drac.conll
121_The_tale_of_Luka_Kolocskij.txt,The tale of Luka Kolocskij,Old Russian,Church Slavonic,15-16th,1401,1600,1500,https://github.com/torottreebank/treebank-releases/blob/master/luk-koloc.conll
122_Missive_from_Prince_Ivan_of_Pskov_14631465.txt,"Missive from Prince Ivan of Pskov, 1463–1465",Old Russian,Church Slavonic,15th,1401,1500,1450,https://github.com/torottreebank/treebank-releases/blob/master/pskov-ivan.conll
123_Služba_na_carica_Teofana.txt,Služba na carica Teofana,Resavian,Church Slavonic,15th,1401,1500,1450,https://histdict.uni-sofia.bg/textcorpus/show/doc_241
124_Domostroj.txt,Domostroj,Old Russian,Church Slavonic,16t,1501,1600,1550,https://github.com/torottreebank/treebank-releases/blob/master/domo.conll
125_Slovo_o_Sivilě_I_red.txt,Slovo o Sivilě (I red.),New Bulgarian,Church Slavonic,16th,1501,1600,1550,https://histdict.uni-sofia.bg/textcorpus/show/doc_20
126_Oukaz_za_ga_našego_IsCha_II_red.txt,Oukaz' za ga našego IsCha (II red.),New Bulgarian,Church Slavonic,second half of the 16th,1551,1600,1575,https://histdict.uni-sofia.bg/textcorpus/show/doc_24
127_Slavjanska_versija_na_chronikata_na_Georgi_Sinkel.txt,Slavjanska versija na chronikata na Georgi Sinkel,Old Russian,Church Slavonic,16th,1501,1600,1550,https://histdict.uni-sofia.bg/textcorpus/show/doc_25
128_The_taking_of_Pskov.txt,The taking of Pskov,Old Russian,Church Slavonic,16th,1501,1600,1550,https://github.com/torottreebank/treebank-releases/blob/master/pskov.conll
129_Vpros_Epifanija_narečennaa_v_mnišcěm_činou_Eutichii_i_byvšemu_patriarchou_Konstantdina_grada_k_osveščennomou_Andreju_za_Christa_Ourodivaago_i_vsako_bouistvo_ověščavša_o_Konstandině_gradě.txt,V'pros' Epifanija narečen'naa v' mniš'cěm' činou Eutichii i byvšemu patriarchou Konstantdina grada k' osveščen'nomou An'dreju za Christa Ourodivaago i vsako bouistvo ověščavša o Kon'stan'dině gradě,Resavian,Church Slavonic,End of the 15th – first half of the 16th,1401,1600,1500,https://histdict.uni-sofia.bg/textcorpus/show/doc_28
130_Service_for_St_Ivan_of_Rila.txt,Service for St. Ivan of Rila,Resavian,Church Slavonic,16th,1501,1600,1550,https://histdict.uni-sofia.bg/textcorpus/show/doc_35
131_Slovo_za_posta_i_za_molitvata.txt,Slovo za posta i za molitvata,Old Russian,Church Slavonic,16th,1501,1600,1550,https://histdict.uni-sofia.bg/textcorpus/show/doc_48
132_Slovo_za_tozi_vremenen_život.txt,Slovo za tozi vremenen život,Old Russian,Church Slavonic,16th,1501,1600,1550,https://histdict.uni-sofia.bg/textcorpus/show/doc_49
133_Pochvala_styichă_m_mǫčenikă.txt,Pochvala styichă m mǫčenikă,Old Serbian,Church Slavonic,16th,1501,1600,1550,https://histdict.uni-sofia.bg/textcorpus/show/doc_106
134_Molitva_za_rodilka_sled_raždaneto.txt,Molitva za rodilka sled raždaneto,Middle Bulgarian,Church Slavonic,16th,1501,1600,1550,https://histdict.uni-sofia.bg/textcorpus/show/doc_184
135_The_tale_of_the_fall_of_Constantinople.txt,The tale of the fall of Constantinople,Old Russian,Church Slavonic,16th,1501,1600,1550,https://github.com/torottreebank/treebank-releases/blob/master/const.conll
136_Molitva_za_văcărkovlenie_na_novorodeno_na_40_ja_den.txt,Molitva za văcărkovlenie na novorodeno na 40-ja den,Middle Bulgarian,Church Slavonic,16th,1501,1600,1550,https://histdict.uni-sofia.bg/textcorpus/show/doc_185
137_Oukaz_Kako_Svrši_G_naš_Ivc_Chs.txt,Oukaz' Kako S'vr'ši G' naš' Iv(c) Chs,Resavian,Church Slavonic,16th,1501,1600,1550,https://histdict.uni-sofia.bg/textcorpus/show/doc_188
138_Pověs_prědivna_isplnjen_strastei_i_tretěnia_i_tainstvo_velie_Rž_okri_b_ugodnikoom_svoim_O_mimošdšich_i_grědouščch_iže_v_stich_oca_našego_mefodia_eppckupa_paparskagoo_skazanie_istinnoe_o_crich_i_poslědnich_lětech.txt,Pově(s) prědivna ispl'njen' strastei i tretěnia i tain'stvo velie R(ž) okri b' ugodn'ikoo(m) svoi(m) O mimoš'(d)ši(ch) i grědoušč(ch) iže v' st'i(ch) oca našego mefodia epp(c)kupa papar'skagoo skazanie istin'noe o cri(ch) i poslědnich' lěte(ch),Resavian,Church Slavonic,Third quarter of the 16th,1551,1625,1588,https://histdict.uni-sofia.bg/textcorpus/show/doc_191
139_Văprosă_Nikodimov.txt,Văprosă Nikodimov,Old Church Slavonic,Church Slavonic,16th,1501,1600,1550,https://histdict.uni-sofia.bg/textcorpus/show/doc_197
140_Trojanski_Damaskin.txt,Trojanski Damaskin,New Bulgarian,Church Slavonic,17th,1601,1700,1650,https://histdict.uni-sofia.bg/textcorpus/show/doc_11
141_Materials_for_the_history_of_the_schism.txt,Materials for the history of the schism,Old Russian,Church Slavonic,17th,1601,1700,1650,https://github.com/torottreebank/treebank-releases/blob/master/schism.conll
142_Vesti_Kuranty.txt,Vesti-Kuranty,Old Russian,Church Slavonic,17th,1601,1700,1650,https://github.com/torottreebank/treebank-releases/blob/master/vest-kur.conll
143_Ckazanie_Isaie_proka_kako_vznecn_bic_agglom_do_zgo_nbci.txt,Ckazanie Isaie pr(o)ka kako v'zne(c)n' b'i(c) agglo(m) do zgo nb(c)'i,Resavian,Church Slavonic,Beginning of the 17th,1601,1634,1617,https://histdict.uni-sofia.bg/textcorpus/show/doc_15
144_Mc_okovmpii_imat_dni_la_dn_imat_sča_ai_a_nošč_gi_vă_fi_den_pamet_prěpodobnago_otca_našego_ioanna_poustinižitelja_rylskago.txt,"Mc' okovmpii imat dni la dn' imat sča ai a' nošč', gi vă fi den' pamet prěpodobnago otca našego ioanna poust'inižitelja ryl'skago",Resavian,Church Slavonic,17th,1601,1700,1650,https://histdict.uni-sofia.bg/textcorpus/show/doc_26
145_Čjudesa_stgo_Nikolia.txt,Čjudesa stgo Nikolia,Resavian,Church Slavonic,17th,1601,1700,1650,https://histdict.uni-sofia.bg/textcorpus/show/doc_47
146_Slovo_Kako_zače_se_samovila.txt,Slovo Kako zače se samovila,Resavian,Church Slavonic,17th,1601,1700,1650,https://histdict.uni-sofia.bg/textcorpus/show/doc_133
147_Skazanie_izjavljenno_opismene.txt,Skazanie iz'javljenno o'pi'smene,Resavian,Church Slavonic,17th,1601,1700,1650,https://histdict.uni-sofia.bg/textcorpus/show/doc_170
148_Tikveški_sbornik.txt,Tikveški sbornik,Resavian,Church Slavonic,17th,1601,1700,1650,https://histdict.uni-sofia.bg/textcorpus/show/doc_179
149_Ukaz_za_ga_nšego_ischa_kako_bys_msca_martia.txt,Uka(z) za ga nšego is'cha kako by(s) msca martia,Resavian,Church Slavonic,17th,1601,1700,1650,https://histdict.uni-sofia.bg/textcorpus/show/doc_187
150_Skazanie_kako_čsti_ezyk.txt,Skazanie kako č'(s)ti ezy(k),Resavian,Church Slavonic,17th,1601,1700,1650,https://histdict.uni-sofia.bg/textcorpus/show/doc_190
151_Loveški_damaskin.txt,Loveški damaskin,New Bulgarian,Church Slavonic,17th,1601,1700,1650,https://histdict.uni-sofia.bg/textcorpus/show/doc_192
152_Oustav_božstvennyę_služby_svętago_apostola_Iakova_brata_gospodnę.txt,"Oustav' bož(')stvennyę služby svętago apostola Iakova, brata gospodnę",Old Russian,Church Slavonic,17th,1601,1700,1650,https://histdict.uni-sofia.bg/textcorpus/show/doc_210
153_Testament_of_Ivan_Jurievich_Grjaznoj.txt,Testament of Ivan Jurievich Grjaznoj,Old Russian,Church Slavonic,18th,1701,1800,1750,https://github.com/torottreebank/treebank-releases/blob/master/dux-grjaz.conll
154_Mitarstva_na_dušata_na_Blažena_Teodora.txt,Mitarstva na dušata /na Blažena Teodora,Church Slavonic,New Church Slavonic,18th,1701,1800,1750,https://histdict.uni-sofia.bg/textcorpus/show/doc_36
155_Correspondence_of_Peter_the_Great.txt,Correspondence of Peter the Great,Old Russian,New Church Slavonic,18th,1701,1800,1750,https://github.com/torottreebank/treebank-releases/blob/master/peter.conll
156_Istorija_Slavjanoblgarska.txt,Istorija Slavjanob'lgarska,New Bulgarian,New Church Slavonic,18th,1701,1800,1750,https://histdict.uni-sofia.bg/textcorpus/show/doc_137
157_Kiev_Missal.txt,Kiev Missal,Old Church Slavonic,Old Church Slavonic,between 9th to 11th,801,1100,950,https://github.com/torottreebank/treebank-releases/blob/master/kiev-mis.conll
158_Razumnik_ukaz_II_red_fragment.txt,Razumnik-ukaz (II red. fragment),New Bulgarian,Church Slavonic,16th-17th,1501,1700,1600,https://histdict.uni-sofia.bg/textcorpus/show/doc_27
159_Žitie_na_sv_Teodora_Aleksandrijska.txt,Žitie na sv. Teodora Aleksandrijska,Middle Bulgarian,Church Slavonic,13th (14th),1201,1400,1300,https://histdict.uni-sofia.bg/textcorpus/show/doc_50
160_Beležki_na_blgarskite_knižovnici_X_XVIII_veka.txt,Beležki na b'lgarskite knižovnici X-XVIII veka,Middle Bulgarian,Church Slavonic,,,,,https://histdict.uni-sofia.bg/textcorpus/show/doc_52
161_Trebnik_Grigorovič_32.txt,Trebnik Grigorovič 32,Middle Bulgarian,Church Slavonic,15-16th,1401,1600,1500,https://histdict.uni-sofia.bg/textcorpus/show/doc_103
162_Kanonă_Glasă_i_pěsn_a.txt,Kanonă Glasă i pěsn' a,Middle Bulgarian,Church Slavonic,15-16th,1401,1600,1500,https://histdict.uni-sofia.bg/textcorpus/show/doc_123
163_Pooučenie_na_blagověščenie_stěi_bci.txt,Pooučenie na blagověščenie stěi bci,Old Church Slavonic,Church Slavonic,13th-14th,1201,1400,1300,https://histdict.uni-sofia.bg/textcorpus/show/doc_125
164_Pooučenie_na_blagověščenie_stěi_bci.txt,Pooučenie na blagověščenie stěi bci,Old Russian,Church Slavonic,13th-14th,1201,1400,1300,https://histdict.uni-sofia.bg/textcorpus/show/doc_126
165_Služba_za_părvomăčenik_Stefan_i_za_Stefan_i_papa_Rimski.txt,Služba za părvomăčenik Stefan i za Stefan i papa Rimski,Middle Bulgarian,Old Church Slavonic,11th-12th,1001,1200,1100,https://histdict.uni-sofia.bg/textcorpus/show/doc_132
166_Slovo_stgo_Polouta_Rimskago_o_tlkovanii_danilově.txt,Slovo stgo Polouta Rim'skago o tl'kovanii danilově,Old Serbian,Church Slavonic,17th-18th,1601,1800,1700,https://histdict.uni-sofia.bg/textcorpus/show/doc_6
167_Žitie_skazano_o_prěmudtosti_akirievě_kako_oučaše_sestričikja_svoe_anadana.txt,Žitie skazano o prěmudtosti akirievě kako oučaše sestričikja svoe anadana,Resavian,Church Slavonic,17th-18th,1601,1800,1700,https://histdict.uni-sofia.bg/textcorpus/show/doc_174
168_Slovo_o_adamě_i_o_evvě_o_sačela_do_svršenie_oukaz_oče_blcvi.txt,Slovo o adamě i o evvě o sačela do s'vr'šenie oukaz' oče bl(c)vi,Resavian,Church Slavonic,17th-18th,1601,1800,1700,https://histdict.uni-sofia.bg/textcorpus/show/doc_175
169_Slovo_o_pradednago_avraama_oč_blcvi.txt,Slovo o pradednago avraama o(č) bl(c)vi,Resavian,Church Slavonic,17th-18th,1601,1800,1700,https://histdict.uni-sofia.bg/textcorpus/show/doc_177
170_molitva_za_babuvala_akuširala_žena.txt,molitva za babuvala (akuširala) žena,Middle Bulgarian,Church Slavonic,15th-16th,1401,1600,1500,https://histdict.uni-sofia.bg/textcorpus/show/doc_182
171_molitva_za_babuvala_akuširala_žena.txt,molitva za babuvala (akuširala) žena,Middle Bulgarian,Church Slavonic,15th-16th,1401,1600,1500,https://histdict.uni-sofia.bg/textcorpus/show/doc_182
172_Slovo_o_stei_troici_kako_gosti_avram.txt,Slovo o stei troici kako go(s)ti avram',Resavian,Church Slavonic,15th-16th,1401,1600,1500,https://histdict.uni-sofia.bg/textcorpus/show/doc_186
173_o_velikie_petki_prěz_godi.txt,(o) velikie petki prěz' godi,Resavian,Church Slavonic,15th-16th,1401,1600,1500,https://histdict.uni-sofia.bg/textcorpus/show/doc_189
174_Blacho_bălgarski_gramoti.txt,Blacho-bălgarski gramoti,Middle Bulgarian,Church Slavonic,15th-16th,1401,1600,1500,https://histdict.uni-sofia.bg/textcorpus/show/doc_193
175_Părvo_slovo_protiv_arianite.txt,Părvo slovo protiv arianite,Old Church Slavonic,Old Church Slavonic,,,,,https://histdict.uni-sofia.bg/textcorpus/show/doc_257
176_Charter_of_Prince_Jurij_Svjatoslavich_of_Smolensk_on_the_alliance_with_Poland_and_Lithuania_1386.txt,"Charter of Prince Jurij Svjatoslavich of Smolensk on the alliance with Poland and Lithuania, 1386",Old Russian,Church Slavonic,14th,1301,1400,1350,https://github.com/torottreebank/treebank-releases/blob/master/smol-pol-lit.conll
177_Žitie_prepodnogo_Aleksandra_Svirskogo.txt,Žitie prepodnogo Aleksandra Svirskogo,Middle Russian,Church Slavonic,XVI,1501,1600,1550,https://project.phil.spbu.ru/scat/download/Aleksandr_svirskij.xml
178_Žitie_prepodobnogo_Antonija_Sijskogo.txt,Žitie prepodobnogo Antonija Sijskogo,Middle Russian,Church Slavonic,XVI century,1501,1600,1550,https://project.phil.spbu.ru/scat/download/Antonij_sijskij.xml
179_Žitie_prepodobnogo_Grigorija_Pelšemskogo.txt,Žitie prepodobnogo Grigorija Pel'šemskogo,Middle Russian,Church Slavonic,XVI century,1501,1600,1550,https://project.phil.spbu.ru/scat/download/Grigorij_pelshemskij.xml
180_Žitie_Dimitrija_Priluckogo.txt,Žitie Dimitrija Priluckogo,Middle Russian,Church Slavonic,The late 14th century or the early 15th century,1301,1500,1400,https://project.phil.spbu.ru/scat/download/Dimitrij_prilutskij.xml
181_Žitie_prepodobnogo_Dionisija_Glušickogo.txt,Žitie prepodobnogo Dionisija Glušickogo,Middle Russian,Church Slavonic,The late 15th century,1467,1500,1483,https://project.phil.spbu.ru/scat/download/Dionisij_glushitskij.xml
182_Žitie_prepodobnogo_Dionisija_Glušickogo_pochvala.txt,Žitie prepodobnogo Dionisija Glušickogo (pochvala),Middle Russian,Church Slavonic,The late 15th century,1467,1500,1483,https://project.phil.spbu.ru/scat/download/Dionisij_glushitskij_pohvala.xml
183_Žitie_prepodobnogo_Kirilla_Novoezerskogo.txt,Žitie prepodobnogo Kirilla Novoezerskogo,Middle Russian,Church Slavonic,The late 16th century,1567,1600,1583,https://project.phil.spbu.ru/scat/download/Cyrill_novoezerskij.xml
184_Žitie_prepodobnogo_Kornilija_Komelskogo.txt,Žitie prepodobnogo Kornilija Komel'skogo,Middle Russian,Church Slavonic,The late 16th century,1567,1600,1583,https://project.phil.spbu.ru/scat/download/Kornilij_komelskij.xml
185_Žitie_prepodobnogo_Kornilija_Komelskogo_Pochvala.txt,Žitie prepodobnogo Kornilija Komel'skogo (Pochvala),Middle Russian,Church Slavonic,The late 16th century,1567,1600,1583,https://project.phil.spbu.ru/scat/download/Dionisij_glushitskij_pohvala.xml
186_Žitie_prepodobnogo_Pavla_Obnorskogo_žitie.txt,Žitie prepodobnogo Pavla Obnorskogo (žitie),Middle Russian,Church Slavonic,16th century,1501,1600,1550,https://project.phil.spbu.ru/scat/download/Pavel_obnorskij_zhitie.xml
187_Žitie_prepodobnogo_Pavla_Obnorskogo_chudesa.txt,Žitie prepodobnogo Pavla Obnorskogo (chudesa),Middle Russian,Church Slavonic,16th century,1501,1600,1550,https://project.phil.spbu.ru/scat/download/Pavel_obnorskij_chudesa.xml
188_Žitie_prepodobnogo_Sergija_Nuromskogo.txt,Žitie prepodobnogo Sergija Nuromskogo,Middle Russian,Church Slavonic,16th century,1501,1600,1550,https://project.phil.spbu.ru/scat/download/Sergij_nuromskij.xml
189_Gramota_Novgoroda_Ljubeku_s_trebovaniem_vozvrata_tovarov_nagrablennych_morskimi_razbojnikami_u_novgorodcev_Gramoty_Velikogo_Novgoroda_i_Pskova.txt,"Gramota Novgoroda Ljubeku s trebovaniem vozvrata tovarov, nagrablennych morskimi razbojnikami u novgorodcev. Gramoty Velikogo Novgoroda i Pskova",Middle Russian,Church Slavonic,14th,1301,1400,1350,https://github.com/UniversalDependencies/UD_Old_East_Slavic-RNC/blob/master/orv_rnc-ud-train.conllu
190_Dogovornaja_gramota_Velikogo_Novgoroda_i_Pskova_s_episkopom_Jurevskim_o_peremirii_na_30_let_Gramoty_Velikogo_Novgoroda_i_Pskova.txt,Dogovornaja gramota Velikogo Novgoroda i Pskova s episkopom Jur’evskim o peremirii na 30 let. Gramoty Velikogo Novgoroda i Pskova,Middle Russian,Church Slavonic,"Drafted in the 15th century, with subsequent modifications in the 16th-17th centuries",1401,1700,1550,https://github.com/UniversalDependencies/UD_Old_East_Slavic-RNC/blob/master/orv_rnc-ud-train.conllu
191_Otkupnaja_gramota_Jakima_Gureeva_i_Matveja_Petrova_u_namestnika_Grigorija_Vasileviča_na_sud_v_Oboneže_Gramoty_Velikogo_Novgoroda_i_Pskova.txt,Otkupnaja gramota Jakima Gureeva i Matveja Petrova u namestnika Grigorija Vasil’eviča na sud v Obonež’e. Gramoty Velikogo Novgoroda i Pskova,Middle Russian,Church Slavonic,15th,1401,1500,1450,https://github.com/UniversalDependencies/UD_Old_East_Slavic-RNC/blob/master/orv_rnc-ud-train.conllu
192_Gramota_velikogo_knjazja_Dmitrija_Ivanoviča_Andreju_Frjazinu_o_požalovanii_ego_Pečeroju_v_kormlenie_Gramoty_Velikogo_Novgoroda_i_Pskova.txt,Gramota velikogo knjazja Dmitrija Ivanoviča Andreju Frjazinu o požalovanii ego Pečeroju v kormlenie. Gramoty Velikogo Novgoroda i Pskova,Middle Russian,Church Slavonic,14th - 15th-16th,1301,1600,1450,https://github.com/UniversalDependencies/UD_Old_East_Slavic-RNC/blob/master/orv_rnc-ud-train.conllu
193_Kupčaja_popa_Petra_u_Trofima_Haritona_i_Dementija_na_navolok_na_reke_Ljavle_Gramoty_Velikogo_Novgoroda_i_Pskova.txt,"Kupčaja popa Petra u Trofima, Haritona i Dementija na navolok na reke Ljavle. Gramoty Velikogo Novgoroda i Pskova",Middle Russian,Church Slavonic,15th,1401,1500,1450,https://github.com/UniversalDependencies/UD_Old_East_Slavic-RNC/blob/master/orv_rnc-ud-train.conllu
194_Kupčaja_novgorodskogo_posadnika_Dmitrija_Vasileviča_u_Hovry_Vasilevoj_dočeri_Tojvutovoj_na_učastki_v_rekah_Vyge_Shue_Kemi_i_na_Kilboostrove_Gramoty_Velikogo_Novgoroda_i_Pskova.txt,"Kupčaja novgorodskogo posadnika Dmitrija Vasil’eviča u Hovry Vasil’evoj dočeri Tojvutovoj na učastki v rekah Vyge, Shue, Kemi i na Kil’boostrove. Gramoty Velikogo Novgoroda i Pskova ",Middle Russian,Church Slavonic,15th,1401,1500,1450,https://github.com/UniversalDependencies/UD_Old_East_Slavic-RNC/blob/master/orv_rnc-ud-train.conllu
195_Obodnaja_meževaja_zemljam_velikogo_knjazja_i_monastyrej_Jureva_Vjažickogo_Paleostrovskogo_i_Muromskogo_v_pogostach_Shalskom_i_Nikolskom_Pudožskom_i_v_volostkach_tech_že_pogostov_Gramoty_Velikogo_Novgoroda_i_Pskova.txt,"Obodnaja meževaja zemljam velikogo knjazja i monastyrej Jur’eva, Vjažickogo, Paleostrovskogo i Muromskogo v pogostach Shal’skom i Nikol’skom Pudožskom i v volostkach tech že pogostov. Gramoty Velikogo Novgoroda i Pskova",Middle Russian,Church Slavonic,"Drafted in the 14th century, with subsequent modifications in the 16th-17th centuries.",1301,1700,1500,https://github.com/UniversalDependencies/UD_Old_East_Slavic-RNC/blob/master/orv_rnc-ud-train.conllu
196_Žalovannaja_gramota_vvoznaja_i_nesudimaja_p_Filareta_K_A_i_O_A_Surminym_na_pomeste_ich_otca_v_sc_Bunkove_s_derevnjami_i_pustošami_v_Sotskoj_vol_Kostromskogo_u_Akty_feodalnogo_zemlevladenija_i_chozjajstva.txt,"Žalovannaja gramota, vvoznaja i nesudimaja, p. Filareta K. A. i O. A. Surminym na pomest’e ich otca v sc. Bunkove s derevnjami i pustošami, v Sotskoj vol., Kostromskogo u. // Akty feodal’nogo zemlevladenija i chozjajstva",Middle Russian,Church Slavonic,17th,1601,1700,1650,https://github.com/UniversalDependencies/UD_Old_East_Slavic-RNC/blob/master/orv_rnc-ud-train.conllu
197_Carskaja_gramota_kungurskomu_voevode_Fedoru_Suchotinu_ob_okazanii_sodejstvija_gostinoj_sotne_Alekseju_Ušakovu_v_sbore_tamožennyh_i_kabackich_pošlin_Kungurskie_akty_XVII_veka.txt,Carskaja gramota kungurskomu voevode Fedoru Suchotinu ob okazanii sodejstvija gostinoj sotne Alekseju Ušakovu v sbore tamožennyh i kabackich pošlin. Kungurskie akty XVII veka,Middle Russian,Church Slavonic,17th,1601,1700,1650,https://github.com/UniversalDependencies/UD_Old_East_Slavic-RNC/blob/master/orv_rnc-ud-train.conllu
198_Otpiski_v_Moskvu_kungurskogo_voevody_Alekseja_Kalitina_Kungurskie_akty_XVII_veka.txt,Otpiski v Moskvu kungurskogo voevody Alekseja Kalitina. Kungurskie akty XVII veka,Middle Russian,Church Slavonic,17th,1601,1700,1650,https://github.com/UniversalDependencies/UD_Old_East_Slavic-RNC/blob/master/orv_rnc-ud-train.conllu
199_I_F_Strešnev_V_V_Golicynu_Moskovskaja_delovaja_i_bytovaja_pismennost_XVII_veka.txt,I. F. Strešnev V. V. Golicynu. Moskovskaja delovaja i bytovaja pis’mennost’ XVII veka,Middle Russian,Church Slavonic,17th,1601,1700,1650,https://github.com/UniversalDependencies/UD_Old_East_Slavic-RNC/blob/master/orv_rnc-ud-train.conllu
200_I_F_Strešnev_V_V_Golicynu_Moskovskaja_delovaja_i_bytovaja_pismennost_XVII_veka.txt,I. F. Strešnev V. V. Golicynu. Moskovskaja delovaja i bytovaja pis’mennost’ XVII veka,Middle Russian,Church Slavonic,17th,1601,1700,1650,https://github.com/UniversalDependencies/UD_Old_East_Slavic-RNC/blob/master/orv_rnc-ud-train.conllu
201_T_I_Golicyna_V_V_Golicynu_Moskovskaja_delovaja_i_bytovaja_pismennost_XVII_veka.txt,T. I. Golicyna V. V. Golicynu. Moskovskaja delovaja i bytovaja pis’mennost’ XVII veka,Middle Russian,Church Slavonic,17th,1601,1700,1650,https://github.com/UniversalDependencies/UD_Old_East_Slavic-RNC/blob/master/orv_rnc-ud-train.conllu
202_T_I_Golicyna_V_V_Golicynu_Moskovskaja_delovaja_i_bytovaja_pismennost_XVII_veka.txt,T. I. Golicyna V. V. Golicynu. Moskovskaja delovaja i bytovaja pis’mennost’ XVII veka,Middle Russian,Church Slavonic,17th,1601,1700,1650,https://github.com/UniversalDependencies/UD_Old_East_Slavic-RNC/blob/master/orv_rnc-ud-train.conllu
203_Čelobite_Lva_Andreeva_Mikulina_ob_otpuskе_ego_v_derevnju_dlja_sbora_so_služboj_Akty_Moskovskogo_gosudarstva_izdannye_imp_Akademiej_nauk.txt,"Čelobit’e L’va Andreeva Mikulina ob otpuskе ego v derevnju «dlja sbora so služboj». Akty Moskovskogo gosudarstva, izdannye imp. Akademiej nauk",Middle Russian,Church Slavonic,17th,1601,1700,1650,https://github.com/UniversalDependencies/UD_Old_East_Slavic-RNC/blob/master/orv_rnc-ud-train.conllu
204_Simeon_Polockij_Komidija_pritči_o_bludnem_syne_Russkaja_dramaturgija_poslednej_četverti_XVII_i_načala_XVIII_v.txt,Simeon Polockij. Komidija pritči o bludnem syne. Russkaja dramaturgija poslednej četverti XVII i načala XVIII v. ,Middle Russian,Church Slavonic,17th,1601,1700,1650,https://github.com/UniversalDependencies/UD_Old_East_Slavic-RNC/blob/master/orv_rnc-ud-train.conllu
205_Stepennaja_kniga_Kniga_Stepennaja_carskogo_rodoslovija_2_ja_stepen_Jaroslav_Vladimirovič_Mudryj_PSRL_T_21.txt,Stepennaja kniga («Kniga Stepennaja carskogo rodoslovija»). 2-ja stepen’ [Jaroslav Vladimirovič Mudryj] // PSRL. T. 21,Middle Russian,Church Slavonic,16th,1501,1600,1550,https://github.com/UniversalDependencies/UD_Old_East_Slavic-RNC/blob/master/orv_rnc-ud-train.conllu
206_Kupčaja_popa_Petra_u_Trofima_Kharitona_i_Dementija_na_navolok_na_reke_Ljavle_Gramoty_Velikogo_Novgoroda_i_Pskov.txt,"Kupčaja popa Petra u Trofima, Kharitona i Dementija na navolok na reke Ljavle // Gramoty Velikogo Novgoroda i Pskov",Middle Russian,Church Slavonic,15th,1401,1500,1450,https://github.com/UniversalDependencies/UD_Old_East_Slavic-RNC/blob/master/orv_rnc-ud-train.conllu
207_Carskaja_gramota_kungurskomu_voevode_Alekseju_Kalitinu_o_predostavlenii_zemskim_starostam_i_celovalnikam_sbora_streleckich_obročnych_i_drugich_deneg_i_o_nevmešatelstve_v_rasporjaženija_po_označennym_sboram_voevod.txt,"Carskaja gramota kungurskomu voevode Alekseju Kalitinu o predostavlenii zemskim starostam i celoval’nikam sbora streleckich, obročnych i drugich deneg i o nevmešatel’stve v rasporjaženija po označennym sboram voevod",Middle Russian,Church Slavonic,17th,1601,1700,1650,https://github.com/UniversalDependencies/UD_Old_East_Slavic-RNC/blob/master/orv_rnc-ud-test.conllu
208_Carskaja_gramota_kungurskomu_voevode_Alekseju_Kalitinu_o_predostavlenii_zemskim_starostam_i_celovalnikam_sbora_streleckich_obročnych_i_drugich_deneg_i_o_nevmešatelstve_v_rasporjaženija_po_označennym_sboram_voevod.txt,"Carskaja gramota kungurskomu voevode Alekseju Kalitinu o predostavlenii zemskim starostam i celoval’nikam sbora streleckich, obročnych i drugich deneg i o nevmešatel’stve v rasporjaženija po označennym sboram voevod",Middle Russian,Church Slavonic,17th,1601,1700,1650,https://github.com/UniversalDependencies/UD_Old_East_Slavic-RNC/blob/master/orv_rnc-ud-test.conllu
209_Delo_o_duėli_v_Moskve_seržantov_Petra_Falka_i_Tomasa_Grelsa.txt,Delo o duėli v Moskve seržantov Petra Fal’ka i Tomasa Grel’sa,Middle Russian,Church Slavonic,17th,1601,1700,1650,https://github.com/UniversalDependencies/UD_Old_East_Slavic-RNC/blob/master/orv_rnc-ud-test.conllu
210_Dokončanie_velikogo_knjazja_Vasilija_Vasileviča_s_velikim_knjazem_rjazanskim_Ivanom_Fedorovičem_Gramota_v_kn_Vasilija_Vasileviča_v_kn_Ivanu_Fedoroviču_Duchovnye_i_dogovornye_gramoty_47.txt,"Dokončanie velikogo knjazja Vasilija Vasil’eviča s velikim knjazem rjazanskim Ivanom Fedorovičem. Gramota v. kn. Vasilija Vasil’eviča v. kn. Ivanu Fedoroviču // Duchovnye i dogovornye gramoty, № 47",Middle Russian,Church Slavonic,15th,1401,1500,1450,https://github.com/UniversalDependencies/UD_Old_East_Slavic-RNC/blob/master/orv_rnc-ud-test.conllu
211_L_Aničkov_VT_Vyndomskomu_Gramotki.txt,L. Aničkov V.T. Vyndomskomu // Gramotki,Middle Russian,Church Slavonic,17th-18th,1601,1800,1700,https://github.com/UniversalDependencies/UD_Old_East_Slavic-RNC/blob/master/orv_rnc-ud-test.conllu
212_Челобитная_посадских_людей_Вязьмы_об_обложении_их_посильным_сошным_окладом_по_дозору_писцов_С_И_Воейкова_и_Д_Прокофьева.txt,Челобитная посадских людей Вязьмы об обложении их посильным сошным окладом по дозору писцов С. И. Воейкова и Д. Прокофьева,Middle Russian,Church Slavonic,17th,1601,1700,1650,https://github.com/UniversalDependencies/UD_Old_East_Slavic-RNC/blob/master/orv_rnc-ud-test.conllu
213_Ivan_Groznyj_Poslanie_polskomu_korolju_Stefanu_Batoriju_1579_goda_Biblioteka_literatury_Drevnej_Rusi.txt,Ivan Groznyj. Poslanie pol’skomu korolju Stefanu Batoriju 1579 goda // Biblioteka literatury Drevnej Rusi,Middle Russian,Church Slavonic,16th,1501,1600,1550,https://github.com/UniversalDependencies/UD_Old_East_Slavic-RNC/blob/master/orv_rnc-ud-test.conllu
214_Novgorodskaja_povest_o_pochode_Ivana_III_Vasileviča_na_Novgorod_Biblioteka_literatury_Drevnej_Rusi.txt,Novgorodskaja povest’ o pochode Ivana III Vasil’eviča na Novgorod // Biblioteka literatury Drevnej Rusi,Middle Russian,Church Slavonic,15th,1401,1500,1450,https://github.com/UniversalDependencies/UD_Old_East_Slavic-RNC/blob/master/orv_rnc-ud-test.conllu
215_Nakaz_Afanasiju_Filippoviču_Paškovu_na_voevodstvo_v_Daurskoj_zemle.txt,Nakaz Afanasiju Filippoviču Paškovu na voevodstvo v Daurskoj zemle,Middle Russian,Church Slavonic,17th,1601,1700,1650,https://github.com/UniversalDependencies/UD_Old_East_Slavic-RNC/blob/master/orv_rnc-ud-test.conllu
216_Dogovornye_gramoty_Novgoroda_s_tverskim_velikim_knjazem_Michailom_Jaroslavičem_Gramota_tverskaja_Gramoty_Velikogo_Novgoroda_i_Pskova.txt,Dogovornye gramoty Novgoroda s tverskim velikim knjazem Michailom Jaroslavičem. Gramota tverskaja // Gramoty Velikogo Novgoroda i Pskova,Middle Russian,Church Slavonic,14th,1301,1400,1350,https://github.com/UniversalDependencies/UD_Old_East_Slavic-RNC/blob/master/orv_rnc-ud-test.conllu
217_Poslanie_mitropolita_Simona_velikoknjažeskomu_namestniku_Velikoj_Permi_knjazju_Matveju_Michajloviču_vsem_mirjanam_i_duchovenstvu_Velikoj_Permi_s_predpisaniem_strogo_sobljudatʹ_christianskuju_obrjadnostʹ_ne_poklonjatʹsja_jazyčeskomu_idolu_Vojpelju_i_prekratitʹ_zaključenie_brakov_po_tatarskomu_obyčaju_levirata_Archiv_feodalʹnych_zemelʹ_XIVXVI_vv.txt,"Poslanie mitropolita Simona velikoknjažeskomu namestniku Velikoj Permi knjazju Matveju Michajloviču, vsem mirjanam i duchovenstvu Velikoj Permi s predpisaniem strogo sobljudatʹ christianskuju obrjadnostʹ, ne poklonjatʹsja jazyčeskomu idolu Vojpelju i prekratitʹ zaključenie brakov po tatarskomu obyčaju levirata // Archiv feodalʹnych zemelʹ XIV–XVI vv.",Middle Russian,Church Slavonic,16th,1501,1600,1550,https://github.com/UniversalDependencies/UD_Old_East_Slavic-RNC/blob/master/orv_rnc-ud-test.conllu
218_A_Dementev_Otpiska_prikazčika_s_Pavlovskogo_Zvenigorod_u_A_Dementeva_B_I_Morozovu_o_pobege_krestjan_der_Piskova_M_Titova_i_A_Vasileva_i_ob_otkaze_slug_echat_za_nimi_v_pogonju_Akty_chozjajstva_B_I_Morozova.txt,A. Dement’ev. Otpiska prikazčika s. Pavlovskogo (Zvenigorod. u.) A. Dement’eva B. I. Morozovu o pobege krest’jan der. Piskova M. Titova i A. Vasil’eva i ob otkaze slug echat’ za nimi v pogonju // Akty chozjajstva B. I. Morozova,Middle Russian,Church Slavonic,17th,1601,1700,1650,https://github.com/UniversalDependencies/UD_Old_East_Slavic-RNC/blob/master/orv_rnc-ud-test.conllu
219_I_Perfilev_Čelobitnye_krestjan_s_Gorodnja_Tver_u_I_Perfileva_s_tov_o_dače_im_na_obrok_8_des_zemli_rasčiščennoj_I_Brylkinym_i_o_razrešenii_im_rasčistit_les_otdelno_ot_mira_Akty_chozjajstva_B_I_Morozova.txt,"I. Perfil′ev. Čelobitnye krest′jan s. Gorodnja (Tver. u.) I. Perfil′eva s tov. o dače im na obrok 8 des. zemli, rasčiščennoj I. Brylkinym, i o razrešenii im rasčistit′ les otdel′no ot mira // Akty chozjajstva B. I. Morozova",Middle Russian,Church Slavonic,17th,1601,1700,1650,https://github.com/UniversalDependencies/UD_Old_East_Slavic-RNC/blob/master/orv_rnc-ud-test.conllu
220_Pamjat_B_I_Morozova_I_Rachmangulu_o_vysylke_v_Moskvu_lošadej_iz_s_Pavlovskogo_Zvenigorod_u_Akty_chozjajstva_B_I_Morozova.txt,Pamjat′ B. I. Morozova I. Rachmangulu o vysylke v Moskvu lošadej iz s. Pavlovskogo (Zvenigorod. u.) // Akty chozjajstva B. I. Morozova,Middle Russian,Church Slavonic,17th,1601,1700,1650,https://github.com/UniversalDependencies/UD_Old_East_Slavic-RNC/blob/master/orv_rnc-ud-test.conllu
221_Otpiska_M_Andreeva_iz_s_Kotelnikov_Moskov_u_moskovskomu_prikazčiku_S_N_Kiselevu_o_trudnostjach_rasčistki_lesa_v_bolotach_bliz_pus_Kazarinova.txt,Otpiska M. Andreeva iz s. Kotel′nikov (Moskov. u.) moskovskomu prikazčiku S. N. Kiselevu o trudnostjach rasčistki lesa v bolotach bliz pus. Kazarinova,Middle Russian,Church Slavonic,17th,1601,1700,1650,https://github.com/UniversalDependencies/UD_Old_East_Slavic-RNC/blob/master/orv_rnc-ud-test.conllu
222_Otpiska_prikazčika_s_Lotošina_Tver_u_I_Brylkina_moskovskomu_prikazčiku_S_N_Kiselevu_s_zaprosom_o_meste_dlja_vypasa_lošadej_Akty_chozjajstva_B_I_Morozova.txt,Otpiska prikazčika s. Lotošina (Tver. u.) I. Brylkina moskovskomu prikazčiku S. N. Kiselevu s zaprosom o meste dlja vypasa lošadej // Akty chozjajstva B. I. Morozova,Middle Russian,Church Slavonic,17th,1601,1700,1650,https://github.com/UniversalDependencies/UD_Old_East_Slavic-RNC/blob/master/orv_rnc-ud-test.conllu
223_Otpiska_prikazčika_s_Pavlovskogo_Zvenigorod_u_A_Dementeva_B_I_Morozovu_o_posylke_v_Moskvu_krestjanina_Okulki_Dementeva_s_čelobitnoj_o_prieme_ego_v_votčinu_Akty_chozjajstva_B_I_Morozova.txt,Otpiska prikazčika s. Pavlovskogo (Zvenigorod. u.) A. Dement′eva B. I. Morozovu o posylke v Moskvu krest′janina Okul′ki Dement′eva s čelobitnoj o prieme ego v votčinu // Akty chozjajstva B. I. Morozova,Middle Russian,Church Slavonic,17th,1601,1700,1650,https://github.com/UniversalDependencies/UD_Old_East_Slavic-RNC/blob/master/orv_rnc-ud-test.conllu
224_Otpiska_prikazčika_s_Pavlovskogo_Zvenigorod_u_A_Dementeva_B_I_Morozovu_o_posadke_i_privivke_plodovych_derevev_v_s_Pavlovskom_i_v_Onufrieve_monastyre_Акты_хозяйства_Б_И_Морозова.txt,Otpiska prikazčika s. Pavlovskogo (Zvenigorod. u.) A. Dement′eva B. I. Morozovu o posadke i privivke plodovych derev′ev v s. Pavlovskom i v Onufrieve monastyre // Акты хозяйства Б. И. Морозова,Middle Russian,Church Slavonic,17th,1601,1700,1650,https://github.com/UniversalDependencies/UD_Old_East_Slavic-RNC/blob/master/orv_rnc-ud-test.conllu
225_Otpiska_prikazčika_s_Pavlovskogo_Zvenigorod_u_A_Dementeva_B_I_Morozovu_s_zaprosom_po_povodu_perenjatogo_plota_vdovy_T_Naščokinoj_razrušivšego_most_Akty_chozjajstva_B_I_Morozova.txt,"Otpiska prikazčika s. Pavlovskogo (Zvenigorod. u.) A. Dement′eva B. I. Morozovu s zaprosom po povodu perenjatogo plota vdovy T. Naščokinoj, razrušivšego most // Akty chozjajstva B. I. Morozova",Middle Russian,Church Slavonic,17th,1601,1700,1650,https://github.com/UniversalDependencies/UD_Old_East_Slavic-RNC/blob/master/orv_rnc-ud-test.conllu
226_Pamjat_B_I_Morozova_prikazčiku_s_Edimonova_Tver_u_S_Golcovu_o_vydače_skudnym_krestjanam_chleba_na_semena_po_ich_čelobitju_Akty_chozjajstva_B_I_Morozova.txt,Pamjat′ B. I. Morozova prikazčiku s. Edimonova (Tver. u.) S. Gol′covu o vydače skudnym krest′janam chleba na semena po ich čelobit′ju // Akty chozjajstva B. I. Morozova,Middle Russian,Church Slavonic,17th,1601,1700,1650,https://github.com/UniversalDependencies/UD_Old_East_Slavic-RNC/blob/master/orv_rnc-ud-test.conllu
227_Otpiska_prikazčika_s_Pavlovskogo_Zvenigorod_u_V_Gnezdova_i_K_Nagaeva_B_I_Morozovu_s_doneseniem_o_chode_rasčiški_lesa_v_Pluškine_i_s_zaprosom_o_meste_dalnejšich_rabot_Akty_chozjajstva_B_I_Morozova.txt,Otpiska prikazčika s. Pavlovskogo (Zvenigorod. u.) V. Gnezdova i K. Nagaeva B. I. Morozovu s doneseniem o chode rasčiški lesa v Pluškine i s zaprosom o meste dal′nejšich rabot // Akty chozjajstva B. I. Morozova,Middle Russian,Church Slavonic,17th,1601,1700,1650,https://github.com/UniversalDependencies/UD_Old_East_Slavic-RNC/blob/master/orv_rnc-ud-test.conllu
228_Pamjat_B_I_Morozova_prikazčiku_s_Kotelnikov_Moskov_u_V_Gnezdovu_o_vydače_K_Nagaevu_po_ego_trebovaniju_ovsa_Akty_chozjajstva_B_I_Morozova.txt,Pamjat′ B. I. Morozova prikazčiku s. Kotel′nikov (Moskov. u.) V. Gnezdovu o vydače K. Nagaevu po ego trebovaniju ovsa // Akty chozjajstva B. I. Morozova,Middle Russian,Church Slavonic,17th,1601,1700,1650,https://github.com/UniversalDependencies/UD_Old_East_Slavic-RNC/blob/master/orv_rnc-ud-test.conllu
229_Gramota_B_I_Morozova_prikazčiku_s_Gorodnja_Tver_u_S_Golcovu_o_zaseve_rasčiščennoj_I_Brylkinym_zemli_ob_otvode_3_des_zemli_novomu_krestjaninu_K_Stefanovu_ob_uchode_za_lošadmi_i_pr_Akty_chozjajstva_B_I_Morozova.txt,"Gramota B. I. Morozova prikazčiku s. Gorodnja (Tver. u.) S. Gol′covu o zaseve rasčiščennoj I. Brylkinym zemli, ob otvode 3 des. zemli novomu krest′janinu K. Stefanovu, ob uchode za lošad′mi i pr // Akty chozjajstva B. I. Morozova",Middle Russian,Church Slavonic,17th,1601,1700,1650,https://github.com/UniversalDependencies/UD_Old_East_Slavic-RNC/blob/master/orv_rnc-ud-test.conllu
230_Pamjat_B_I_Morozova_prikazčiku_s_Kotelnikov_Moskov_u_V_Gnezdovu_s_ukazanijami_po_rasčistke_lesa_u_pus_Kazarinovoj_i_Glinkovoj_Akty_chozjajstva_B_I_Morozova.txt,Pamjat′ B. I. Morozova prikazčiku s. Kotel′nikov (Moskov. u.) V. Gnezdovu s ukazanijami po rasčistke lesa u pus. Kazarinovoj i Glinkovoj // Akty chozjajstva B. I. Morozova,Middle Russian,Church Slavonic,17th,1601,1700,1650,https://github.com/UniversalDependencies/UD_Old_East_Slavic-RNC/blob/master/orv_rnc-ud-test.conllu
231_Otpiska_prikazčika_s_Pavlovskogo_Zvenigorod_u_A_Dementeva_B_I_Morozovu_o_polučenii_ryby_prislannoj_iz_Moskvy_s_L_Afanasevym_Akty_chozjajstva_B_I_Morozova.txt,"Otpiska prikazčika s. Pavlovskogo (Zvenigorod. u.) A. Dement′eva B. I. Morozovu o polučenii ryby, prislannoj iz Moskvy s L. Afanas′evym // Akty chozjajstva B. I. Morozova",Middle Russian,Church Slavonic,17th,1601,1700,1650,https://github.com/UniversalDependencies/UD_Old_East_Slavic-RNC/blob/master/orv_rnc-ud-test.conllu
232_Gramota_B_I_Morozova_prikazčiku_s_Gorodnja_Tver_u_S_Golcovu_s_otkazom_na_čelobite_krestjan_I_Perfileva_s_tov_i_s_rasporjaženiem_o_zaseve_bojarskimi_semenami_zemli_rasčiščennoj_I_Brylkinym_i_ob_otvode_lesa_dlja_rasčištki_vsem_krestjanam_s_Gorodnja_Akty_chozjajstva_B_I_Morozova.txt,"Gramota B. I. Morozova prikazčiku s. Gorodnja (Tver. u.) S. Gol′covu s otkazom na čelobit′e krest′jan, I. Perfil′eva s tov., i s rasporjaženiem o zaseve bojarskimi semenami zemli, rasčiščennoj I. Brylkinym, i ob otvode lesa dlja rasčištki vsem krest′janam s. Gorodnja // Akty chozjajstva B. I. Morozova",Middle Russian,Church Slavonic,17th,1601,1700,1650,https://github.com/UniversalDependencies/UD_Old_East_Slavic-RNC/blob/master/orv_rnc-ud-test.conllu
233_Otpiska_prikazčika_s_Kotelnikov_Moskov_u_V_Gnezdova_B_I_Morozovu_o_chode_posadki_i_privivki_plodovych_derevev_Akty_chozjajstva_B_I_Morozova.txt,Otpiska prikazčika s. Kotel′nikov (Moskov. u.) V. Gnezdova B. I. Morozovu o chode posadki i privivki plodovych derev′ev // Akty chozjajstva B. I. Morozova,Middle Russian,Church Slavonic,17th,1601,1700,1650,https://github.com/UniversalDependencies/UD_Old_East_Slavic-RNC/blob/master/orv_rnc-ud-test.conllu
234_Otpiska_prikazčika_s_Pavlovskogo_Zvenigorod_u_A_Dementeva_B_I_Morozovu_o_perevode_v_konjuchi_trubačej_S_Lukjanova_i_Ja_Maršalka_Akty_chozjajstva_B_I_Morozova.txt,Otpiska prikazčika s. Pavlovskogo (Zvenigorod. u.) A. Dement′eva B. I. Morozovu o perevode v konjuchi trubačej S. Luk′janova i Ja. Maršalka // Akty chozjajstva B. I. Morozova,Middle Russian,Church Slavonic,17th,1601,1700,1650,https://github.com/UniversalDependencies/UD_Old_East_Slavic-RNC/blob/master/orv_rnc-ud-test.conllu
235_Otpiski_1_prikazčika_s_Pavlovskogo_Zvenigorod_u_A_Dementeva_B_I_Morozovu_i_2_Petra_Dmitrieva_moskovskomu_prikazčiku_S_N_Kiselevu_o_dostavke_v_Pavlovskoe_živych_leščej_i_sostojanii_ich_Akty_chozjajstva_B_I_Morozova.txt,Otpiski 1) prikazčika s. Pavlovskogo (Zvenigorod. u.) A. Dement′eva B. I. Morozovu i 2) Petra Dmitrieva moskovskomu prikazčiku S. N. Kiselevu — o dostavke v Pavlovskoe živych leščej i sostojanii ich // Akty chozjajstva B. I. Morozova,Middle Russian,Church Slavonic,17th,1601,1700,1650,https://github.com/UniversalDependencies/UD_Old_East_Slavic-RNC/blob/master/orv_rnc-ud-test.conllu
236_A_Dementev_Dve_otpiski_prikazčika_s_Pavlovskogo_Zvenigorod_u_A_Dementeva_v_Moskvu_B_I_Morozovu_i_prikazčiku_S_N_Kiselevu_o_pribytii_delovych_ljudej_o_chode_rabot_po_rasčiške_lesa_ob_ozorstve_i_neposlušanii_delovych_ljudej_Akty_chozjajstva_B_I_Morozova.txt,"A. Dement′ev. Dve otpiski prikazčika s. Pavlovskogo (Zvenigorod. u.) A. Dement′eva v Moskvu B. I. Morozovu i prikazčiku S. N. Kiselevu o pribytii delovych ljudej, o chode rabot po rasčiške lesa, ob ozorstve i neposlušanii delovych ljudej // Akty chozjajstva B. I. Morozova",Middle Russian,Church Slavonic,17th,1601,1700,1650,https://github.com/UniversalDependencies/UD_Old_East_Slavic-RNC/blob/master/orv_rnc-ud-test.conllu
237_Ochotničij_zagovor_Russkie_zagovory.txt,Ochotničij zagovor // Russkie zagovory,Middle Russian,Church Slavonic,17th,1601,1700,1650,https://github.com/UniversalDependencies/UD_Old_East_Slavic-RNC/blob/master/orv_rnc-ud-test.conllu
238_Zagovor_ot_gryži_Russkie_zagovory.txt,Zagovor ot gryži // Russkie zagovory,Middle Russian,Church Slavonic,17th,1601,1700,1650,https://github.com/UniversalDependencies/UD_Old_East_Slavic-RNC/blob/master/orv_rnc-ud-test.conllu
239_Vvoznaja_gramota_ot_imeni_voevod_bojar_kn_Dmitrija_Timofeeviča_Trubeckogo_i_Ivana_Martinoviča_Zaruckogo_Sjujuš_mirze_Isupoviču_na_pomeste_ego_otca_i_bratev_ss_Bogorodickoe_Nikolskoe_Pongilo_i_dr_v_Romanovskom_u_s_usloviem_soderžanija_služilych_tatar_M_V_Moiseev_K_istorii_zemlevladenija_roda_Jusupovych_v_načale_XVII_veka.txt,"Vvoznaja gramota (ot imeni voevod bojar kn. Dmitrija Timofeeviča Trubeckogo i Ivana Martinoviča Zaruckogo) Sjujuš mirze Isupoviču na pomest′e ego otca i brat′ev ss. Bogorodickoe, Nikolskoe, Pongilo i dr. v Romanovskom u. s usloviem soderžanija služilych tatar // M. V. Moiseev. K istorii zemlevladenija roda Jusupovych v načale XVII veka",Middle Russian,Church Slavonic,17th,1601,1700,1650,https://github.com/UniversalDependencies/UD_Old_East_Slavic-RNC/blob/master/orv_rnc-ud-test.conllu
240_Vojskovaja_otpiska_o_perechode_nekotorych_nagajskich_murz_v_cholopstvo_gosudarja_o_predstojaščem_pochode_turok_i_krymcev_pod_Azov_vesnoju_i_o_neobchodimosti_ispravit_ukreplenija_v_Azove_fragment_2_Russkaja_istoričeskaja_biblioteka_T_XVIII_Donskie_dela.txt,"Vojskovaja otpiska o perechode nekotorych nagajskich murz v cholopstvo gosudarja, o predstojaščem pochode turok i krymcev pod Azov vesnoju i o neobchodimosti ispravit′ ukreplenija v Azove (fragment 2) // Russkaja istoričeskaja biblioteka. T. XVIII. Donskie dela",Middle Russian,Church Slavonic,17th,1601,1700,1650,https://github.com/UniversalDependencies/UD_Old_East_Slavic-RNC/blob/master/orv_rnc-ud-test.conllu
241_Otpiska_prikazčika_s_Pavlovskogo_Zvenigorod_u_A_Dementeva_B_I_Morozovu_o_priežde_mastera_rudnika_Michaila_i_o_ego_rabote_Akty_chozjajstva_B_I_Morozova.txt,Otpiska prikazčika s. Pavlovskogo (Zvenigorod. u.) A. Dement′eva B. I. Morozovu o priežde mastera rudnika Michaila i o ego rabote // Akty chozjajstva B. I. Morozova,Middle Russian,Church Slavonic,17th,1601,1700,1650,https://github.com/UniversalDependencies/UD_Old_East_Slavic-RNC/blob/master/orv_rnc-ud-test.conllu
242_Official_grant_of_fishing_rights_from_Metropolitan_Simon_to_the_Kuzma_Monastery.txt,Official grant of fishing rights from Metropolitan Simon to the Kuz'ma Monastery,Middle Russian,Church Slavonic,16th,1501,1600,1550,https://github.com/UniversalDependencies/UD_Old_East_Slavic-RNC/blob/master/orv_rnc-ud-dev.conllu
243_Sentence_without_trial_signed_by_the_grand_princes_diak_Vasilij_Kulešin.txt,"Sentence without trial, signed by the grand prince’s diak Vasilij Kulešin",Middle Russian,Church Slavonic,16th,1501,1600,1550,https://github.com/UniversalDependencies/UD_Old_East_Slavic-RNC/blob/master/orv_rnc-ud-dev.conllu
244_Legal_protection_granted_by_Prince_Mikhail_Andreevich_to_the_Metropolitan_Monastery_of_the_Great_Resurrection.txt,Legal protection granted by Prince Mikhail Andreevich to the Metropolitan Monastery of the Great Resurrection,Middle Russian,Church Slavonic,not given,,,,https://github.com/UniversalDependencies/UD_Old_East_Slavic-RNC/blob/master/orv_rnc-ud-dev.conllu
245_Charter_of_grant_issued_by_Vasily_III_Ivanovich_for_the_Monastery_of_the_Holy_Resurrection_at_Belozersk_in_Cherepovets.txt,Charter of grant issued by Vasily III Ivanovich for the Monastery of the Holy Resurrection at Belozersk in Cherepovets.,Middle Russian,Church Slavonic,16th,1501,1600,1550,https://github.com/UniversalDependencies/UD_Old_East_Slavic-RNC/blob/master/orv_rnc-ud-dev.conllu
246_Copy_of_the_charter_of_Tsar_Fyodor_I_Ivanovich_to_the_Monastery_of_the_Mother_of_God_of_Saint_Joseph.txt,Copy of the charter of Tsar Fyodor I Ivanovich to the Monastery of the Mother of God of Saint Joseph,Middle Russian,Church Slavonic,16th,1501,1600,1550,https://github.com/UniversalDependencies/UD_Old_East_Slavic-RNC/blob/master/orv_rnc-ud-dev.conllu
247_Magical_religious_prayer.txt,Magical-religious prayer,Middle Russian,Church Slavonic,16th,1501,1600,1550,https://github.com/UniversalDependencies/UD_Old_East_Slavic-RNC/blob/master/orv_rnc-ud-dev.conllu
248_Magical_religious_prayer_2.txt,Magical-religious prayer 2,Middle Russian,Church Slavonic,16th,1501,1600,1550,https://github.com/UniversalDependencies/UD_Old_East_Slavic-RNC/blob/master/orv_rnc-ud-dev.conllu
249_Magical_religious_prayer_3.txt,Magical-religious prayer 3,Middle Russian,Church Slavonic,16th,1501,1600,1550,https://github.com/UniversalDependencies/UD_Old_East_Slavic-RNC/blob/master/orv_rnc-ud-dev.conllu
250_Bezobrazov_1_017.txt,Bezobrazov_1_017,Middle Russian,Church Slavonic,16th,1501,1600,1550,https://github.com/UniversalDependencies/UD_Old_East_Slavic-RNC/blob/master/orv_rnc-ud-dev.conllu
251_Bezobrazov_1_018.txt,Bezobrazov_1_018,Middle Russian,Church Slavonic,,,,,https://github.com/UniversalDependencies/UD_Old_East_Slavic-RNC/blob/master/orv_rnc-ud-dev.conllu
252_Bezobrazov_1_019.txt,Bezobrazov_1_019,Middle Russian,Church Slavonic,,,,,https://github.com/UniversalDependencies/UD_Old_East_Slavic-RNC/blob/master/orv_rnc-ud-dev.conllu
253_Bezobrazov_1_020.txt,Bezobrazov_1_020,Middle Russian,Church Slavonic,,,,,https://github.com/UniversalDependencies/UD_Old_East_Slavic-RNC/blob/master/orv_rnc-ud-dev.conllu
254_Bezobrazov_1_021.txt,Bezobrazov_1_021,Middle Russian,Church Slavonic,,,,,https://github.com/UniversalDependencies/UD_Old_East_Slavic-RNC/blob/master/orv_rnc-ud-dev.conllu
255_Bezobrazov_1_022.txt,Bezobrazov_1_022,Middle Russian,Church Slavonic,,,,,https://github.com/UniversalDependencies/UD_Old_East_Slavic-RNC/blob/master/orv_rnc-ud-dev.conllu
256_Bezobrazov_1_023.txt,Bezobrazov_1_023,Middle Russian,Church Slavonic,,,,,https://github.com/UniversalDependencies/UD_Old_East_Slavic-RNC/blob/master/orv_rnc-ud-dev.conllu
257_Bezobrazov_1_024.txt,Bezobrazov_1_024,Middle Russian,Church Slavonic,,,,,https://github.com/UniversalDependencies/UD_Old_East_Slavic-RNC/blob/master/orv_rnc-ud-dev.conllu
258_Bezobrazov_1_025.txt,Bezobrazov_1_025,Middle Russian,Church Slavonic,,,,,https://github.com/UniversalDependencies/UD_Old_East_Slavic-RNC/blob/master/orv_rnc-ud-dev.conllu
259_Bezobrazov_1_026.txt,Bezobrazov_1_026,Middle Russian,Church Slavonic,,,,,https://github.com/UniversalDependencies/UD_Old_East_Slavic-RNC/blob/master/orv_rnc-ud-dev.conllu
260_Bezobrazov_1_027.txt,Bezobrazov_1_027,Middle Russian,Church Slavonic,,,,,https://github.com/UniversalDependencies/UD_Old_East_Slavic-RNC/blob/master/orv_rnc-ud-dev.conllu
261_Bezobrazov_1_028.txt,Bezobrazov_1_028,Middle Russian,Church Slavonic,,,,,https://github.com/UniversalDependencies/UD_Old_East_Slavic-RNC/blob/master/orv_rnc-ud-dev.conllu
262_Bezobrazov_1_029.txt,Bezobrazov_1_029,Middle Russian,Church Slavonic,,,,,https://github.com/UniversalDependencies/UD_Old_East_Slavic-RNC/blob/master/orv_rnc-ud-dev.conllu
263_Bezobrazov_1_030.txt,Bezobrazov_1_030,Middle Russian,Church Slavonic,,,,,https://github.com/UniversalDependencies/UD_Old_East_Slavic-RNC/blob/master/orv_rnc-ud-dev.conllu
264_Bezobrazov_1_031.txt,Bezobrazov_1_031,Middle Russian,Church Slavonic,,,,,https://github.com/UniversalDependencies/UD_Old_East_Slavic-RNC/blob/master/orv_rnc-ud-dev.conllu
265_Bezobrazov_1_032.txt,Bezobrazov_1_032,Middle Russian,Church Slavonic,,,,,https://github.com/UniversalDependencies/UD_Old_East_Slavic-RNC/blob/master/orv_rnc-ud-dev.conllu
266_Bezobrazov_1_033.txt,Bezobrazov_1_033,Middle Russian,Church Slavonic,,,,,https://github.com/UniversalDependencies/UD_Old_East_Slavic-RNC/blob/master/orv_rnc-ud-dev.conllu
267_Bezobrazov_1_034.txt,Bezobrazov_1_034,Middle Russian,Church Slavonic,,,,,https://github.com/UniversalDependencies/UD_Old_East_Slavic-RNC/blob/master/orv_rnc-ud-dev.conllu
268_Bezobrazov_1_035.txt,Bezobrazov_1_035,Middle Russian,Church Slavonic,,,,,https://github.com/UniversalDependencies/UD_Old_East_Slavic-RNC/blob/master/orv_rnc-ud-dev.conllu
269_Bezobrazov_1_036.txt,Bezobrazov_1_036,Middle Russian,Church Slavonic,,,,,https://github.com/UniversalDependencies/UD_Old_East_Slavic-RNC/blob/master/orv_rnc-ud-dev.conllu
270_Bezobrazov_1_037.txt,Bezobrazov_1_037,Middle Russian,Church Slavonic,,,,,https://github.com/UniversalDependencies/UD_Old_East_Slavic-RNC/blob/master/orv_rnc-ud-dev.conllu
271_Bezobrazov_1_038.txt,Bezobrazov_1_038,Middle Russian,Church Slavonic,,,,,https://github.com/UniversalDependencies/UD_Old_East_Slavic-RNC/blob/master/orv_rnc-ud-dev.conllu
272_Bezobrazov_1_039.txt,Bezobrazov_1_039,Middle Russian,Church Slavonic,,,,,https://github.com/UniversalDependencies/UD_Old_East_Slavic-RNC/blob/master/orv_rnc-ud-dev.conllu
273_Bezobrazov_1_040.txt,Bezobrazov_1_040,Middle Russian,Church Slavonic,,,,,https://github.com/UniversalDependencies/UD_Old_East_Slavic-RNC/blob/master/orv_rnc-ud-dev.conllu
274_Bezobrazov_1_041.txt,Bezobrazov_1_041,Middle Russian,Church Slavonic,,,,,https://github.com/UniversalDependencies/UD_Old_East_Slavic-RNC/blob/master/orv_rnc-ud-dev.conllu
275_Bezobrazov_1_042.txt,Bezobrazov_1_042,Middle Russian,Church Slavonic,,,,,https://github.com/UniversalDependencies/UD_Old_East_Slavic-RNC/blob/master/orv_rnc-ud-dev.conllu
276_Bezobrazov_1_043.txt,Bezobrazov_1_043,Middle Russian,Church Slavonic,,,,,https://github.com/UniversalDependencies/UD_Old_East_Slavic-RNC/blob/master/orv_rnc-ud-dev.conllu
277_Bezobrazov_1_044.txt,Bezobrazov_1_044,Middle Russian,Church Slavonic,,,,,https://github.com/UniversalDependencies/UD_Old_East_Slavic-RNC/blob/master/orv_rnc-ud-dev.conllu
278_Bezobrazov_1_045.txt,Bezobrazov_1_045,Middle Russian,Church Slavonic,,,,,https://github.com/UniversalDependencies/UD_Old_East_Slavic-RNC/blob/master/orv_rnc-ud-dev.conllu
279_Bezobrazov_1_046.txt,Bezobrazov_1_046,Middle Russian,Church Slavonic,,,,,https://github.com/UniversalDependencies/UD_Old_East_Slavic-RNC/blob/master/orv_rnc-ud-dev.conllu
280_Bezobrazov_1_001.txt,Bezobrazov_1_001,Middle Russian,Church Slavonic,,,,,https://github.com/UniversalDependencies/UD_Old_East_Slavic-RNC/blob/master/orv_rnc-ud-train.conllu
281_Bezobrazov_1_002.txt,Bezobrazov_1_002,Middle Russian,Church Slavonic,,,,,https://github.com/UniversalDependencies/UD_Old_East_Slavic-RNC/blob/master/orv_rnc-ud-train.conllu
282_Bezobrazov_1_003.txt,Bezobrazov_1_003,Middle Russian,Church Slavonic,,,,,https://github.com/UniversalDependencies/UD_Old_East_Slavic-RNC/blob/master/orv_rnc-ud-train.conllu
283_Bezobrazov_1_004.txt,Bezobrazov_1_004,Middle Russian,Church Slavonic,,,,,https://github.com/UniversalDependencies/UD_Old_East_Slavic-RNC/blob/master/orv_rnc-ud-train.conllu
284_Bezobrazov_1_005.txt,Bezobrazov_1_005,Middle Russian,Church Slavonic,,,,,https://github.com/UniversalDependencies/UD_Old_East_Slavic-RNC/blob/master/orv_rnc-ud-train.conllu
285_Bezobrazov_1_006.txt,Bezobrazov_1_006,Middle Russian,Church Slavonic,,,,,https://github.com/UniversalDependencies/UD_Old_East_Slavic-RNC/blob/master/orv_rnc-ud-train.conllu
286_Bezobrazov_1_007.txt,Bezobrazov_1_007,Middle Russian,Church Slavonic,,,,,https://github.com/UniversalDependencies/UD_Old_East_Slavic-RNC/blob/master/orv_rnc-ud-train.conllu
287_Bezobrazov_1_009.txt,Bezobrazov_1_009,Middle Russian,Church Slavonic,,,,,https://github.com/UniversalDependencies/UD_Old_East_Slavic-RNC/blob/master/orv_rnc-ud-train.conllu
288_Bezobrazov_1_010.txt,Bezobrazov_1_010,Middle Russian,Church Slavonic,,,,,https://github.com/UniversalDependencies/UD_Old_East_Slavic-RNC/blob/master/orv_rnc-ud-train.conllu
289_Bezobrazov_1_011.txt,Bezobrazov_1_011,Middle Russian,Church Slavonic,,,,,https://github.com/UniversalDependencies/UD_Old_East_Slavic-RNC/blob/master/orv_rnc-ud-train.conllu
290_Bezobrazov_1_012.txt,Bezobrazov_1_012,Middle Russian,Church Slavonic,,,,,https://github.com/UniversalDependencies/UD_Old_East_Slavic-RNC/blob/master/orv_rnc-ud-train.conllu
291_Bezobrazov_1_013.txt,Bezobrazov_1_013,Middle Russian,Church Slavonic,,,,,https://github.com/UniversalDependencies/UD_Old_East_Slavic-RNC/blob/master/orv_rnc-ud-train.conllu
292_Bezobrazov_1_014.txt,Bezobrazov_1_014,Middle Russian,Church Slavonic,,,,,https://github.com/UniversalDependencies/UD_Old_East_Slavic-RNC/blob/master/orv_rnc-ud-train.conllu
293_Bezobrazov_1_015.txt,Bezobrazov_1_015,Middle Russian,Church Slavonic,,,,,https://github.com/UniversalDependencies/UD_Old_East_Slavic-RNC/blob/master/orv_rnc-ud-train.conllu
294_Bezobrazov_1_016.txt,Bezobrazov_1_016,Middle Russian,Church Slavonic,,,,,https://github.com/UniversalDependencies/UD_Old_East_Slavic-RNC/blob/master/orv_rnc-ud-train.conllu
295_Polotsk_letters_135.txt,Polotsk letters 135,Old East Slavic - bielorussian alphabet,Ruthenian,14th-18th,1301,1800,1550,https://github.com/UniversalDependencies/UD_Old_East_Slavic-Ruthenian/blob/master/orv_ruthenian-ud-train.conllu
296_Polotsk_letters_138.txt,Polotsk letters 138,Old East Slavic - bielorussian alphabet,Ruthenian,14th-18th,1301,1800,1550,https://github.com/UniversalDependencies/UD_Old_East_Slavic-Ruthenian/blob/master/orv_ruthenian-ud-train.conllu
297_Polotsk_letters_139.txt,Polotsk letters 139,Old East Slavic - bielorussian alphabet,Ruthenian,14th-18th,1301,1800,1550,https://github.com/UniversalDependencies/UD_Old_East_Slavic-Ruthenian/blob/master/orv_ruthenian-ud-train.conllu
298_Polotsk_letters_140.txt,Polotsk letters 140,Old East Slavic - bielorussian alphabet,Ruthenian,14th-18th,1301,1800,1550,https://github.com/UniversalDependencies/UD_Old_East_Slavic-Ruthenian/blob/master/orv_ruthenian-ud-train.conllu
299_Polotsk_letters_141.txt,Polotsk letters 141,Old East Slavic - bielorussian alphabet,Ruthenian,14th-18th,1301,1800,1550,https://github.com/UniversalDependencies/UD_Old_East_Slavic-Ruthenian/blob/master/orv_ruthenian-ud-train.conllu
300_Polotsk_letters_143.txt,Polotsk letters 143,Old East Slavic - bielorussian alphabet,Ruthenian,14th-18th,1301,1800,1550,https://github.com/UniversalDependencies/UD_Old_East_Slavic-Ruthenian/blob/master/orv_ruthenian-ud-train.conllu
301_Polotsk_letters_144.txt,Polotsk letters 144,Old East Slavic - bielorussian alphabet,Ruthenian,14th-18th,1301,1800,1550,https://github.com/UniversalDependencies/UD_Old_East_Slavic-Ruthenian/blob/master/orv_ruthenian-ud-train.conllu
302_Polotsk_letters_145.txt,Polotsk letters 145,Old East Slavic - bielorussian alphabet,Ruthenian,14th-18th,1301,1800,1550,https://github.com/UniversalDependencies/UD_Old_East_Slavic-Ruthenian/blob/master/orv_ruthenian-ud-train.conllu
303_Polotsk_letters_146.txt,Polotsk letters 146,Old East Slavic - bielorussian alphabet,Ruthenian,14th-18th,1301,1800,1550,https://github.com/UniversalDependencies/UD_Old_East_Slavic-Ruthenian/blob/master/orv_ruthenian-ud-train.conllu
304_Polotsk_letters_147.txt,Polotsk letters 147,Old East Slavic - bielorussian alphabet,Ruthenian,14th-18th,1301,1800,1550,https://github.com/UniversalDependencies/UD_Old_East_Slavic-Ruthenian/blob/master/orv_ruthenian-ud-train.conllu
305_Polotsk_letters_148.txt,Polotsk letters 148,Old East Slavic - bielorussian alphabet,Ruthenian,14th-18th,1301,1800,1550,https://github.com/UniversalDependencies/UD_Old_East_Slavic-Ruthenian/blob/master/orv_ruthenian-ud-train.conllu
306_Polotsk_letters_149.txt,Polotsk letters 149,Old East Slavic - bielorussian alphabet,Ruthenian,14th-18th,1301,1800,1550,https://github.com/UniversalDependencies/UD_Old_East_Slavic-Ruthenian/blob/master/orv_ruthenian-ud-train.conllu
307_Polotsk_letters_155.txt,Polotsk letters 155,Old East Slavic - bielorussian alphabet,Ruthenian,14th-18th,1301,1800,1550,https://github.com/UniversalDependencies/UD_Old_East_Slavic-Ruthenian/blob/master/orv_ruthenian-ud-train.conllu
308_Polotsk_letters_156.txt,Polotsk letters 156,Old East Slavic - bielorussian alphabet,Ruthenian,14th-18th,1301,1800,1550,https://github.com/UniversalDependencies/UD_Old_East_Slavic-Ruthenian/blob/master/orv_ruthenian-ud-train.conllu
309_Polotsk_letters_158.txt,Polotsk letters 158,Old East Slavic - bielorussian alphabet,Ruthenian,14th-18th,1301,1800,1550,https://github.com/UniversalDependencies/UD_Old_East_Slavic-Ruthenian/blob/master/orv_ruthenian-ud-train.conllu
310_Polotsk_letters_159.txt,Polotsk letters 159,Old East Slavic - bielorussian alphabet,Ruthenian,14th-18th,1301,1800,1550,https://github.com/UniversalDependencies/UD_Old_East_Slavic-Ruthenian/blob/master/orv_ruthenian-ud-train.conllu
311_Polotsk_letters_160.txt,Polotsk letters 160,Old East Slavic - bielorussian alphabet,Ruthenian,14th-18th,1301,1800,1550,https://github.com/UniversalDependencies/UD_Old_East_Slavic-Ruthenian/blob/master/orv_ruthenian-ud-train.conllu
312_Polotsk_letters_161.txt,Polotsk letters 161,Old East Slavic - bielorussian alphabet,Ruthenian,14th-18th,1301,1800,1550,https://github.com/UniversalDependencies/UD_Old_East_Slavic-Ruthenian/blob/master/orv_ruthenian-ud-train.conllu
313_Polotsk_letters_162.txt,Polotsk letters 162,Old East Slavic - bielorussian alphabet,Ruthenian,14th-18th,1301,1800,1550,https://github.com/UniversalDependencies/UD_Old_East_Slavic-Ruthenian/blob/master/orv_ruthenian-ud-train.conllu
314_Polotsk_letters_163.txt,Polotsk letters 163,Old East Slavic - bielorussian alphabet,Ruthenian,14th-18th,1301,1800,1550,https://github.com/UniversalDependencies/UD_Old_East_Slavic-Ruthenian/blob/master/orv_ruthenian-ud-train.conllu
315_Polotsk_letters_164.txt,Polotsk letters 164,Old East Slavic - bielorussian alphabet,Ruthenian,14th-18th,1301,1800,1550,https://github.com/UniversalDependencies/UD_Old_East_Slavic-Ruthenian/blob/master/orv_ruthenian-ud-train.conllu
316_Polotsk_letters_165.txt,Polotsk letters 165,Old East Slavic - bielorussian alphabet,Ruthenian,14th-18th,1301,1800,1550,https://github.com/UniversalDependencies/UD_Old_East_Slavic-Ruthenian/blob/master/orv_ruthenian-ud-train.conllu
317_Polotsk_letters_166.txt,Polotsk letters 166,Old East Slavic - bielorussian alphabet,Ruthenian,14th-18th,1301,1800,1550,https://github.com/UniversalDependencies/UD_Old_East_Slavic-Ruthenian/blob/master/orv_ruthenian-ud-train.conllu
318_Polotsk_letters_167.txt,Polotsk letters 167,Old East Slavic - bielorussian alphabet,Ruthenian,14th-18th,1301,1800,1550,https://github.com/UniversalDependencies/UD_Old_East_Slavic-Ruthenian/blob/master/orv_ruthenian-ud-train.conllu
319_Polotsk_letters_168.txt,Polotsk letters 168,Old East Slavic - bielorussian alphabet,Ruthenian,14th-18th,1301,1800,1550,https://github.com/UniversalDependencies/UD_Old_East_Slavic-Ruthenian/blob/master/orv_ruthenian-ud-train.conllu
320_Polotsk_letters_169.txt,Polotsk letters 169,Old East Slavic - bielorussian alphabet,Ruthenian,14th-18th,1301,1800,1550,https://github.com/UniversalDependencies/UD_Old_East_Slavic-Ruthenian/blob/master/orv_ruthenian-ud-train.conllu
321_Polotsk_letters_170.txt,Polotsk letters 170,Old East Slavic - bielorussian alphabet,Ruthenian,14th-18th,1301,1800,1550,https://github.com/UniversalDependencies/UD_Old_East_Slavic-Ruthenian/blob/master/orv_ruthenian-ud-train.conllu
322_Polotsk_letters_171.txt,Polotsk letters 171,Old East Slavic - bielorussian alphabet,Ruthenian,14th-18th,1301,1800,1550,https://github.com/UniversalDependencies/UD_Old_East_Slavic-Ruthenian/blob/master/orv_ruthenian-ud-train.conllu
323_Polotsk_letters_176.txt,Polotsk letters 176,Old East Slavic - bielorussian alphabet,Ruthenian,14th-18th,1301,1800,1550,https://github.com/UniversalDependencies/UD_Old_East_Slavic-Ruthenian/blob/master/orv_ruthenian-ud-train.conllu
324_Polotsk_letters_177.txt,Polotsk letters 177,Old East Slavic - bielorussian alphabet,Ruthenian,14th-18th,1301,1800,1550,https://github.com/UniversalDependencies/UD_Old_East_Slavic-Ruthenian/blob/master/orv_ruthenian-ud-train.conllu
325_Polotsk_letters_178.txt,Polotsk letters 178,Old East Slavic - bielorussian alphabet,Ruthenian,14th-18th,1301,1800,1550,https://github.com/UniversalDependencies/UD_Old_East_Slavic-Ruthenian/blob/master/orv_ruthenian-ud-train.conllu
326_Polotsk_letters_180.txt,Polotsk letters 180,Old East Slavic - bielorussian alphabet,Ruthenian,14th-18th,1301,1800,1550,https://github.com/UniversalDependencies/UD_Old_East_Slavic-Ruthenian/blob/master/orv_ruthenian-ud-train.conllu
327_Polotsk_letters_181.txt,Polotsk letters 181,Old East Slavic - bielorussian alphabet,Ruthenian,14th-18th,1301,1800,1550,https://github.com/UniversalDependencies/UD_Old_East_Slavic-Ruthenian/blob/master/orv_ruthenian-ud-train.conllu
328_Polotsk_letters_182.txt,Polotsk letters 182,Old East Slavic - bielorussian alphabet,Ruthenian,14th-18th,1301,1800,1550,https://github.com/UniversalDependencies/UD_Old_East_Slavic-Ruthenian/blob/master/orv_ruthenian-ud-train.conllu
329_Polotsk_letters_185.txt,Polotsk letters 185,Old East Slavic - bielorussian alphabet,Ruthenian,14th-18th,1301,1800,1550,https://github.com/UniversalDependencies/UD_Old_East_Slavic-Ruthenian/blob/master/orv_ruthenian-ud-train.conllu
330_Polotsk_letters_186.txt,Polotsk letters 186,Old East Slavic - bielorussian alphabet,Ruthenian,14th-18th,1301,1800,1550,https://github.com/UniversalDependencies/UD_Old_East_Slavic-Ruthenian/blob/master/orv_ruthenian-ud-train.conllu
331_Polotsk_letters_187.txt,Polotsk letters 187,Old East Slavic - bielorussian alphabet,Ruthenian,14th-18th,1301,1800,1550,https://github.com/UniversalDependencies/UD_Old_East_Slavic-Ruthenian/blob/master/orv_ruthenian-ud-train.conllu
332_Polotsk_letters_188.txt,Polotsk letters 188,Old East Slavic - bielorussian alphabet,Ruthenian,14th-18th,1301,1800,1550,https://github.com/UniversalDependencies/UD_Old_East_Slavic-Ruthenian/blob/master/orv_ruthenian-ud-train.conllu
333_Polotsk_letters_189.txt,Polotsk letters 189,Old East Slavic - bielorussian alphabet,Ruthenian,14th-18th,1301,1800,1550,https://github.com/UniversalDependencies/UD_Old_East_Slavic-Ruthenian/blob/master/orv_ruthenian-ud-train.conllu
334_Polotsk_letters_190.txt,Polotsk letters 190,Old East Slavic - bielorussian alphabet,Ruthenian,14th-18th,1301,1800,1550,https://github.com/UniversalDependencies/UD_Old_East_Slavic-Ruthenian/blob/master/orv_ruthenian-ud-train.conllu
335_Polotsk_letters_191.txt,Polotsk letters 191,Old East Slavic - bielorussian alphabet,Ruthenian,14th-18th,1301,1800,1550,https://github.com/UniversalDependencies/UD_Old_East_Slavic-Ruthenian/blob/master/orv_ruthenian-ud-train.conllu
336_Polotsk_letters_192.txt,Polotsk letters 192,Old East Slavic - bielorussian alphabet,Ruthenian,14th-18th,1301,1800,1550,https://github.com/UniversalDependencies/UD_Old_East_Slavic-Ruthenian/blob/master/orv_ruthenian-ud-train.conllu
337_Polotsk_letters_194.txt,Polotsk letters 194,Old East Slavic - bielorussian alphabet,Ruthenian,14th-18th,1301,1800,1550,https://github.com/UniversalDependencies/UD_Old_East_Slavic-Ruthenian/blob/master/orv_ruthenian-ud-train.conllu
338_Polotsk_letters_195.txt,Polotsk letters 195,Old East Slavic - bielorussian alphabet,Ruthenian,14th-18th,1301,1800,1550,https://github.com/UniversalDependencies/UD_Old_East_Slavic-Ruthenian/blob/master/orv_ruthenian-ud-train.conllu
339_Polotsk_letters_196.txt,Polotsk letters 196,Old East Slavic - bielorussian alphabet,Ruthenian,14th-18th,1301,1800,1550,https://github.com/UniversalDependencies/UD_Old_East_Slavic-Ruthenian/blob/master/orv_ruthenian-ud-train.conllu
340_Polotsk_letters_198.txt,Polotsk letters 198,Old East Slavic - bielorussian alphabet,Ruthenian,14th-18th,1301,1800,1550,https://github.com/UniversalDependencies/UD_Old_East_Slavic-Ruthenian/blob/master/orv_ruthenian-ud-train.conllu
341_Polotsk_letters_199.txt,Polotsk letters 199,Old East Slavic - bielorussian alphabet,Ruthenian,14th-18th,1301,1800,1550,https://github.com/UniversalDependencies/UD_Old_East_Slavic-Ruthenian/blob/master/orv_ruthenian-ud-train.conllu
342_Polotsk_letters_200.txt,Polotsk letters 200,Old East Slavic - bielorussian alphabet,Ruthenian,14th-18th,1301,1800,1550,https://github.com/UniversalDependencies/UD_Old_East_Slavic-Ruthenian/blob/master/orv_ruthenian-ud-train.conllu
343_Polotsk_letters_201.txt,Polotsk letters 201,Old East Slavic - bielorussian alphabet,Ruthenian,14th-18th,1301,1800,1550,https://github.com/UniversalDependencies/UD_Old_East_Slavic-Ruthenian/blob/master/orv_ruthenian-ud-train.conllu
344_Polotsk_letters_202.txt,Polotsk letters 202,Old East Slavic - bielorussian alphabet,Ruthenian,14th-18th,1301,1800,1550,https://github.com/UniversalDependencies/UD_Old_East_Slavic-Ruthenian/blob/master/orv_ruthenian-ud-train.conllu
345_Polotsk_letters_203.txt,Polotsk letters 203,Old East Slavic - bielorussian alphabet,Ruthenian,14th-18th,1301,1800,1550,https://github.com/UniversalDependencies/UD_Old_East_Slavic-Ruthenian/blob/master/orv_ruthenian-ud-train.conllu
346_Polotsk_letters_204.txt,Polotsk letters 204,Old East Slavic - bielorussian alphabet,Ruthenian,14th-18th,1301,1800,1550,https://github.com/UniversalDependencies/UD_Old_East_Slavic-Ruthenian/blob/master/orv_ruthenian-ud-train.conllu
347_Polotsk_letters_206.txt,Polotsk letters 206,Old East Slavic - bielorussian alphabet,Ruthenian,14th-18th,1301,1800,1550,https://github.com/UniversalDependencies/UD_Old_East_Slavic-Ruthenian/blob/master/orv_ruthenian-ud-train.conllu
348_Polotsk_letters_207.txt,Polotsk letters 207,Old East Slavic - bielorussian alphabet,Ruthenian,14th-18th,1301,1800,1550,https://github.com/UniversalDependencies/UD_Old_East_Slavic-Ruthenian/blob/master/orv_ruthenian-ud-train.conllu
349_Polotsk_letters_208.txt,Polotsk letters 208,Old East Slavic - bielorussian alphabet,Ruthenian,14th-18th,1301,1800,1550,https://github.com/UniversalDependencies/UD_Old_East_Slavic-Ruthenian/blob/master/orv_ruthenian-ud-train.conllu
350_Polotsk_letters_209.txt,Polotsk letters 209,Old East Slavic - bielorussian alphabet,Ruthenian,14th-18th,1301,1800,1550,https://github.com/UniversalDependencies/UD_Old_East_Slavic-Ruthenian/blob/master/orv_ruthenian-ud-train.conllu
351_Polotsk_letters_210.txt,Polotsk letters 210,Old East Slavic - bielorussian alphabet,Ruthenian,14th-18th,1301,1800,1550,https://github.com/UniversalDependencies/UD_Old_East_Slavic-Ruthenian/blob/master/orv_ruthenian-ud-train.conllu
352_Polotsk_letters_211.txt,Polotsk letters 211,Old East Slavic - bielorussian alphabet,Ruthenian,14th-18th,1301,1800,1550,https://github.com/UniversalDependencies/UD_Old_East_Slavic-Ruthenian/blob/master/orv_ruthenian-ud-train.conllu
353_Polotsk_letters_212.txt,Polotsk letters 212,Old East Slavic - bielorussian alphabet,Ruthenian,14th-18th,1301,1800,1550,https://github.com/UniversalDependencies/UD_Old_East_Slavic-Ruthenian/blob/master/orv_ruthenian-ud-train.conllu
354_Polotsk_letters_213.txt,Polotsk letters 213,Old East Slavic - bielorussian alphabet,Ruthenian,14th-18th,1301,1800,1550,https://github.com/UniversalDependencies/UD_Old_East_Slavic-Ruthenian/blob/master/orv_ruthenian-ud-train.conllu
355_Polotsk_letters_214.txt,Polotsk letters 214,Old East Slavic - bielorussian alphabet,Ruthenian,14th-18th,1301,1800,1550,https://github.com/UniversalDependencies/UD_Old_East_Slavic-Ruthenian/blob/master/orv_ruthenian-ud-train.conllu
356_Polotsk_letters_215.txt,Polotsk letters 215,Old East Slavic - bielorussian alphabet,Ruthenian,14th-18th,1301,1800,1550,https://github.com/UniversalDependencies/UD_Old_East_Slavic-Ruthenian/blob/master/orv_ruthenian-ud-train.conllu
357_Polotsk_letters_216.txt,Polotsk letters 216,Old East Slavic - bielorussian alphabet,Ruthenian,14th-18th,1301,1800,1550,https://github.com/UniversalDependencies/UD_Old_East_Slavic-Ruthenian/blob/master/orv_ruthenian-ud-train.conllu
358_Polotsk_letters_217.txt,Polotsk letters 217,Old East Slavic - bielorussian alphabet,Ruthenian,14th-18th,1301,1800,1550,https://github.com/UniversalDependencies/UD_Old_East_Slavic-Ruthenian/blob/master/orv_ruthenian-ud-train.conllu
359_Polotsk_letters_218.txt,Polotsk letters 218,Old East Slavic - bielorussian alphabet,Ruthenian,14th-18th,1301,1800,1550,https://github.com/UniversalDependencies/UD_Old_East_Slavic-Ruthenian/blob/master/orv_ruthenian-ud-train.conllu
360_Polotsk_letters_219.txt,Polotsk letters 219,Old East Slavic - bielorussian alphabet,Ruthenian,14th-18th,1301,1800,1550,https://github.com/UniversalDependencies/UD_Old_East_Slavic-Ruthenian/blob/master/orv_ruthenian-ud-train.conllu
361_Polotsk_letters_223.txt,Polotsk letters 223,Old East Slavic - bielorussian alphabet,Ruthenian,14th-18th,1301,1800,1550,https://github.com/UniversalDependencies/UD_Old_East_Slavic-Ruthenian/blob/master/orv_ruthenian-ud-train.conllu
362_Polotsk_letters_224.txt,Polotsk letters 224,Old East Slavic - bielorussian alphabet,Ruthenian,14th-18th,1301,1800,1550,https://github.com/UniversalDependencies/UD_Old_East_Slavic-Ruthenian/blob/master/orv_ruthenian-ud-train.conllu
363_Polotsk_letters_225.txt,Polotsk letters 225,Old East Slavic - bielorussian alphabet,Ruthenian,14th-18th,1301,1800,1550,https://github.com/UniversalDependencies/UD_Old_East_Slavic-Ruthenian/blob/master/orv_ruthenian-ud-train.conllu
364_Polotsk_letters_226_1.txt,Polotsk letters 226-1,Old East Slavic - bielorussian alphabet,Ruthenian,14th-18th,1301,1800,1550,https://github.com/UniversalDependencies/UD_Old_East_Slavic-Ruthenian/blob/master/orv_ruthenian-ud-train.conllu
365_Polotsk_letters_226.txt,Polotsk letters 226,Old East Slavic - bielorussian alphabet,Ruthenian,14th-18th,1301,1800,1550,https://github.com/UniversalDependencies/UD_Old_East_Slavic-Ruthenian/blob/master/orv_ruthenian-ud-train.conllu
366_Polotsk_letters_232.txt,Polotsk letters 232,Old East Slavic - bielorussian alphabet,Ruthenian,14th-18th,1301,1800,1550,https://github.com/UniversalDependencies/UD_Old_East_Slavic-Ruthenian/blob/master/orv_ruthenian-ud-train.conllu
367_Polotsk_letters_233.txt,Polotsk letters 233,Old East Slavic - bielorussian alphabet,Ruthenian,14th-18th,1301,1800,1550,https://github.com/UniversalDependencies/UD_Old_East_Slavic-Ruthenian/blob/master/orv_ruthenian-ud-train.conllu
368_Polotsk_letters_234.txt,Polotsk letters 234,Old East Slavic - bielorussian alphabet,Ruthenian,14th-18th,1301,1800,1550,https://github.com/UniversalDependencies/UD_Old_East_Slavic-Ruthenian/blob/master/orv_ruthenian-ud-train.conllu
369_Polotsk_letters_236.txt,Polotsk letters 236,Old East Slavic - bielorussian alphabet,Ruthenian,14th-18th,1301,1800,1550,https://github.com/UniversalDependencies/UD_Old_East_Slavic-Ruthenian/blob/master/orv_ruthenian-ud-train.conllu
370_Polotsk_letters_237.txt,Polotsk letters 237,Old East Slavic - bielorussian alphabet,Ruthenian,14th-18th,1301,1800,1550,https://github.com/UniversalDependencies/UD_Old_East_Slavic-Ruthenian/blob/master/orv_ruthenian-ud-train.conllu
371_Polotsk_letters_238.txt,Polotsk letters 238,Old East Slavic - bielorussian alphabet,Ruthenian,14th-18th,1301,1800,1550,https://github.com/UniversalDependencies/UD_Old_East_Slavic-Ruthenian/blob/master/orv_ruthenian-ud-train.conllu
372_Polotsk_letters_239.txt,Polotsk letters 239,Old East Slavic - bielorussian alphabet,Ruthenian,14th-18th,1301,1800,1550,https://github.com/UniversalDependencies/UD_Old_East_Slavic-Ruthenian/blob/master/orv_ruthenian-ud-train.conllu
373_Polotsk_letters_240.txt,Polotsk letters 240,Old East Slavic - bielorussian alphabet,Ruthenian,14th-18th,1301,1800,1550,https://github.com/UniversalDependencies/UD_Old_East_Slavic-Ruthenian/blob/master/orv_ruthenian-ud-train.conllu
374_Polotsk_letters_241.txt,Polotsk letters 241,Old East Slavic - bielorussian alphabet,Ruthenian,14th-18th,1301,1800,1550,https://github.com/UniversalDependencies/UD_Old_East_Slavic-Ruthenian/blob/master/orv_ruthenian-ud-train.conllu
375_Polotsk_letters_242.txt,Polotsk letters 242,Old East Slavic - bielorussian alphabet,Ruthenian,14th-18th,1301,1800,1550,https://github.com/UniversalDependencies/UD_Old_East_Slavic-Ruthenian/blob/master/orv_ruthenian-ud-train.conllu
376_Polotsk_letters_243.txt,Polotsk letters 243,Old East Slavic - bielorussian alphabet,Ruthenian,14th-18th,1301,1800,1550,https://github.com/UniversalDependencies/UD_Old_East_Slavic-Ruthenian/blob/master/orv_ruthenian-ud-train.conllu
377_Polotsk_letters_246.txt,Polotsk letters 246,Old East Slavic - bielorussian alphabet,Ruthenian,14th-18th,1301,1800,1550,https://github.com/UniversalDependencies/UD_Old_East_Slavic-Ruthenian/blob/master/orv_ruthenian-ud-train.conllu
378_Polotsk_letters_247.txt,Polotsk letters 247,Old East Slavic - bielorussian alphabet,Ruthenian,14th-18th,1301,1800,1550,https://github.com/UniversalDependencies/UD_Old_East_Slavic-Ruthenian/blob/master/orv_ruthenian-ud-train.conllu
379_Polotsk_letters_248.txt,Polotsk letters 248,Old East Slavic - bielorussian alphabet,Ruthenian,14th-18th,1301,1800,1550,https://github.com/UniversalDependencies/UD_Old_East_Slavic-Ruthenian/blob/master/orv_ruthenian-ud-train.conllu
380_Polotsk_letters_249.txt,Polotsk letters 249,Old East Slavic - bielorussian alphabet,Ruthenian,14th-18th,1301,1800,1550,https://github.com/UniversalDependencies/UD_Old_East_Slavic-Ruthenian/blob/master/orv_ruthenian-ud-train.conllu
381_Polotsk_letters_251.txt,Polotsk letters 251,Old East Slavic - bielorussian alphabet,Ruthenian,14th-18th,1301,1800,1550,https://github.com/UniversalDependencies/UD_Old_East_Slavic-Ruthenian/blob/master/orv_ruthenian-ud-train.conllu
382_Polotsk_letters_252.txt,Polotsk letters 252,Old East Slavic - bielorussian alphabet,Ruthenian,14th-18th,1301,1800,1550,https://github.com/UniversalDependencies/UD_Old_East_Slavic-Ruthenian/blob/master/orv_ruthenian-ud-train.conllu
383_Polotsk_letters_254.txt,Polotsk letters 254,Old East Slavic - bielorussian alphabet,Ruthenian,14th-18th,1301,1800,1550,https://github.com/UniversalDependencies/UD_Old_East_Slavic-Ruthenian/blob/master/orv_ruthenian-ud-train.conllu
384_Polotsk_letters_254a.txt,Polotsk letters 254a,Old East Slavic - bielorussian alphabet,Ruthenian,14th-18th,1301,1800,1550,https://github.com/UniversalDependencies/UD_Old_East_Slavic-Ruthenian/blob/master/orv_ruthenian-ud-train.conllu
385_Polotsk_letters_255.txt,Polotsk letters 255,Old East Slavic - bielorussian alphabet,Ruthenian,14th-18th,1301,1800,1550,https://github.com/UniversalDependencies/UD_Old_East_Slavic-Ruthenian/blob/master/orv_ruthenian-ud-train.conllu
386_Polotsk_letters_257.txt,Polotsk letters 257,Old East Slavic - bielorussian alphabet,Ruthenian,14th-18th,1301,1800,1550,https://github.com/UniversalDependencies/UD_Old_East_Slavic-Ruthenian/blob/master/orv_ruthenian-ud-train.conllu
387_Polotsk_letters_258.txt,Polotsk letters 258,Old East Slavic - bielorussian alphabet,Ruthenian,14th-18th,1301,1800,1550,https://github.com/UniversalDependencies/UD_Old_East_Slavic-Ruthenian/blob/master/orv_ruthenian-ud-train.conllu
388_Polotsk_letters_259.txt,Polotsk letters 259,Old East Slavic - bielorussian alphabet,Ruthenian,14th-18th,1301,1800,1550,https://github.com/UniversalDependencies/UD_Old_East_Slavic-Ruthenian/blob/master/orv_ruthenian-ud-train.conllu
389_Polotsk_letters_260.txt,Polotsk letters 260,Old East Slavic - bielorussian alphabet,Ruthenian,14th-18th,1301,1800,1550,https://github.com/UniversalDependencies/UD_Old_East_Slavic-Ruthenian/blob/master/orv_ruthenian-ud-train.conllu
390_Polotsk_letters_263.txt,Polotsk letters 263,Old East Slavic - bielorussian alphabet,Ruthenian,14th-18th,1301,1800,1550,https://github.com/UniversalDependencies/UD_Old_East_Slavic-Ruthenian/blob/master/orv_ruthenian-ud-train.conllu
391_Polotsk_letters_264.txt,Polotsk letters 264,Old East Slavic - bielorussian alphabet,Ruthenian,14th-18th,1301,1800,1550,https://github.com/UniversalDependencies/UD_Old_East_Slavic-Ruthenian/blob/master/orv_ruthenian-ud-train.conllu
392_Polotsk_letters_265.txt,Polotsk letters 265,Old East Slavic - bielorussian alphabet,Ruthenian,14th-18th,1301,1800,1550,https://github.com/UniversalDependencies/UD_Old_East_Slavic-Ruthenian/blob/master/orv_ruthenian-ud-train.conllu
393_Polotsk_letters_266.txt,Polotsk letters 266,Old East Slavic - bielorussian alphabet,Ruthenian,14th-18th,1301,1800,1550,https://github.com/UniversalDependencies/UD_Old_East_Slavic-Ruthenian/blob/master/orv_ruthenian-ud-train.conllu
394_Polotsk_letters_267.txt,Polotsk letters 267,Old East Slavic - bielorussian alphabet,Ruthenian,14th-18th,1301,1800,1550,https://github.com/UniversalDependencies/UD_Old_East_Slavic-Ruthenian/blob/master/orv_ruthenian-ud-train.conllu
395_Polotsk_letters_268.txt,Polotsk letters 268,Old East Slavic - bielorussian alphabet,Ruthenian,14th-18th,1301,1800,1550,https://github.com/UniversalDependencies/UD_Old_East_Slavic-Ruthenian/blob/master/orv_ruthenian-ud-train.conllu
396_Polotsk_letters_271a.txt,Polotsk letters 271a,Old East Slavic - bielorussian alphabet,Ruthenian,14th-18th,1301,1800,1550,https://github.com/UniversalDependencies/UD_Old_East_Slavic-Ruthenian/blob/master/orv_ruthenian-ud-train.conllu
397_Polotsk_letters_272.txt,Polotsk letters 272,Old East Slavic - bielorussian alphabet,Ruthenian,14th-18th,1301,1800,1550,https://github.com/UniversalDependencies/UD_Old_East_Slavic-Ruthenian/blob/master/orv_ruthenian-ud-train.conllu
398_Polotsk_letters_277.txt,Polotsk letters 277,Old East Slavic - bielorussian alphabet,Ruthenian,14th-18th,1301,1800,1550,https://github.com/UniversalDependencies/UD_Old_East_Slavic-Ruthenian/blob/master/orv_ruthenian-ud-train.conllu
399_Polotsk_letters_314.txt,Polotsk letters 314,Old East Slavic - bielorussian alphabet,Ruthenian,14th-18th,1301,1800,1550,https://github.com/UniversalDependencies/UD_Old_East_Slavic-Ruthenian/blob/master/orv_ruthenian-ud-train.conllu
400_Polotsk_letters_315.txt,Polotsk letters 315,Old East Slavic - bielorussian alphabet,Ruthenian,14th-18th,1301,1800,1550,https://github.com/UniversalDependencies/UD_Old_East_Slavic-Ruthenian/blob/master/orv_ruthenian-ud-train.conllu
401_Polotsk_letters_316.txt,Polotsk letters 316,Old East Slavic - bielorussian alphabet,Ruthenian,14th-18th,1301,1800,1550,https://github.com/UniversalDependencies/UD_Old_East_Slavic-Ruthenian/blob/master/orv_ruthenian-ud-train.conllu
402_Polotsk_letters_317.txt,Polotsk letters 317,Old East Slavic - bielorussian alphabet,Ruthenian,14th-18th,1301,1800,1550,https://github.com/UniversalDependencies/UD_Old_East_Slavic-Ruthenian/blob/master/orv_ruthenian-ud-train.conllu
403_Polotsk_letters_318.txt,Polotsk letters 318,Old East Slavic - bielorussian alphabet,Ruthenian,14th-18th,1301,1800,1550,https://github.com/UniversalDependencies/UD_Old_East_Slavic-Ruthenian/blob/master/orv_ruthenian-ud-train.conllu
404_Polotsk_letters_319.txt,Polotsk letters 319,Old East Slavic - bielorussian alphabet,Ruthenian,14th-18th,1301,1800,1550,https://github.com/UniversalDependencies/UD_Old_East_Slavic-Ruthenian/blob/master/orv_ruthenian-ud-train.conllu
405_Polotsk_letters_320.txt,Polotsk letters 320,Old East Slavic - bielorussian alphabet,Ruthenian,14th-18th,1301,1800,1550,https://github.com/UniversalDependencies/UD_Old_East_Slavic-Ruthenian/blob/master/orv_ruthenian-ud-train.conllu
406_Polotsk_letters_321.txt,Polotsk letters 321,Old East Slavic - bielorussian alphabet,Ruthenian,14th-18th,1301,1800,1550,https://github.com/UniversalDependencies/UD_Old_East_Slavic-Ruthenian/blob/master/orv_ruthenian-ud-train.conllu
407_Polotsk_letters_322.txt,Polotsk letters 322,Old East Slavic - bielorussian alphabet,Ruthenian,14th-18th,1301,1800,1550,https://github.com/UniversalDependencies/UD_Old_East_Slavic-Ruthenian/blob/master/orv_ruthenian-ud-train.conllu
408_Polotsk_letters_323.txt,Polotsk letters 323,Old East Slavic - bielorussian alphabet,Ruthenian,14th-18th,1301,1800,1550,https://github.com/UniversalDependencies/UD_Old_East_Slavic-Ruthenian/blob/master/orv_ruthenian-ud-train.conllu
409_Polotsk_letters_324.txt,Polotsk letters 324,Old East Slavic - bielorussian alphabet,Ruthenian,14th-18th,1301,1800,1550,https://github.com/UniversalDependencies/UD_Old_East_Slavic-Ruthenian/blob/master/orv_ruthenian-ud-train.conllu
410_Polotsk_letters_337.txt,Polotsk letters 337,Old East Slavic - bielorussian alphabet,Ruthenian,14th-18th,1301,1800,1550,https://github.com/UniversalDependencies/UD_Old_East_Slavic-Ruthenian/blob/master/orv_ruthenian-ud-train.conllu
411_Polotsk_letters_338.txt,Polotsk letters 338,Old East Slavic - bielorussian alphabet,Ruthenian,14th-18th,1301,1800,1550,https://github.com/UniversalDependencies/UD_Old_East_Slavic-Ruthenian/blob/master/orv_ruthenian-ud-train.conllu
412_Polotsk_letters_339.txt,Polotsk letters 339,Old East Slavic - bielorussian alphabet,Ruthenian,14th-18th,1301,1800,1550,https://github.com/UniversalDependencies/UD_Old_East_Slavic-Ruthenian/blob/master/orv_ruthenian-ud-train.conllu
413_Polotsk_letters_339a.txt,Polotsk letters 339a,Old East Slavic - bielorussian alphabet,Ruthenian,14th-18th,1301,1800,1550,https://github.com/UniversalDependencies/UD_Old_East_Slavic-Ruthenian/blob/master/orv_ruthenian-ud-train.conllu
414_Polotsk_letters_341.txt,Polotsk letters 341,Old East Slavic - bielorussian alphabet,Ruthenian,14th-18th,1301,1800,1550,https://github.com/UniversalDependencies/UD_Old_East_Slavic-Ruthenian/blob/master/orv_ruthenian-ud-train.conllu
415_Polotsk_letters_342.txt,Polotsk letters 342,Old East Slavic - bielorussian alphabet,Ruthenian,14th-18th,1301,1800,1550,https://github.com/UniversalDependencies/UD_Old_East_Slavic-Ruthenian/blob/master/orv_ruthenian-ud-train.conllu
416_Polotsk_letters_343.txt,Polotsk letters 343,Old East Slavic - bielorussian alphabet,Ruthenian,14th-18th,1301,1800,1550,https://github.com/UniversalDependencies/UD_Old_East_Slavic-Ruthenian/blob/master/orv_ruthenian-ud-train.conllu
417_Polotsk_letters_344.txt,Polotsk letters 344,Old East Slavic - bielorussian alphabet,Ruthenian,14th-18th,1301,1800,1550,https://github.com/UniversalDependencies/UD_Old_East_Slavic-Ruthenian/blob/master/orv_ruthenian-ud-train.conllu
418_Polotsk_letters_346.txt,Polotsk letters 346,Old East Slavic - bielorussian alphabet,Ruthenian,14th-18th,1301,1800,1550,https://github.com/UniversalDependencies/UD_Old_East_Slavic-Ruthenian/blob/master/orv_ruthenian-ud-train.conllu
419_Polotsk_letters_347.txt,Polotsk letters 347,Old East Slavic - bielorussian alphabet,Ruthenian,14th-18th,1301,1800,1550,https://github.com/UniversalDependencies/UD_Old_East_Slavic-Ruthenian/blob/master/orv_ruthenian-ud-train.conllu
420_Polotsk_letters_348.txt,Polotsk letters 348,Old East Slavic - bielorussian alphabet,Ruthenian,14th-18th,1301,1800,1550,https://github.com/UniversalDependencies/UD_Old_East_Slavic-Ruthenian/blob/master/orv_ruthenian-ud-train.conllu
421_Polotsk_letters_349.txt,Polotsk letters 349,Old East Slavic - bielorussian alphabet,Ruthenian,14th-18th,1301,1800,1550,https://github.com/UniversalDependencies/UD_Old_East_Slavic-Ruthenian/blob/master/orv_ruthenian-ud-train.conllu
422_Polotsk_letters_350.txt,Polotsk letters 350,Old East Slavic - bielorussian alphabet,Ruthenian,14th-18th,1301,1800,1550,https://github.com/UniversalDependencies/UD_Old_East_Slavic-Ruthenian/blob/master/orv_ruthenian-ud-train.conllu
423_Polotsk_letters_351.txt,Polotsk letters 351,Old East Slavic - bielorussian alphabet,Ruthenian,14th-18th,1301,1800,1550,https://github.com/UniversalDependencies/UD_Old_East_Slavic-Ruthenian/blob/master/orv_ruthenian-ud-train.conllu
424_Polotsk_letters_352.txt,Polotsk letters 352,Old East Slavic - bielorussian alphabet,Ruthenian,14th-18th,1301,1800,1550,https://github.com/UniversalDependencies/UD_Old_East_Slavic-Ruthenian/blob/master/orv_ruthenian-ud-train.conllu
425_Polotsk_letters_353.txt,Polotsk letters 353,Old East Slavic - bielorussian alphabet,Ruthenian,14th-18th,1301,1800,1550,https://github.com/UniversalDependencies/UD_Old_East_Slavic-Ruthenian/blob/master/orv_ruthenian-ud-train.conllu
426_Polotsk_letters_354.txt,Polotsk letters 354,Old East Slavic - bielorussian alphabet,Ruthenian,14th-18th,1301,1800,1550,https://github.com/UniversalDependencies/UD_Old_East_Slavic-Ruthenian/blob/master/orv_ruthenian-ud-train.conllu
427_Polotsk_letters_355.txt,Polotsk letters 355,Old East Slavic - bielorussian alphabet,Ruthenian,14th-18th,1301,1800,1550,https://github.com/UniversalDependencies/UD_Old_East_Slavic-Ruthenian/blob/master/orv_ruthenian-ud-train.conllu
428_Polotsk_letters_358.txt,Polotsk letters 358,Old East Slavic - bielorussian alphabet,Ruthenian,14th-18th,1301,1800,1550,https://github.com/UniversalDependencies/UD_Old_East_Slavic-Ruthenian/blob/master/orv_ruthenian-ud-train.conllu
429_Polotsk_letters_359.txt,Polotsk letters 359,Old East Slavic - bielorussian alphabet,Ruthenian,14th-18th,1301,1800,1550,https://github.com/UniversalDependencies/UD_Old_East_Slavic-Ruthenian/blob/master/orv_ruthenian-ud-train.conllu
430_Polotsk_letters_360.txt,Polotsk letters 360,Old East Slavic - bielorussian alphabet,Ruthenian,14th-18th,1301,1800,1550,https://github.com/UniversalDependencies/UD_Old_East_Slavic-Ruthenian/blob/master/orv_ruthenian-ud-train.conllu
431_Polotsk_letters_363.txt,Polotsk letters 363,Old East Slavic - bielorussian alphabet,Ruthenian,14th-18th,1301,1800,1550,https://github.com/UniversalDependencies/UD_Old_East_Slavic-Ruthenian/blob/master/orv_ruthenian-ud-train.conllu
432_Polotsk_letters_364.txt,Polotsk letters 364,Old East Slavic - bielorussian alphabet,Ruthenian,14th-18th,1301,1800,1550,https://github.com/UniversalDependencies/UD_Old_East_Slavic-Ruthenian/blob/master/orv_ruthenian-ud-train.conllu
433_Polotsk_letters_366.txt,Polotsk letters 366,Old East Slavic - bielorussian alphabet,Ruthenian,14th-18th,1301,1800,1550,https://github.com/UniversalDependencies/UD_Old_East_Slavic-Ruthenian/blob/master/orv_ruthenian-ud-train.conllu
434_Polotsk_letters_366a.txt,Polotsk letters 366a,Old East Slavic - bielorussian alphabet,Ruthenian,14th-18th,1301,1800,1550,https://github.com/UniversalDependencies/UD_Old_East_Slavic-Ruthenian/blob/master/orv_ruthenian-ud-train.conllu
435_Polotsk_letters_367.txt,Polotsk letters 367,Old East Slavic - bielorussian alphabet,Ruthenian,14th-18th,1301,1800,1550,https://github.com/UniversalDependencies/UD_Old_East_Slavic-Ruthenian/blob/master/orv_ruthenian-ud-train.conllu
436_Polotsk_letters_368.txt,Polotsk letters 368,Old East Slavic - bielorussian alphabet,Ruthenian,14th-18th,1301,1800,1550,https://github.com/UniversalDependencies/UD_Old_East_Slavic-Ruthenian/blob/master/orv_ruthenian-ud-train.conllu
437_Polotsk_letters_375.txt,Polotsk letters 375,Old East Slavic - bielorussian alphabet,Ruthenian,14th-18th,1301,1800,1550,https://github.com/UniversalDependencies/UD_Old_East_Slavic-Ruthenian/blob/master/orv_ruthenian-ud-train.conllu
438_Polotsk_letters_376.txt,Polotsk letters 376,Old East Slavic - bielorussian alphabet,Ruthenian,14th-18th,1301,1800,1550,https://github.com/UniversalDependencies/UD_Old_East_Slavic-Ruthenian/blob/master/orv_ruthenian-ud-train.conllu
439_Polotsk_letters_378.txt,Polotsk letters 378,Old East Slavic - bielorussian alphabet,Ruthenian,14th-18th,1301,1800,1550,https://github.com/UniversalDependencies/UD_Old_East_Slavic-Ruthenian/blob/master/orv_ruthenian-ud-train.conllu
440_Polotsk_letters_379.txt,Polotsk letters 379,Old East Slavic - bielorussian alphabet,Ruthenian,14th-18th,1301,1800,1550,https://github.com/UniversalDependencies/UD_Old_East_Slavic-Ruthenian/blob/master/orv_ruthenian-ud-train.conllu
441_Polotsk_letters_380.txt,Polotsk letters 380,Old East Slavic - bielorussian alphabet,Ruthenian,14th-18th,1301,1800,1550,https://github.com/UniversalDependencies/UD_Old_East_Slavic-Ruthenian/blob/master/orv_ruthenian-ud-train.conllu
442_Polotsk_letters_381.txt,Polotsk letters 381,Old East Slavic - bielorussian alphabet,Ruthenian,14th-18th,1301,1800,1550,https://github.com/UniversalDependencies/UD_Old_East_Slavic-Ruthenian/blob/master/orv_ruthenian-ud-train.conllu
443_Polotsk_letters_382.txt,Polotsk letters 382,Old East Slavic - bielorussian alphabet,Ruthenian,14th-18th,1301,1800,1550,https://github.com/UniversalDependencies/UD_Old_East_Slavic-Ruthenian/blob/master/orv_ruthenian-ud-train.conllu
444_Polotsk_letters_383.txt,Polotsk letters 383,Old East Slavic - bielorussian alphabet,Ruthenian,14th-18th,1301,1800,1550,https://github.com/UniversalDependencies/UD_Old_East_Slavic-Ruthenian/blob/master/orv_ruthenian-ud-train.conllu
445_Polotsk_letters_383a.txt,Polotsk letters 383a,Old East Slavic - bielorussian alphabet,Ruthenian,14th-18th,1301,1800,1550,https://github.com/UniversalDependencies/UD_Old_East_Slavic-Ruthenian/blob/master/orv_ruthenian-ud-train.conllu
446_Polotsk_letters_385.txt,Polotsk letters 385,Old East Slavic - bielorussian alphabet,Ruthenian,14th-18th,1301,1800,1550,https://github.com/UniversalDependencies/UD_Old_East_Slavic-Ruthenian/blob/master/orv_ruthenian-ud-train.conllu
447_Polotsk_letters_389.txt,Polotsk letters 389,Old East Slavic - bielorussian alphabet,Ruthenian,14th-18th,1301,1800,1550,https://github.com/UniversalDependencies/UD_Old_East_Slavic-Ruthenian/blob/master/orv_ruthenian-ud-train.conllu
448_Polotsk_letters_390.txt,Polotsk letters 390,Old East Slavic - bielorussian alphabet,Ruthenian,14th-18th,1301,1800,1550,https://github.com/UniversalDependencies/UD_Old_East_Slavic-Ruthenian/blob/master/orv_ruthenian-ud-train.conllu
449_Polotsk_letters_391.txt,Polotsk letters 391,Old East Slavic - bielorussian alphabet,Ruthenian,14th-18th,1301,1800,1550,https://github.com/UniversalDependencies/UD_Old_East_Slavic-Ruthenian/blob/master/orv_ruthenian-ud-train.conllu
450_Polotsk_letters_392.txt,Polotsk letters 392,Old East Slavic - bielorussian alphabet,Ruthenian,14th-18th,1301,1800,1550,https://github.com/UniversalDependencies/UD_Old_East_Slavic-Ruthenian/blob/master/orv_ruthenian-ud-train.conllu
451_Polotsk_letters_395.txt,Polotsk letters 395,Old East Slavic - bielorussian alphabet,Ruthenian,14th-18th,1301,1800,1550,https://github.com/UniversalDependencies/UD_Old_East_Slavic-Ruthenian/blob/master/orv_ruthenian-ud-train.conllu
452_Polotsk_letters_397.txt,Polotsk letters 397,Old East Slavic - bielorussian alphabet,Ruthenian,14th-18th,1301,1800,1550,https://github.com/UniversalDependencies/UD_Old_East_Slavic-Ruthenian/blob/master/orv_ruthenian-ud-train.conllu
453_Polotsk_letters_398.txt,Polotsk letters 398,Old East Slavic - bielorussian alphabet,Ruthenian,14th-18th,1301,1800,1550,https://github.com/UniversalDependencies/UD_Old_East_Slavic-Ruthenian/blob/master/orv_ruthenian-ud-train.conllu
454_Polotsk_letters_399.txt,Polotsk letters 399,Old East Slavic - bielorussian alphabet,Ruthenian,14th-18th,1301,1800,1550,https://github.com/UniversalDependencies/UD_Old_East_Slavic-Ruthenian/blob/master/orv_ruthenian-ud-train.conllu
455_Polotsk_letters_400.txt,Polotsk letters 400,Old East Slavic - bielorussian alphabet,Ruthenian,14th-18th,1301,1800,1550,https://github.com/UniversalDependencies/UD_Old_East_Slavic-Ruthenian/blob/master/orv_ruthenian-ud-train.conllu
456_Polotsk_letters_401.txt,Polotsk letters 401,Old East Slavic - bielorussian alphabet,Ruthenian,14th-18th,1301,1800,1550,https://github.com/UniversalDependencies/UD_Old_East_Slavic-Ruthenian/blob/master/orv_ruthenian-ud-train.conllu
457_Polotsk_letters_402.txt,Polotsk letters 402,Old East Slavic - bielorussian alphabet,Ruthenian,14th-18th,1301,1800,1550,https://github.com/UniversalDependencies/UD_Old_East_Slavic-Ruthenian/blob/master/orv_ruthenian-ud-train.conllu
458_Polotsk_letters_402b.txt,Polotsk letters 402b,Old East Slavic - bielorussian alphabet,Ruthenian,14th-18th,1301,1800,1550,https://github.com/UniversalDependencies/UD_Old_East_Slavic-Ruthenian/blob/master/orv_ruthenian-ud-train.conllu
459_Polotsk_letters_4011.txt,Polotsk letters 4011,Old East Slavic - bielorussian alphabet,Ruthenian,14th-18th,1301,1800,1550,https://github.com/UniversalDependencies/UD_Old_East_Slavic-Ruthenian/blob/master/orv_ruthenian-ud-train.conllu
460_Polotsk_letters_413.txt,Polotsk letters 413,Old East Slavic - bielorussian alphabet,Ruthenian,14th-18th,1301,1800,1550,https://github.com/UniversalDependencies/UD_Old_East_Slavic-Ruthenian/blob/master/orv_ruthenian-ud-train.conllu
461_Polotsk_letters_413a.txt,Polotsk letters 413a,Old East Slavic - bielorussian alphabet,Ruthenian,14th-18th,1301,1800,1550,https://github.com/UniversalDependencies/UD_Old_East_Slavic-Ruthenian/blob/master/orv_ruthenian-ud-train.conllu
462_Polotsk_letters_414.txt,Polotsk letters 414,Old East Slavic - bielorussian alphabet,Ruthenian,14th-18th,1301,1800,1550,https://github.com/UniversalDependencies/UD_Old_East_Slavic-Ruthenian/blob/master/orv_ruthenian-ud-train.conllu
463_Polotsk_letters_414a.txt,Polotsk letters 414a,Old East Slavic - bielorussian alphabet,Ruthenian,14th-18th,1301,1800,1550,https://github.com/UniversalDependencies/UD_Old_East_Slavic-Ruthenian/blob/master/orv_ruthenian-ud-train.conllu
464_Polotsk_letters_414b.txt,Polotsk letters 414b,Old East Slavic - bielorussian alphabet,Ruthenian,14th-18th,1301,1800,1550,https://github.com/UniversalDependencies/UD_Old_East_Slavic-Ruthenian/blob/master/orv_ruthenian-ud-train.conllu
465_Polotsk_letters_416.txt,Polotsk letters 416,Old East Slavic - bielorussian alphabet,Ruthenian,14th-18th,1301,1800,1550,https://github.com/UniversalDependencies/UD_Old_East_Slavic-Ruthenian/blob/master/orv_ruthenian-ud-train.conllu
466_Polotsk_letters_418.txt,Polotsk letters 418,Old East Slavic - bielorussian alphabet,Ruthenian,14th-18th,1301,1800,1550,https://github.com/UniversalDependencies/UD_Old_East_Slavic-Ruthenian/blob/master/orv_ruthenian-ud-train.conllu
467_Polotsk_letters_419.txt,Polotsk letters 419,Old East Slavic - bielorussian alphabet,Ruthenian,14th-18th,1301,1800,1550,https://github.com/UniversalDependencies/UD_Old_East_Slavic-Ruthenian/blob/master/orv_ruthenian-ud-train.conllu
468_Polotsk_letters_420.txt,Polotsk letters 420,Old East Slavic - bielorussian alphabet,Ruthenian,14th-18th,1301,1800,1550,https://github.com/UniversalDependencies/UD_Old_East_Slavic-Ruthenian/blob/master/orv_ruthenian-ud-train.conllu
469_Polotsk_letters_421.txt,Polotsk letters 421,Old East Slavic - bielorussian alphabet,Ruthenian,14th-18th,1301,1800,1550,https://github.com/UniversalDependencies/UD_Old_East_Slavic-Ruthenian/blob/master/orv_ruthenian-ud-train.conllu
470_Polotsk_letters_422.txt,Polotsk letters 422,Old East Slavic - bielorussian alphabet,Ruthenian,14th-18th,1301,1800,1550,https://github.com/UniversalDependencies/UD_Old_East_Slavic-Ruthenian/blob/master/orv_ruthenian-ud-train.conllu
471_Polotsk_letters_423.txt,Polotsk letters 423,Old East Slavic - bielorussian alphabet,Ruthenian,14th-18th,1301,1800,1550,https://github.com/UniversalDependencies/UD_Old_East_Slavic-Ruthenian/blob/master/orv_ruthenian-ud-train.conllu
472_Polotsk_letters_423a.txt,Polotsk letters 423a,Old East Slavic - bielorussian alphabet,Ruthenian,14th-18th,1301,1800,1550,https://github.com/UniversalDependencies/UD_Old_East_Slavic-Ruthenian/blob/master/orv_ruthenian-ud-train.conllu
473_Polotsk_letters_424.txt,Polotsk letters 424,Old East Slavic - bielorussian alphabet,Ruthenian,14th-18th,1301,1800,1550,https://github.com/UniversalDependencies/UD_Old_East_Slavic-Ruthenian/blob/master/orv_ruthenian-ud-train.conllu
474_Polotsk_letters_425.txt,Polotsk letters 425,Old East Slavic - bielorussian alphabet,Ruthenian,14th-18th,1301,1800,1550,https://github.com/UniversalDependencies/UD_Old_East_Slavic-Ruthenian/blob/master/orv_ruthenian-ud-train.conllu
475_Polotsk_letters_426.txt,Polotsk letters 426,Old East Slavic - bielorussian alphabet,Ruthenian,14th-18th,1301,1800,1550,https://github.com/UniversalDependencies/UD_Old_East_Slavic-Ruthenian/blob/master/orv_ruthenian-ud-train.conllu
476_Polotsk_letters_427.txt,Polotsk letters 427,Old East Slavic - bielorussian alphabet,Ruthenian,14th-18th,1301,1800,1550,https://github.com/UniversalDependencies/UD_Old_East_Slavic-Ruthenian/blob/master/orv_ruthenian-ud-train.conllu
477_Polotsk_letters_428.txt,Polotsk letters 428,Old East Slavic - bielorussian alphabet,Ruthenian,14th-18th,1301,1800,1550,https://github.com/UniversalDependencies/UD_Old_East_Slavic-Ruthenian/blob/master/orv_ruthenian-ud-train.conllu
478_Polotsk_letters_429.txt,Polotsk letters 429,Old East Slavic - bielorussian alphabet,Ruthenian,14th-18th,1301,1800,1550,https://github.com/UniversalDependencies/UD_Old_East_Slavic-Ruthenian/blob/master/orv_ruthenian-ud-train.conllu
479_Polotsk_letters_431.txt,Polotsk letters 431,Old East Slavic - bielorussian alphabet,Ruthenian,14th-18th,1301,1800,1550,https://github.com/UniversalDependencies/UD_Old_East_Slavic-Ruthenian/blob/master/orv_ruthenian-ud-train.conllu
480_Polotsk_letters_432.txt,Polotsk letters 432,Old East Slavic - bielorussian alphabet,Ruthenian,14th-18th,1301,1800,1550,https://github.com/UniversalDependencies/UD_Old_East_Slavic-Ruthenian/blob/master/orv_ruthenian-ud-train.conllu
481_Polotsk_letters_433.txt,Polotsk letters 433,Old East Slavic - bielorussian alphabet,Ruthenian,14th-18th,1301,1800,1550,https://github.com/UniversalDependencies/UD_Old_East_Slavic-Ruthenian/blob/master/orv_ruthenian-ud-train.conllu
482_Polotsk_letters_434.txt,Polotsk letters 434,Old East Slavic - bielorussian alphabet,Ruthenian,14th-18th,1301,1800,1550,https://github.com/UniversalDependencies/UD_Old_East_Slavic-Ruthenian/blob/master/orv_ruthenian-ud-train.conllu
483_Polotsk_letters_434a.txt,Polotsk letters 434a,Old East Slavic - bielorussian alphabet,Ruthenian,14th-18th,1301,1800,1550,https://github.com/UniversalDependencies/UD_Old_East_Slavic-Ruthenian/blob/master/orv_ruthenian-ud-train.conllu
484_Polotsk_letters_434b.txt,Polotsk letters 434b,Old East Slavic - bielorussian alphabet,Ruthenian,14th-18th,1301,1800,1550,https://github.com/UniversalDependencies/UD_Old_East_Slavic-Ruthenian/blob/master/orv_ruthenian-ud-train.conllu
485_Polotsk_letters_434v.txt,Polotsk letters 434v,Old East Slavic - bielorussian alphabet,Ruthenian,14th-18th,1301,1800,1550,https://github.com/UniversalDependencies/UD_Old_East_Slavic-Ruthenian/blob/master/orv_ruthenian-ud-train.conllu
486_Polotsk_letters_435a.txt,Polotsk letters 435a,Old East Slavic - bielorussian alphabet,Ruthenian,14th-18th,1301,1800,1550,https://github.com/UniversalDependencies/UD_Old_East_Slavic-Ruthenian/blob/master/orv_ruthenian-ud-train.conllu
487_Polotsk_letters_435b.txt,Polotsk letters 435b,Old East Slavic - bielorussian alphabet,Ruthenian,14th-18th,1301,1800,1550,https://github.com/UniversalDependencies/UD_Old_East_Slavic-Ruthenian/blob/master/orv_ruthenian-ud-train.conllu
488_Polotsk_letters_435g.txt,Polotsk letters 435g,Old East Slavic - bielorussian alphabet,Ruthenian,14th-18th,1301,1800,1550,https://github.com/UniversalDependencies/UD_Old_East_Slavic-Ruthenian/blob/master/orv_ruthenian-ud-train.conllu
489_Polotsk_letters_435v.txt,Polotsk letters 435v,Old East Slavic - bielorussian alphabet,Ruthenian,14th-18th,1301,1800,1550,https://github.com/UniversalDependencies/UD_Old_East_Slavic-Ruthenian/blob/master/orv_ruthenian-ud-train.conllu
490_Polotsk_letters_436.txt,Polotsk letters 436,Old East Slavic - bielorussian alphabet,Ruthenian,14th-18th,1301,1800,1550,https://github.com/UniversalDependencies/UD_Old_East_Slavic-Ruthenian/blob/master/orv_ruthenian-ud-train.conllu
491_Polotsk_letters_437.txt,Polotsk letters 437,Old East Slavic - bielorussian alphabet,Ruthenian,14th-18th,1301,1800,1550,https://github.com/UniversalDependencies/UD_Old_East_Slavic-Ruthenian/blob/master/orv_ruthenian-ud-train.conllu
492_Polotsk_letters_438.txt,Polotsk letters 438,Old East Slavic - bielorussian alphabet,Ruthenian,14th-18th,1301,1800,1550,https://github.com/UniversalDependencies/UD_Old_East_Slavic-Ruthenian/blob/master/orv_ruthenian-ud-train.conllu
493_Polotsk_letters_439.txt,Polotsk letters 439,Old East Slavic - bielorussian alphabet,Ruthenian,14th-18th,1301,1800,1550,https://github.com/UniversalDependencies/UD_Old_East_Slavic-Ruthenian/blob/master/orv_ruthenian-ud-train.conllu
494_Polotsk_letters_440.txt,Polotsk letters 440,Old East Slavic - bielorussian alphabet,Ruthenian,14th-18th,1301,1800,1550,https://github.com/UniversalDependencies/UD_Old_East_Slavic-Ruthenian/blob/master/orv_ruthenian-ud-train.conllu
495_Polotsk_letters_441.txt,Polotsk letters 441,Old East Slavic - bielorussian alphabet,Ruthenian,14th-18th,1301,1800,1550,https://github.com/UniversalDependencies/UD_Old_East_Slavic-Ruthenian/blob/master/orv_ruthenian-ud-train.conllu
496_Polotsk_letters_442.txt,Polotsk letters 442,Old East Slavic - bielorussian alphabet,Ruthenian,14th-18th,1301,1800,1550,https://github.com/UniversalDependencies/UD_Old_East_Slavic-Ruthenian/blob/master/orv_ruthenian-ud-train.conllu
497_Polotsk_letters_442a.txt,Polotsk letters 442a,Old East Slavic - bielorussian alphabet,Ruthenian,14th-18th,1301,1800,1550,https://github.com/UniversalDependencies/UD_Old_East_Slavic-Ruthenian/blob/master/orv_ruthenian-ud-train.conllu
498_Polotsk_letters_442b.txt,Polotsk letters 442b,Old East Slavic - bielorussian alphabet,Ruthenian,14th-18th,1301,1800,1550,https://github.com/UniversalDependencies/UD_Old_East_Slavic-Ruthenian/blob/master/orv_ruthenian-ud-train.conllu
499_Polotsk_letters_442v.txt,Polotsk letters 442v,Old East Slavic - bielorussian alphabet,Ruthenian,14th-18th,1301,1800,1550,https://github.com/UniversalDependencies/UD_Old_East_Slavic-Ruthenian/blob/master/orv_ruthenian-ud-train.conllu
500_Polotsk_letters_443a.txt,Polotsk letters 443a,Old East Slavic - bielorussian alphabet,Ruthenian,14th-18th,1301,1800,1550,https://github.com/UniversalDependencies/UD_Old_East_Slavic-Ruthenian/blob/master/orv_ruthenian-ud-train.conllu
501_Polotsk_letters_443b.txt,Polotsk letters 443b,Old East Slavic - bielorussian alphabet,Ruthenian,14th-18th,1301,1800,1550,https://github.com/UniversalDependencies/UD_Old_East_Slavic-Ruthenian/blob/master/orv_ruthenian-ud-train.conllu
502_Polotsk_letters_444.txt,Polotsk letters 444,Old East Slavic - bielorussian alphabet,Ruthenian,14th-18th,1301,1800,1550,https://github.com/UniversalDependencies/UD_Old_East_Slavic-Ruthenian/blob/master/orv_ruthenian-ud-train.conllu
503_Polotsk_letters_445.txt,Polotsk letters 445,Old East Slavic - bielorussian alphabet,Ruthenian,14th-18th,1301,1800,1550,https://github.com/UniversalDependencies/UD_Old_East_Slavic-Ruthenian/blob/master/orv_ruthenian-ud-train.conllu
504_Polotsk_letters_446.txt,Polotsk letters 446,Old East Slavic - bielorussian alphabet,Ruthenian,14th-18th,1301,1800,1550,https://github.com/UniversalDependencies/UD_Old_East_Slavic-Ruthenian/blob/master/orv_ruthenian-ud-train.conllu
505_Polotsk_letters_447.txt,Polotsk letters 447,Old East Slavic - bielorussian alphabet,Ruthenian,14th-18th,1301,1800,1550,https://github.com/UniversalDependencies/UD_Old_East_Slavic-Ruthenian/blob/master/orv_ruthenian-ud-train.conllu
506_Polotsk_letters_448.txt,Polotsk letters 448,Old East Slavic - bielorussian alphabet,Ruthenian,14th-18th,1301,1800,1550,https://github.com/UniversalDependencies/UD_Old_East_Slavic-Ruthenian/blob/master/orv_ruthenian-ud-train.conllu
507_Polotsk_letters_449.txt,Polotsk letters 449,Old East Slavic - bielorussian alphabet,Ruthenian,14th-18th,1301,1800,1550,https://github.com/UniversalDependencies/UD_Old_East_Slavic-Ruthenian/blob/master/orv_ruthenian-ud-train.conllu
508_Polotsk_letters_450.txt,Polotsk letters 450,Old East Slavic - bielorussian alphabet,Ruthenian,14th-18th,1301,1800,1550,https://github.com/UniversalDependencies/UD_Old_East_Slavic-Ruthenian/blob/master/orv_ruthenian-ud-train.conllu
509_Polotsk_letters_451.txt,Polotsk letters 451,Old East Slavic - bielorussian alphabet,Ruthenian,14th-18th,1301,1800,1550,https://github.com/UniversalDependencies/UD_Old_East_Slavic-Ruthenian/blob/master/orv_ruthenian-ud-train.conllu
510_Polotsk_letters_452.txt,Polotsk letters 452,Old East Slavic - bielorussian alphabet,Ruthenian,14th-18th,1301,1800,1550,https://github.com/UniversalDependencies/UD_Old_East_Slavic-Ruthenian/blob/master/orv_ruthenian-ud-train.conllu
511_Polotsk_letters_452a.txt,Polotsk letters 452a,Old East Slavic - bielorussian alphabet,Ruthenian,14th-18th,1301,1800,1550,https://github.com/UniversalDependencies/UD_Old_East_Slavic-Ruthenian/blob/master/orv_ruthenian-ud-train.conllu
512_Polotsk_letters_452b.txt,Polotsk letters 452b,Old East Slavic - bielorussian alphabet,Ruthenian,14th-18th,1301,1800,1550,https://github.com/UniversalDependencies/UD_Old_East_Slavic-Ruthenian/blob/master/orv_ruthenian-ud-train.conllu
513_Polotsk_letters_452v.txt,Polotsk letters 452v,Old East Slavic - bielorussian alphabet,Ruthenian,14th-18th,1301,1800,1550,https://github.com/UniversalDependencies/UD_Old_East_Slavic-Ruthenian/blob/master/orv_ruthenian-ud-train.conllu
514_Polotsk_letters_455.txt,Polotsk letters 455,Old East Slavic - bielorussian alphabet,Ruthenian,14th-18th,1301,1800,1550,https://github.com/UniversalDependencies/UD_Old_East_Slavic-Ruthenian/blob/master/orv_ruthenian-ud-train.conllu
515_Polotsk_letters_456.txt,Polotsk letters 456,Old East Slavic - bielorussian alphabet,Ruthenian,14th-18th,1301,1800,1550,https://github.com/UniversalDependencies/UD_Old_East_Slavic-Ruthenian/blob/master/orv_ruthenian-ud-train.conllu
516_Polotsk_letters_457.txt,Polotsk letters 457,Old East Slavic - bielorussian alphabet,Ruthenian,14th-18th,1301,1800,1550,https://github.com/UniversalDependencies/UD_Old_East_Slavic-Ruthenian/blob/master/orv_ruthenian-ud-train.conllu
517_Polotsk_letters_457a.txt,Polotsk letters 457a,Old East Slavic - bielorussian alphabet,Ruthenian,14th-18th,1301,1800,1550,https://github.com/UniversalDependencies/UD_Old_East_Slavic-Ruthenian/blob/master/orv_ruthenian-ud-train.conllu
518_Polotsk_letters_457b.txt,Polotsk letters 457b,Old East Slavic - bielorussian alphabet,Ruthenian,14th-18th,1301,1800,1550,https://github.com/UniversalDependencies/UD_Old_East_Slavic-Ruthenian/blob/master/orv_ruthenian-ud-train.conllu
519_Polotsk_letters_458.txt,Polotsk letters 458,Old East Slavic - bielorussian alphabet,Ruthenian,14th-18th,1301,1800,1550,https://github.com/UniversalDependencies/UD_Old_East_Slavic-Ruthenian/blob/master/orv_ruthenian-ud-train.conllu
520_Polotsk_letters_458a.txt,Polotsk letters 458a,Old East Slavic - bielorussian alphabet,Ruthenian,14th-18th,1301,1800,1550,https://github.com/UniversalDependencies/UD_Old_East_Slavic-Ruthenian/blob/master/orv_ruthenian-ud-train.conllu
521_Polotsk_letters_458b.txt,Polotsk letters 458b,Old East Slavic - bielorussian alphabet,Ruthenian,14th-18th,1301,1800,1550,https://github.com/UniversalDependencies/UD_Old_East_Slavic-Ruthenian/blob/master/orv_ruthenian-ud-train.conllu
522_Polotsk_letters_458d.txt,Polotsk letters 458d,Old East Slavic - bielorussian alphabet,Ruthenian,14th-18th,1301,1800,1550,https://github.com/UniversalDependencies/UD_Old_East_Slavic-Ruthenian/blob/master/orv_ruthenian-ud-train.conllu
523_Polotsk_letters_458g.txt,Polotsk letters 458g,Old East Slavic - bielorussian alphabet,Ruthenian,14th-18th,1301,1800,1550,https://github.com/UniversalDependencies/UD_Old_East_Slavic-Ruthenian/blob/master/orv_ruthenian-ud-train.conllu
524_Polotsk_letters_458v.txt,Polotsk letters 458v,Old East Slavic - bielorussian alphabet,Ruthenian,14th-18th,1301,1800,1550,https://github.com/UniversalDependencies/UD_Old_East_Slavic-Ruthenian/blob/master/orv_ruthenian-ud-train.conllu
525_Polotsk_letters_459.txt,Polotsk letters 459,Old East Slavic - bielorussian alphabet,Ruthenian,14th-18th,1301,1800,1550,https://github.com/UniversalDependencies/UD_Old_East_Slavic-Ruthenian/blob/master/orv_ruthenian-ud-train.conllu
526_Polotsk_letters_460.txt,Polotsk letters 460,Old East Slavic - bielorussian alphabet,Ruthenian,14th-18th,1301,1800,1550,https://github.com/UniversalDependencies/UD_Old_East_Slavic-Ruthenian/blob/master/orv_ruthenian-ud-train.conllu
527_Polotsk_letters_460a.txt,Polotsk letters 460a,Old East Slavic - bielorussian alphabet,Ruthenian,14th-18th,1301,1800,1550,https://github.com/UniversalDependencies/UD_Old_East_Slavic-Ruthenian/blob/master/orv_ruthenian-ud-train.conllu
528_Polotsk_letters_460b.txt,Polotsk letters 460b,Old East Slavic - bielorussian alphabet,Ruthenian,14th-18th,1301,1800,1550,https://github.com/UniversalDependencies/UD_Old_East_Slavic-Ruthenian/blob/master/orv_ruthenian-ud-train.conllu
529_Polotsk_letters_460d.txt,Polotsk letters 460d,Old East Slavic - bielorussian alphabet,Ruthenian,14th-18th,1301,1800,1550,https://github.com/UniversalDependencies/UD_Old_East_Slavic-Ruthenian/blob/master/orv_ruthenian-ud-train.conllu
530_Polotsk_letters_460g.txt,Polotsk letters 460g,Old East Slavic - bielorussian alphabet,Ruthenian,14th-18th,1301,1800,1550,https://github.com/UniversalDependencies/UD_Old_East_Slavic-Ruthenian/blob/master/orv_ruthenian-ud-train.conllu
531_Polotsk_letters_460v.txt,Polotsk letters 460v,Old East Slavic - bielorussian alphabet,Ruthenian,14th-18th,1301,1800,1550,https://github.com/UniversalDependencies/UD_Old_East_Slavic-Ruthenian/blob/master/orv_ruthenian-ud-train.conllu
532_Polotsk_letters_461.txt,Polotsk letters 461,Old East Slavic - bielorussian alphabet,Ruthenian,14th-18th,1301,1800,1550,https://github.com/UniversalDependencies/UD_Old_East_Slavic-Ruthenian/blob/master/orv_ruthenian-ud-train.conllu
533_Polotsk_letters_461a.txt,Polotsk letters 461a,Old East Slavic - bielorussian alphabet,Ruthenian,14th-18th,1301,1800,1550,https://github.com/UniversalDependencies/UD_Old_East_Slavic-Ruthenian/blob/master/orv_ruthenian-ud-train.conllu
534_Polotsk_letters_462.txt,Polotsk letters 462,Old East Slavic - bielorussian alphabet,Ruthenian,14th-18th,1301,1800,1550,https://github.com/UniversalDependencies/UD_Old_East_Slavic-Ruthenian/blob/master/orv_ruthenian-ud-train.conllu
535_Polotsk_letters_462a.txt,Polotsk letters 462a,Old East Slavic - bielorussian alphabet,Ruthenian,14th-18th,1301,1800,1550,https://github.com/UniversalDependencies/UD_Old_East_Slavic-Ruthenian/blob/master/orv_ruthenian-ud-train.conllu
536_Polotsk_letters_462b.txt,Polotsk letters 462b,Old East Slavic - bielorussian alphabet,Ruthenian,14th-18th,1301,1800,1550,https://github.com/UniversalDependencies/UD_Old_East_Slavic-Ruthenian/blob/master/orv_ruthenian-ud-train.conllu
537_Polotsk_letters_464a.txt,Polotsk letters 464a,Old East Slavic - bielorussian alphabet,Ruthenian,14th-18th,1301,1800,1550,https://github.com/UniversalDependencies/UD_Old_East_Slavic-Ruthenian/blob/master/orv_ruthenian-ud-train.conllu
538_Polotsk_letters_465.txt,Polotsk letters 465,Old East Slavic - bielorussian alphabet,Ruthenian,14th-18th,1301,1800,1550,https://github.com/UniversalDependencies/UD_Old_East_Slavic-Ruthenian/blob/master/orv_ruthenian-ud-train.conllu
539_Polotsk_letters_466.txt,Polotsk letters 466,Old East Slavic - bielorussian alphabet,Ruthenian,14th-18th,1301,1800,1550,https://github.com/UniversalDependencies/UD_Old_East_Slavic-Ruthenian/blob/master/orv_ruthenian-ud-train.conllu
540_Polotsk_letters_467.txt,Polotsk letters 467,Old East Slavic - bielorussian alphabet,Ruthenian,14th-18th,1301,1800,1550,https://github.com/UniversalDependencies/UD_Old_East_Slavic-Ruthenian/blob/master/orv_ruthenian-ud-train.conllu
541_Polotsk_letters_468.txt,Polotsk letters 468,Old East Slavic - bielorussian alphabet,Ruthenian,14th-18th,1301,1800,1550,https://github.com/UniversalDependencies/UD_Old_East_Slavic-Ruthenian/blob/master/orv_ruthenian-ud-train.conllu
542_Polotsk_letters_470.txt,Polotsk letters 470,Old East Slavic - bielorussian alphabet,Ruthenian,14th-18th,1301,1800,1550,https://github.com/UniversalDependencies/UD_Old_East_Slavic-Ruthenian/blob/master/orv_ruthenian-ud-train.conllu
543_Polotsk_letters_471.txt,Polotsk letters 471,Old East Slavic - bielorussian alphabet,Ruthenian,14th-18th,1301,1800,1550,https://github.com/UniversalDependencies/UD_Old_East_Slavic-Ruthenian/blob/master/orv_ruthenian-ud-train.conllu
544_Polotsk_letters_472.txt,Polotsk letters 472,Old East Slavic - bielorussian alphabet,Ruthenian,14th-18th,1301,1800,1550,https://github.com/UniversalDependencies/UD_Old_East_Slavic-Ruthenian/blob/master/orv_ruthenian-ud-train.conllu
545_Polotsk_letters_473.txt,Polotsk letters 473,Old East Slavic - bielorussian alphabet,Ruthenian,14th-18th,1301,1800,1550,https://github.com/UniversalDependencies/UD_Old_East_Slavic-Ruthenian/blob/master/orv_ruthenian-ud-train.conllu
546_Polotsk_letters_474.txt,Polotsk letters 474,Old East Slavic - bielorussian alphabet,Ruthenian,14th-18th,1301,1800,1550,https://github.com/UniversalDependencies/UD_Old_East_Slavic-Ruthenian/blob/master/orv_ruthenian-ud-train.conllu
547_Polotsk_letters_475.txt,Polotsk letters 475,Old East Slavic - bielorussian alphabet,Ruthenian,14th-18th,1301,1800,1550,https://github.com/UniversalDependencies/UD_Old_East_Slavic-Ruthenian/blob/master/orv_ruthenian-ud-train.conllu
548_Polotsk_letters_476.txt,Polotsk letters 476,Old East Slavic - bielorussian alphabet,Ruthenian,14th-18th,1301,1800,1550,https://github.com/UniversalDependencies/UD_Old_East_Slavic-Ruthenian/blob/master/orv_ruthenian-ud-train.conllu
549_Polotsk_letters_477.txt,Polotsk letters 477,Old East Slavic - bielorussian alphabet,Ruthenian,14th-18th,1301,1800,1550,https://github.com/UniversalDependencies/UD_Old_East_Slavic-Ruthenian/blob/master/orv_ruthenian-ud-train.conllu
550_Polotsk_letters_478.txt,Polotsk letters 478,Old East Slavic - bielorussian alphabet,Ruthenian,14th-18th,1301,1800,1550,https://github.com/UniversalDependencies/UD_Old_East_Slavic-Ruthenian/blob/master/orv_ruthenian-ud-train.conllu
551_Ratushna_Kniga_1986_00.txt,Ratushna Kniga 1986 - 00,Old East Slavic - ukrainian alphabet,Ruthenian,14th-18th,1301,1800,1550,https://github.com/UniversalDependencies/UD_Old_East_Slavic-Ruthenian/blob/master/orv_ruthenian-ud-train.conllu
552_Ratushna_Kniga_1986_01.txt,Ratushna Kniga 1986 - 01,Old East Slavic - ukrainian alphabet,Ruthenian,14th-18th,1301,1800,1550,https://github.com/UniversalDependencies/UD_Old_East_Slavic-Ruthenian/blob/master/orv_ruthenian-ud-train.conllu
553_Ratushna_Kniga_1986_02.txt,Ratushna Kniga 1986 - 02,Old East Slavic - ukrainian alphabet,Ruthenian,14th-18th,1301,1800,1550,https://github.com/UniversalDependencies/UD_Old_East_Slavic-Ruthenian/blob/master/orv_ruthenian-ud-train.conllu
554_Ratushna_Kniga_1986_03.txt,Ratushna Kniga 1986 - 03,Old East Slavic - ukrainian alphabet,Ruthenian,14th-18th,1301,1800,1550,https://github.com/UniversalDependencies/UD_Old_East_Slavic-Ruthenian/blob/master/orv_ruthenian-ud-train.conllu
555_Ratushna_Kniga_1986_04.txt,Ratushna Kniga 1986 - 04,Old East Slavic - ukrainian alphabet,Ruthenian,14th-18th,1301,1800,1550,https://github.com/UniversalDependencies/UD_Old_East_Slavic-Ruthenian/blob/master/orv_ruthenian-ud-train.conllu
556_Ratushna_Kniga_1986_05.txt,Ratushna Kniga 1986 - 05,Old East Slavic - ukrainian alphabet,Ruthenian,14th-18th,1301,1800,1550,https://github.com/UniversalDependencies/UD_Old_East_Slavic-Ruthenian/blob/master/orv_ruthenian-ud-train.conllu
557_Ratushna_Kniga_1986_06.txt,Ratushna Kniga 1986 - 06,Old East Slavic - ukrainian alphabet,Ruthenian,14th-18th,1301,1800,1550,https://github.com/UniversalDependencies/UD_Old_East_Slavic-Ruthenian/blob/master/orv_ruthenian-ud-train.conllu
558_Ratushna_Kniga_1986_07.txt,Ratushna Kniga 1986 - 07,Old East Slavic - ukrainian alphabet,Ruthenian,14th-18th,1301,1800,1550,https://github.com/UniversalDependencies/UD_Old_East_Slavic-Ruthenian/blob/master/orv_ruthenian-ud-train.conllu
559_Ratushna_Kniga_1986_08.txt,Ratushna Kniga 1986 - 08,Old East Slavic - ukrainian alphabet,Ruthenian,14th-18th,1301,1800,1550,https://github.com/UniversalDependencies/UD_Old_East_Slavic-Ruthenian/blob/master/orv_ruthenian-ud-train.conllu
560_Ratushna_Kniga_1986_09.txt,Ratushna Kniga 1986 - 09,Old East Slavic - ukrainian alphabet,Ruthenian,14th-18th,1301,1800,1550,https://github.com/UniversalDependencies/UD_Old_East_Slavic-Ruthenian/blob/master/orv_ruthenian-ud-train.conllu
561_Ratushna_Kniga_1986_10.txt,Ratushna Kniga 1986 - 10,Old East Slavic - ukrainian alphabet,Ruthenian,14th-18th,1301,1800,1550,https://github.com/UniversalDependencies/UD_Old_East_Slavic-Ruthenian/blob/master/orv_ruthenian-ud-train.conllu
562_The_Zudechiv_delimitation_charter_of_1413.txt,The Zudechiv delimitation charter of 1413,Old East Slavic - ukrainian alphabet,Ruthenian,15th,1401,1500,1450,https://github.com/UniversalDependencies/UD_Old_East_Slavic-Ruthenian/blob/master/orv_ruthenian-ud-train.conllu
563_Postanova_Petra_voevodi_i_bojarskoi_radi_1456_r_pro_viplatu_daniniturcam_cultanovi_Mechemmedovi_II.txt,Postanova Petra-voevodi i bojars'koi radi 1456 r. pro viplatu daniniturcam (cultanovi Mechemmedovi II),Old East Slavic - ukrainian alphabet,Ruthenian,15th,1401,1500,1450,https://github.com/UniversalDependencies/UD_Old_East_Slavic-Ruthenian/blob/master/orv_ruthenian-ud-train.conllu
564_Stefan_voevoda_1473_r_nadae_zemlju_manastirevi_na_Moldavnci.txt,Stefan voevoda 1473 r. nadae zemlju manastirevi na Moldavnci,Old East Slavic - ukrainian alphabet,Ruthenian,15th,1401,1500,1450,https://github.com/UniversalDependencies/UD_Old_East_Slavic-Ruthenian/blob/master/orv_ruthenian-ud-train.conllu
565_Zudečivska_rozgranična_gramota_1413_roku.txt,Zudečivs'ka rozgranična gramota 1413 roku,Old East Slavic - ukrainian alphabet,Ruthenian,15th,1401,1500,1450,https://github.com/UniversalDependencies/UD_Old_East_Slavic-Ruthenian/blob/master/orv_ruthenian-ud-train.conllu
566_Požalovanie_Luckomu_zemjaninu_panu_Olizaru_Šiloviču_Serpinikă_Ljubča_Gorochova_Gubina_Markovičej_v_Luckomă_povětě_i_Podlescevă_Dorosiča_i_Povorska_v_Melnickoj_volosti_să_ich_ugodjami.txt,"Požalovanie Luckomu zemjaninu, panu Olizaru Šiloviču: Serpinikă, Ljubča, Gorochova, Gubina, Markovičej v Luckomă povětě i Podlescevă, Dorosiča i Povorska — v Mel'nickoj volosti, să ich ugod'jami",Old East Slavic - belarusian alphabet,Ruthenian,15th,1401,1500,1450,https://github.com/UniversalDependencies/UD_Old_East_Slavic-Ruthenian/blob/master/orv_ruthenian-ud-dev.conllu
567_Požalovanie_panu_Nemirě_Rezanoviču_iměnij_Litovyžă_Torgovica_Červišča_Stvoloviči_să_ichă_ugodjami.txt,"Požalovanie panu Nemirě Rezanoviču iměnij Litovyžă, Torgovica, Červišča, Stvoloviči să ichă ugod’jami",Old East Slavic - belarusian alphabet,Ruthenian,15th,1401,1500,1450,https://github.com/UniversalDependencies/UD_Old_East_Slavic-Ruthenian/blob/master/orv_ruthenian-ud-dev.conllu
568_Požalovanie_panu_Nemirě_Rezanoviču_iměnija_ego_brata_Micka_Zemno_Dubno_Markovă_Stavă_Sernă_Mostišină_să_ichă_ugodjami.txt,"Požalovanie panu Nemirě Rezanoviču iměnija ego brata Micka -Zemno, Dubno, Markovă Stavă, Sernă, Mostišină, să ichă ugod’jami",Old East Slavic - belarusian alphabet,Ruthenian,15th,1401,1500,1450,https://github.com/UniversalDependencies/UD_Old_East_Slavic-Ruthenian/blob/master/orv_ruthenian-ud-dev.conllu
569_Polotsk_Letters_68.txt,Polotsk Letters 68,Old East Slavic - belarusian alphabet,Ruthenian,14th-18th,1301,1800,1550,https://github.com/UniversalDependencies/UD_Old_East_Slavic-Ruthenian/blob/master/orv_ruthenian-ud-dev.conllu
570_Polotsk_Letters_71.txt,Polotsk Letters 71,Old East Slavic - belarusian alphabet,Ruthenian,14th-18th,1301,1800,1550,https://github.com/UniversalDependencies/UD_Old_East_Slavic-Ruthenian/blob/master/orv_ruthenian-ud-dev.conllu
571_Polotsk_Letters_74.txt,Polotsk Letters 74,Old East Slavic - belarusian alphabet,Ruthenian,14th-18th,1301,1800,1550,https://github.com/UniversalDependencies/UD_Old_East_Slavic-Ruthenian/blob/master/orv_ruthenian-ud-dev.conllu
572_Polotsk_Letters_75.txt,Polotsk Letters 75,Old East Slavic - belarusian alphabet,Ruthenian,14th-18th,1301,1800,1550,https://github.com/UniversalDependencies/UD_Old_East_Slavic-Ruthenian/blob/master/orv_ruthenian-ud-dev.conllu
573_Polotsk_Letters_77.txt,Polotsk Letters 77,Old East Slavic - belarusian alphabet,Ruthenian,14th-18th,1301,1800,1550,https://github.com/UniversalDependencies/UD_Old_East_Slavic-Ruthenian/blob/master/orv_ruthenian-ud-dev.conllu
574_Polotsk_Letters_78.txt,Polotsk Letters 78,Old East Slavic - belarusian alphabet,Ruthenian,14th-18th,1301,1800,1550,https://github.com/UniversalDependencies/UD_Old_East_Slavic-Ruthenian/blob/master/orv_ruthenian-ud-dev.conllu
575_Polotsk_Letters_79.txt,Polotsk Letters 79,Old East Slavic - belarusian alphabet,Ruthenian,14th-18th,1301,1800,1550,https://github.com/UniversalDependencies/UD_Old_East_Slavic-Ruthenian/blob/master/orv_ruthenian-ud-dev.conllu
576_Polotsk_Letters_80.txt,Polotsk Letters 80,Old East Slavic - belarusian alphabet,Ruthenian,14th-18th,1301,1800,1550,https://github.com/UniversalDependencies/UD_Old_East_Slavic-Ruthenian/blob/master/orv_ruthenian-ud-dev.conllu
577_Polotsk_Letters_81.txt,Polotsk Letters 81,Old East Slavic - belarusian alphabet,Ruthenian,14th-18th,1301,1800,1550,https://github.com/UniversalDependencies/UD_Old_East_Slavic-Ruthenian/blob/master/orv_ruthenian-ud-dev.conllu
578_Polotsk_Letters_97.txt,Polotsk Letters 97,Old East Slavic - belarusian alphabet,Ruthenian,14th-18th,1301,1800,1550,https://github.com/UniversalDependencies/UD_Old_East_Slavic-Ruthenian/blob/master/orv_ruthenian-ud-dev.conllu
579_Polotsk_Letters_98_1.txt,Polotsk Letters 98-1,Old East Slavic - belarusian alphabet,Ruthenian,14th-18th,1301,1800,1550,https://github.com/UniversalDependencies/UD_Old_East_Slavic-Ruthenian/blob/master/orv_ruthenian-ud-dev.conllu
580_Polotsk_Letters_98.txt,Polotsk Letters 98,Old East Slavic - belarusian alphabet,Ruthenian,14th-18th,1301,1800,1550,https://github.com/UniversalDependencies/UD_Old_East_Slavic-Ruthenian/blob/master/orv_ruthenian-ud-dev.conllu
581_Polotsk_Letters_101.txt,Polotsk Letters 101,Old East Slavic - belarusian alphabet,Ruthenian,14th-18th,1301,1800,1550,https://github.com/UniversalDependencies/UD_Old_East_Slavic-Ruthenian/blob/master/orv_ruthenian-ud-dev.conllu
582_Polotsk_Letters_102.txt,Polotsk Letters 102,Old East Slavic - belarusian alphabet,Ruthenian,14th-18th,1301,1800,1550,https://github.com/UniversalDependencies/UD_Old_East_Slavic-Ruthenian/blob/master/orv_ruthenian-ud-dev.conllu
583_Polotsk_Letters_104.txt,Polotsk Letters 104,Old East Slavic - belarusian alphabet,Ruthenian,14th-18th,1301,1800,1550,https://github.com/UniversalDependencies/UD_Old_East_Slavic-Ruthenian/blob/master/orv_ruthenian-ud-dev.conllu
584_Polotsk_Letters_105.txt,Polotsk Letters 105,Old East Slavic - belarusian alphabet,Ruthenian,14th-18th,1301,1800,1550,https://github.com/UniversalDependencies/UD_Old_East_Slavic-Ruthenian/blob/master/orv_ruthenian-ud-dev.conllu
585_Polotsk_Letters_107.txt,Polotsk Letters 107,Old East Slavic - belarusian alphabet,Ruthenian,14th-18th,1301,1800,1550,https://github.com/UniversalDependencies/UD_Old_East_Slavic-Ruthenian/blob/master/orv_ruthenian-ud-dev.conllu
586_Polotsk_Letters_108.txt,Polotsk Letters 108,Old East Slavic - belarusian alphabet,Ruthenian,14th-18th,1301,1800,1550,https://github.com/UniversalDependencies/UD_Old_East_Slavic-Ruthenian/blob/master/orv_ruthenian-ud-dev.conllu
587_Polotsk_Letters_109.txt,Polotsk Letters 109,Old East Slavic - belarusian alphabet,Ruthenian,14th-18th,1301,1800,1550,https://github.com/UniversalDependencies/UD_Old_East_Slavic-Ruthenian/blob/master/orv_ruthenian-ud-dev.conllu
588_Polotsk_Letters_110.txt,Polotsk Letters 110,Old East Slavic - belarusian alphabet,Ruthenian,14th-18th,1301,1800,1550,https://github.com/UniversalDependencies/UD_Old_East_Slavic-Ruthenian/blob/master/orv_ruthenian-ud-dev.conllu
589_Polotsk_Letters_111.txt,Polotsk Letters 111,Old East Slavic - belarusian alphabet,Ruthenian,14th-18th,1301,1800,1550,https://github.com/UniversalDependencies/UD_Old_East_Slavic-Ruthenian/blob/master/orv_ruthenian-ud-dev.conllu
590_Polotsk_Letters_112.txt,Polotsk Letters 112,Old East Slavic - belarusian alphabet,Ruthenian,14th-18th,1301,1800,1550,https://github.com/UniversalDependencies/UD_Old_East_Slavic-Ruthenian/blob/master/orv_ruthenian-ud-dev.conllu
591_Polotsk_Letters_113.txt,Polotsk Letters 113,Old East Slavic - belarusian alphabet,Ruthenian,14th-18th,1301,1800,1550,https://github.com/UniversalDependencies/UD_Old_East_Slavic-Ruthenian/blob/master/orv_ruthenian-ud-dev.conllu
592_Polotsk_Letters_117.txt,Polotsk Letters 117,Old East Slavic - belarusian alphabet,Ruthenian,14th-18th,1301,1800,1550,https://github.com/UniversalDependencies/UD_Old_East_Slavic-Ruthenian/blob/master/orv_ruthenian-ud-dev.conllu
593_Polotsk_Letters_118.txt,Polotsk Letters 118,Old East Slavic - belarusian alphabet,Ruthenian,14th-18th,1301,1800,1550,https://github.com/UniversalDependencies/UD_Old_East_Slavic-Ruthenian/blob/master/orv_ruthenian-ud-dev.conllu
594_Polotsk_Letters_121.txt,Polotsk Letters 121,Old East Slavic - belarusian alphabet,Ruthenian,14th-18th,1301,1800,1550,https://github.com/UniversalDependencies/UD_Old_East_Slavic-Ruthenian/blob/master/orv_ruthenian-ud-dev.conllu
595_Polotsk_Letters_122.txt,Polotsk Letters 122,Old East Slavic - belarusian alphabet,Ruthenian,14th-18th,1301,1800,1550,https://github.com/UniversalDependencies/UD_Old_East_Slavic-Ruthenian/blob/master/orv_ruthenian-ud-dev.conllu
596_Polotsk_Letters_123.txt,Polotsk Letters 123,Old East Slavic - belarusian alphabet,Ruthenian,14th-18th,1301,1800,1550,https://github.com/UniversalDependencies/UD_Old_East_Slavic-Ruthenian/blob/master/orv_ruthenian-ud-dev.conllu
597_Polotsk_Letters_124.txt,Polotsk Letters 124,Old East Slavic - belarusian alphabet,Ruthenian,14th-18th,1301,1800,1550,https://github.com/UniversalDependencies/UD_Old_East_Slavic-Ruthenian/blob/master/orv_ruthenian-ud-dev.conllu
598_Polotsk_Letters_125.txt,Polotsk Letters 125,Old East Slavic - belarusian alphabet,Ruthenian,14th-18th,1301,1800,1550,https://github.com/UniversalDependencies/UD_Old_East_Slavic-Ruthenian/blob/master/orv_ruthenian-ud-dev.conllu
599_Polotsk_Letters_126.txt,Polotsk Letters 126,Old East Slavic - belarusian alphabet,Ruthenian,14th-18th,1301,1800,1550,https://github.com/UniversalDependencies/UD_Old_East_Slavic-Ruthenian/blob/master/orv_ruthenian-ud-dev.conllu
600_Polotsk_Letters_127.txt,Polotsk Letters 127,Old East Slavic - belarusian alphabet,Ruthenian,14th-18th,1301,1800,1550,https://github.com/UniversalDependencies/UD_Old_East_Slavic-Ruthenian/blob/master/orv_ruthenian-ud-dev.conllu
601_Polotsk_Letters_128.txt,Polotsk Letters 128,Old East Slavic - belarusian alphabet,Ruthenian,14th-18th,1301,1800,1550,https://github.com/UniversalDependencies/UD_Old_East_Slavic-Ruthenian/blob/master/orv_ruthenian-ud-dev.conllu
602_Polotsk_Letters_129.txt,Polotsk Letters 129,Old East Slavic - belarusian alphabet,Ruthenian,14th-18th,1301,1800,1550,https://github.com/UniversalDependencies/UD_Old_East_Slavic-Ruthenian/blob/master/orv_ruthenian-ud-dev.conllu
603_Polotsk_Letters_130.txt,Polotsk Letters 130,Old East Slavic - belarusian alphabet,Ruthenian,14th-18th,1301,1800,1550,https://github.com/UniversalDependencies/UD_Old_East_Slavic-Ruthenian/blob/master/orv_ruthenian-ud-dev.conllu
604_Polotsk_Letters_131.txt,Polotsk Letters 131,Old East Slavic - belarusian alphabet,Ruthenian,14th-18th,1301,1800,1550,https://github.com/UniversalDependencies/UD_Old_East_Slavic-Ruthenian/blob/master/orv_ruthenian-ud-dev.conllu
605_Polotsk_Letters_133.txt,Polotsk Letters 133,Old East Slavic - belarusian alphabet,Ruthenian,14th-18th,1301,1800,1550,https://github.com/UniversalDependencies/UD_Old_East_Slavic-Ruthenian/blob/master/orv_ruthenian-ud-dev.conllu
606_Polotsk_Letters_132.txt,Polotsk Letters 132,Old East Slavic - belarusian alphabet,Ruthenian,14th-18th,1301,1800,1550,https://github.com/UniversalDependencies/UD_Old_East_Slavic-Ruthenian/blob/master/orv_ruthenian-ud-dev.conllu
607_Polotsk_Letters_134.txt,Polotsk Letters 134,Old East Slavic - belarusian alphabet,Ruthenian,14th-18th,1301,1800,1550,https://github.com/UniversalDependencies/UD_Old_East_Slavic-Ruthenian/blob/master/orv_ruthenian-ud-dev.conllu
608_Polotsk_Letters_1.txt,Polotsk Letters 1,Old East Slavic - belarusian alphabet,Ruthenian,14th-18th,1301,1800,1550,https://github.com/UniversalDependencies/UD_Old_East_Slavic-Ruthenian/blob/master/orv_ruthenian-ud-test.conllu
609_Polotsk_Letters_2.txt,Polotsk Letters 2,Old East Slavic - belarusian alphabet,Ruthenian,14th-18th,1301,1800,1550,https://github.com/UniversalDependencies/UD_Old_East_Slavic-Ruthenian/blob/master/orv_ruthenian-ud-test.conllu
610_Polotsk_Letters_3.txt,Polotsk Letters 3,Old East Slavic - belarusian alphabet,Ruthenian,14th-18th,1301,1800,1550,https://github.com/UniversalDependencies/UD_Old_East_Slavic-Ruthenian/blob/master/orv_ruthenian-ud-test.conllu
611_Polotsk_Letters_4.txt,Polotsk Letters 4,Old East Slavic - belarusian alphabet,Ruthenian,14th-18th,1301,1800,1550,https://github.com/UniversalDependencies/UD_Old_East_Slavic-Ruthenian/blob/master/orv_ruthenian-ud-test.conllu
612_Polotsk_Letters_5.txt,Polotsk Letters 5,Old East Slavic - belarusian alphabet,Ruthenian,14th-18th,1301,1800,1550,https://github.com/UniversalDependencies/UD_Old_East_Slavic-Ruthenian/blob/master/orv_ruthenian-ud-test.conllu
613_Polotsk_Letters_5pril.txt,Polotsk Letters 5pril,Old East Slavic - belarusian alphabet,Ruthenian,14th-18th,1301,1800,1550,https://github.com/UniversalDependencies/UD_Old_East_Slavic-Ruthenian/blob/master/orv_ruthenian-ud-test.conllu
614_Polotsk_Letters_8.txt,Polotsk Letters 8,Old East Slavic - belarusian alphabet,Ruthenian,14th-18th,1301,1800,1550,https://github.com/UniversalDependencies/UD_Old_East_Slavic-Ruthenian/blob/master/orv_ruthenian-ud-test.conllu
615_Polotsk_Letters_10.txt,Polotsk Letters 10,Old East Slavic - belarusian alphabet,Ruthenian,14th-18th,1301,1800,1550,https://github.com/UniversalDependencies/UD_Old_East_Slavic-Ruthenian/blob/master/orv_ruthenian-ud-test.conllu
616_Polotsk_Letters_11.txt,Polotsk Letters 11,Old East Slavic - belarusian alphabet,Ruthenian,14th-18th,1301,1800,1550,https://github.com/UniversalDependencies/UD_Old_East_Slavic-Ruthenian/blob/master/orv_ruthenian-ud-test.conllu
617_Polotsk_Letters_15.txt,Polotsk Letters 15,Old East Slavic - belarusian alphabet,Ruthenian,14th-18th,1301,1800,1550,https://github.com/UniversalDependencies/UD_Old_East_Slavic-Ruthenian/blob/master/orv_ruthenian-ud-test.conllu
618_Polotsk_Letters_16.txt,Polotsk Letters 16,Old East Slavic - belarusian alphabet,Ruthenian,14th-18th,1301,1800,1550,https://github.com/UniversalDependencies/UD_Old_East_Slavic-Ruthenian/blob/master/orv_ruthenian-ud-test.conllu
619_Polotsk_Letters_32.txt,Polotsk Letters 32,Old East Slavic - belarusian alphabet,Ruthenian,14th-18th,1301,1800,1550,https://github.com/UniversalDependencies/UD_Old_East_Slavic-Ruthenian/blob/master/orv_ruthenian-ud-test.conllu
620_Polotsk_Letters_39.txt,Polotsk Letters 39,Old East Slavic - belarusian alphabet,Ruthenian,14th-18th,1301,1800,1550,https://github.com/UniversalDependencies/UD_Old_East_Slavic-Ruthenian/blob/master/orv_ruthenian-ud-test.conllu
621_Polotsk_Letters_40.txt,Polotsk Letters 40,Old East Slavic - belarusian alphabet,Ruthenian,14th-18th,1301,1800,1550,https://github.com/UniversalDependencies/UD_Old_East_Slavic-Ruthenian/blob/master/orv_ruthenian-ud-test.conllu
622_Polotsk_Letters_44.txt,Polotsk Letters 44,Old East Slavic - belarusian alphabet,Ruthenian,14th-18th,1301,1800,1550,https://github.com/UniversalDependencies/UD_Old_East_Slavic-Ruthenian/blob/master/orv_ruthenian-ud-test.conllu
623_Polotsk_Letters_48.txt,Polotsk Letters 48,Old East Slavic - belarusian alphabet,Ruthenian,14th-18th,1301,1800,1550,https://github.com/UniversalDependencies/UD_Old_East_Slavic-Ruthenian/blob/master/orv_ruthenian-ud-test.conllu
624_Polotsk_Letters_49.txt,Polotsk Letters 49,Old East Slavic - belarusian alphabet,Ruthenian,14th-18th,1301,1800,1550,https://github.com/UniversalDependencies/UD_Old_East_Slavic-Ruthenian/blob/master/orv_ruthenian-ud-test.conllu
625_Polotsk_Letters_52.txt,Polotsk Letters 52,Old East Slavic - belarusian alphabet,Ruthenian,14th-18th,1301,1800,1550,https://github.com/UniversalDependencies/UD_Old_East_Slavic-Ruthenian/blob/master/orv_ruthenian-ud-test.conllu
626_Polotsk_Letters_53.txt,Polotsk Letters 53,Old East Slavic - belarusian alphabet,Ruthenian,14th-18th,1301,1800,1550,https://github.com/UniversalDependencies/UD_Old_East_Slavic-Ruthenian/blob/master/orv_ruthenian-ud-test.conllu
627_Polotsk_Letters_54.txt,Polotsk Letters 54,Old East Slavic - belarusian alphabet,Ruthenian,14th-18th,1301,1800,1550,https://github.com/UniversalDependencies/UD_Old_East_Slavic-Ruthenian/blob/master/orv_ruthenian-ud-test.conllu
628_Polotsk_Letters_55.txt,Polotsk Letters 55,Old East Slavic - belarusian alphabet,Ruthenian,14th-18th,1301,1800,1550,https://github.com/UniversalDependencies/UD_Old_East_Slavic-Ruthenian/blob/master/orv_ruthenian-ud-test.conllu
629_Polotsk_Letters_57.txt,Polotsk Letters 57,Old East Slavic - belarusian alphabet,Ruthenian,14th-18th,1301,1800,1550,https://github.com/UniversalDependencies/UD_Old_East_Slavic-Ruthenian/blob/master/orv_ruthenian-ud-test.conllu
630_Polotsk_Letters_58.txt,Polotsk Letters 58,Old East Slavic - belarusian alphabet,Ruthenian,14th-18th,1301,1800,1550,https://github.com/UniversalDependencies/UD_Old_East_Slavic-Ruthenian/blob/master/orv_ruthenian-ud-test.conllu
631_Polotsk_Letters_62.txt,Polotsk Letters 62,Old East Slavic - belarusian alphabet,Ruthenian,14th-18th,1301,1800,1550,https://github.com/UniversalDependencies/UD_Old_East_Slavic-Ruthenian/blob/master/orv_ruthenian-ud-test.conllu
632_Polotsk_Letters_63.txt,Polotsk Letters 63,Old East Slavic - belarusian alphabet,Ruthenian,14th-18th,1301,1800,1550,https://github.com/UniversalDependencies/UD_Old_East_Slavic-Ruthenian/blob/master/orv_ruthenian-ud-test.conllu
633_Polotsk_Letters_65.txt,Polotsk Letters 65,Old East Slavic - belarusian alphabet,Ruthenian,14th-18th,1301,1800,1550,https://github.com/UniversalDependencies/UD_Old_East_Slavic-Ruthenian/blob/master/orv_ruthenian-ud-test.conllu
634_Polotsk_Letters_66.txt,Polotsk Letters 66,Old East Slavic - belarusian alphabet,Ruthenian,14th-18th,1301,1800,1550,https://github.com/UniversalDependencies/UD_Old_East_Slavic-Ruthenian/blob/master/orv_ruthenian-ud-test.conllu
635_Polotsk_Letters_67.txt,Polotsk Letters 67,Old East Slavic - belarusian alphabet,Ruthenian,14th-18th,1301,1800,1550,https://github.com/UniversalDependencies/UD_Old_East_Slavic-Ruthenian/blob/master/orv_ruthenian-ud-test.conllu
636_Drugij_Volynskij_statut_Velykogo_knjaživstva_Lytovskogo_1566_roku_Roždělă_4_j_o_sudjachă_i_o_suděchă.txt,Drugij (Volyns’kij) statut Velykogo knjaživstva Lytovs’kogo 1566 roku. Roždělă 4-j o sud’jachă i o suděchă,Old East Slavic - belarusian alphabet,Ruthenian,16th,1501,1600,1550,https://github.com/UniversalDependencies/UD_Old_East_Slavic-Ruthenian/blob/master/orv_ruthenian-ud-test.conllu
637_Tretij_statut_Velikogo_knjažestva_Litovskogo_1588_goda_Roždělă_4_j_o_sudjachă_i_o_suděchă.txt,Tretij statut Velikogo knjažestva Litovskogo 1588 goda. Roždělă 4-j o sud’jachă i o suděchă,Old East Slavic - belarusian alphabet,Ruthenian,16th,1501,1600,1550,https://github.com/UniversalDependencies/UD_Old_East_Slavic-Ruthenian/blob/master/orv_ruthenian-ud-test.conllu
638_Obraščenie_podkanclera_VKL_Lva_Sapegi_k_soslovijam_Velikogo_knjažestva_Litovskogo_po_slučaju_prinjatija_Statuta_VKL_1588_g.txt,Obraščenie podkanclera VKL L’va Sapegi k soslovijam Velikogo knjažestva Litovskogo po slučaju prinjatija Statuta VKL (1588 g.),Old East Slavic - belarusian alphabet,Ruthenian,16th,1501,1600,1550,https://github.com/UniversalDependencies/UD_Old_East_Slavic-Ruthenian/blob/master/orv_ruthenian-ud-test.conllu
639_The_Life_of_Avvakum.txt,The Life of Avvakum,Old Russian,Church Slavonic,17th,1601,1700,1650,https://github.com/torottreebank/treebank-releases/blob/master/avv.conll
640_Žitie_Aleksandra_Kuštskogo.txt,Žitie Aleksandra Kuštskogo,Church Slavonic,Church Slavonic,17th,1601,1700,1650,https://github.com/vintagentleman/scat-content/tree/master/raw/AKush.txt
641_Žitie_Aleksandra_Kuštskogo_i_Evfimija_Sjanžemskogo.txt,Žitie Aleksandra Kuštskogo i Evfimija Sjanžemskogo,New Church Slavonic,New Church Slavonic,18th,1701,1800,1750,https://github.com/vintagentleman/scat-content/tree/master/raw/AKush-EvSzh.txt
642_Žitie_Andreja_Totemskogo.txt,Žitie Andreja Totemskogo,New Church Slavonic,New Church Slavonic,18th,1701,1800,1750,https://github.com/vintagentleman/scat-content/tree/master/raw/AndTtm.txt
643_Žitie_Arsenija_Komelskogo.txt,Žitie Arsenija Komel'skogo,New Church Slavonic,New Church Slavonic,18th,1701,1800,1750,https://github.com/vintagentleman/scat-content/tree/master/raw/ArsKml.txt
644_Žitie_Gerasima_Vologodskogo.txt,Žitie Gerasima Vologodskogo,New Church Slavonic,New Church Slavonic,18th,1701,1800,1750,https://github.com/vintagentleman/scat-content/tree/master/raw/GrsVlg.txt
645_Žitie_Ignatija_Lomskogo.txt,Žitie Ignatija Lomskogo,New Church Slavonic,New Church Slavonic,18th,1701,1800,1750,https://github.com/vintagentleman/scat-content/tree/master/raw/IgnLm.txt
646_Žitie_Ignatija_Vologodskogo.txt,Žitie Ignatija Vologodskogo,New Church Slavonic,New Church Slavonic,18th,1701,1800,1750,https://github.com/vintagentleman/scat-content/tree/master/raw/IgnVlg.txt
647_Žitie_Innokentija_Komelskogo.txt,Žitie Innokentija Komel'skogo,New Church Slavonic,New Church Slavonic,18th,1701,1800,1750,https://github.com/vintagentleman/scat-content/tree/master/raw/InnKml.txt
648_Žitie_Kassiana_Ugličskogo.txt,Žitie Kassiana Ugličskogo,Church Slavonic,Church Slavonic,17th,1601,1700,1650,https://github.com/vintagentleman/scat-content/tree/master/raw/KsUgl.txt
649_Žitie_Stefana_Komelskogo.txt,Žitie Stefana Komel'skogo,Church Slavonic,Church Slavonic,17th,1601,1700,1650,https://github.com/vintagentleman/scat-content/tree/master/raw/StKml.txt
650_Žitie_Feodosija_Totemskogo.txt,Žitie Feodosija Totemskogo,New Church Slavonic,New Church Slavonic,18th,1701,1800,1750,https://github.com/vintagentleman/scat-content/tree/master/raw/ThdTtm.txt
651_Žitie_Vassiana_Tiksnenskogo_žitie_i_čudesa_18.txt,Žitie Vassiana Tiksnenskogo (žitie i čudesa 1–8),New Church Slavonic,New Church Slavonic,18th,1701,1800,1750,https://github.com/vintagentleman/scat-content/tree/master/raw/VsTix.txt
652_Житие_Вассиана_Тиксненского_чудеса_929.txt,Житие Вассиана Тиксненского (чудеса 9–29),New Church Slavonic,New Church Slavonic,18th,1701,1800,1750,https://github.com/vintagentleman/scat-content/tree/master/raw/VsTix-m.txt
