id,url,date,content,carrier,carrier_category,place,text,reconstruction,translation,alphabet,writing_method,position,preservation,date_details,date_justification,comment
1,https://epigraphica.ru/epigraphy/inscription/show/1,1120-1300,Надпись с упоминанием заутрени на праздник Вознесения,Стены церкви Рождества Богородицы Антониева монастыря,стена церкви,Церковь Рождества Богородицы Антониева монастыря,(…)[ъ на] Возн[ь]с[е]ние,[Такой-то] (писал)ъ на Вознесение (… по за)оутрьнии ( ),,кириллица,граффито,"дияконник, юго-восточный столб, южная грань, 41 см от правого края, 496 см от пола (67 см выше основания креста) ( )",с утратами (50-85%),"З 3 «перелом хвоста» (1140–1340), н 2а «нижние засечки (длинные)» <1400 (1140–1300), у 5 «нижняя засечка» 1180–1400 (1180–1340). Итого: 1180–1400, предпочтительно 1180–1300 гг. ( )",,"«Надпись выделяется своей палеографией. Буква у во второй строке выполнена зеркально, а буква р не имеет нижней части и выглядит как d. Буквы, обозначенные в тексте как [ ь ] и [ е ], в слове Возн[ь]с[е]ние , похожи друг на друга, а буква е на конце слова похожа на [ е ]: конечная е имеет длинную нижнюю засечку, доходящую до язычка буквы; буква [ е ] отличается от е отсутствием верхней засечки; [ ь ] отличается от [ е ] вертикальным верхом и опущенным «язычком» (т. е. верхним штрихом петли, если считать эту букву ерем). По-видимому, автор надписи, использовавший бытовую графическую систему со смешением е и ь , смешивал эти графемы и на уровне начертания. Текст реконструируется: [Такой-то] (писал)ъ на Возньсение | (… по за)оутрьнии , т. е. надпись была выполнена после утренней службы в праздник Вознесения, отмечаемый в 40-й день по Пасхе (ср. № 3). Судя по длине строк, в начале второй строки могло стоять определение Гc҃дне . Выше надписи видна правая часть строки из вертикальных штрихов. Подобные «частоколы» обыкновенно трактуются как обозначения числа заказных поминальных служб по умершим» ( )"
2,https://epigraphica.ru/epigraphy/inscription/show/2,[1160–1380],Фрагментированная надпись,Стены церкви Рождества Богородицы Антониева монастыря,стена церкви,Церковь Рождества Богородицы Антониева монастыря,…м…,,,кириллица,граффито,"диаконник, юго-восточный столб, южная грань, 46 см от правого края, 491 см от пола (62 см выше основания креста) ( )",малый фрагмент (<15%),"А 5 «зеркальные» 1140–1380 (1160–1380). Итого: [1140–1380], предпочт. [1160–1380] ( )",,
3,https://epigraphica.ru/epigraphy/inscription/show/3,[1180–1200],Молитва об Олекше Микитиниче,Стены церкви Рождества Богородицы Антониева монастыря,стена церкви,Церковь Рождества Богородицы Антониева монастыря,Ги҃ пом(о)зи ра[б](оу),,"‘Господи, помоги рабу своему Олекше Микитиничу, брату Надеи (или: Надея)! Писал на Рождество святой Богородицы, восьмого [сентября]’. ( )",кириллица,граффито,"диаконник, юго-восточный столб, южная грань, 42 см от правого края, 483 см от пола (54 см выше основания креста) ( )",с небольшими утратами (>85%),"Е 5 «язычок вверх» 1300> (1380>) (!), у 5 «нижняя засечка» 1180–1400 (1180–1340), оу II «уменьшенное о» <1220 (<1200); язык: редуцированные сохранены <1220 (1×). Итого: [1180–1220], предпочт. [1180–1200] гг. ( )",,"«Надпись выполнена 8 сентября, на Рождество Богородицы —престольный праздник монастырского собора. Буква ж в слове Рожь[с](тво) имеет нестандартный облик с очень длинными засечками. Над буквами ста в слове статье <святѣи> ‘святой' могло стоять титло, уничтоженное сколом. Буквы та в этом слове лишние. Возможно, автор надписи начал писать слово ст҃аго <святаго> (святого), но, спохватившись, дописал правильное окончание. Имя Олькошь имеет новгородское диалектное окончание дат. ед. -ѣ (-ь в бытовой орфографии). Справа от первого ь в этом слове находится короткий вертикальный штрих, вероятно объясняющийся выпадением соломинки из фресковой штукатурки. Отчество Олекши восстанавливается в народном варианте с начальным М- , естественном в сочетании с гипокористической (уменьшительной) формой имени. В берестяных грамотах каноническое имя Никита и его производные представлены исключительно в такой форме. Чтение третьей буквы отчества как х ( Михитиничоу ), предложенное в первой публикации, дополнительным изучением оригинала не подтвердилось. Имя брата писавшего, реконструированное в первой публикации как Надѣи , могло быть также Надѣя . Палеографически это даже более вероятно: длинный горизонтальный штрих перед оу в верху строки мог быть засечкой буквы н в На|[д]-(и)[н]оу . Ср. старорусское имя Надѣя , отчество Надѣинъ и совр. топонимы Надеино в Московской, Рязанской и Калужской областях. Буква после ѱ в четвертой строке определяется неоднозначно. В первой публикации она была трактована как е , а последовательность ѱелъ — как результат исправления диалектного окончания - е в < пьсале > на книжное - ъ . В пользу такой интерпретации говорит наличие словоформы писале с тем же диалектным окончанием в находящемся рядом граффито № 9, а также сходный механизм исправления начатого ста на ст҃атье <святѣи> . Нельзя исключать, однако, что эта буква, отличная по начертанию от двух бесспорных е в данной надписи, представляет собой в действительности с с дважды прочерченной по ошибке засечкой; в таком случае перед нами словоформа ѱслъ , с нередким в новгородской эпиграфике избыточным с . В словах в=асьмыи перед нами один из ранних примеров перехода ъо → а . Левее надписи — отдельная буква а » ( )."
4,https://epigraphica.ru/epigraphy/inscription/show/4,←1400–1440,Молитва о Михале,Стены церкви Рождества Богородицы Антониева монастыря,стена церкви,Церковь Рождества Богородицы Антониева монастыря,пом[и]-у раба М[и]⸗,,‘Помилуй раба Михалу (или: Михайлу)!’ ( ),кириллица,граффито,"дьяконник, юго-восточный столб, южная грань, 46 см от правого края, 475 см от пола (46 см выше основания креста) ( )",с небольшими утратами (>85%),[1400–1440] гг. ( ),,
5,https://epigraphica.ru/epigraphy/inscription/show/5,1120–1500,Незаконченная молитвенная надпись,Стены церкви Рождества Богородицы Антониева монастыря,стена церкви,Церковь Рождества Богородицы Антониева монастыря,Ги҃ пм,,,кириллица,граффито,"дьяконник, юго-восточный столб, южная грань, 46 см от левого края, 469 см от пола (40 см выше основания креста) ( )",целая (100%),"«Недостаточно оснований для палеографической датировки; вероятно, надпись выполнена между XII и XV вв., как и другие соседние граффити». ( )",,
6,https://epigraphica.ru/epigraphy/inscription/show/6,1120–1320→,Незаконченная молитвенная надпись,Стены церкви Рождества Богородицы Антониева монастыря,стена церкви,Церковь Рождества Богородицы Антониева монастыря,Ги҃ помози раб,,"‘Господи, помоги рабу...’",кириллица,граффито,"дьяконник, юго-восточный столб, южная грань, 32 см от правого края, 444 см от пола (15 см выше основания креста) ( )",целая (100%),"до [1420], предпочт. [1120–1320] гг. ( )",,
7,https://epigraphica.ru/epigraphy/inscription/show/7,1120–1500,Незаконченная молитвенная надпись,Стены церкви Рождества Богородицы Антониева монастыря,стена церкви,Церковь Рождества Богородицы Антониева монастыря,Ги помо⸗,,"‘Господи, помоги.’",кириллица,граффито,"дьяконник, юго-восточный столб, южная грань, 36 см от левого края, 432 см от пола (3 см выше основания креста) ( )",целая (100%),"«Недостаточно оснований для палеографической датировки; надпись выполнена между XII и XV вв., как и другие соседние граффити». ( )",,
8,https://epigraphica.ru/epigraphy/inscription/show/8,1120–1300,Запись отдельных букв,Стены церкви Рождества Богородицы Антониева монастыря,стена церкви,Церковь Рождества Богородицы Антониева монастыря,text 1:text 2:зtext 3:Зtext 4:Зtext 5:О,,,кириллица,граффито,"дьяконник, юго-восточный столб, южная грань: текст 1 — 31 см от левого края, 441 см от пола (12 см выше основания креста); текст 2 — 30 см от левого края, 415 см от пола; текст 3 — 45 см от левого края, 423 см от пола; текст 4 — по центру грани (57 см от левого края и 57 см от правого края), 424 см от пола; текст 5 — 41 см от правого края, 406 см от пола (23 см ниже основания креста) ( )",целая (100%),«Инициалы подобного облика встречаются в XII–XIV вв. Ярко выраженный правонаклонный облик букв /З/ заставляет предпочесть датировку XII в. или XII–XIII вв.» ( ),,
9,https://epigraphica.ru/epigraphy/inscription/show/9,1120–1220→,Автограф Головка (?),Стены церкви Рождества Богородицы Антониева монастыря,стена церкви,Церковь Рождества Богородицы Антониева монастыря,Го(--)⸗,,‘Головко (?) писал…’ ( ),кириллица,граффито,"дьяконник, юго-восточный столб, южная грань, 47 см от правого края, 421 см от пола (8 см ниже основания креста) ( )",с небольшими утратами (>85%),"[1140–1380], предпочт. [1160–1220] ( )",,
10,https://epigraphica.ru/epigraphy/inscription/show/10,1280-1400,Надпись с именем «Марко»,Стены церкви Рождества Богородицы Антониева монастыря,стена церкви,Церковь Рождества Богородицы Антониева монастыря,Ма⸗,,‘Марко’ ( ),кириллица,граффито,"дьяконник, южная стена, лопатка, западная грань, 6 см от левого края, 511 см от пола ( )",целая (100%),"после 1140, предпочтительно после 1280 ( )",,
11,https://epigraphica.ru/epigraphy/inscription/show/11,1120–1140,Надпись с обращением «друже»,Стены церкви Рождества Богородицы Антониева монастыря,стена церкви,Церковь Рождества Богородицы Антониева монастыря,пои⸗,,"‘Поиди, друже’. ( )",кириллица,дипинто,"лестничная башня, стена, над третьей ступенью над первой площадкой (17-й ступенью), 172 см над ступенью ( )",фрагмент (15-50%),,,
12,https://epigraphica.ru/epigraphy/inscription/show/12,1120–1140,Автограф старшего дьяка Улана,Стены церкви Рождества Богородицы Антониева монастыря,стена церкви,Церковь Рождества Богородицы Антониева монастыря,ꙋлан[ъ],,"‘Писал Улан, добрый дьяк’. ( )",кириллица,дипинто,"лестничная башня, стена, над седьмой ступенью над первой площадкой (21-й ступенью), 211 см над ступенью ( )",с небольшими утратами (>85%),,,
13,https://epigraphica.ru/epigraphy/inscription/show/13,1120–1500,Надпись с топонимом «Руса»,Стены церкви Рождества Богородицы Антониева монастыря,стена церкви,Церковь Рождества Богородицы Антониева монастыря,рꙋ[с](-),,‘Рус(c)а’ ( ),кириллица,граффито,"лестничная башня, стена, над 12-й ступенью над первой площадкой (26-й ступенью), 75 см над ступенью ( )",фрагмент (15-50%),после [1140] ( ),,
14,https://epigraphica.ru/epigraphy/inscription/show/14,1120–1500,Надпись с упоминанием жителя [Старой] Рус(с)ы,Стены церкви Рождества Богородицы Антониева монастыря,стена церкви,Церковь Рождества Богородицы Антониева монастыря,руш(-)ни,,‘Рушанин’ ( ),кириллица,граффито,"лестничная башня, стена, над 11-й ступенью над первой площадкой (26-й ступенью), 95 см над ступенью ( )",с небольшими утратами (>85%),после [1140] ( ),,
15,https://epigraphica.ru/epigraphy/inscription/show/15,1120–1200,Надпись с именем «Гюрьги»,Стены церкви Рождества Богородицы Антониева монастыря,стена церкви,Церковь Рождества Богородицы Антониева монастыря,Гюрьге,,‘Гюрьгия’ ( ),кириллица,граффито,"лестничная башня, стена, над 19-й ступенью над первой площадкой (33-й ступенью), 77 см над ступенью ( )",целая (100%),"после [1100], предпочт. [1100–1200] ( )",,
16,https://epigraphica.ru/epigraphy/inscription/show/16,1120-1140,Ламентация,Стены церкви Рождества Богородицы Антониева монастыря,стена церкви,Церковь Рождества Богородицы Антониева монастыря,о[ух]ъ м[и],,‘Увы мне!’ ( ),кириллица,дипинто,"лестничная башня, стена, над 20-й ступенью над первой площадкой (34-й ступенью), 67 см над ступенью ( )",с небольшими утратами (>85%),,,
17,https://epigraphica.ru/epigraphy/inscription/show/17,1120–,Запись лежащей на боку буквы «б»,Стены церкви Рождества Богородицы Антониева монастыря,стена церкви,Церковь Рождества Богородицы Антониева монастыря,Б,,,кириллица,граффито,"лестничная башня, стена, над 22-й ступенью над первой площадкой (36-й ступенью), 67 см над ступенью ( )",целая (100%),,,
18,https://epigraphica.ru/epigraphy/inscription/show/18,←1300–1340,Надпись с именем «Опраксия»,Стены церкви Рождества Богородицы Антониева монастыря,стена церкви,Церковь Рождества Богородицы Антониева монастыря,[О]праѯ[и]ѧ,,‘Опраксия’ ( ),кириллица,граффито,"лестничная башня, столб, над второй площадкой (38-й ступенью), 30 см от правого края площадки, 116 см над площадкой ( )",с небольшими утратами (>85%),[1300–1340] ( ),,
19,https://epigraphica.ru/epigraphy/inscription/show/19,1120–1140,Запись буквы «а»,Стены церкви Рождества Богородицы Антониева монастыря,стена церкви,Церковь Рождества Богородицы Антониева монастыря,а,,,кириллица,дипинто,"лестничная башня, столб, над первой ступенью над второй площадкой (39-й ступенью), 144 см над ступенью ( )",целая (100%),,,Буква написана зеркально.
20,https://epigraphica.ru/epigraphy/inscription/show/20,1120–1240,Подпись к простому изображению креста,Стены церкви Рождества Богородицы Антониева монастыря,стена церкви,Церковь Рождества Богородицы Антониева монастыря,Ис҃|im.|Хъ҃,,‘Иисус Христос’ ( ),кириллица,граффито,"лестничная башня, столб, над второй ступенью над второй площадкой (40-й ступенью), 107 см над ступенью ( )",целая (100%),предпочт. до [1240] или после [1360] ( ),,
21,https://epigraphica.ru/epigraphy/inscription/show/21,1120–1240,Автограф Петра,Стены церкви Рождества Богородицы Антониева монастыря,стена церкви,Церковь Рождества Богородицы Антониева монастыря,Петрв|vac.|ф҃,,‘Петр писал’. ( ),кириллица,граффито,"лестничная башня, стена, над восьмой ступенью над второй площадкой (46-й ступенью), 110 см над ступенью ( )",целая (100%),"в V «нижняя косая к мачте» 1140> (1140–1380), в 4 «выступ вверху» <1280 (<1200), е 4 «язычок вниз» 1100> (1100–1400), р IVа «углом вниз (криволинейные)» 1160> (1240>). Итого: [1160–1280], предпочт. [1200–1240] ( )",,"«А. В. Виннер прочел граффито как Петр в (…) ф҃ , то есть ‘Петр в лето 500...’, предположив, что между в и ф҃ могли находиться стершиеся буквы. В свою очередь А. А. Медынцева дала чтение Петръ ф҃ и интерпретировала ф҃ как искаженное ѱ҃ <пьсалъ>. На самом деле, А. В. Виннер прочел все буквы верно. Возможно, последние две буквы надписи — в и ф — написаны вместо графически близких к ним ъ и ѱ , то есть перед нами слова Петръ ѱ҃ с намеренно (?) искаженным обликом двух последних букв. Палеографическая дата граффито не позволяет принять предположение А. В. Виннера о единовременности исполнения рисунка и надписи»( )."
22,https://epigraphica.ru/epigraphy/inscription/show/22,1120–1140,Приписка к изображению святого (архангела?),Стены церкви Рождества Богородицы Антониева монастыря,стена церкви,Церковь Рождества Богородицы Антониева монастыря,пома⸗,,‘Помогай’ ( ),кириллица,дипинто,"лестничная башня, стена, над восьмой ступенью над второй площадкой (46-й ступенью), 127 см над ступенью ( )",целая (100%),,,
23,https://epigraphica.ru/epigraphy/inscription/show/23,1120–,Запись буквы «ѧ»,Стены церкви Рождества Богородицы Антониева монастыря,стена церкви,Церковь Рождества Богородицы Антониева монастыря,ѧ,,,кириллица,граффито,"лестничная башня, столб, над третьей площадкой (48-й ступенью), у левого края площадки, 84 см над площадкой ( )",целая (100%),,,
24,https://epigraphica.ru/epigraphy/inscription/show/24,1400-1500,Надпись «Христос»,Стены церкви Рождества Богородицы Антониева монастыря,стена церкви,Церковь Рождества Богородицы Антониева монастыря,Хр-⸗,,‘Христос’ ( ),кириллица,граффито,"лестничная башня, столб, над третьей площадкой (48-й ступенью), 50 см от правого края площадки, 112 см над площадкой ( )",с небольшими утратами (>85%),,,
25,https://epigraphica.ru/epigraphy/inscription/show/25,1740–1920,Надпись «Deus»,Стены церкви Рождества Богородицы Антониева монастыря,стена церкви,Церковь Рождества Богородицы Антониева монастыря,D[e]us,,‘Бог’,латиница,граффито,,с небольшими утратами (>85%),,,
26,https://epigraphica.ru/epigraphy/inscription/show/26,1740–1920,Цитата из Пс. 103: 18,Стены церкви Рождества Богородицы Антониева монастыря,стена церкви,Церковь Рождества Богородицы Антониева монастыря,камень при[б]ѣжи[щ]е,,‘Камень – прибежище зайцам’ ( ),кириллица ( ),граффито,"Лестничная башня, столб, над третьей площадкой (48-й ступенью), у правого края площадки, 180 см над площадкой. ( )",с небольшими утратами (>85%),,,
27,https://epigraphica.ru/epigraphy/inscription/show/27,1120–,Криптограмма (?),Стены церкви Рождества Богородицы Антониева монастыря,стена церкви,Церковь Рождества Богородицы Антониева монастыря,,,,латиница ( ),граффито,"Лестничная башня, столб, над второй ступенью над третьей площадкой (50-й ступенью), 72 см над ступенью. ( )",целая (100%),,,
28,https://epigraphica.ru/epigraphy/inscription/show/28,1580–1590,Надпись с именем «Улияния»,Стены церкви Рождества Богородицы Антониева монастыря,стена церкви,Церковь Рождества Богородицы Антониева монастыря,Улияния …,,‘Улияния’ ( ),кириллица ( ),граффито,"Жертвенник, северная стена, верхнее окно, восточный откос, верхняя часть. ( )",с небольшими утратами (>85%),[1500–1600] ( ),,
29,https://epigraphica.ru/epigraphy/inscription/show/29,1580–1590,Надпись с именем «Настасия» или «Наталия»,Стены церкви Рождества Богородицы Антониева монастыря,стена церкви,Церковь Рождества Богородицы Антониева монастыря,На- ҇ та-ия,,‘На(с)тасия’ / ‘Наталия’ ( ),кириллица ( ),граффито,"Жертвенник, северная стена, верхнее окно, западный откос, верхняя часть. ( )",с небольшими утратами (>85%),[1500–1600] ( ),,
30,https://epigraphica.ru/epigraphy/inscription/show/30,1050-1080,"Запись о сборе дани с волости, прилегающей к реке Емца",Цилиндр № 1,цилиндрическая бирка,Неревский раскоп,Ѣм⸗,,Емца [название реки и прилегающей к ней волости]. 3 гривны. ( ),кириллица,граффито,Надпись в три строки,целая (100%),,,
31,https://epigraphica.ru/epigraphy/inscription/show/31,1080-1100,«Княжеский (или: княжеское)»,Цилиндр № 2,цилиндрическая бирка,Неревский раскоп,кън⸗,,‘Княжеский ( или : княжеское)’ ( ),кириллица,граффито,Надпись в две строки. ( ),с небольшими утратами (>85%),,,"Публикаторы замечают, что букву после к можно истолковать и как ь , а не ъ ."
32,https://epigraphica.ru/epigraphy/inscription/show/32,1000-1100,"Запись о сборе дани с волости, прилегающей к реке Емца (?)",Цилиндр № 5,цилиндрическая бирка,Легощенский раскоп,…ъча ·ї·,,...10 гривен'. ( ),кириллица,граффито,Надпись в две строки ( ),с утратами (50-85%),,,
33,https://epigraphica.ru/epigraphy/inscription/show/33,1000-1050,"Запись о дани, собранной мечником на Тихмяге",Цилиндр № 6,цилиндрическая бирка,Троицкий раскоп,мецъниц⸗,,Мешок мечника. В Тихм-ге три с половиной [гривны]' ( ),кириллица,граффито,Надпись в шесть строк ( ),с небольшими утратами (>85%),"Можно предполагать, что этот цилиндр относится к тому же мощному комплексу деревянных цилиндров XI — нач. XII в., который был обнаружен на той же усадьбе Е Троицкого раскопа в 1999 г. В связи с этим датировка этого цилиндра самым начальным отрезком его стратиграфического интервала, предлагавшаяся ранее, ныне оказывается под некоторым сомнением. ( )",,
34,https://epigraphica.ru/epigraphy/inscription/show/34,980-1050,Запись о месте и количестве собранной дани,Цилиндр № 7,цилиндрическая бирка,Троицкий раскоп,въ -и⸗инѣ… гр҃и,,,кириллица,граффито,Надпись в три строки ( ),с утратами (50-85%),,,Структура надписи прозрачна: «В таком-то пункте столько-то гривен». Но название населенного пункта пока что надежно восстановить не удается.
35,https://epigraphica.ru/epigraphy/inscription/show/35,1120-1150,"Запись о количестве дани, собранной на Пинеге",Цилиндр № 11,цилиндрическая бирка,Троицкий раскоп,(в)[ъ] Пинезѣ,,‘На Пинеге 3 тысячи.’ ( ),кириллица,граффито,,с небольшими утратами (>85%),,,
36,https://epigraphica.ru/epigraphy/inscription/show/36,1080-1100,Владельческая надпись и указание суммы дани,Цилиндр № 13,цилиндрическая бирка,Фёдоровский раскоп,…,,'…рев 5 гривен'. ( ),кириллица,граффито,сохранились две последние строки ( ),фрагмент (15-50%),,,"Отрезок ревъ мог быть концом, например, от мѣхъ Лазоревъ или чего-то похожего; ср. надписи на цилиндрах № 14 , 21 и 50 ; но возможны, конечно, и другие варианты. (НГБ XI)"
37,https://epigraphica.ru/epigraphy/inscription/show/37,1100-1120,Владельческая надпись Нежаты и указание суммы дани,Цилиндр № 14,цилиндрическая бирка,Троицкий раскоп,Нѣжа⸗,,Нежатин мешок - [столько-то] гривен' ( ),кириллица,граффито,надпись в пять строк ( ),с утратами (50-85%),,,
38,https://epigraphica.ru/epigraphy/inscription/show/38,1100-1120,Владельческая надпись Хотена,Цилиндр № 15,цилиндрическая бирка,Троицкий раскоп,Хотѣ⸗,,'Хотен' ( ),кириллица,граффито,Надпись в две строки ( ),целая (100%),,,
39,https://epigraphica.ru/epigraphy/inscription/show/39,1080-1120,"Запись о дани, собранной мечником в Усть-Ваге",Цилиндр № 19,цилиндрическая бирка,Троицкий раскоп,оусть⸗,,Усть-Вага. Мешок мечника. Три гривны' ( ),кириллица,граффито,Надпись в семь строк ( ),целая (100%),,,
40,https://epigraphica.ru/epigraphy/inscription/show/40,1080-1100,Фрагментированная надпись,Цилиндр № 20,цилиндрическая бирка,Троицкий раскоп,ва,,,,,,,,,
41,https://epigraphica.ru/epigraphy/inscription/show/41,1100-1120,Владельческая надпись мечника Хотена,Цилиндр № 21,цилиндрическая бирка,Троицкий раскоп,Текст 1:Текст 2:Хотѣ⸗(н)ъ,,Это мешок мечника Хотена' ( ),кириллица,граффито,Первая надпись (Текст 1) в пять строк. От нее остались лишь следы: уже в древности ее стесали. По стесанному вырезана вторая надпись (Текст 2) с поворотом на 180°.,с утратами (50-85%),,,
42,https://epigraphica.ru/epigraphy/inscription/show/42,1180-1200,Фрагментированная запись,Цилиндр № 26,цилиндрическая бирка,Троицкий раскоп,н,,,кириллица,граффито,,целая (100%),,,
43,https://epigraphica.ru/epigraphy/inscription/show/43,1180-1200,"Запись о процентах, собранных мечником на Ваге",Цилиндр № 30,цилиндрическая бирка,Троицкий раскоп,Текст 1:Текст 2:Ва[г]а,,'Проценты с двух гривен. Мечниково. Вага' ( ),кириллица,граффито,Текст 1: надпись в четыре строки Текст 2: надпись в одну строку с поворотом на 90° ( ),с небольшими утратами (>85%),,,
44,https://epigraphica.ru/epigraphy/inscription/show/44,1080-1120,«Собранное по жеребьям (участкам)»,Цилиндр № 35,цилиндрическая бирка,Троицкий раскоп,жеребин(-)⸗,,Собранное по жеребьям (участкам)' ( ),кириллица,граффито,,целая (100%),,,
45,https://epigraphica.ru/epigraphy/inscription/show/45,1000-1030,Владельческая надпись мечника Лазоря и запись о сумме дани,Цилиндр № 50,цилиндрическая бирка,Троицкий раскоп,Текст 1:Текст 2:[гр]--[ь],,‘Мешок мечника Лазоря’ ( ),кириллица,граффито,Текст 1: надпись в три строки Текст 2: надпись в одну строку с поворотом на 90° ( ),с небольшими утратами (>85%),,,Вторая запись - сокращение от гривьнъ .
46,https://epigraphica.ru/epigraphy/inscription/show/46,1190-1225,Подпись к изображению ветхозаветной Троицы,Южные врата Рождественского собора в Суздале,церковные врата,Собор Рождества Пресвятой Богородицы,агіаТрои҃цѧ ~,,,кириллица кириллица ( ),золотая наводка,"левая створка, клеймо 1 ( )",целая (100%),,,
47,https://epigraphica.ru/epigraphy/inscription/show/47,1190-1225,Подпись к изображению сюжета о свержении Сатаны архангелом Михаилом Монограмма Иисуса Христа на щите в руках у архангела,Южные врата Рождественского собора в Суздале,церковные врата,Собор Рождества Пресвятой Богородицы,text 1с҇сото|im.|на архнгл҇мьМи̇хаилъмь со|im.|остꙋпнꙑ⸗ми ѥ̇го сила·|im.|ми и̇бѣси наре|im.|ченибꙑша ~text 2Іс҃ Хс҃,,,кириллица кириллица ( ),золотая наводка,"левая створка, клеймо 2 ( )",целая (100%),,,
48,https://epigraphica.ru/epigraphy/inscription/show/48,1190-1225,Подпись к изображению сотворения Адама,Южные врата Рождественского собора в Суздале,церковные врата,Собор Рождества Пресвятой Богородицы,сътвори Бъ҃ · чл҃вка по ѡ̇бра⸗с҇ чл҃вкъ ·въ дш҃ю|im.|живꙋ ~,,,кириллица кириллица ( ),золотая наводка,"правая створка, клеймо 1 ( )",целая (100%),,,
49,https://epigraphica.ru/epigraphy/inscription/show/49,1190-1225,Подпись к изображению изгнания из рая,Южные врата Рождественского собора в Суздале,церковные врата,Собор Рождества Пресвятой Богородицы,ан҃глъ Гн҃ь и⸗,,,кириллица кириллица ( ),золотая наводка,"правая створка, клеймо 2 ( )",целая (100%),,,
50,https://epigraphica.ru/epigraphy/inscription/show/50,1190-1225,Подпись к изображению трудов Адама,Южные врата Рождественского собора в Суздале,церковные врата,Собор Рождества Пресвятой Богородицы,архистратига Михаилатисꙗ о⸗с(ꙋ)женъ бꙑс҇⁘ ~,,,кириллица кириллица ( ),золотая наводка,"левая створка, клеймо 3 ( )",целая (100%),,,
51,https://epigraphica.ru/epigraphy/inscription/show/51,1190-1225,Подпись к изображению жертвоприношения Авеля,Южные врата Рождественского собора в Суздале,церковные врата,Собор Рождества Пресвятой Богородицы,Авель прино⸗,,,кириллица кириллица ( ),золотая наводка,"левая створка, клеймо 4 ( )",целая (100%),,,
52,https://epigraphica.ru/epigraphy/inscription/show/52,1190-1225,Подпись к изображению убийства Авеля,Южные врата Рождественского собора в Суздале,церковные врата,Собор Рождества Пресвятой Богородицы,ꙋ̇биваѥ̇тъ · Каинъ ·,,,кириллица кириллица ( ),золотая наводка,"правая створка, клеймо 3 ( )",целая (100%),,,
53,https://epigraphica.ru/epigraphy/inscription/show/53,1190-1225,"Подпись к изображению Адама, называющего животных Подпись к фигуре Адама Подпись к фигуре Евы",Южные врата Рождественского собора в Суздале,церковные врата,Собор Рождества Пресвятой Богородицы,text 1text 2Адамtext 3Ѥ̇вга,,,кириллица кириллица ( ),золотая наводка,"правая створка, клеймо 4 ( )",целая (100%),,,
54,https://epigraphica.ru/epigraphy/inscription/show/54,1190-1225,Подпись к изображению сна Иакова,Южные врата Рождественского собора в Суздале,церковные врата,Собор Рождества Пресвятой Богородицы,видѣ И̇ꙗковъ лѣстви⸗|im.|хожахꙋ по неи̇и Гь҃ ·ꙋ̇кр|im.|ѣплѧшесѧ нанихъ ~,,,кириллица кириллица ( ),золотая наводка,"левая створка, клеймо 5 ( )",целая (100%),,,
55,https://epigraphica.ru/epigraphy/inscription/show/55,1190-1225,Подпись к изображению борьбы Иакова с ангелом,Южные врата Рождественского собора в Суздале,церковные врата,Собор Рождества Пресвятой Богородицы,архангелъ Гн҃ь борет(сѧ),,,кириллица кириллица ( ),золотая наводка,"левая створка, клеймо 6 ( )",целая (100%),,,
56,https://epigraphica.ru/epigraphy/inscription/show/56,1190-1225,Подпись к изображению явления Троицы Аврааму,Южные врата Рождественского собора в Суздале,церковные врата,Собор Рождества Пресвятой Богородицы,Бъ҃ ꙗ̇висѧ А̇врамꙋ,,,кириллица кириллица ( ),золотая наводка,"правая створка, клеймо 5 ( )",целая (100%),,,
57,https://epigraphica.ru/epigraphy/inscription/show/57,1190-1225,Подпись к изображению чуда архистратига Михаила (чудо в Хонех) Подпись к изображению Архиппа Херотопского,Южные врата Рождественского собора в Суздале,церковные врата,Собор Рождества Пресвятой Богородицы,text 1х҇и·стратигаХв҃а · Михаи̇лаtext 2Архипъ,,,кириллица кириллица ( ),золотая наводка,"правая створка, клеймо 6 ( )",целая (100%),,,
58,https://epigraphica.ru/epigraphy/inscription/show/58,1190-1225,Подпись к изображению трех отроков в пещи огненной,Южные врата Рождественского собора в Суздале,церковные врата,Собор Рождества Пресвятой Богородицы,архн҇глъни⸗де в пе⸗щь|im.|къ ѡтроко⸗мъ и̇ ѿꙗ̇пламе⸗нь ѿ пе⸗щи,,,кириллица кириллица ( ),золотая наводка,"левая створка, клеймо 7 ( )",целая (100%),,,
59,https://epigraphica.ru/epigraphy/inscription/show/59,1190-1225,Подпись к изображению явления архангела Лоту,Южные врата Рождественского собора в Суздале,церковные врата,Собор Рождества Пресвятой Богородицы,архн҇глъ · Гн҃ъ ꙗ̇висѧ,,,кириллица кириллица ( ),золотая наводка,"левая створка, клеймо 8 ( )",целая (100%),,,
60,https://epigraphica.ru/epigraphy/inscription/show/60,1190-1225,Подпись к изображению царя Давида перед битвой,Южные врата Рождественского собора в Суздале,церковные врата,Собор Рождества Пресвятой Богородицы,Дв҃дъ · цс҇рь · на треплетнꙋ̇ю̇три въвзꙗ камени на брань,,,кириллица кириллица ( ),золотая наводка,"правая створка, клеймо 7 ( )",целая (100%),,,
61,https://epigraphica.ru/epigraphy/inscription/show/61,1190-1225,Подпись к изображению Даниила во рву львином,Южные врата Рождественского собора в Суздале,церковные врата,Собор Рождества Пресвятой Богородицы,ар҃нлъ · Гн҃ь · вьсхꙑти А⸗с҇лма · въ Вавꙋлонъ · дапрепитаѥ̇ть Данила ~,,,кириллица кириллица ( ),золотая наводка,"правая створка, клеймо 8 ( )",целая (100%),,,
62,https://epigraphica.ru/epigraphy/inscription/show/62,1190-1225,Подпись к изображению Силоамской купели,Южные врата Рождественского собора в Суздале,церковные врата,Собор Рождества Пресвятой Богородицы,ар҃хглъ · Гн҃ь · Михаилъ въ⸗|im.|ть кꙋпѣль · да ицѣ⸗лить бо|im.|лѧща⸗ꙗ ·:· ~,,,кириллица кириллица ( ),золотая наводка,"левая створка, клеймо 9 ( )",целая (100%),,,
63,https://epigraphica.ru/epigraphy/inscription/show/63,1190-1225,"Подпись к изображению ангелов, извещающих Лота о гибели Содома Подпись к изображению содомлян",Южные врата Рождественского собора в Суздале,церковные врата,Собор Рождества Пресвятой Богородицы,text1придошаповѣдатъ Лотови · д(а)избѣг|im.|нѣть ѿ Содомаtext 2содомлѧн[е],,,кириллица кириллица ( ),золотая наводка,"левая створка, клеймо 10 ( )",целая (100%),,,
64,https://epigraphica.ru/epigraphy/inscription/show/64,1190-1225,Подпись к изображению гибели Содома и Гоморры,Южные врата Рождественского собора в Суздале,церковные врата,Собор Рождества Пресвятой Богородицы,а̇н҃глъ · Гн҃ь · пота⸗,,,кириллица кириллица ( ),золотая наводка,"правая створка, клеймо 9 ( )",целая (100%),,,
65,https://epigraphica.ru/epigraphy/inscription/show/65,1190-1225,"Подпись к изображению архангела, призывающего Гедеона на борьбу с агарянами",Южные врата Рождественского собора в Суздале,церковные врата,Собор Рождества Пресвятой Богородицы,ꙗ̇висѧ а̇н҃глъ · Гн҃ь · Геде⸗,,,кириллица кириллица ( ),золотая наводка,"правая створка, клеймо 10 ( )",целая (100%),,,
66,https://epigraphica.ru/epigraphy/inscription/show/66,1190-1225,"Подпись к изображению архангела Михаила, избивающего полки ассирийские",Южные врата Рождественского собора в Суздале,церковные врата,Собор Рождества Пресвятой Богородицы,и съшедъ · с нб҃и арханге⸗|im.|сто· и̇ ѡ̇смьдесѧтъи̇ пѧть ~,,,кириллица кириллица ( ),золотая наводка,"левая створка, клеймо 11 ( )",целая (100%),,,
67,https://epigraphica.ru/epigraphy/inscription/show/67,1190-1225,"Подпись к изображению пророка Нафана, обличающего царя Давида",Южные врата Рождественского собора в Суздале,церковные врата,Собор Рождества Пресвятой Богородицы,Нафанъ · пр҃ркъ · ѡбли⸗,,,кириллица кириллица ( ),золотая наводка,"левая створка, клеймо 12 ( )",целая (100%),,,
68,https://epigraphica.ru/epigraphy/inscription/show/68,1190-1225,"Подпись к изображению архангела Михаила, запрещающего Валааму проклинать сынов Израилевых",Южные врата Рождественского собора в Суздале,церковные врата,Собор Рождества Пресвятой Богородицы,арх҇нглъ · Гн҃ь · Михаи⸗,,,кириллица кириллица ( ),золотая наводка,"правая створка, клеймо 11 ( )",целая (100%),,,
69,https://epigraphica.ru/epigraphy/inscription/show/69,1190-1225,Подпись к изображению явления архангела Иисусу Навину,Южные врата Рождественского собора в Суздале,церковные врата,Собор Рождества Пресвятой Богородицы,ꙗ̇висѧ архистратигъгинꙋвъ Ѥ̇рихонѣ ꙋкрѣплѧ⸗ꙗ̇ и̇ на брань ~,,,кириллица кириллица ( ),золотая наводка,"правая створка, клеймо 12 ( )",целая (100%),,,
70,https://epigraphica.ru/epigraphy/inscription/show/70,1190-1225,Подпись к изображению херувима,Западные врата Рождественского собора в Суздале,церковные врата,Собор Рождества Пресвятой Богородицы,[х]ерови[мъ],,,кириллица кириллица ( ),золотая наводка,"левая створка, клеймо 1 ( )",целая (100%),,,
71,https://epigraphica.ru/epigraphy/inscription/show/71,1190-1225,Монограмма Иисуса Христа,Западные врата Рождественского собора в Суздале,церковные врата,Собор Рождества Пресвятой Богородицы,Іс҃ Хс҃,,,кириллица кириллица ( ),золотая наводка,"левая створка, клеймо 2 ( )",с небольшими утратами (>85%),,,
72,https://epigraphica.ru/epigraphy/inscription/show/72,1190-1225,Подпись к изображению святой Троицы,Западные врата Рождественского собора в Суздале,церковные врата,Собор Рождества Пресвятой Богородицы,агиаТроица,,,кириллица кириллица ( ),золотая наводка,"правая створка, клеймо 1 ( )",целая (100%),,,
73,https://epigraphica.ru/epigraphy/inscription/show/73,1190-1225,Подпись к изображению серафима,Западные врата Рождественского собора в Суздале,церковные врата,Собор Рождества Пресвятой Богородицы,[сер]афим,,,кириллица кириллица ( ),золотая наводка,"правая створка, клеймо 2 ( )",целая (100%),,,
74,https://epigraphica.ru/epigraphy/inscription/show/74,1190-1225,Подпись к изображению зачатия праведной Анной Пресвятой Богородицы.,Западные врата Рождественского собора в Суздале,церковные врата,Собор Рождества Пресвятой Богородицы,зачатиѥ,,,кириллица кириллица ( ),золотая наводка,"левая створка, клеймо 3 ( )",с небольшими утратами (>85%),,,
75,https://epigraphica.ru/epigraphy/inscription/show/75,1190-1225,Подпись к изображению рождества Богородицы,Западные врата Рождественского собора в Суздале,церковные врата,Собор Рождества Пресвятой Богородицы,ржст҃во ст҃оѣ,,,кириллица кириллица ( ),золотая наводка,"левая створка, клеймо 4 ( )",целая (100%),,,
76,https://epigraphica.ru/epigraphy/inscription/show/76,1190-1225,Подпись к изображению введения Богородицы во храм,Западные врата Рождественского собора в Суздале,церковные врата,Собор Рождества Пресвятой Богородицы,въве|im.|дениѥ,,,кириллица кириллица ( ),золотая наводка,"правая створка, клеймо 3 ( )",целая (100%),,,
77,https://epigraphica.ru/epigraphy/inscription/show/77,1190-1225,Подпись к изображению Рождества Христова,Западные врата Рождественского собора в Суздале,церковные врата,Собор Рождества Пресвятой Богородицы,ржс҇тво|im.|Хв҃о,,,кириллица кириллица ( ),золотая наводка,"левая створка, клеймо 5 ( )",целая (100%),,,
78,https://epigraphica.ru/epigraphy/inscription/show/78,1190-1225,Подпись к изображению Сретения Господня,Западные врата Рождественского собора в Суздале,церковные врата,Собор Рождества Пресвятой Богородицы,устрѣте|im.|ниѥ Гн҃е,,,кириллица,золотая наводка,"левая створка, клеймо 6 ( )",целая (100%),,,
79,https://epigraphica.ru/epigraphy/inscription/show/79,1190-1225,Подпись к изображению Крещения Господня,Западные врата Рождественского собора в Суздале,церковные врата,Собор Рождества Пресвятой Богородицы,крщн҃иѥ̇Гн҃е,,,кириллица,золотая наводка,"правая створка, клеймо 5 ( )",целая (100%),,,
80,https://epigraphica.ru/epigraphy/inscription/show/80,1190-1225,Подпись к изображению Преображения Господня,Западные врата Рождественского собора в Суздале,церковные врата,Собор Рождества Пресвятой Богородицы,преобр|im.|ажениѥ,,,кириллица кириллица ( ),золотая наводка,"правая створка, клеймо 6 ( )",целая (100%),,,
81,https://epigraphica.ru/epigraphy/inscription/show/81,1190-1225,Подпись к изображению воскрешения Лазаря,Западные врата Рождественского собора в Суздале,церковные врата,Собор Рождества Пресвятой Богородицы,въскрѣшениѥ,,,кириллица кириллица ( ),золотая наводка,"левая створка, клеймо 7 ( )",целая (100%),,,
82,https://epigraphica.ru/epigraphy/inscription/show/82,1190-1225,Монограмма Иисуса Христа Подпись к изображению Распятия Господня Монограмма Богородицы Подпись к изображению святого Иоанна,Западные врата Рождественского собора в Суздале,церковные врата,Собор Рождества Пресвятой Богородицы,Текст 1:Текст 2:распѧ|im.|тиѥГн҃еТекст 3:[М]р҃ Ѳу҃Текст 4:а⃝|im.|Иѡ̇⸗ан,,,кириллица кириллица ( ),золотая наводка,"правая створка, клеймо 7 ( )",целая (100%),,,
83,https://epigraphica.ru/epigraphy/inscription/show/83,1190-1225,Подпись к изображению Гроба Господня,Западные врата Рождественского собора в Суздале,церковные врата,Собор Рождества Пресвятой Богородицы,гробъ Гн҃ь,,,кириллица кириллица ( ),золотая наводка,"правая створка, клеймо 8 ( )",целая (100%),,,
84,https://epigraphica.ru/epigraphy/inscription/show/84,1190-1225,Подпись к изображению Воскресения Господня,Западные врата Рождественского собора в Суздале,церковные врата,Собор Рождества Пресвятой Богородицы,вкр҃сениѥГн҃е,,,кириллица кириллица ( ),золотая наводка,"левая створка, клеймо 9 ( )",целая (100%),,,
85,https://epigraphica.ru/epigraphy/inscription/show/85,1190-1225,Подпись к изображению сошествия Святого Духа,Западные врата Рождественского собора в Суздале,церковные врата,Собор Рождества Пресвятой Богородицы,[соше]|im.|стви[е]|im.|[Ст҃]го,,,кириллица,золотая наводка,"левая створка, клеймо 10 ( )",целая (100%),,,
86,https://epigraphica.ru/epigraphy/inscription/show/86,1190-1225,Подпись к изображению Успения Богородицы,Западные врата Рождественского собора в Суздале,церковные врата,Собор Рождества Пресвятой Богородицы,оуспениѥсто҃ѣ Бц҃ѣ ~,,,кириллица кириллица ( ),золотая наводка,"правая створка, клеймо 10 ( )",с утратами (50-85%),,,
87,https://epigraphica.ru/epigraphy/inscription/show/87,1190-1225,Подпись к изображению Положения честной ризы Пресвятой Богородицы,Западные врата Рождественского собора в Суздале,церковные врата,Собор Рождества Пресвятой Богородицы,text 1иѥчть҃нꙑ[ꙗ]ризꙑtext 2*а*Ѳе⸗ма,,,кириллица кириллица ( ),золотая наводка,"левая створка, клеймо 11 ( )",целая (100%),,,
88,https://epigraphica.ru/epigraphy/inscription/show/88,1190-1225,Подпись к изображению шествия с телом Богородицы к гробу,Западные врата Рождественского собора в Суздале,церковные врата,Собор Рождества Пресвятой Богородицы,стꙑꙗ Бца тѣло не⸗,,,кириллица кириллица ( ),золотая наводка,"левая створка, клеймо 12 ( )",целая (100%),,,
89,https://epigraphica.ru/epigraphy/inscription/show/89,1190-1225,Подпись к изображению положения пояса Пресвятой Богородицы,Западные врата Рождественского собора в Суздале,церковные врата,Собор Рождества Пресвятой Богородицы,по⸗,,,кириллица кириллица ( ),золотая наводка,"правая створка, клеймо 11 ( )",целая (100%),,,
90,https://epigraphica.ru/epigraphy/inscription/show/90,1190-1225,Подпись к изображению Покрова Пресвятой Богородицы,Западные врата Рождественского собора в Суздале,церковные врата,Собор Рождества Пресвятой Богородицы,покровъ стꙑꙗ,,,кириллица кириллица ( ),золотая наводка,"правая створка, клеймо 12 ( )",с утратами (50-85%),,,
91,https://epigraphica.ru/epigraphy/inscription/show/91,1190-1225,Подпись к изображению святого Георгия ( ),Западные врата Рождественского собора в Суздале,церковные врата,Собор Рождества Пресвятой Богородицы,агиос Геор[г]и,,,кириллица кириллица ( ),золотая наводка,центральный вал ( ),целая (100%),,,
92,https://epigraphica.ru/epigraphy/inscription/show/92,1190-1225,Подпись к изображению святого Димитрия ( ),Западные врата Рождественского собора в Суздале,церковные врата,Собор Рождества Пресвятой Богородицы,агиос Дмитрии,,,кириллица кириллица ( ),золотая наводка,центральный вал ( ),целая (100%),,,
93,https://epigraphica.ru/epigraphy/inscription/show/93,1190-1225,Подпись к изображению святого Митрофана ( ),Западные врата Рождественского собора в Суздале,церковные врата,Собор Рождества Пресвятой Богородицы,агиос Митрофа[н],,,кириллица кириллица ( ),золотая наводка,центральный вал ( ),целая (100%),,,
94,https://epigraphica.ru/epigraphy/inscription/show/94,1190-1225,Подпись к изображению святого Иоанна ( ),Западные врата Рождественского собора в Суздале,церковные врата,Собор Рождества Пресвятой Богородицы,агиос Иѡан,,,кириллица кириллица ( ),золотая наводка,центральный вал ( ),целая (100%),,,
95,https://epigraphica.ru/epigraphy/inscription/show/95,1190-1225,Подпись к изображению святого Федора ( ),Западные врата Рождественского собора в Суздале,церковные врата,Собор Рождества Пресвятой Богородицы,агиос Ѳеодоръ,,,кириллица кириллица ( ),золотая наводка,центральный вал ( ),целая (100%),,,
96,https://epigraphica.ru/epigraphy/inscription/show/96,[1430-1460],"Подписи к изображениям апостолов, Богородицы и Иисуса Христа",Магдебургские врата Софийского собора в Великом Новгороде,церковные врата,Собор св. Софии,Текст 1ап҃ліТекст 2:Прчт҃аꙗТекст 3:Іс҃ Хс҃Текст 4:апл҃и,,,кириллица,резьба по металлу,"левая створка, клеймо 1",целая (100%),«По совокупности эпиграфических признаков они [русские надписи Софийских дверей] находят больше всего соответствия среди надписей на произведениях прикладного искусства Северо-Восточной Руси 30-х – 60-х годов XV в.» ( ),,
97,https://epigraphica.ru/epigraphy/inscription/show/97,[1430–1460],Подпись к изображению волхвов,Магдебургские врата Софийского собора в Великом Новгороде,церковные врата,Собор св. Софии,волсви персистї идꙋ къ Хꙋ з дары,,,кириллица,резьба по металлу,"левая створка, ряд 3, левое клеймо",целая (100%),«По совокупности эпиграфических признаков они [русские надписи Софийских дверей] находят больше всего соответствия среди надписей на произведениях прикладного искусства Северо-Восточной Руси 30-х – 60-х годов XV в.» ( ),,
98,https://epigraphica.ru/epigraphy/inscription/show/98,[1430–1460],Подписи к изображениям Богородицы и Иисуса Христа,Магдебургские врата Софийского собора в Великом Новгороде,церковные врата,Собор св. Софии,Текст 1:Прч҃таТекст 2:Іс҃ Хс҃,,,кириллица,резьба по металлу,"левая створка, ряд 3, левая часть правого клейма",целая (100%),«По совокупности эпиграфических признаков они [русские надписи Софийских дверей] находят больше всего соответствия среди надписей на произведениях прикладного искусства Северо-Восточной Руси 30-х – 60-х годов XV в.» ( ),,
99,https://epigraphica.ru/epigraphy/inscription/show/99,[1430–1460],"Подпись к изображению Рахили, исправленная на имя «Рагуил»",Магдебургские врата Софийского собора в Великом Новгороде,церковные врата,Собор св. Софии,Рагꙋилъ,,,кириллица,резьба по металлу,"левая створка, ряд 3, правая часть правого клейма",целая (100%),«По совокупности эпиграфических признаков они [русские надписи Софийских дверей] находят больше всего соответствия среди надписей на произведениях прикладного искусства Северо-Восточной Руси 30-х – 60-х годов XV в.» ( ),,"Изначально слово представляло собой перевод латинской подписи к изображению Рахили (Rachel → Рагхиль), однако позднее две буквы были изменены, в результате чего получилось имя архангела Рагуила - персонажа, популярного в апокрифической литературе."
100,https://epigraphica.ru/epigraphy/inscription/show/100,[1430–1460],"Подписи к изображениям Иерусалимского храма, Богородицы и Иисуса Христа и обозначение сцены Сретения",Магдебургские врата Софийского собора в Великом Новгороде,церковные врата,Собор св. Софии,Текст 1Текст 2срѣтенїе Гн҃еТекст 3:Прч҃с҇таТекст 4:Іс҃ Хс҃,,,кириллица,резьба по металлу,"левая створка, ряд 4, левое клеймо",целая (100%),«По совокупности эпиграфических признаков они [русские надписи Софийских дверей] находят больше всего соответствия среди надписей на произведениях прикладного искусства Северо-Восточной Руси 30-х – 60-х годов XV в.» ( ),,
101,https://epigraphica.ru/epigraphy/inscription/show/101,[1430–1460],Подпись к изображению священника,Магдебургские врата Софийского собора в Великом Новгороде,церковные врата,Собор св. Софии,дїаконъ,,,кириллица,резьба по металлу,"левая створка, ряд 4, левая часть правого клейма",целая (100%),«По совокупности эпиграфических признаков они [русские надписи Софийских дверей] находят больше всего соответствия среди надписей на произведениях прикладного искусства Северо-Восточной Руси 30-х – 60-х годов XV в.» ( ),,
102,https://epigraphica.ru/epigraphy/inscription/show/102,[1430–1460],"Подпись к дверной ручке в виде пасти льва, полной голов грешников",Магдебургские врата Софийского собора в Великом Новгороде,церковные врата,Собор св. Софии,адъ пожирае грѣшных,,,кириллица,резьба по металлу,"левая створка, ряд 4, правая часть правого клейма",целая (100%),«По совокупности эпиграфических признаков они [русские надписи Софийских дверей] находят больше всего соответствия среди надписей на произведениях прикладного искусства Северо-Восточной Руси 30-х – 60-х годов XV в.» ( ),,
103,https://epigraphica.ru/epigraphy/inscription/show/103,[1430–1460],Подпись к изображению встречи Марии и Елизаветы,Магдебургские врата Софийского собора в Великом Новгороде,церковные врата,Собор св. Софии,Марїа и Елисавеѳь,,,кириллица,резьба по металлу,"левая створка, ряд 5, левая часть левого клейма",целая (100%),«По совокупности эпиграфических признаков они [русские надписи Софийских дверей] находят больше всего соответствия среди надписей на произведениях прикладного искусства Северо-Восточной Руси 30-х – 60-х годов XV в.» ( ),,Имена являются переводом латинских подписей к соответствующим фигурам.
104,https://epigraphica.ru/epigraphy/inscription/show/104,[1430–1460],Подпись к изображению бегства Марии и Иосифа в Египет,Магдебургские врата Софийского собора в Великом Новгороде,церковные врата,Собор св. Софии,Марїа мт҃и Їсо҃ва сниде въ Егѵпет҇ со Їѡсифмъ,,,кириллица,резьба по металлу,"левая створка, ряд 5, правая часть левого клейма",целая (100%),«По совокупности эпиграфических признаков они [русские надписи Софийских дверей] находят больше всего соответствия среди надписей на произведениях прикладного искусства Северо-Восточной Руси 30-х – 60-х годов XV в.» ( ),,Дословный перевод латинской надписи: +m*ar*ia mater ih҃u descndit in҇ egiptum҇ cum҇ ioseh.
105,https://epigraphica.ru/epigraphy/inscription/show/105,[1430–1460],Подпись к изображению диакона,Магдебургские врата Софийского собора в Великом Новгороде,церковные врата,Собор св. Софии,диакон,,,кириллица кириллица ( ),резьба по металлу,"левая створка, ряд 5, левая часть правого клейма",целая (100%),«По совокупности эпиграфических признаков они [русские надписи Софийских дверей] находят больше всего соответствия среди надписей на произведениях прикладного искусства Северо-Восточной Руси 30-х – 60-х годов XV в.» ( ),,
106,https://epigraphica.ru/epigraphy/inscription/show/106,[1430–1460],Подписи к изображениям плоцкого епископа Александра и окружающих его священников,Магдебургские врата Софийского собора в Великом Новгороде,церковные врата,Собор св. Софии,Текст 1:Текст 2:дїаконы,,,кириллица,резьба по металлу,"левая створка, ряд 5, правая часть правого клейма",целая (100%),«По совокупности эпиграфических признаков они [русские надписи Софийских дверей] находят больше всего соответствия среди надписей на произведениях прикладного искусства Северо-Восточной Руси 30-х – 60-х годов XV в.» ( ),,
107,https://epigraphica.ru/epigraphy/inscription/show/107,[1430–1460],Подпись к изображению вознесения пророка Илии,Магдебургские врата Софийского собора в Великом Новгороде,церковные врата,Собор св. Софии,взꙗт҇е Илїи про҇рк[а] ѿ землꙗ в раи,,,кириллица,резьба по металлу,"левая створка, ряд 6, левое клеймо",целая (100%),«По совокупности эпиграфических признаков они [русские надписи Софийских дверей] находят больше всего соответствия среди надписей на произведениях прикладного искусства Северо-Восточной Руси 30-х – 60-х годов XV в.» ( ),,
108,https://epigraphica.ru/epigraphy/inscription/show/108,[1430–1460],Подписи к изображениям аллегорических фигур в сцене победы сильных духом над слабыми,Магдебургские врата Софийского собора в Великом Новгороде,церковные врата,Собор св. Софии,Текст 1:Текст 2:ꙋбожество ·,,,кириллица,резьба по металлу,"левая створка, ряд 6, правое клеймо",целая (100%),«По совокупности эпиграфических признаков они [русские надписи Софийских дверей] находят больше всего соответствия среди надписей на произведениях прикладного искусства Северо-Восточной Руси 30-х – 60-х годов XV в.» ( ),,Переводы латинских надписей fortitudo (в настоящее время скрыта под ограничительной пластиной) и paupertas.
109,https://epigraphica.ru/epigraphy/inscription/show/109,[1430–1460],Подпись к изображению мастера Риквина,Магдебургские врата Софийского собора в Великом Новгороде,церковные врата,Собор св. Софии,мастеръ Никви҇нъ [мепеги],,,кириллица,резьба по металлу,"левая створка, ряд 7, правая часть левого клейма",целая (100%),«По совокупности эпиграфических признаков они [русские надписи Софийских дверей] находят больше всего соответствия среди надписей на произведениях прикладного искусства Северо-Восточной Руси 30-х – 60-х годов XV в.» ( ),,"Подпись к изображению мастера, изготовившего врата. Перевод-транслитерация латинской надписи Riquin me fec с заменой некоторых букв (R → Н, F → П, C → Г). Последнее слово в настоящее время скрыто под ограничительной пластиной."
110,https://epigraphica.ru/epigraphy/inscription/show/110,[1430–1460],Подписи к изображениям Адама и Евы и комментарий к сцене грехопадения,Магдебургские врата Софийского собора в Великом Новгороде,церковные врата,Собор св. Софии,Текст 1:Текст 2:ЕвгаТекст 3:снѣдоста ѿ плода древꙋ,,,кириллица,резьба по металлу,"левая створка, ряд 7, левая часть левого клейма",целая (100%),«По совокупности эпиграфических признаков они [русские надписи Софийских дверей] находят больше всего соответствия среди надписей на произведениях прикладного искусства Северо-Восточной Руси 30-х – 60-х годов XV в.» ( ),,
111,https://epigraphica.ru/epigraphy/inscription/show/111,[1430–1460],Подпись к изображению мастера Аврама Подпись к изображению мастера Аврама ( ),Магдебургские врата Софийского собора в Великом Новгороде,церковные врата,Собор св. Софии,мастеръ Аврамъ,,,кириллица,резьба по металлу,"левая створка, ряд 7, пластина между клеймами",целая (100%),«По совокупности эпиграфических признаков они [русские надписи Софийских дверей] находят больше всего соответствия среди надписей на произведениях прикладного искусства Северо-Восточной Руси 30-х – 60-х годов XV в.» ( ),,"Подпись к изображению мастера Аврама, предположительно, собиравшего врата после их попадания в Новгород и добавившего эту пластину по своему усмотрению. Возможно, однако, что русский мастер нанес свое имя на оригинальную пластину с изображением немецкого мастера, предварительно стесав имя своего предшественника."
112,https://epigraphica.ru/epigraphy/inscription/show/112,[1430–1460],Подпись к изображению сотворения Адама и Евы,Магдебургские врата Софийского собора в Великом Новгороде,церковные врата,Собор св. Софии,сотворен[ї]е Адамле и Евгино,,,кириллица,резьба по металлу,"левая створка, ряд 7, левая часть правого клейма",целая (100%),«По совокупности эпиграфических признаков они [русские надписи Софийских дверей] находят больше всего соответствия среди надписей на произведениях прикладного искусства Северо-Восточной Руси 30-х – 60-х годов XV в.» ( ),,
113,https://epigraphica.ru/epigraphy/inscription/show/113,[1430–1460],Подпись к изображению мастера Ваисмута,Магдебургские врата Софийского собора в Великом Новгороде,церковные врата,Собор св. Софии,Ваизмꙋтъ,,,кириллица,резьба по металлу,"левая створка, ряд 7, правая часть правого клейма",целая (100%),«По совокупности эпиграфических признаков они [русские надписи Софийских дверей] находят больше всего соответствия среди надписей на произведениях прикладного искусства Северо-Восточной Руси 30-х – 60-х годов XV в.» ( ),,Транслитерация латинской надписи Waismuth.
114,https://epigraphica.ru/epigraphy/inscription/show/114,[1430–1460],Подпись к сцене бичевания Христа,Магдебургские врата Софийского собора в Великом Новгороде,церковные врата,Собор св. Софии,беиение Іс҃ Хв҃о у столпа,,,кириллица,резьба по металлу,"правая створка, ряд 3, правое клеймо",целая (100%),«По совокупности эпиграфических признаков они [русские надписи Софийских дверей] находят больше всего соответствия среди надписей на произведениях прикладного искусства Северо-Восточной Руси 30-х – 60-х годов XV в.» ( ),,"Надпись относится к изображению, которое А. Гольдшмидт идентифицирует как «Освобождение святого Петра из темницы». По-видимому, инскриптор спутал два сюжета со схожей иконографией, и надпись должна была пояснять сцену бичевания Христа, которая располагается в следующем ряду."
115,https://epigraphica.ru/epigraphy/inscription/show/115,[1430–1460],Подпись к фигуре короля,Магдебургские врата Софийского собора в Великом Новгороде,церковные врата,Собор св. Софии,король,,,кириллица,резьба по металлу,"левая створка, ряд 4, левое клеймо",целая (100%),«По совокупности эпиграфических признаков они [русские надписи Софийских дверей] находят больше всего соответствия среди надписей на произведениях прикладного искусства Северо-Восточной Руси 30-х – 60-х годов XV в.» ( ),,"Изображение идентифицируется исследователями как портрет Фридриха Барбароссы, с коронацией которого был связан заказ врат."
116,https://epigraphica.ru/epigraphy/inscription/show/116,[1430–1460],Подписи к фигурам архангелов и Иисуса Христа в сцене Воскресения,Магдебургские врата Софийского собора в Великом Новгороде,церковные врата,Собор св. Софии,Текст 1:Текст 2:Іс҃ Хс҃Текст 3:архн҃глъ,,,кириллица,резьба по металлу,"левая створка, ряд 6, правое клеймо",целая (100%),,,
117,https://epigraphica.ru/epigraphy/inscription/show/117,1080-1160,"Евхаристическая надпись (Мф. 26:26), вкладная надпись Петрилы и его жены Варвары, молитва и подпись мастера Братила-Флора",Кратир мастера Братилы,евхаристическая чаша,Собор св. Софии,Текст 1:овъТекст 2:Ми҃р Ѳу҃и агіа|im.|о агіоςВарвара|im.|ПетроςИс҃ Хс҃Текст 3:+ сь съсꙋдъ Петриловъ и женъи ѥго ВарварꙑТекст 4:+ Ги҃ помози ра⸗боу своемоуѲълорови ·:·Братило дѣ⸗лалъ,,"Пейте из нее все: это Кровь Моя нового завета, за многих изливаемая во оставление грехов. Матерь Божья, святая Варвара, святой Петр, Иисус Христос. Это сосуд Петрила и его жены Варвары. Господи, помоги рабу своему Флору. Братило сделал.",кириллица,"резьба по металлу чеканка, чернение, гравировка ( )","венец (текст 1), тулово (текст 2), поддон (текст 3), днище (текст 4)",целая (100%),1090-1150 ( ),,
118,https://epigraphica.ru/epigraphy/inscription/show/118,1080-1160,"Евхаристическая надпись (Мф. 26:26), вкладная надпись Петра и его жены Настасьи, молитва и подпись мастера Косты",Кратир мастера Косты,евхаристическая чаша,Собор св. Софии,text 1овъtext 2Мр҃ Ѳу҃о агіѡс|im.|и агіасПетръ~|im.|НастасіаІс҃ Хс҃text 3+ сь съсꙋдъ Петровъ и женꙑ его Марьѣtext 4+ Ги҃ помозирабꙋ свосмоуКостѧньтинꙋКоста дѣлалъамнь+,,"Пейте из нее все: это Кровь Моя нового завета, за многих изливаемая во оставление грехов. Матерь Божья, святой Петр, святая Настасья, Иисус Христос. Это сосуд Петра и его жены Марьи. Господи, помоги рабу своему Константину. Коста сделал. Аминь.",кириллица,"резьба по металлу чеканка, чернение, гравировка ( )",венец тулово поддон днище,целая (100%),1090-1150 ( ),,
119,https://epigraphica.ru/epigraphy/inscription/show/119,1067-1068,Надпись об измерении князем Глебом Святославичем расстояния между Тмутараканью и Корчевом,Тмутараканский камень,плита,возле станицы Таманская,[☩] ⁙ въ лѣто ·҂ѕ҃·ф҃(·)оѕ҃[·] інді ·ѕ҃(·) Глѣбъ кнѧзь мѣрилъ мо,,"‘В 6576 (1068) году, в 6 [год] индикта князь Глеб мерил море по льду от Тмутаракани до Корчева: 14.000 сажен’.",кириллица,резьба по камню,"«Надпись длиною в 90 см была тщательно высечена в две строки на боковой, вертикальной грани подножья». ( )","с небольшими утратами (>85%), целая (100%)","XI–XII вв.: надпись «выполнена крупным, четким уставом, причем пропорции некоторых букв: М, Н, Т близки к квадрату. Буквы строго вертикальны, некоторые слегка наклонены к началу строки». ( )",,"В /оѕ/ /ѕ/ написано внутри /о/. «Ширина Керченского пролива (“моря”), по данным А. А. Спицына, 23 363 м. При древних саженях в 216 см 14 000 таких саженей дадут расстояние в 30 240 м, что на 6 км превысит истинное расстояние. Очевидно, измерение производилось или в “прямых» саженях (152,7 см), что даст 21 379 м, или в “мерных” саженях (176,4 см), что даст 24 696 м. Учитывая практику больших измерений малой мерой, нужно признать, пожалуй, более вероятным изменение “мерными” саженями, когда ошибка сказалась в преувеличении истинного расстояния на 5%, что было вызвано трудностью трассирования прямой. Отклонения от прямой преувеличили расстояние. Истинная величина 13 244 “мерных” сажени» (Рыбаков 1964а)."
120,https://epigraphica.ru/epigraphy/inscription/show/120,1120-1140,Молитва о князе Борисе Всеславиче,1-й Борисов камень (Борис-Хлебник),валун,"в 5 км ниже Полоцка, на отмели Западной Двины",(Іс)|im.|Хс|im.|каГи҃ по|im.|мозирабю св|im.|оемꙋБорісѹ,,"Господи, помоги рабу своему Борису.",кириллица,резьба по камню,На валуне высечен крест длиною более полутора метров с надписями [ІС] ХС ника в верхней части креста и формулой «господи помози» в середине. ( ),с небольшими утратами (>85%),,,
121,https://epigraphica.ru/epigraphy/inscription/show/121,1120-1140,Молитва о князе Борисе Всеславиче,2-й Борисов камень,валун,"в 5 км ниже г. Дисна, в 40 км ниже Полоцка, на отмели Западной Двины",ни|im.|камзі|im.|рабꙋ сво⸗емꙋ Бо|im.|рисѹ,,"Господи, помоги рабу своему Борису.",кириллица,резьба по камню,,утрачена,,,
122,https://epigraphica.ru/epigraphy/inscription/show/122,1120-1140,Молитва о князе Борисе Всеславиче,3-й Борисов камень,валун,На отмели Западной Двины,Іс҃|im.|Хс҃н҃и|im.|к҃аГи҃ по[м]о⸗|im.|своѥ[м]ꙋзи р(аб)ꙋ|im.|Бор(ис)ꙋ,,"Господи, помоги рабу своему Борису.",кириллица,резьба по камню,,утрачена,,,
123,https://epigraphica.ru/epigraphy/inscription/show/123,[1160–1300],Надпись с именем заказчика — Сулибора,Камень «Сулиборов крест» (бывший 4-й Борисов камень),валун,при впадении р. Повянушки в Западную Двину,Сꙋли⸗|im.|хрь⸗|im.|стъ,,Крест Сулибора.,кириллица,резьба по камню,,целая (100%),"1300 – 1360 (предпочт. до 1320). О 3 'Шириной с И, Н' 1160> (1360>), Р Iа 'Округлая петля (прямая мачта) <(1320) <1360, (!) Ꙋ 2 'Короткие усы 1300>.","Палеографические характеристики надписи сравнительно поздние. Однако языческое имя, которое носит лицо высокого социального статуса, делает маловероятным отнесение надписи к XIV в.",
124,https://epigraphica.ru/epigraphy/inscription/show/124,1120-1140,"Молитва, предположительно, о князе Борисе Всеславиче",5-й Борисов камень,валун,на берегу Западной Двины напротив древней Спасской церкви,Іс҃|im.|Хс҃н҃и|im.|к҃аГи҃ по⸗мози рабѹ(с)воему,,"Господи, помоги рабу своему.",кириллица,резьба по камню,,с утратами (50-85%),,,
125,https://epigraphica.ru/epigraphy/inscription/show/125,1120-1140,Надпись с именем заказчика — Воротиши,"6-й Борисов камень, Воротишин крест",валун,На берегу р. Вилии,Іс|im.|Хс|im.|каВоро|im.|тишинъхръ|im.|стъ,,Крест Воротиши.,кириллица,резьба по камню,,целая (100%),,,
126,https://epigraphica.ru/epigraphy/inscription/show/126,1133,Надпись посадника Иванка Павловича о начале гидротехнических работ по углублению или запруде верховьев Волги,Стерженский крест,крест,Стерженское городище,[вл҃]о ҂ѕ҃х҃м҃и рѣк⸗[ꙋ] сю ѧзъИванкоПавловїцьі крс҃тъ сь п⸗оставхъ,,"В 6641 (1133) году, в 14 день месяца июля я, Иванко Павлович, начал рыть эту реку и поставил этот крест.",кириллица,резьба по камню,,целая (100%),,,Буква ѕ записана зеркально.
127,https://epigraphica.ru/epigraphy/inscription/show/127,1171,Надпись об изготовлении креста и молитва о князе Рогволоде Борисовиче,"Рогволдов (Оршанский, Борисоглебский) камень",валун,Борисоглебская часовня,въ лѣт[·]ѕ҃[·]х҃[·]о҃[·]ѳ҃[·] мц҃а маиѧ въ ·з҃· дн҃ь доспенъ крс҇ь сиі Ги҃ помози (р)[а]бу своѥму Василию в кр҇щениі іменемь Рогволод[у] сн҃у|im.|Бори⸗|im.|Хс҃н҃и|im.|к҃а,,"В 6679 (1171) году, в 7 день месяца мая изготовлен этот крест. Господи, помоги рабу своему в крещении Василию, именем Рогволоду, Борисову сыну.",кириллица,резьба по камню,"На камне посредине глубоко выбито изображение 6-конечного креста на голгофе, по сторонам которого две монограммы Христа, а вокруг — выбитая двустрочная круговая надпись, конец которой, уже в двух прямых строках, находится по сторонам упомянутого выше креста. ( )",утрачена,,,
128,https://epigraphica.ru/epigraphy/inscription/show/128,1100-1200,Похвала кресту,Нерльский крест,крест,Около церкви Покрова на Нерли (точное место неизвестно),,,,кириллица,резьба по камню,,целая (100%),1100-1200 ( ),,
129,https://epigraphica.ru/epigraphy/inscription/show/129,←1200-1220→,Похвала кресту,Плита из кладки Рождественского собора в Суздале,плита,Собор Рождества Пресвятой Богородицы,кр(с҇)т[ъ] [ѡ]⸗ньникъвсеи вселе(нѣи) ...(цр҃квн)ое ꙋкрашение кр(с҇)тъ…,,Крест — хранитель всей вселенной. Крест — церковное украшение. Крест…,кириллица,резьба по камню,"Надпись была сделана в форме креста: верхние три строки короткие и ровно ограничены по вертикали справа; четвертая — длинная — выступала справа и слева на расстояние, равное вышине первых трех строк. Учитывая весь текст «похвалы кресту», можно быть уверенным, что надпись была расположена крестообразно, образуя фигуру четырехконечного креста. По положению надписи на плите ясно, что это не был отдельно стоящий каменный крест; кроме того, сама плита тонка и приспособлена именно для облицовки; следовательно, эта надпись была сделана непосредственно на стене какого-то здания. ( )",фрагмент (15-50%),,,
130,https://epigraphica.ru/epigraphy/inscription/show/130,1220-1240,Надпись об установке креста князем Святославом Всеволодовичем,Постамент под Святославовым крестом,"плита, постамент",Собор св. вмч. Георгия,мс҇ца июнѧ въ ·л· [д](н҃ь на)т҇ст҃го Іѡ҃ · Воин(и)⸗ка поставленъ крс҇тъ [с](ь)Ст҃ославъмь Всево[л](о)⸗дичемь амі[н](ъ),,"В 30 день месяца июня, на память святого Иоанна Воина, этот крест поставлен Святославом Всеволодичем. Аминь.",кириллица,резьба по камню,"[В]опрос о местонахождении надписи и всей композиции Распятие продолжает оставаться нерешенным. <...> [О]кончание надписи заходит на [проходящий по нижнему краю камня обрамляющий] <...> кант, так как резчик не рассчитал место для надписи. Вероятно, надпись находилась в первом ряду кладки, над цоколем. ( )",целая (100%),Надпись отличается типичным для начала XIII в. письмом с несколько удлиненными пропорциями. ( ),,
131,https://epigraphica.ru/epigraphy/inscription/show/131,1234,Молитва о чернеце Симеоне и запись об установке креста,Крест чернеца Симеона,крест,Владимирская башня Новгородского детинца,Текст 1:Текст 2:[а] поставленъ[Бо](жи ·) [к](р)[с҃]тъ сив лт҃о ·҂ѕ·[ѱ](·)[·мв҃](·)мс҇цѧ · авгꙋста(в)ъ (·)еı҃· на памт(ь)ст҃ꙑѧ · Бц҃ѧ · Ꙋс⸗пение · Влч҃ѧ ·,,"‘Господи, спаси и помилуй своего грешного раба Семеона, монаха Аркажа (т. е. Аркадова) монастыря. Аминь’ (Текст 1). ‘А установлен этот Божий крест 15 августа 6742 года, на память cвятой Богородицы, [на] Успение Владычицы’ (Текст 2). ( )",кириллица,резьба по камню,"Первые 11 строк надписи занимают среднюю и нижнюю части верхней лопасти креста, а конечные три строки находятся в самой верхней части нижней лопасти.",с небольшими утратами (>85%),,,
132,https://epigraphica.ru/epigraphy/inscription/show/132,1260-1280,Надпись о преставлении черноризца Зиновия,Надгробие монаха Зиновия,"валун, надгробная плита",монастырь свв. Бориса и Глеба на Смядыни,text 1мца іюлѧ ѕ д⸗нь прьставил⸗осѧ рабъ БжиіЗенъвиі чъ⸗рнъризьцьtext 2в҃ і҃ꙩ҃а҃,,В шестой день месяца июля преставился раб Божий черноризец Зеновий. 1271 [год].,кириллица,резьба по камню,"на лицевой стороне (эпитафия), на обороте (дата)",целая (100%),1280–1300 ( ),,
133,https://epigraphica.ru/epigraphy/inscription/show/133,1360-1388,Надпись о поставлении креста и многолетствование архиепископу новгородскому Алексею; цитаты из Октоиха и канона Успению; подписи к изображениям,Алексеевский крест,крест,"Софийский собор, на западной стене Софийского собора, справа от Магдебургских врат",text 1писанъбы҃ крстъ сеи · в Новѣгородѣобщаго лѣ · повелениѥмьбо҃любиваго ·пресщнгоархиепскпа Олеѯиꙗ·и поставле[н]ъ · на поклонение·правовѣрнымъхрстьꙗномъ·архиепс\кпуОлеѯию· да⸗-Бъ҃многа лѣт· и здравиѥ·и спс\ние · и дѣтемъего всемумируtext 2архангл Гаврил|im.|Мр҃ Ѳу҃прѣбуд⸗еши порж҃твѣдв҃аа посме⸗ртижіваtext 3Іс҃ Хс҃цр҃ь|im.|сл҃выкт҃ъ твоихреаще древо види⸗мо ѥсть но би҃ею силою о⸗дѣно|im.|ѥстьМр҃ Ѳу҃|im.|Иоа҃ Бо҃лв,,"В 68-- году этот крест подписан в Новгороде в невисокосный год повелением боголюбивого пресвященного архиепископа Олексия и поставлен на поклонение правоверным христианам. Архиепископу Олексию пусть подаст Бог многая лета и здравие и спасение и пастве его — всему народу. Родив, останешься дева, а после смерти — жива. Крест твой, Христос, выглядит, как дерево, но одетое Божьей силой.",кириллица,резьба по камню,"по контуру лопастей креста на верхней лопасти креста, в композиции Благовещения в центре креста, над Распятием ( )",с небольшими утратами (>85%),"[1320–1360] Графика: ѻ 'Широкое О' 1300>, И 4 'Высокая перекладина' 1300>, Н 3 'Высокая перекладина' 1300>, Ю IIа 'Высокая перемычка' 1320>, Ꙗ IIа 'Высокая перемычка' 1320>, Ѥ IIа 'Высокая перемычка' 1340>, В IIа (!) 'Перелом при мачте' <1320, Р Iа 'Округлая петля (прямая мачта)' <1360, Р II 'Углом вверх' <1380.",,
134,https://epigraphica.ru/epigraphy/inscription/show/134,1000-1050,Надпись о поставлении креста в память о Богуславе и Лазаре,Воймерицкий крест,крест,Часовня свв. Петра и Павла,+,,[По] Богуславу и Лазарю [их] братья и [их] мать Мирослава поставили [этот] крест. Сделал Славон. ( ),кириллица,резьба по камню,,целая (100%),"До 1140, предпочтительно до 1120. ( )",,
135,https://epigraphica.ru/epigraphy/inscription/show/135,1359,"Надпись об установке креста людгощичами, молитва и зашифрованная подпись Якова, сына Федосова; подписи к изображениям Христа и святых",Людогощенский крест,крест,церковь Флора и Лавра,text 1т҇[·]҂ѕ҃[·]ѡ҃·ѯ҃·з҃· индик҇ві҃·поставленъ бꙑ҃ крс҇тъ сиги҃ · іс҃ · хе҃ поми[л](у)и всѧ хрс҇тьꙗнꙑ·на всѧкомъ мѣстѣ молѧщасѧ тоб[ѣ]вѣрою чт҃[и]мь ср҃[д]цемь и рабомъ б[и҃]⸗им[ъ] помози · пост[а]вившимъ к]рс҇тъ силюдгощич[а]мъ · и мнѣ написавшем(у)ф(ч і)[і] м[л] аа сс рр лк҃ сс · т(с г)в вв мл [р](р мл)(аа) сс · + р[р]ѳ ·:· ~text 2+ ст҃аꙗ безмъздника и чюдот(в)орца К--ма и Дам{в}ꙗнъ врацаtext 3+ ст҃[ꙑ]и Ге[ра]симъ емлеть [тр]ост[ь] о[т] ль[в]а [и]з ног[ѣ] а приде в п[у]стынюtext 4+ ст҃ꙑи Ф[е]доръ · веде{де}ть мт҃[р]ь [и]з клад[ѧ]з[ѧ] ѿ змиꙗtext 5Іс Хсtext 6+ ст҃ꙑи Семеонъ Столпьник[ъ] к҃ лѣ҃ стоꙗше а-- с|vac.|еtext 7+ ст҃ꙑи Федоръ Тиронъ шедъ въ к(ла)дѧзь побѣди змиꙗ а бл҃гвилъ Михаил[ъ] и оруж[ь]ѥ далъ,,"В 6867 (1359) году, в 12-й [год] индикта был поставлен этот крест. Господи, Иисусе Христе, помилуй всех христиан, молящихся тебе [с] верой, чистым сердцем на всяком месте, и рабам Божьим людгощичам помоги, поставившим этот крест, и мне, написавшему [это] Якову, сыну Федосову. Святые бессребреники и чудотворцы Косма и Дамиан, врачи. Святой Герасим вынимает трость у льва из ноги, [лев] пришел в пустыню. Святой Федор ведет мать из колодца от змия. Святой Симеон Столпник 20 лет простоял на столпе. Святой Федор Тирон, спустившись в колодец, победил змия, а благословил [его] и дал [ему] оружие Михаил.",кириллица,резьба по дереву,ствол креста ( ),с небольшими утратами (>85%),,,
136,https://epigraphica.ru/epigraphy/inscription/show/136,1052,Надпись о громе 3 марта 1052 г.,Стены киевского Софийского собора,стена церкви,Собор св. Софии,въ л҄ ѕ҃ф҃ѯ҃,,‘В лето 6560 (1052) марта в 3 был гром в 9 часов дня. А в тот день была (память) святого мученика Евтропия’.,кириллица,граффито,"центральный неф собора, третий от алтаря южный крещатый столб, ниже фрески, изображающей св. Пантелеймона, на высоте 1,15 м от уровня пола XI в. ( )",целая (100%),,,
137,https://epigraphica.ru/epigraphy/inscription/show/137,1052,Надпись о переосвящении Софийского собора 4 ноября 1052 г. митрополитом Ефремом,Стены киевского Софийского собора,стена церкви,Собор св. Софии,(въ) лѣ(т)ѕ҃ф҃ѯ҃ свѧ⸗,,‘4 ноября 6560 года освящена святая София митрополитом Ефремом …’.,кириллица,граффито,восточная грань восточной лопатки второго от алтаря южного крестчатого столба ( ),с утратами (50-85%),,,"Надпись является одним из важнейших источников по истории Русской церкви XI в. Из нее следует, что русин Иларион, занявший митрополичий престол в 1051 г., продержался на этом месте менее полутора лет."
138,https://epigraphica.ru/epigraphy/inscription/show/138,1000-1200,Владельческая надпись Потворы,Пряслице № 1,пряслице,Усадьба Есикорского,Потворинъ прѧ⸗,,"‘Пряслень (пряслице), принадлежащий Потворе’. ( )",кириллица,граффито,на обеих плоскостях пряслица,целая (100%),,,
139,https://epigraphica.ru/epigraphy/inscription/show/139,1000–1200,Дарственная надпись от Янки Жирке,Пряслице № 2,пряслице,Старокиевская гора,Ѧнъка въдала,,‘Янка дала [подарила] пряслень Жирке’. ( ),кириллица,граффито,"Надпись по кругу в две строки, начинается на верхней грани.","целая (100%), утрачена",XI-XII вв. ( ),,"«Очевидно, ошибочно в прориси буква /А/ в слове “вдала” превращена в /Ѧ/ за счет случайной черточки» (Медынцева 2000: 54)."
140,https://epigraphica.ru/epigraphy/inscription/show/140,1000-1200,Нечитаемая надпись,Пряслице № 3,пряслице,Вышгород (точное место неизвестно),,,,кириллица,граффито,,целая (100%),XI-XII вв. ( ),,"«... не поддается расшифровке. Часть боковой поверхности занимает сложное нагромождение неясных (иногда буквоподобных) знаков. Вторую половину занимают буквы, выходящие из сложной вязи и постепенно превращающиеся в надпись» (Рыбаков 1948: 201) ."
142,https://epigraphica.ru/epigraphy/inscription/show/142,1000-1120,Начало азбуки (а – з),Пряслице № 5,пряслице,Замок,а б в г д е ж ѕ з,,,кириллица,граффито,,с утратами (50-85%),XI – начало XII в. ( ) XI в. ( ),,
143,https://epigraphica.ru/epigraphy/inscription/show/143,1100-1200,Памятная надпись Иванка с Овдотьей,Пряслице № 6,пряслице,Замок,Іванкъ с=Ъвдътеею о⸗,,‘Иванко с Овдотьею – одна душа’. ( ),кириллица,граффито,Надпись заполняет всю нижнюю грань пряслица и переходит затем на верхнюю ( ),целая (100%),XII в. ( ),,
144,https://epigraphica.ru/epigraphy/inscription/show/144,1000-1120,Нечитаемая надпись,Пряслице № 7,пряслице,Замок,отъ Жил...ъкі,,,кириллица,граффито,,с утратами (50-85%),,,"Буквы на пряслице прочерчены тонко и едва различимы (Медынцева 2000: 57). Нет фотографий или прорисей, невозможно оценить достоверность чтения."
145,https://epigraphica.ru/epigraphy/inscription/show/145,1000-1300,Надпись с испорченным именем Степанида (?),Пряслице № 8,пряслице,Замок,П[и]панид[и],,,кириллица,граффито,,целая (100%),,,"Нет хороших фотографий, невозможно проверить достоверность прочтения."
147,https://epigraphica.ru/epigraphy/inscription/show/147,1100-1200,Владельческая надпись бабушки,Пряслице № 10,пряслице,Витебская губерния (точное место неизвестно),+ бабино прѧсльне,,‘Бабушкино пряслице’. ( ),кириллица,граффито,"Надпись идёт по верхнему ребру, по кругу ( )",целая (100%),"Вероятно, XII в. ( )",,"Графика: ъ → о , е = ь . Точная параллель – новгородское пряслице с надписью < бабине прѧслень >: эта пара демонстрирует диалектное различие окончаний в И. ед."
148,https://epigraphica.ru/epigraphy/inscription/show/148,1100-1300,Надпись с упоминанием князя,Княжино пряслице,пряслице,Друцкий Детинец,кънѧжинъ,,'[Пряслень] князя' ( ),кириллица,граффито,,целая (100%),XI в. XII-XIII вв. ( ),,
149,https://epigraphica.ru/epigraphy/inscription/show/149,1200-1300,Владельческая надпись Лилы (?),Пряслице,пряслице,Друцкий Детинец,Лила,,'Лила' ( ),кириллица,граффито,,целая (100%),,,
150,https://epigraphica.ru/epigraphy/inscription/show/150,1200-1300,Молитва о Недане,Пряслице Неданы,пряслице,Старый Замок,Ги҃ помози рабе своеи Недан[ѣ],,"'Господи, помоги рабе своей Недане' ( )",кириллица,граффито,Прочерчена по боковой стороне пряслица в два ряда. Надпись начинается на нижней грани пряслица и затем переходит на верхнюю.,целая (100%),XIII в. ( ),,
151,https://epigraphica.ru/epigraphy/inscription/show/151,[1150–1200],Владельческая надпись Настасии,Пряслице Настасьи,пряслице,Раскоп Окольного города № 9,Настасино пр(ѧ)слън(е),,'Пряслень Настасии' ( ),кириллица,граффито,Начинается на нижней грани пряслица и переходит на верхнюю.,целая (100%),XII в. ( ),,
152,https://epigraphica.ru/epigraphy/inscription/show/152,1200-1300,Молитвенная надпись,Пряслице,пряслице,Замчище,Го҃ помози раб[о]у с…,,"'Господи, помоги рабу с(воему)' ( )",кириллица,граффито,Процарапана по верхней грани.,целая (100%),XIII в. ( ),,
153,https://epigraphica.ru/epigraphy/inscription/show/153,1000-1200,«Княжее» (?),Пряслице,пряслице,городище Старая Рязань (точное место неизвестно),кнѡжѧее,,Княжье (?),кириллица,граффито,,целая (100%),XI-XII вв. ( ),,
154,https://epigraphica.ru/epigraphy/inscription/show/154,1000-1200,"«Молодило» (возможно, мужское имя).",Пряслице Молодилы,пряслице,городище Старая Рязань (точное место неизвестно),Молодило,,"Молодило (возможно, мужское имя). ( )",кириллица,граффито,,целая (100%),XI-XII вв. ( ),,
155,https://epigraphica.ru/epigraphy/inscription/show/155,1100-1300,Владельческая надпись Парасии,Пряслице Парасии,пряслице,Борковское селище,прѧслнь Парасии,,пряслень Парасии ( ),кириллица,граффито,,целая (100%),XII-XIII вв. ( ),,
156,https://epigraphica.ru/epigraphy/inscription/show/156,1000-1200,Надпись с упоминанием имени Мартын,Пряслице,пряслице,Рюриково городище,Марът[ын](----)ѧ,,,кириллица,граффито,,с утратами (50-85%),XI-XII вв. ( ),,
157,https://epigraphica.ru/epigraphy/inscription/show/157,1100-1150,Дарственная надпись Намале,Пряслице Намалы,пряслице,Раскопки древнего Белоозера,Намале,,,кириллица,граффито,,целая (100%),,,
158,https://epigraphica.ru/epigraphy/inscription/show/158,1100-1200,Азбука (неполная),Пряслице с азбукой,пряслице,Неревский раскоп,Текст 1Текст 2а б в г д е ж ѕ з и їТекст 3л м н о п р с тТекст 4оу,,,кириллица,граффито,,целая (100%),,,"Л, М перевернуты, Р зеркальное. Тексты 1 (Ч Ш) и 4 (ОУ) написаны на верхней грани верхом вниз по отношению к остальным надписям (в том же направлении, что Л и М)."
159,https://epigraphica.ru/epigraphy/inscription/show/159,1150-1200,Владельческая надпись Фенишки (?),Пряслице,пряслице,Неревский раскоп,Фенищ⸗,Фенищ⸗ ине ( ),'Фенишкино [пряслице]' ( ),кириллица,граффито,"Надпись нанесена в две строки. Возможно, ее следует читать бустрофедоном ( )",целая (100%),,,"Имя хозяйки пряслица — Фенища или Фенишка (производное от Фекла, Федора, Федосья и т.п.)."
160,https://epigraphica.ru/epigraphy/inscription/show/160,1100-1200,Владельческая надпись Иванки,Пряслице,пряслице,Неревский раскоп,Иванчинь прѧсл(е)нъ,,Иванкино пряслице.,кириллица,граффито,,с небольшими утратами (>85%),XII в. ( ),,
161,https://epigraphica.ru/epigraphy/inscription/show/161,1190-1220,«Иванко нашел (это пряслице)»,Пряслице Иванка,пряслице,Троицкий раскоп,+,,Иванко нашел.,кириллица,граффито,,целая (100%),,,
162,https://epigraphica.ru/epigraphy/inscription/show/162,[1520–1580],Подпись к изображению моления Анны Надпись на нимбе Анны,Васильевские врата,церковные врата,Собор св. Софии,text 1н҇їно в садꙋtext 2[Ан]на,,,кириллица,золотая наводка,"левая створка, ряд 1 (полукруглое завершение), левое клеймо",целая (100%),,"«Датировка позднейших вставок на вратах варьирует в зависимости от аргументации. на основании анализа стиля отнес новые клейма к 1520–30-м годам, а образ Иоанна Предтечи и умбоны – к 1570-м. связала появление всех дополнений с поновлением Софийского собора в 1550–1560-х годах, а – с переносом врат в Александровскую слободу в 1570-х» ( ).",
163,https://epigraphica.ru/epigraphy/inscription/show/163,1100-1200,Молитва о Георгии и Христине,Суздальский змеевик,амулет-филактерий,Собор Рождества Пресвятой Богородицы,+ Ги Исѵсъ Крьсть давые сънъ :з: отрокъ въ сѳѣсьскѣе гърь лажь и --ма рабъма своима,,"Господи, Иисусе Христе, давший сон семерым отрокам в эфесской горе, дай и [этим] рабам твоим, Георгию и Христине, живой и мирный сон и угаси силу огненную. Аминь.",кириллица,резьба по камню,По ободу лицевой стороны.,с небольшими утратами (>85%),1130-1170 ( ),,
164,https://epigraphica.ru/epigraphy/inscription/show/164,1100-1200,Молитва о Марии и Христине,Суздальский змеевик,амулет-филактерий,Собор Рождества Пресвятой Богородицы,+ Ги пъмъзи ра(бъма св)оима нарьчьныма въ сват{-}мь{ѣ} хрьщьнии Марии,,"Господи, помоги рабам своим, во святом крещении нареченным Мария и Христина, в миру же — жене [или вдове] Моислава со старшей дочерью. Аминь.",кириллица,резьба по камню,По ободу оборотной стороны.,с небольшими утратами (>85%),1130-1170 ( ),,
165,https://epigraphica.ru/epigraphy/inscription/show/165,1100-1200,Имена семи отроков Эфесских,Суздальский змеевик,амулет-филактерий,Собор Рождества Пресвятой Богородицы,text 1:|im.|т|о|н|и|н|оtext 2:а⃝ |М|а|im.|р|т|(и)|н|о|сtext 3:а⃝ |Езакѵс|im.|тꙋлианtext 4:а⃝ |М|а|з|ї|м|и|im.|л|ї|а|нtext 5:а⃝ |Д|ї|о|н|im.|ѵ|с|и|о|сtext 6:а⃝ И|а|im.|м|в|л|и|х|ъtext 7:а⃝ |И|ѡ|im.|а|н|ъ,,,кириллица,резьба по камню,"На лицевой стороне, по сторонам изображений отроков.",с небольшими утратами (>85%),1130-1170 ( ),,
166,https://epigraphica.ru/epigraphy/inscription/show/166,[1520–1580],"Подпись к изображению введения Богородицы во храм Надписи на нимбах Иоакима, Анны, Захарии и Богородицы Надпись на нимбе Богородицы",Васильевские врата,церковные врата,Собор св. Софии,text 1д҇цаtext 2ЇакимАннаЗахаріаБд҇цаtext 3Бд҇ца,,,кириллица,золотая наводка,"левая створка, ряд 1 (полукруглое завершение), правое клеймо",целая (100%),,"«Датировка позднейших вставок на вратах варьирует в зависимости от аргументации. на основании анализа стиля отнес новые клейма к 1520–30-м годам, а образ Иоанна Предтечи и умбоны – к 1570-м. связала появление всех дополнений с поновлением Софийского собора в 1550–1560-х годах, а – с переносом врат в Александровскую слободу в 1570-х» ( ).",
167,https://epigraphica.ru/epigraphy/inscription/show/167,1050-1070,Подпись к изображению святого Глеба (Давыда) с династическим и христианским именами,Иконка с изображением святого Глеба (Давыда),икона,Таманское городище,Да|вꙑ|дъ|im.|Г|л|ѣ|б|ъ,,‘Давыд. Глеб’.,кириллица,резьба по камню,колончатые надписи по обеим сторонам рельефа,целая (100%),,,"В имени Глѣбъ ъ записан зеркально. «Редкость самого материала, необычность изображения Глеба без старшего брата и указание на христианское имя имя Глеба – все говорит в пользу того, что эта иконка принадлежала князю Глебу Святославичу» (Рыбаков 1964а)."
168,https://epigraphica.ru/epigraphy/inscription/show/168,←1080-1100,Подпись к изображению архангела Михаила,Черниговская гривна,амулет-филактерий,Чернигов и окрестности (точное место неизвестно),М|х|im.|и|л|ъ,,‘Михаил’,кириллица,"чеканка, литье","на лицевой стороне, по обеим сторонам от изображения архангела Михаила",целая (100%),,,
169,https://epigraphica.ru/epigraphy/inscription/show/169,←1080-1100,Фрагмент литургического гимна Санктус,Черниговская гривна,амулет-филактерий,Чернигов и окрестности (точное место неизвестно),+ ΑΓΙΟС ΑΓΙΟС ΑΓΙΟС ΚС СΑRΑΟΘ ΠΛΙΡ.С Ο Υ{V}[Α]ΝΟС Κ Ι ΓΙ (?),,"‘Свят, Свят, Свят, Господь Саваоф! Полны небеса и земля...’",греческий,"чеканка, литье",по ободу лицевой стороны,целая (100%),,,"Вопреки Б. А. Рыбакову, точное место находки неизвестно. Все свидетельства современников сообщают о двух возможностях: либо в поле близ Чернигова, либо в огороде в самом Чернигове."
170,https://epigraphica.ru/epigraphy/inscription/show/170,←1080-1100,Молитва о Василии (Владимире Мономахе),Черниговская гривна,амулет-филактерий,Чернигов и окрестности (точное место неизвестно),+ Ги помози ра[б]оу своіемꙋ Василигѫ амин,,"‘Господи, помоги рабу своему Василию. Аминь’.",кириллица,литье,по ободу оборотной стороны,целая (100%),,,
171,https://epigraphica.ru/epigraphy/inscription/show/171,←1080-1100,Заклинание ὑστέρα,Черниговская гривна,амулет-филактерий,Чернигов и окрестности (точное место неизвестно),+ YC{C}EPA MEΛΑ{ΙΙ}Ι ΜΕΛΑΝΟΜΕ{Μ}Ι ΟС {СΙΜΛΙΕYΕ} Ο[С] ΔΡΑΚΟΝ {Ο}ΥΡ{U}ΖΗС{-} ΚΕ ΟС ΑΡ{M}ΙΟ{-} ΚΥ{ΝM}ΙN{-}Τ{Ι},,"‘Черная матка очернила себя, пресмыкалась, как змея, и шипела, как дракон, и, как ягненок’.",греческий,литье,По ободу оборотной стороны,целая (100%),,,
175,https://epigraphica.ru/epigraphy/inscription/show/175,1335/1336,Подпись к изображению архангела Гавриила Надпись на лабаруме в руках у архангела,Васильевские врата,церковные врата,Собор св. Софии,text 1авоарх҃text 2св {ю}Гс пз Ва⸗сл,,"Гавриил архангел {Свят} Господи, помоги Василию",кириллица,золотая наводка,"Левая створка, ряд 2, левое клеймо",с небольшими утратами (>85%),,,"Можно аккуратно предположить, что автор надписи начал писать традиционные для лабарума слова «свят, свят, свят», однако, не закончив, переключился на молитвенную запись от лица заказчика врат."
176,https://epigraphica.ru/epigraphy/inscription/show/176,1050–1075,Надпись с согласием Пыпны выйти замуж за Жада,Пряслице Пыпны,пряслице,Вышгородский Детинец,Чепоура пꙑта Пꙑпъна рекла въдатите мѧ за Жад[ъ] хочоу за нъ да мѧ волею сво(ею),,"'Чепура узнавал – Пыпна сказала [своим родным]: выдайте меня за Жада, хочу за него, отдай меня, [батюшка], по моей воле!' ( )",кириллица,граффито,,с небольшими утратами (>85%),,,
177,https://epigraphica.ru/epigraphy/inscription/show/177,925–950,Нет консенсуса относительно содержания данной надписи,,амфора-корчага,Гнёздовский археологический комплекс,Гороун'а,,Горунья (принадлежащая Горуну). ( ),кириллица,граффито,,,,,
178,https://epigraphica.ru/epigraphy/inscription/show/178,900-1050,"Окончание какого-то слова, возможно, имени владельца корчаги",,амфора-корчага,Таманское городище,...бат,,,кириллица,граффито,"Надпись расположена на обломке массивной ручки амфоры. Сохранившиеся буквы - это, скорее всего, конец какого-то слова, так как на ручке имеется еще достаточно места, оставшегося неиспользованным.",фрагмент (15-50%),X-пер.п. XI в. ( ),,"Конец какого-то слова, возможно - имени владельца корчаги."
179,https://epigraphica.ru/epigraphy/inscription/show/179,1000-1100,Владельческая надпись Илии,Корчага Илии,амфора-корчага,Раскопки древнего Белгорода (точное место неизвестно),Илиꙗ,,‘Илия’.,кириллица,граффито,"Надпись «Илия» процарапана на плечике корчаги, уже по обожженному сосуду. Помимо имени с другой стороны корчаги отдельно «ѧ» и три небольшие буквы. ( )",с небольшими утратами (>85%),,,"А. А. Медынцева усматривает на корчаге еще две надписи: отдельную букву ѧ и записанное рунами скандинавское имя Geirr, широко распространенное во всех скандинавских странах в качестве простого имени и в составе сложных."
180,https://epigraphica.ru/epigraphy/inscription/show/180,1000-1100,Надпись неизвестного содержания о корчаге,Амфора из Старого города,амфора-корчага,Старый город (точное место неизвестно),...неша плона корцага си...,,,кириллица,граффито надпись по сырой глине до обжига ( ) граффито ( ),"Надпись прочерчена вокруг горлышка на фрагменте корчаги. Сосуд ранее имел две ручки. Наличие ручек мешало писавшему, и в силу этого некоторые части надписи выполнены хуже других. Надпись сделана по кругу, без интервалов между словами.",с утратами (50-85%),XI в. ( ),,"По А. А. Медынцевой, надпись происходит из Причерноморья и свидетельствует о древнерусско-южнославянских языковых контактах. Лингвистические признаки, такие, как о в плона и ц в корцага , этому не противоречат (смешение ч и ц встречается и в болгарских памятниках, включая варианты этого слова)."
181,https://epigraphica.ru/epigraphy/inscription/show/181,1000-1100,«Вино»,Тмутараканская амфора,амфора-корчага,Таманское городище,(в)[и]но,,«Вино» (обозначение содержимого корчаги) ( ),кириллица,граффито,,с утратами (50-85%),XI-XII в. ( ),,
182,https://epigraphica.ru/epigraphy/inscription/show/182,[1000-1200],Владельческая надпись Доброгостя,Корчага Доброгостя,"амфора-корчага, элементы зданий",Успенский собор Киево-Печерской лавры,Доброг[о]...,,‘Доброгостева (корчага) (или: Доброгость)’ ( ),кириллица,надпись по сырой глине до обжига,"С.А. Высоцкий отметил, что правее букв 'га'/'го' есть место и надпись там не продолжается и предположил, что она была перенесена на другую строку или не окончена.",с утратами (50-85%),,,
183,https://epigraphica.ru/epigraphy/inscription/show/183,[1280–1300],Владельческая надпись Олексия,Корчага Олексия,амфора-корчага,Раскопки Окольного города,Олькъс[и],,Олексий (имя владельца) ( ),кириллица,граффито,"Надпись в одну строку. Надпись безусловно не имеет продолжения. Перед словом 'олѣкъси' также не было никакого другого слова, так как расстояние между буквой 'о' и краем черепка значительно больше чем расстояния между буквами, а промежутки между словами в то время как известно отсутствовали.",целая (100%),"Предпочтительно [1280–1380]. Графика: О узкое в начале слога <(1380), Ь 5 'Высокая петля' (1280)>, Ъ 5 'Высокая петля' (1280)>. XII в. ( ) первая половина XII в. ( )","Аналогичные амфоры известны в XII–XIII вв. Палеография надписи, вопреки существующим ее описаниям, не противоречит ее отнесению к любому отрезку внутри этих двух столетий, но написания Ъ и Ь с высокой петлей значительно чаще встречаются в конце этого периода.",
184,https://epigraphica.ru/epigraphy/inscription/show/184,1150-1200,Владельческая надпись Ярополка,Корчага Ярополка,амфора-корчага,"раскопки Замковой горы древнего Пинска (в центре города, неподалеку от р. Пины)",(Ѧ)[р]ополче вино,,"Ярополче вино, т.е. вино Ярополка ( )",кириллица,граффито,,с небольшими утратами (>85%),"По палеографии - XI-XII вв., по фонетическим признакам - не ранее второй половины XII в. ( )",,
185,https://epigraphica.ru/epigraphy/inscription/show/185,1336,"Монограмма Богородицы Подпись к изображению Благовещения Обозначение Иерусалимского храма, для которого Мария прядет завесу",Васильевские врата,церковные врата,Собор св. Софии,text 1М)и҃рtext 2Бла⸗говещ⸗ьниеtext 3Iе|im.|и|im.|мь,,Матерь (Божия) Благовещение Иерусалим,кириллица,золотая наводка,"левая створка, ряд 2, правое клеймо",целая (100%),,,"Вторая часть монограммы Богородицы, по-видимому, расположена справа симметрично и скрыта под креплением"
187,https://epigraphica.ru/epigraphy/inscription/show/187,1336,"Подпись к изображению Иоанна Крестителя Подпись к изображению сюжета Крещения Подписи к изображениям Христа, архангела Михаила и ангелов",Васильевские врата,церковные врата,Собор св. Софии,text 1text 2Крще⸗ниѥtext 2Іс҃ Хс҃англ҃иМих,,,кириллица,золотая наводка,"левая створка, ряд 3, левое клеймо",с небольшими утратами (>85%),,,
188,https://epigraphica.ru/epigraphy/inscription/show/188,1336,Надпись на кресте (монограмма Христа) Подпись к изображению Распятия Подписи к изображениям Богородицы и Иоанна,Васильевские врата,церковные врата,Собор св. Софии,Текст 1:Текст 2:Распѧ|im.|тиѥТекст 3:Ми҃рѲꙋ҃Ива⸗нъ,,,кириллица,золотая наводка,"левая створка, ряд 3, правое клеймо",целая (100%),,,
189,https://epigraphica.ru/epigraphy/inscription/show/189,1336,Подпись к изображению воскрешения Лазаря Подпись к изображению Христа,Васильевские врата,церковные врата,Собор св. Софии,text 1ниеtext 2Іс Хс҃,,,кириллица,золотая наводка,"левая створка, ряд 4, левое клеймо",целая (100%),,,
190,https://epigraphica.ru/epigraphy/inscription/show/190,1336,Подпись к изображению входа в Иерусалим Подпись к изображению Христа,Васильевские врата,церковные врата,Собор св. Софии,text 1|im.|Ѥр҃олмъtext 2Іс҃ Хс҃,,,кириллица,золотая наводка,"левая створка, рял 4, правое клеймо",целая (100%),,,
191,https://epigraphica.ru/epigraphy/inscription/show/191,1336,Подпись к изображению Успения Богородицы Подпись к изображению Христа Подпись к изображению апостолов,Васильевские врата,церковные врата,Собор св. Софии,text 1|im.|ст҃ꙑѧ Бц҃ѧtext 2Іс҃ Хс҃text 3[ап]ли~,,,кириллица,золотая наводка,"левая створка, ряд 5, левое клеймо",с небольшими утратами (>85%),,,
192,https://epigraphica.ru/epigraphy/inscription/show/192,1336,Подпись к изображению Гроба Господня Подпись к изображению архистратига Михаила Подпись к изображению жен-мироносиц,Васильевские врата,церковные врата,Собор св. Софии,text 1text 2Михаил҇о҃архіс҇text 3мюро⸗носици,,,кириллица,золотая наводка,"левая створка, ряд 5, правое клеймо",целая (100%),,,
193,https://epigraphica.ru/epigraphy/inscription/show/193,1336,Подпись к изображению сюжета ликования царя Давида Подпись к изображению царя Давида,Васильевские врата,церковные врата,Собор св. Софии,text 1text 2Дв҃дъо̇ а ~,,"Давид-царь перед ковчегом, подобным тени, скакал, играя; мы же, Божий народ святой, прообразам исполнение видя, возрадуемся боговдохновенно",кириллица,золотая наводка,"левая створка, ряд 6, левое клеймо",целая (100%),,,Первый текст – цитата из ирмоса 4 песни пасхального канона Иоанна Дамаскина
194,https://epigraphica.ru/epigraphy/inscription/show/194,1336,"Подпись к целому клейму Фраза над головой дьявола Подпись над изображением души и два слова внутри весов, которые следует читать как единую фразу Слова архангела, обращенные к сатане",Васильевские врата,церковные врата,Собор св. Софии,text 1|im.|душе[внаꙗ]text 2ѡ̇кнꙑ ꙗ⸗рма · не (ви)⸗дѣлъ · цм҃ѡ̇тѧну(ти)дбрихъ · і лихиъtext 3душаустра⸗шае⸗тсѣtext 4прѣ⸗вѣтаtext 5грѣх⸗ꙑtext 6аще тѧ ~ѡ̇каньражю тоувидишисобѣ,,"Весы духовные Окаянный не видел, чем оттянуть весы добра и зла. Душа устрашается перевеса грехами. Если поражу тебя, окаянный, то увидишь! ( )",кириллица,золотая наводка,"левая створка, ряд 6, правое клеймо",с небольшими утратами (>85%),,,
195,https://epigraphica.ru/epigraphy/inscription/show/195,1336,Подпись к изображению притчи о сладости мира сего Число три – подпись к изображению трех аспидов Число три – подпись к изображению трех аспидов Подпись к изображению черной мыши Подпись к изображению белой мыши,Васильевские врата,церковные врата,Собор св. Софии,text 1text 2·г҃·text 3·г҃·text 4(ноч)ь ч(р҃наꙗ мꙑ)шьtext 5дн҃ь мꙑшь б(л҃аꙗ),,,кириллица,золотая наводка,"левая створка, ряд 7, левое клеймо",с утратами (50-85%),,,
196,https://epigraphica.ru/epigraphy/inscription/show/196,[1520–1580],"Подпись к изображению Рождества Богородицы Надпись на нимбе Анны Надписи на нимбах Анны, Иоакима и Богородицы",Васильевские врата,церковные врата,Собор св. Софии,Текст 1:҇҇ца)Текст 2:А̇нн̇аТекст 3:А̇н̇наІа̇кимМр Ѳꙋ,,,кириллица,золотая наводка,"правая створка, ряд 1 (полукруглое завершение), левое клеймо",целая (100%),,"«Датировка позднейших вставок на вратах варьирует в зависимости от аргументации. на основании анализа стиля отнес новые клейма к 1520–30-м годам, а образ Иоанна Предтечи и умбоны – к 1570-м. связала появление всех дополнений с поновлением Софийского собора в 1550–1560-х годах, а – с переносом врат в Александровскую слободу в 1570-х» ( ).",
197,https://epigraphica.ru/epigraphy/inscription/show/197,[1520–1580],Подпись к изображению молитвы Иоакима Надпись на нимбе Иоакима,Васильевские врата,церковные врата,Собор св. Софии,text 1text 2Іа̇ким,,,кириллица,золотая наводка,"правая створка, ряд 1 (полукруглое завершение), левое клеймо",целая (100%),,"«Датировка позднейших вставок на вратах варьирует в зависимости от аргументации. на основании анализа стиля отнес новые клейма к 1520–30-м годам, а образ Иоанна Предтечи и умбоны – к 1570-м. связала появление всех дополнений с поновлением Софийского собора в 1550–1560-х годах, а – с переносом врат в Александровскую слободу в 1570-х» ( ).",
198,https://epigraphica.ru/epigraphy/inscription/show/198,1336,Подпись к изображению Рождества Христова Название Вифлеема (?) Подписи к изображению волхвов Подписи к изображению Богородицы и Христа Подпись к изображению Христа в сюжете Крещения Подпись к изображению святого Иосифа,Васильевские врата,церковные врата,Собор св. Софии,text 1text 2Оѳ(леемъ)text 3Волта⸗саръГас̇ва⸗ръtext 4Мр҃ · Ѳꙋ҃·Іс҃ · Хъ҃text 5Іс҃ Хс҃text 6ат҃и⸗ос ~Еси[пъ],,,кириллица,золотая наводка,"правая створка, ряд 2, левое клеймо",с небольшими утратами (>85%),,,
199,https://epigraphica.ru/epigraphy/inscription/show/199,1336,"Подпись к изображению Сретения Подписи к изображениям Иоакима, Богородицы, Симеона, Христа и Анны",Васильевские врата,церковные врата,Собор св. Софии,text 1|im.|ниѥ Га҃ нашегІс҃ Хс҃text 2ꙖкꙑмъМр҃ Ѳꙋ҃Семеѡ⸗нъІс ХсАньна,,,кириллица,золотая наводка,"правая створка, ряд 2, правое клеймо",целая (100%),,,
200,https://epigraphica.ru/epigraphy/inscription/show/200,1336,Подпись к изображению Христа Подпись к изображению Анны Подпись к изображению снятия с креста Подпись к изображению Никодима,Васильевские врата,церковные врата,Собор св. Софии,Текст 1:Текст 2:Ане⸗на~Текст 3:Ӧсиѳъ снимаѥтьГд҃аТекст 4:Ни⸗код⸗имо,,,кириллица,золотая наводка,"правая створка, ряд 3, левое клеймо",целая (100%),,,
201,https://epigraphica.ru/epigraphy/inscription/show/201,1336,Подпись к изображению Воскресения Господня,Васильевские врата,церковные врата,Собор св. Софии,Въскр҃ниѥ,,,кириллица,золотая наводка,"правая створка, ряд 3, правое клеймо",целая (100%),,,
202,https://epigraphica.ru/epigraphy/inscription/show/202,1336,Подпись к изображению Преображения Христова Подпись к изображению Моисея Подпись к изображению Иоанна Подпись к изображению Петра,Васильевские врата,церковные врата,Собор св. Софии,text 1|im.|ражени⸗ѥ|im.|Гн҃еtext 2Мо⸗исиtext 3Иѡ⸗анtext 4(Пе)тр,,,кириллица,золотая наводка,"правая створка, ряд 4, левое клеймо",целая (100%),,,
203,https://epigraphica.ru/epigraphy/inscription/show/203,1336,Подпись к изображению Христа Подпись к изображению Богородицы,Васильевские врата,церковные врата,Собор св. Софии,Текст 1:Текст 2:МирѲꙋ,,,кириллица,золотая наводка,"правая створка, ряд 4, правое клеймо",целая (100%),,,
204,https://epigraphica.ru/epigraphy/inscription/show/204,[1520–1580],"Подпись к изображению Сошествия Святого Духа Надписи на нимбах апостолов (слева направо): Фома, Симеон, Иаков, Лука, Марк, Петр, Павел, Иоанн, Матфей, Андрей, Варфоломей, Филипп",Васильевские врата,церковные врата,Собор св. Софии,Текст 1:Текст 2:ѲоСиꙖкЛꙋМа(Пе)ПаИѡ҃аМаАнВаѲі,,Сошествие Святого Духа. Фома Симеон Иаков Лука Марк Петр Павел Иоанн Матфей Андрей Варфоломей Филипп,кириллица,золотая наводка,"правая створка, ряд 5, левое клеймо",целая (100%),,"«Датировка позднейших вставок на вратах варьирует в зависимости от аргументации. на основании анализа стиля отнес новые клейма к 1520–30-м годам, а образ Иоанна Предтечи и умбоны – к 1570-м. связала появление всех дополнений с поновлением Софийского собора в 1550–1560-х годах, а – с переносом врат в Александровскую слободу в 1570-х» ( ).",
205,https://epigraphica.ru/epigraphy/inscription/show/205,1336,Подпись к изображению Святой Троицы,Васильевские врата,церковные врата,Собор св. Софии,Троі҃ца|im.|ст҃ваꙗ,,,кириллица,золотая наводка,"правая створка, ряд 5, правое клеймо",целая (100%),,,
206,https://epigraphica.ru/epigraphy/inscription/show/206,[1520–1580],Подпись к изображению битвы Давида с Голиафом,Васильевские врата,церковные врата,Собор св. Софии,цр҃ь Да|im.|выдпоразї Го(ліаѳа),,,кириллица,золотая наводка,"правая створка, ряд 6, левое клеймо",с небольшими утратами (>85%),,"«Датировка позднейших вставок на вратах варьирует в зависимости от аргументации. на основании анализа стиля отнес новые клейма к 1520–30-м годам, а образ Иоанна Предтечи и умбоны – к 1570-м. связала появление всех дополнений с поновлением Софийского собора в 1550–1560-х годах, а – с переносом врат в Александровскую слободу в 1570-х» ( ).",
207,https://epigraphica.ru/epigraphy/inscription/show/207,1336,Подпись-комментарий к изображению Китовраса и Соломона,Васильевские врата,церковные врата,Собор св. Софии,(К)итоврасъ меце братомъ своімъ · Со[ло](мо)⸗,,,кириллица,золотая наводка,"правая створка, ряд 6, правое клеймо",с небольшими утратами (>85%),,,
208,https://epigraphica.ru/epigraphy/inscription/show/208,1336,Подпись к изображению серафима,Васильевские врата,церковные врата,Собор св. Софии,о архл҇н,,,кириллица,золотая наводка,"Первый ряд умбонов, умбон 1",целая (100%),,,
209,https://epigraphica.ru/epigraphy/inscription/show/209,1100-1300,Владельческая надпись Прокупа,Корчага Прокупа,амфора-корчага,селище у с. Чутовки,к[ро]ч[а](га),,Корчага Прокупа ( ),кириллица,граффито,Надпись из двух строчек,с небольшими утратами (>85%),XII-XIII в. ( ),,"Имя – вероятно, производное от христианского «Прокопий/Прокоп»."
210,https://epigraphica.ru/epigraphy/inscription/show/210,1120-1160,Запись о посылке вина князю,Корчага Богунки,амфора-корчага,Раскоп №2,новое вино,,‘Добрило послал князю новое вино. Богунка (писал)’.,кириллица,граффито,Надпись в четыре строки,с небольшими утратами (>85%),[1120–1160]. Язык: «редуцированные пали (3х)» 1120> (1160>). В I «округлая нижняя петля» <1160. Ъ I «округлая петля» <1160. XI-XIII вв. (по типу корчаги) ( ) XI - сер. XII в. ( ),,
211,https://epigraphica.ru/epigraphy/inscription/show/211,1100-1300,Владельческая надпись Мстислава,Корчага Мстислава,амфора-корчага,Метро в районе Подола (точное место неизвестно),Мстслвл крчгь,,Корчага Мстислава ( ),кириллица,граффито,"Надпись расположена в верхней части корчаги, между двумя ручками, в одну строку.",целая (100%),По форме корчаги надпись датируется XII-XIII в. Относительно датировки по палеографии есть два мнения: начало XIII в. и XII в. ( ),,"Особенностью надписи является исключение всех гласных букв кроме конечного «ь». С. А. Высоцкий предполагал, что это можно объяснить просто недостатком места между двумя ручками. Однако А. А. Медынцева склонялась к тому, чтобы считать эту надпись написанной особым «врахиграфским» письмом (в котором обозначались лишь согласные, а гласные передавались черточками и другими знаками), так как писавший мог и по-другому расположить надпись, и написать ее более мелкими буквами."
212,https://epigraphica.ru/epigraphy/inscription/show/212,1100-1300,Владельческая надпись Гаврила,Корчага Гавриила,амфора-корчага,территория Петропавловского монастыря,Гавьрило,,‘Гаврило’. ( ),кириллица,граффито,Надпись в одну строку на боку корчаги.,целая (100%),"По типу сосуда надпись датируется XII-XIII в. На это время, скорее всего, указывает и диалектная форма имени. ( )",,
213,https://epigraphica.ru/epigraphy/inscription/show/213,1100-1300,Владельческая надпись Петра,Корчага Петра,амфора-корчага,Подземный переход на площади Калинина,Петро,,Петр.,кириллица,граффито,Надпись в одну строку.,целая (100%),На основании формы корчаги надпись датируется XII-XIII в. Для палеографической датировки данных мало. ( ),,"Автор описания в каталоге «Меч и златник» – М. А. Стрельник. По-видимому, в надписи представлена бытовая орфография (т. е. это < Петръ >)."
214,https://epigraphica.ru/epigraphy/inscription/show/214,1150-1300,«Масло» (обозначение содержимого корчаги),Белозерская корчага,амфора-корчага,Раскопки древнего Белоозера,[м]асл[о],,Масло. ( ),кириллица,граффито,,с утратами (50-85%),Для палеографической датировки данных нет. ( ),,
216,https://epigraphica.ru/epigraphy/inscription/show/216,1090-1110,"Имена святых, которых нужно изобразить на иконе",Заготовка для иконы,заготовка для иконы,Ильинский раскоп,Лицевая сторона:Текст 1:Ісѹсатоу на⸗писитьТекст 2:Бого⸗роди⸗цѹТекст 3:Онуѳри⸗ютѹ на⸗писи(--)Текст 4:Ѳеодо⸗р Тиро⸗наОборотная сторона:Текст 1:Мих⸗аилаТекст 2:Ева⸗наТекст 3:Клим⸗ѧнтаТекст 4:Мака⸗риѧ,,<Лицевая сторона:> <Текст 1:> Иисуса тут написать <Текст 2:> Богородицу <Текст 3:> Онуфрия тут написать <Текст 4:> Феодора Тирона <Оборотная сторона:> <Текст 1:> Михаила <Текст 2:> Ивана <Текст 3:> Климента <Текст 4:> Макария,кириллица,граффито граффито ( ),"Обе стороны ковчега разделены на четыре равные части, в каждой из образованных таким путем клеток острием ножа прочерчены надписи. ( )",целая (100%) с небольшими утратами (>85%) ( ),XI-XII вв. ( ),,"Имена святых, которых нужно изобразить на иконе. А. А. Медынцева, в отличие от А. В. Арциховского, считает, что их записал не заказчик, а мастер, очевидно, под его диктовку, так как «ь» на конце слова «писить» едва ли могла читаться как «е» до середины XII в. и, соответственно, это слово значит «написать», а не «напишите»."
217,https://epigraphica.ru/epigraphy/inscription/show/217,1000-1200,"Запись о дани, собранной в Усть-Ваге",Счетная бирка,счетная бирка,Троицкий раскоп,ѫстие Вак-,,Усть-Вага.,кириллица,граффито,Надпись в одну строку.,с небольшими утратами (>85%),XI-XII вв. ( ),,"Трактовка, изложенная в статье (Рыбина 2020), предложена А. А. Гиппиусом. В записи ѫстие Вак- буква к заменяет г в силу непозиционной мены глухих и звонких, характерной для говоров с прибалтийско-финским субстратом. Ср. аналогичную плоскую бирку « Усть-Емца ». Усть-Вага упомянута как место сбора дани в уставе Святослава Ольговича, а также на одной из цилиндрических бирок ."
218,https://epigraphica.ru/epigraphy/inscription/show/218,1190-1210,Запись имени должника («Олоф» или сокращенное «Олферий»),Счетная бирка,счетная бирка,Троицкий раскоп,Олоѳь,,"Надпись была истолкована В.Л. Яниным как сокращение имени должника - Олферий. Однако А.А. Медынцева говорит о том, что при прочтении знака между 'л' и 'ѳ' как ꙗ, имя должника можно прочитать как 'Ол[ꙗ]ѳ', то есть Олаф. Автор отмечает, что это широко распространенное скандинавское имя, которое вполне могло встретиться в Новгороде из-за наличия варяжского населения. ( )",кириллица,резьба по дереву,Надпись в одну строку.,целая (100%) целая (100%) ( ),,,
219,https://epigraphica.ru/epigraphy/inscription/show/219,1100-1300,Владельческая надпись Любишки,Бочка Любишки,бочка,Ярославово дворище,Любищина,,‘Любишкина [бочка]’,кириллица кириллица ( ),граффито,Надпись расположена на дне бочки. ( ),целая (100%),XII-XIII в. ( ),,
221,https://epigraphica.ru/epigraphy/inscription/show/221,1336,Подпись к фигуре серафима,Васильевские врата,церковные врата,Собор св. Софии,о арх҇н,,,кириллица,золотая наводка,"Первый ряд умбонов, умбон 2",целая (100%),,,
222,https://epigraphica.ru/epigraphy/inscription/show/222,1336,Подпись к изображению серафима,Васильевские врата,церковные врата,Собор св. Софии,о архл҇н,,,кириллица,золотая наводка,"Первый ряд умбонов, умбон 3",целая (100%),,,
223,https://epigraphica.ru/epigraphy/inscription/show/223,[1550–1580],Монограмма Богородицы,Васильевские врата,церковные врата,Собор св. Софии,(Мр) Ѳꙋ҃,,,кириллица,золотая наводка,"первый ряд умбонов, умбон 4",с утратами (50-85%),,"«Датировка позднейших вставок на вратах варьирует в зависимости от аргументации. на основании анализа стиля отнес новые клейма к 1520–30-м годам, а образ Иоанна Предтечи и умбоны – к 1570-м. связала появление всех дополнений с поновлением Софийского собора в 1550–1560-х годах, а – с переносом врат в Александровскую слободу в 1570-х» ( ).",
224,https://epigraphica.ru/epigraphy/inscription/show/224,1336,Монограмма Христа,Васильевские врата,церковные врата,Собор св. Софии,Іс҃ Хъ҃,,,кириллица,золотая наводка,"Первый ряд умбонов, умбон 5",целая (100%),,,
225,https://epigraphica.ru/epigraphy/inscription/show/225,1336,Подпись к изображению Иоанна Предтечи,Васильевские врата,церковные врата,Собор св. Софии,Іѡ҃|im.|(анъ),,,кириллица,золотая наводка,"Первый ряд умбонов, умбон 6",с утратами (50-85%),,,
226,https://epigraphica.ru/epigraphy/inscription/show/226,1336,Подпись к изображению евангелиста Луки,Васильевские врата,церковные врата,Собор св. Софии,Лꙋ⸗|im.|аи⸗ѻ⸗[с](ъ),,,кириллица,золотая наводка,"Второй ряд умбонов, умбон 1",с небольшими утратами (>85%),,,
227,https://epigraphica.ru/epigraphy/inscription/show/227,[1550–1580],Подпись к изображению евангелиста Матфея,Васильевские врата,церковные врата,Собор св. Софии,оаг҇Мат|im.|ѳеи · еглс҇тъ,,,кириллица,золотая наводка,"второй ряд умбонов, умбон 2",целая (100%),,"«Датировка позднейших вставок на вратах варьирует в зависимости от аргументации. на основании анализа стиля отнес новые клейма к 1520–30-м годам, а образ Иоанна Предтечи и умбоны – к 1570-м. связала появление всех дополнений с поновлением Софийского собора в 1550–1560-х годах, а – с переносом врат в Александровскую слободу в 1570-х» ( ).",
228,https://epigraphica.ru/epigraphy/inscription/show/228,1336,Подпись к изображению евангелиста Марка,Васильевские врата,церковные врата,Собор св. Софии,Мар⸗|im.|аги[о]⸗съ~,,,кириллица,золотая наводка,"Второй ряд умбонов, умбон 3",с небольшими утратами (>85%),,,
229,https://epigraphica.ru/epigraphy/inscription/show/229,1336,Подпись к изображению Иоанна Богослова,Васильевские врата,церковные врата,Собор св. Софии,Іо҃|im.|ѳелъ⸗,,Иоанн Теолог,кириллица,золотая наводка,"Второй ряд умбонов, умбон 4",целая (100%),,,
230,https://epigraphica.ru/epigraphy/inscription/show/230,1336,Подпись к изображению Василия Великого,Васильевские врата,церковные врата,Собор св. Софии,Ва⸗|im.|о а⸗ги⸗осъ ~,,,кириллица,золотая наводка,"Второй ряд умбонов, умбон 5",целая (100%),,,
231,https://epigraphica.ru/epigraphy/inscription/show/231,1336,Подпись к изображению Иоанна Златоуста,Васильевские врата,церковные врата,Собор св. Софии,Іва⸗|im.|Зл(а)⸗тъ⸗(ꙋ)ст[ъ],,,кириллица,золотая наводка,"Второй ряд умбонов, умбон 6",с небольшими утратами (>85%),,,
232,https://epigraphica.ru/epigraphy/inscription/show/232,1336,Подпись к изображению святителя Климента,Васильевские врата,церковные врата,Собор св. Софии,агі(осъ)|im.|,,,кириллица,золотая наводка,"Третий ряд умбонов, умбон 1",с небольшими утратами (>85%),,,
233,https://epigraphica.ru/epigraphy/inscription/show/233,1336,Подпись к изображению святителя Николая,Васильевские врата,церковные врата,Собор св. Софии,Нико⸗|im.|о агі[ос](ъ),,,кириллица,золотая наводка,"Третий ряд умбонов, умбон 2",с небольшими утратами (>85%),,,
234,https://epigraphica.ru/epigraphy/inscription/show/234,1336,Подпись к изображению святителя Ипатия,Васильевские врата,церковные врата,Собор св. Софии,Ѥлпа⸗,,,кириллица,золотая наводка,"Третий ряд умбонов, умбон 3",целая (100%),,,
235,https://epigraphica.ru/epigraphy/inscription/show/235,[1550–1580],Подпись к изображению Козьмы Майумского,Васильевские врата,церковные врата,Собор св. Софии,Ко|im.|зма ·,,,кириллица,золотая наводка,"Третий ряд умбонов, умбон 4",целая (100%),,"«Датировка позднейших вставок на вратах варьирует в зависимости от аргументации. на основании анализа стиля отнес новые клейма к 1520–30-м годам, а образ Иоанна Предтечи и умбоны – к 1570-м. связала появление всех дополнений с поновлением Софийского собора в 1550–1560-х годах, а – с переносом врат в Александровскую слободу в 1570-х» ( ).",
236,https://epigraphica.ru/epigraphy/inscription/show/236,1336,Подпись к изображению Григория Богослова,Васильевские врата,церковные врата,Собор св. Софии,Гри⸗|im.|Вос҇ Вос҇,,,кириллица,золотая наводка,"Третий ряд умбонов, умбон 5",целая (100%),,,"Несомненно, второе слово в надписи должно означать «Богослов». Восстановить его возможно, если допустить целых две описки в написании слова «Бог сво» (с заменой Ъ на О в конце): начальная Б заменена на В и выносная Г заменена на С."
237,https://epigraphica.ru/epigraphy/inscription/show/237,1335/1336,Подпись к изображению святителя Ипатия,Васильевские врата,церковные врата,Собор св. Софии,Ѥлпа⸗|im.|о а{г}гi(о)⸗съ,,,кириллица,золотая наводка,"Третий ряд умбонов, умбон 6",с небольшими утратами (>85%),,,
238,https://epigraphica.ru/epigraphy/inscription/show/238,1335/1336,Подпись к изображению великомученика Георгия,Васильевские врата,церковные врата,Собор св. Софии,Георг⸗,,,кириллица,золотая наводка,"Четвертый ряд умбонов, умбон 1",с небольшими утратами (>85%),,,
239,https://epigraphica.ru/epigraphy/inscription/show/239,XVI век,Подпись к изображению мученика Лавра,Васильевские врата,церковные врата,Собор св. Софии,о аг҇ ·|im.|Лав[ръ],,,кириллица,золотая наводка,"Четвертый ряд умбонов, умбон 3",с небольшими утратами (>85%),,,
240,https://epigraphica.ru/epigraphy/inscription/show/240,1335/1336,Подпись к изображению неизвестного святителя,Васильевские врата,церковные врата,Собор св. Софии,о аги(о)⸗,,,кириллица,золотая наводка,"Четвертый ряд умбонов, умбон 4",с утратами (50-85%),,,
241,https://epigraphica.ru/epigraphy/inscription/show/241,1335/1336,Подпись к изображению великомученика Прокопия,Васильевские врата,церковные врата,Собор св. Софии,Про⸗иі|im.|о а⸗ги⸗с,,,кириллица,золотая наводка,"Четвертый ряд умбонов, умбон 6",с небольшими утратами (>85%),,,
242,https://epigraphica.ru/epigraphy/inscription/show/242,1335/1336,Подпись к изображению целителя Космы,Васильевские врата,церковные врата,Собор св. Софии,Коу⸗,,,кириллица,золотая наводка,"Пятый ряд умбонов, умбон 3",целая (100%),,,
243,https://epigraphica.ru/epigraphy/inscription/show/243,XVI век,"Подписи к изображениям Христа, Святого Духа и Бога-Отца",Васильевские врата,церковные врата,Собор св. Софии,Ісс҇Xс҃|im.|оѳ,,,кириллица,золотая наводка,"Пластина в верхней части нащельника, клеймо «Троица-Сопрестолие»",с небольшими утратами (>85%),,,
244,https://epigraphica.ru/epigraphy/inscription/show/244,1336,Сообщение о времени создания церковных врат и их заказчике,Васильевские врата,церковные врата,Собор св. Софии,text 1икт҇лѣт҇д҃исписаны двери сиꙗ повелѣ[ни]⸗емь бг҇олюбиваго архиепс҇па но[вго]⸗родьского|im.|Василь[ꙗ]при кнѧзи блговѣр[м҇]Иванѣ Данилов[ич҇]при посадничьствѣ Фе[до]⸗ровѣ Данилович҇при т[ы]⸗сѧцьскомь Аврам[ѣ]text 2Іс҃ Хс҇ъ,,"В лето 6844 индикта года 4 украшены эти двери повелением боголюбивого архиепископа новгородского Василья при князе благоверном Иване Даниловиче, при посадничестве Федора Даниловича, при тысяцком Авраме.",кириллица,золотая наводка,"Нащельник, вокруг фигуры Христа",с небольшими утратами (>85%),,,
245,https://epigraphica.ru/epigraphy/inscription/show/245,1335/1336,Надпись на раскрытом Евангелии в руках у Христа,Васильевские врата,церковные врата,Собор св. Софии,Азъ е⸗,,,кириллица,золотая наводка,"Нащельник, на раскрытой книге в руках у Христа",целая (100%),,,
246,https://epigraphica.ru/epigraphy/inscription/show/246,1335/1336,Молитвенная подпись ко ктиторскому портрету архиепископа Василия,Васильевские врата,церковные врата,Собор св. Софии,[мо]литьархиѥ⸗[п]ъ҃ В⸗[а]си⸗лии,,Молит архиепископ Василий,кириллица,золотая наводка,"Нащельник, возле фигуры архиепископа Василия, снизу слева от фигуры Христа",с небольшими утратами (>85%),,,
247,https://epigraphica.ru/epigraphy/inscription/show/247,1335/1336,Монограмма Богородицы,Васильевские врата,церковные врата,Собор св. Софии,Ми҇рѲꙋ҃,,,кириллица,золотая наводка,"Нащельник, по бокам от головы Богородицы",целая (100%),,,
248,https://epigraphica.ru/epigraphy/inscription/show/248,1336,"Молитва архиепископа Василия Калики, обращенная к Богородице",Васильевские врата,церковные врата,Собор св. Софии,о Прч҃таꙗ Гж҃е Дв҃о Влд҃чце Бц҃е всѧко въз⸗ньѥ и хо(д)⸗атаицю тѧ имѣꙗ къ сн҃у твоѥму и Бу҃ [с] вѣ[ро]⸗ю притькаꙗ въ бжств҃ьнꙑи храмъ твои (·) чре(с)⸗ь надежю дарование приемлеть тѣмь и азъ смѣр(ен)⸗ꙑ грѣшнꙑи рабъ твои архиѥп҇пъ Васили все оупован(ьѥ)[м]оѥ възложихъ на тѧ Гж҃е Прч҃таꙗ к тебе прибѣгаю [и](пр)[и]падаю грѣшную главу свою прекланѧю и руцѣ недо(сто)⸗инѣ простираюприкасаюсѧпрч҃тꙑмъ твоимъ сто⸗[па]мъ ѿ лица твоего не ѿверзи мѧ да не ѿпаду (ч)а[ꙗ]⸗(ни)[ꙗ] моего оубогꙑи азъ а иже на црк҃вь твою (в)[ъ]ст[а]⸗(ю)ть тѣхъ Вл҃дчице лица посрами и кр҃тмь сн҃а си(по)губи ихъ и людемъ вѣрнымь даи же радост[и](иж)е съблюдают [д](о)[с]тоꙗ(н)[и]ѥ до[м](а) твое[го],,"О Пречистая Госпожа Дева Владычица Богородица, всяк, возлагая надежду на тебя и упование и Ходатаицу тебя имея к сыну твоему и Богу, с верою приходя в божественный храм твой, через надежду дар принимает. Так и я, смиренный грешный раб твой архиепископ Василий, все упование свое возложил на тебя, Госпожа Пречистая, к тебе прибегаю и припадаю, грешную голову свою преклоняю и руки недостойные простираю, прикасаюсь Пречистым твоим стопам. От лица твоего не отвергни меня, да не отступлюсь от чаяния (надежды) моего убогий я. А кто на церковь твою встанет, тех, Владычица, лица покрой стыдом, крестом сына своего погуби их. И людям верующим дай же радости, которые соблюдают достояние дома твоего.",кириллица,золотая наводка,"Нащельник, под изображением Богородицы",с небольшими утратами (>85%),,,
249,https://epigraphica.ru/epigraphy/inscription/show/249,[1550–1580],Подпись к изображению Иоанна Предтечи,Васильевские врата,церковные врата,Собор св. Софии,оаг· Їѡа|im.|Прете[ча],,,кириллица,золотая наводка,"Нащельник, на пластине с изображением Иоанна Предтечи",с небольшими утратами (>85%),,"«Датировка позднейших вставок на вратах варьирует в зависимости от аргументации. на основании анализа стиля отнес новые клейма к 1520–30-м годам, а образ Иоанна Предтечи и умбоны – к 1570-м. связала появление всех дополнений с поновлением Софийского собора в 1550–1560-х годах, а – с переносом врат в Александровскую слободу в 1570-х» ( ).",
250,https://epigraphica.ru/epigraphy/inscription/show/250,[1550–1580],"Подпись к изображению святых мучеников Гурия, Самона и Авива",Васильевские врата,церковные врата,Собор св. Софии,Оагс҇· Самон҇агс҇· мч҇къ Вс҇ъв,,Святой Самон Святой мученик Авив,кириллица,золотая наводка,"Нащельник, на пластине с изображением Гурия, Самона и Авива",с утратами (50-85%),,"«Датировка позднейших вставок на вратах варьирует в зависимости от аргументации. на основании анализа стиля отнес новые клейма к 1520–30-м годам, а образ Иоанна Предтечи и умбоны – к 1570-м. связала появление всех дополнений с поновлением Софийского собора в 1550–1560-х годах, а – с переносом врат в Александровскую слободу в 1570-х» ( ).","Последнее слово, по-видимому, нужно читать как Авивос ."
251,https://epigraphica.ru/epigraphy/inscription/show/251,1070–1110,Надпись о покупке «Бояновой земли»,Стены киевского Софийского собора,стена церкви,Собор св. Софии,мc҇цѧ ѥнарѧ въ ·л҃· ст҃го Ип[оли]тахл Данило Марко Сьмьюнъ МихалЕлисавиничь Иванъ ꙖнъчинъТꙋдоръ Тꙋꙋбꙑновъ Ильꙗ Копꙑ⸗ловичь Тꙋдоръ Бързѧтичь а пере⸗дъ тими послꙋхꙑ кꙋпи землю кнѧ⸗гꙑни Боꙗню вьсю а въдала на нѥисемьдесѧтъ гривьнъ соболии а въ томьдраниць семьсътъ гривьнъ,,"‘30 января, в [день] святого Ипполита, княгиня [жена князя Всеволода] купила Боянову землю перед Святой Софией [и] перед попами. А тут были: попин Яким Дмило, Пателей, Стипко, Михалько Неженович, Данило, Марко, Семьюн, Михал Елисавинич, Иван Янчин, Тодор Тубынов, Илья Копылович, Тудоръ Борзятич. А перед этими свидетелями княгиня купила всю Боянову землю, а заплатила за нее семьдесят гривен соболей (или) 700 гривен драниц’",кириллица,граффито,"На фреске с изображением святого Онуфрия в южной галерее собора на высоте 2,1 м от уровня пола XI в. ( )",целая (100%),1100–1200 ( ),,
253,https://epigraphica.ru/epigraphy/inscription/show/253,[1160–1180],Владельческая надпись Ежка и проклятие вору,Ежков нож,рукоять ножа,раскоп I на западном посаде Дрогичина,Ежьковъ но⸗,,"Ежков нож. А кто украдет, проклят.",кириллица,граффито,горизонтально,целая (100%),"[1160-1180]. Графика: Ь→Ъ <(1140) <1180, Ж Iа1 'Прямая звезда' <(1120) <1200, Р III 'Углом вперед' 1160>.",,
254,https://epigraphica.ru/epigraphy/inscription/show/254,1093,Надпись о погребении Всеволода (Андрея) Ярославича,Стены киевского Софийского собора,стена церкви,Собор св. Софии,{въ}с҇цааприлѧ в[ъ] і[д҃] а б[ѣ] се⸗(редѣ оу)[м]ърлъ п(о) об[ѣ]⸗(дѣ),,"В великий четверг была положена рака. Это Андрей, русский князь благой. А писал Дмитр, дружинничек его, месяца апреля в 14-й [день]. А умер в среду пополудни. ( )",кириллица,граффито,"В центральном нефе собора, на втором от алтаря южном крещатом столбе, на высоте 1,45 м от пола XI века. ( )",с утратами (50-85%),,,"В граффито сообщается о погребении киевского князя Всеволода Ярославича (ум. в 6601 (1093) г.), в крещении Андрей. О его захоронении в страстной четверг 14 апреля и смерти за день до этого написал дружинник Дмитр."
255,https://epigraphica.ru/epigraphy/inscription/show/255,1198,"Надпись о смерти и погребении Изяслава и Ростислава, сыновей князя Ярослава Владимировича",Фрагменты фресковой штукатурки 1120-х гг. Георгиевского собора Юрьева монастыря,стена церкви,Георгиевский собор Юрьева монастыря,(мсц҃ѧ ию)нѧ въ к҃ прѣстависѧ кнѧзь (Р)[ос]тисл(ав)ъскп)[ѣ] б[о]гоцьстивѣмь Мартꙋри [а] вꙐ игоуме[н]ьс[в](о)(богол)юби[в]аг(о) Саватиѧ а даи има Бъ҃ оупо(к)[о]и(въ вѣк)[ъ] (съ) ст҃ми своими и мо[л](и)та Бг҃а [з](а) оц҃аи за м(атерь),9–10: и мо[л](и)та Бг҃а [з](а отьца) | и за м(атерь) ( ),"‘Месяца июня в 20‑й день преставился князь Ростислав, сын богочестивого и боголюбивого князя Ярослава. А брат его Изяслав преставился месяца июля в 9‑й день в своем княжении на Луках, в полусороковины. И привезли, и положили его в гроб у святого Георгия в 15‑й день, при богочестивом епископе Мартирии, а в игуменство боголюбивого Савватия. А дай им Бог вечное упокоение со сво- ими святыми, и пусть молят Бога за отца и за мать’ ( ) ‘Месяца июня в 20‑й день преставился князь Ростислав, сын богочестивого и боголюби‑ вого князя Ярослава. А брат его Изяслав преставился месяца июля в 9‑й день в своем княжении на Луках, в полусороковины. И привезли, и положили его в гроб у святого Георгия в 15‑й день, при богочестивом епископе Мартирии, а в игуменство боголюбивого Савватия. А дай им Бог вечное упокоение со своими святыми, и пусть молят Бога за (отца) и за м(ать)’. ( ) Доп. интерпретации",кириллица,граффито,"южная абсида, западная стена прохода из средней абсиды в южную (восточная грань восточной лопатки юго‑восточного подкупольного столба) ( ) Восточный фас восточной лопатки юго-восточного подкупольного столба храма, на высоте примерно 90-110 см от уровня первоначального пола. ( )",с утратами (50-85%),,,"Сообщение о смерти и погребении двух сыновей новгородского князя Ярослава Владимировича, Изяслава и Ростислава, умерших в 1198 г. и похороненных в Юрьеве монастыре. Орфография стандартная, без смешения «ъ» и «ь» с «о» и «е». Буквы «а йотированное» и «е йотированное» не употребляется («его», «своем[ь]», «Ѧро(слава)», «Саватиѧ»). «Ѣ» пишется в соответствии с этимологией, в том числе в приставке «прѣ-». Слабые редуцированные сохраняются в предлоге и приставке «въ» и в корне «чьст-» и утрачены в корнях «кнѧз-» и «кнѧж-». «Ъ» в предлоге «въ» перед последующим «и» перешел в «ы»: «вы и[г]оуме[н](ьство)». Из новгородских черт представлено только смешение «ц» и «ч»: «(благо)[ц]ьс[т]ивѣ[м]ь». Особенностью граффито является стяжение «-iji» в окончаниях существительных: «въ кнѧ(ж)ени», «при ... Мартури». Единственная описка – пропуск слога «ва» в «боголюбиго» ( ) «Во второй строке боголюбиго – описка (пропуск слога). Надпись сделана тем же почерком, что расположенная левее надпись S1b. Реконструкция основывается на летопис‑ ном известии 6706 (1198) г.: “Тои же весне преставистася у Ярослава сына 2: Изяслав бяше посаженъ на Лукахъ княжити и от Литвы оплечье Новугороду, и тамо преставися; а Ростиславъ Новѣгородѣ; и оба положена у святого Георгия въ манастыри”» ( )."
256,https://epigraphica.ru/epigraphy/inscription/show/256,1138,Надпись о смерти князя Всеволода Мстиславича,Стены церкви Благовещения на Городище,стена церкви,Церковь Благовещения на Городище,въ лѣт҇ ·҂ѕ·х·ме҃ мсѧц҇ца ф[ев]рарѧ въ ·гї҃· пр[ѣ]ста[в](и)сѧ (бл)а[г](о)вѣ(рь)н(ꙑи) (-----) (кнѧзь),,"13 февраля 6645 года преставился благоверный князь Всеволод, а в святом крещении [именем] Гаврило, раб Христов ... сын Мстиславов. И случилось ему тогда быть во Пскове, там он и преставился. И утаивали [его смерть] семь дней. А брат его Святополк был там же. И много рыдала и плакала над ним его дружина. И похоронили его в [церкви] Святой Троицы, которую он сам построил. А дружина его, похоронив его, разошлась кто куда, как скотина, лишившаяся пастуха. И сердце их было в унынии от кручины по своему князю. И упокой, Господи, душу раба своего — усопшего Гаврила, правоверного князя! ( )",кириллица,граффито,северная сторона межапсидной стенки,с утратами (50-85%),,,"Почерк либо идентичен представленному в надписи о смерти Овдокии , либо, во всяком случае, принадлежит писцу той же каллиграфической школы. Различны в двух надписях лишь позиции употребления буквы ꙋ ."
257,https://epigraphica.ru/epigraphy/inscription/show/257,1380-1420,Молитва об Овсии,Стены церкви Николы на Липне,стена церкви,Церковь Николы на Липне,Ги помози р⸗абу : своѥмуОвсию даіо,,"'Господи, помоги рабу своему Овсию, дай о...' ( )",кириллица,граффито,"Южная грань юго-восточного столба храма. Надпись расположена на высоте 135 см, расстояние от левого края столба 27 см, длина 9 см. Надпись обведена рамкой. ( )",с утратами (50-85%),1380-1420 ( ),,"Высота букв 5 см. В начале второй строки лигатура букв «а» и «б» в виде перекладины; в конце строки лигатура букв «м» и «у». Над «ги» (господи) титло отсутствует. «Овсий» — народная форма имени Евсевий/Евсей. Палеография: буквы в надписи несколько вытянуты, «и» с косой перекладиной в верхней части, «м» в слове «помози» с плечиками и круглой петлей, доходящей до нижней строки, «з» с укороченным закругленным вправо хвостом, «е йотированная» и «ю» с высокой, на уровне верхней линии, перемычкой. Все эти признаки в совокупности с наличием йотированного е после гласного позволяют отнести надпись к концу XIV—началу XV в. Некоторая «вытянутость» букв в надписи имеет аналогии в берестяных грамотах этого времени. В слове «даи» (?) «и» — десятеричное. Вероятно, надпись не была закончена — последнее слово «даи» и буква «о» в четвертой строке предполагали какое-то продолжение, типа «дай спасение» и т.п. (Рождественская 2016)"
258,https://epigraphica.ru/epigraphy/inscription/show/258,1138,Надпись о смерти князя Всеволода-Гавриила Мстиславича,Стены церкви Благовещения на Городище,стена церкви,Церковь Благовещения на Городище,(мс҇ц)ѧ ѳе⸗,,"‘13 февраля преставился раб божий Гаврило, а в миру Все[волод]’ ( )",кириллица,граффито,северная сторона межапсидной стенки,с небольшими утратами (>85%),1130-1170,,
259,https://epigraphica.ru/epigraphy/inscription/show/259,[1100–1140],Надпись о смерти Овдокии,Стены церкви Благовещения на Городище,стена церкви,Церковь Благовещения на Городище,авгꙋс(та) пр-ависѧ,,28 августа преставилась Овдокия ( ),кириллица,граффито,"северная сторона межапсидной стенки, разгранка под полосой городчатого орнамента",с небольшими утратами (>85%),"[1100–1180], предпочт. до 1140. Д II 'А- и Δ-образные' 1100 – 1200; Б, В, Г, П обычно с выступом: <(1140) <1180. Почерк либо идентичен представленному в пространной надписи о смерти Всеволода Мстиславича , либо, во всяком случае, принадлежит писцу той же каллиграфической школы (в двух надписях различна только позиция употребления буквы ꙋ ).",,
260,https://epigraphica.ru/epigraphy/inscription/show/260,1103–[1120],Надпись о смерти Огафьи,Стены церкви Благовещения на Городище,стена церкви,Церковь Благовещения на Городище,мс҃ц(а ма)ръта п[р]ѣс(т)ависѧ,,"Месяца марта преставилась раба божья Огафья, а в миру Рогнеда (?) ( )",кириллица,граффито,"северная сторона межапсидной стенки, разгранка под полосой городчатого орнамента",с утратами (50-85%),"До 1120. В VII 'Нижняя петля с двумя изломами' 1320> (!), А 7 'Удлиненная спинка'<1200+1410>, Б 1 <1120, Ъ 1 <1200, Ѣ 1 <1200 (все – 'Петля углом вперед').","Левая граница датировки определяется датой постройки храма, правая – палеографически.",
261,https://epigraphica.ru/epigraphy/inscription/show/261,1380-1500,Начало молитвенной записи,Стены церкви Николы на Липне,стена церкви,Церковь Николы на Липне,Ги пом,,"'Господи, помоги' ( )",кириллица,граффито,"Южная грань юго-восточного столба храма. Высота от уровня приступки 131 см, расстояние от левого края столба 42 см, длина 7 см. ( )",фрагмент (15-50%),1380-1500 ( ),,"Высота букв 1 см. «Г» с косым отростком крышки, «и» с косой перекладиной, «п» с косой слева вверх крышкой, «м» с острой петлей характерны для начертаний конца XIV—XV вв. (Рождественская 2016)"
262,https://epigraphica.ru/epigraphy/inscription/show/262,1300-1400,Начало молитвенной записи,Стены церкви Николы на Липне,стена церкви,Церковь Николы на Липне,Ги,,'Господи' ( ),кириллица,граффито,"Южная грань юго-восточного столба храма. Высота от уровня приступки 130 см, расстояние от левого края столба 37 см, длина 1,5 см. ( )",фрагмент (15-50%),-1400 ( ),,"Высота букв 0,8 см. Над буквами титло отсутствует. Для датировки данных мало, однако «и» с горизонтальной перекладиной указывает на дату до XV в. (Рождественская 2016)"
263,https://epigraphica.ru/epigraphy/inscription/show/263,1100-1200,Надпись о кончине Павла,Стены церкви Благовещения на Городище,стена церкви,Церковь Благовещения на Городище,(мс҇)цѧ иꙋлѧ въ ·з҃· дн҃(ь),,7 июля преставился раб божий Павел ( ),кириллица,граффито,,с небольшими утратами (>85%),1100-1200,,
264,https://epigraphica.ru/epigraphy/inscription/show/264,1100-1150,Надпись о смерти священника Лазоря,Стены церкви Благовещения на Городище,стена церкви,Церковь Благовещения на Городище,...арѧ въ ·к[ꙅ҃]·,,"26 января (или: февраля) преставился раб божий Лазорь, священник, а мирское имя — Лазко ( )",кириллица,граффито,северная сторона межапсидной стенки,с утратами (50-85%),,,
265,https://epigraphica.ru/epigraphy/inscription/show/265,1232,Надпись о смерти архиепископа Антония,Фрагменты фресковой штукатурки 1120-х гг. Георгиевского собора Юрьева монастыря,стена церкви,Георгиевский собор Юрьева монастыря,(въ лѣто) шесть(т)[ы]с(ѧ)[щ]ьное,,В год 6740-й (1232) на память святой Пелагеи преставился архиепископ Антоний.,кириллица,граффито,,с утратами (50-85%),,,
266,https://epigraphica.ru/epigraphy/inscription/show/266,1103–1138,Надпись о смерти священника Курила,Стены церкви Благовещения на Городище,стена церкви,Церковь Благовещения на Городище,перестави⸗,,"14 марта преставился раб божий Курило, священник ( )",кириллица,граффито,северная сторона межапсидной стенки,с небольшими утратами (>85%),-1138 г,"Левая граница датировки определяется временем строительства церкви, правая – тем фактом, что в графитто уперлась краткая надпись о смерти Всеволода Мстиславича 1138 г .",
267,https://epigraphica.ru/epigraphy/inscription/show/267,1199,Надпись о смерти архиепископа Мартирия,Фрагменты фресковой штукатурки 1120-х гг. Георгиевского собора Юрьева монастыря,стена церкви,Георгиевский собор Юрьева монастыря,... (пр)[ѣ]ста⸗,,,кириллица,граффито,"Восточный фас восточной лопатки юго-восточного подкупольного столба храма, в левой верхней части блока фресковой штукатурки.",малый фрагмент (<15%),,,"Надпись сообщает о смерти в 1199 г. архиепископа Мартирия, за год до своей кончины участвовавшего в погребении сыновей Ярослава Владимировича, Изяслава и Ростислава."
268,https://epigraphica.ru/epigraphy/inscription/show/268,1100-1150,Надпись о кончине Несдила,Стены церкви Благовещения на Городище,стена церкви,Церковь Благовещения на Городище,(мс҇цѧ --------)- (въ) вı҃ д҃[н]ь,,"месяца <назв. месяца> в 12 день преставился раб божий <имя> а в миру Несдила (или: Несдило), в неделю ... ( )",кириллица,граффито,,малый фрагмент (<15%),,,
269,https://epigraphica.ru/epigraphy/inscription/show/269,1300-1400,Фрагментированная поминальная (?) надпись,Стены церкви Николы на Липне,стена церкви,Церковь Николы на Липне,мц҃[а],,'месяца' ( ),кириллица,граффито,"Южная грань юго-восточного столба храма. Высота от уровня приступки 132 см, расстояние от левого края столба 36 см, длина 3,5 см. ( )",малый фрагмент (<15%),1300-1400 ( ),,"Высота букв 1 см. Читаются только три буквы, из них «а» сохранилась фрагментарно, над «мц» еле заметны следы титла. Палеография: «м» с остроугольной петлей, «ц» с широкой чашей и коротким хвостом, датируется в широких пределах XIV в. (Рождественская 2016)."
270,https://epigraphica.ru/epigraphy/inscription/show/270,1100-1200,Надпись о событии в княжеской семье,Стены церкви Благовещения на Городище,стена церкви,Церковь Благовещения на Городище,мс҇цѧ феврар[ѧ] въ ке҃ оу бла(...),,25 февраля у бла[говерного и христолюбивого князя] ( ),кириллица,граффито,,малый фрагмент (<15%),1100-1200,,"Слова из этой надписи фигурируют в пяти сообщениях о рождении и постригах сыновей Всеволода Юрьевича в Лаврентьевской летописи, в статьях 6698-6706 гг. Ср. «Того ж(е) лѣт(а) родисѧ оу бл(а)говѣрнаго и хр(и)с(т)олюби (т)олюбиваго кнѧзѧ Всеволода, с(ы)на Гюргева, внука Володимерѧ Мономаха, с(ы)нъ м(ѣ)с(я)ца ѡктѧб(ря) въ 25, на памѧт(ь) с(вя)т(а)го Маркиана и Мартурьꙗ, в канунъ с(вя)таг(о) Дмитриꙗ. И нареч(е)нъ быс(ть) в с(вя)тѣмь кр(ь)щ(е)ньи Дмитрии» в статье 6702 г."
271,https://epigraphica.ru/epigraphy/inscription/show/271,1100-1200,Надпись о покупке вина 19 мая,Стены церкви Благовещения на Городище,стена церкви,Церковь Благовещения на Городище,(... м)аиѧ в(...),,19 мая [вино] взято ( ),кириллица,граффито,,фрагмент (15-50%),1100-1200,,"трехкратная запись с ь словоформы вьзято, отражающая ассимилятивный переход ъ в ь перед слогом с передней гласной. Употребление буквы ф вместо ѳ в значении ‘9’ в днях месяцев."
272,https://epigraphica.ru/epigraphy/inscription/show/272,1100-1200,Надпись о покупке вина 11 июня,Стены церкви Благовещения на Городище,стена церкви,Церковь Благовещения на Городище,(и)[ꙋ]нѧ,,11 июня вино взято ( ),кириллица,граффито,,с утратами (50-85%),1100-1200,,"трехкратная запись с ь словоформы вьзято, отражающая ассимилятивный переход ъ в ь перед слогом с передней гласной."
273,https://epigraphica.ru/epigraphy/inscription/show/273,1100-1200,Надпись о покупке вина 13 июля,Стены церкви Благовещения на Городище,стена церкви,Церковь Благовещения на Городище,иꙋлѧ [въ] гї҃,,13 июля вино взято ( ),кириллица,граффито,,с утратами (50-85%),1100-1200,,"трехкратная запись с ь словоформы вьзято, отражающая ассимилятивный переход ъ в ь перед слогом с передней гласной."
274,https://epigraphica.ru/epigraphy/inscription/show/274,1100-1200,Надпись о покупке вина на Неделе всех святых,Стены церкви Благовещения на Городище,стена церкви,Церковь Благовещения на Городище,[в](ъ не)[д]ѣлю,,В воскресенье Недели всех святых взято вино ( ),кириллица,граффито,,с небольшими утратами (>85%),1100-1200,,
275,https://epigraphica.ru/epigraphy/inscription/show/275,1100-1200,Надпись о покупке вина в понедельник (даты нет),Стены церкви Благовещения на Городище,стена церкви,Церковь Благовещения на Городище,... ҃ възѧто ви⸗,,"<Дата> ви[но] взято, в понедельник ( )",кириллица,граффито,,с небольшими утратами (>85%),1100-1200,,
276,https://epigraphica.ru/epigraphy/inscription/show/276,1100-1200,Надпись о покупке вина 29 числа во вторник,Стены церкви Благовещения на Городище,стена церкви,Церковь Благовещения на Городище,(вин)о вьзѧ[т](о) -----ѧ [в]ъ ·кф҃,,"[Вин]о взято 29 <назв. месяца>, во вторник ( )",кириллица,граффито,,с небольшими утратами (>85%),1100-1200,,"трехкратная запись с ь словоформы вьзято, отражающая ассимилятивный переход ъ в ь перед слогом с передней гласной."
277,https://epigraphica.ru/epigraphy/inscription/show/277,1100-1200,Надпись о покупке вина в мае,Стены церкви Благовещения на Городище,стена церкви,Церковь Благовещения на Городище,(...)[иѧ] (...),,... мая (?) взято вино ( ),кириллица,граффито,,фрагмент (15-50%),1100-1200,,
278,https://epigraphica.ru/epigraphy/inscription/show/278,1100-1200,Надпись о покупке ладана в четверг,Стены церкви Благовещения на Городище,стена церкви,Церковь Благовещения на Городище,...о...,,...[в че]тверг ладана ( ),кириллица,граффито,,с небольшими утратами (>85%),1100-1200,,употребление буквы ф вместо ѳ в значении ‘9’ в днях месяцев.
279,https://epigraphica.ru/epigraphy/inscription/show/279,1100-1200,Надпись о покупке вина 26 августа,Стены церкви Благовещения на Городище,стена церкви,Церковь Благовещения на Городище,авгꙋ⸗,,26 августа вино ( ),кириллица,граффито,,целая (100%),1100-1200,,
280,https://epigraphica.ru/epigraphy/inscription/show/280,1100-1200,Надпись о покупке вина 4 ноября,Стены церкви Благовещения на Городище,стена церкви,Церковь Благовещения на Городище,в[ъ д҃] ноѧ(б)рѧ,,4 ноября вино ( ),кириллица,граффито,,целая (100%),1100-1200,,
281,https://epigraphica.ru/epigraphy/inscription/show/281,1100-1200,Надпись о покупке,Стены церкви Благовещения на Городище,стена церкви,Церковь Благовещения на Городище,(...)у--,,... взято ( ),кириллица,граффито,,малый фрагмент (<15%),1100-1200,,
282,https://epigraphica.ru/epigraphy/inscription/show/282,1100-1200,Надпись о покупке в субботу (?),Стены церкви Благовещения на Городище,стена церкви,Церковь Благовещения на Городище,въ соубо,,в суббо[ту] ( ),кириллица,граффито,,фрагмент (15-50%),1100-1200,,
283,https://epigraphica.ru/epigraphy/inscription/show/283,-1400,Фрагмент молитвы (?),Стены церкви Николы на Липне,стена церкви,Церковь Николы на Липне,ир,,,кириллица,граффито,"Южная грань юго-восточного столба храма. Высота от уровня приступки 133 см, расстояние от левого края столба 41 см, длина 2 см. ( )",малый фрагмент (<15%),-1400 ( ),,"Высота букв 1,2 см. Слева и справа следы букв выбиты. «И» с косой перекладиной, хвост «р» короткий, о форме петли судить трудно. Предположительно — не ранее XV в. Возможно, что «и» — это окончание слова «помози», а «р» — начальная буква следующего слова «рабу». (Рождественская 2016)"
284,https://epigraphica.ru/epigraphy/inscription/show/284,1100-1200,Надпись о покупке ладана,Стены церкви Благовещения на Городище,стена церкви,Церковь Благовещения на Городище,мс҇[ц]ѧ [и]улѧ (----),,месяца июля <дата> взят ладан ( ),кириллица,граффито,,с небольшими утратами (>85%),1100-1200,,
285,https://epigraphica.ru/epigraphy/inscription/show/285,1380-1410,Фрагмент поминальной надписи,Стены церкви Николы на Липне,стена церкви,Церковь Николы на Липне,мц҃а март[а] [в] ...,,'месяца марта в… преставился…' ( ),кириллица,граффито,"Южная грань юго-восточного столба храма. Высота от уровня приступки 136 см, расстояние от левого края столба 49 см, длина 10 см. ( )",фрагмент (15-50%),1380-1410 ( ),,"Высота букв 3,5 см. Сохранились левые части двух строк, буквы сильно выбиты, сохранившиеся глубоко врезаны в поверхность стены. Над «мца» («месяца») — следы горизонтального титла. В первой строке после конечной «а» в слове «марта» можно различить букву «в» — это либо начало предлога «въ» («во»), либо «в» в числовом значении, далее поверхность стены повреждена. От конечной буквы во второй строке сохранилась только правая часть. Весьма вероятно, что надпись продолжалась и далее. В слове «превися» пропущен слог «ста». Может быть, он был вставлен над строкой, но повреждения стены его могли уничтожить. Ниже, на уровне третьей строки, различима часть тонко прочерченной буквы «б» — крышка и верхняя часть кузова, однако относится ли она к данной надписи, неясно. Буквы «м», «а», «ц» с коротким хвостом имеют горизонтальные покрытия, вытянуты, петля «р» треугольная, «е» со слегка поднятым вправо язычком, «в» с округлым нижним кузовом и уменьшенным верхним — в соответствии с начертаниями, характерными для конца XIV в., рубежа XIV—XV вв. (Рождественская 2016)"
286,https://epigraphica.ru/epigraphy/inscription/show/286,1390-1410,Фрагмент молитвенной надписи,Стены церкви Николы на Липне,стена церкви,Церковь Николы на Липне,... Ѥль(ф)[е](ри)[ю],,"'Елеферию... (Господи, помоги рабу свое)му Федоту' ( )",кириллица,граффито,"Южная грань юго-восточного столба храма. Высота от уровня приступки 141 см, расстояние от левого края столба 54 см, длина 6,5 см. ( )",фрагмент (15-50%),1390–1410 ( ),,"Высота букв 2 см. В начале строки опознаются следы правой мачты буквы «м», полуразрушенные буквы «о» и «у». По-видимому, это фрагмент молитвенной формулы «(Господи помози рабу свое)му Федоту». Во фрагменте «ель» «ь» может быть прочитан и как буква «ять» с высоко поднятой перекладиной мачты и загнутыми вверх ее отростками, при таком варианте этот фрагмент может быть началом имени Елеферий. Формы букв соответствуют начертаниям, характерным для XIV в., — «а» с набухшей петлей, «ц» с коротким хвостом и широкой надстрочной частью, «ж» с высокой верхней частью, йотированный гласный «е», форма «е» с поднятым кверху язычком, «т» с длинной крышкой имеют аналогии в берестяных грамотах рубежа XIV—XV вв. (Рождественская 2016)"
287,https://epigraphica.ru/epigraphy/inscription/show/287,1300-1400,Начало слова «архиепископъ»,Стены церкви Николы на Липне,стена церкви,Церковь Николы на Липне,арх,,'архиепископ' ( ),кириллица,граффито,"Южная грань юго-восточного столба храма. Высота от уровня приступки 144 см, расстояние от левого края 16 см, длина 4 см. ( )",фрагмент (15-50%),-1400 ( ),,"Высота букв 0,8 см. Сохранившийся фрагмент состоит из трех букв, по-видимому, это начало слова «архиепископъ», которое могло появиться под влиянием находящейся чуть выше надписи о смерти архиепископа Моисея. Форма «а» с фигурной почти четвероугольной петлей, «р», «х» с изогнутыми хвостами характерны для начертаний не ранее XV в. (Рождественская 2016)"
288,https://epigraphica.ru/epigraphy/inscription/show/288,1300-1400,Фрагментированная поминальная (?) надпись,Стены церкви Николы на Липне,стена церкви,Церковь Николы на Липне,мца июл[ѧ],,'месяца июля' ( ),кириллица,граффито,"Южная грань юго-восточного столба храма. Высота от приступки 129 см, расстояние от левого края столба 24 см, длина 7 см ( )",фрагмент (15-50%),1300-1400 ( ),,"Высота букв 1-2 см. Надпись состоит из одной строки, буквы повреждены трещинами. «М» с горизонтальными плечиками, «ц» широкая с коротким хвостом, правая часть «л» изогнута, «юс малый» восстанавливается по фрагментам (Рождественская 2016)"
289,https://epigraphica.ru/epigraphy/inscription/show/289,1400-1500,"Молитвенный возглас «Господи, о Господи!»",Стены церкви Николы на Липне,стена церкви,Церковь Николы на Липне,ги҃ ѡ ги҃,,"'Господи, о Господи' ( )",кириллица,граффито,"Южная грань юго-восточного столба храма. Высота от приступки 129 см, расстояние от левого края столба 27 см, длина 14 см. ( )",целая (100%),1400-1500 ( ),,"Высота букв 2,2-3 см. Две первых буквы меньше других, могли быть сделаны другой рукой, «w» написана крупно, с высокой острой средней частью, «и» с наклонной перекладиной, формы этих букв характерны для XV в. (Рождественская 2016)"
290,https://epigraphica.ru/epigraphy/inscription/show/290,1300-1500,Фрагмент молитвенной формулы,Стены церкви Николы на Липне,стена церкви,Церковь Николы на Липне,зи раб,,"'Господи, помоги рабу своему' ( )",кириллица,граффито,"Южная грань юго-восточного столба храма. Высота от приступки 129 см, расстояние от левого края столба 55 см, длина 10 см. ( )",малый фрагмент (<15%),-1500 ( ),,"Высота букв 5 см. Остатки надписи, возможно, четырехстрочной, различимы три буквы в первой строке и одна во второй. Палеографические характеристики букв «и», «р», «а» указывают на дату до XV в. (Рождественская 2016)"
291,https://epigraphica.ru/epigraphy/inscription/show/291,1390-1410,Фрагмент молитвенной формулы,Стены церкви Николы на Липне,стена церкви,Церковь Николы на Липне,ги҃ помози,,"'Господи, помоги' ( )",кириллица,граффито,"Южная грань юго-восточного столба храма. Высота от приступки 132 см, расстояние от правого края столба 10 см, длина 10 см ( )",фрагмент (15-50%),1390-1410 ( ),,"Высота букв 1 см. Продолжалась ли эта надпись дальше, сказать трудно, поскольку плоскость стены сильно разрушена. Над «ги» — остроугольный зигзаг, по-видимому, в функции титла. «И» с косой перекладиной в верхней части мачт, «о» с «раздутой» левой частью овала, с почти вертикальной правой частью, «м» с плечиками и заостренной петлей, «з» с прямой крышкой, хвост резко уходит вправо-вниз, верхняя часть в виде незамкнутого остроугольника. Палеографические признаки указывают на время не ранее рубежа XIV—XV вв. (Рождественская 2016)"
292,https://epigraphica.ru/epigraphy/inscription/show/292,1350-1400,Фрагментированная поминальная (?) надпись,Стены церкви Николы на Липне,стена церкви,Церковь Николы на Липне,м[ц][а] но[ꙗ],,'месяца ноября' ( ),кириллица,граффито,"Южная грань юго-восточного столба храма. Высота от приступки 162 см, расстояние от правого края 27 см, длина 11 см ( )",малый фрагмент (<15%),1350-1400 ( ),,"Высота букв 0,7 см. Надпись недописана, буквы, за исключением первой «м», испорчены выбоинами, четко читаются только буквы «м», «н», «о». «М» с остроугольными плечами, от «ц» видна часть короткого хвоста, судя по остаткам, косая перекладина «н» выше средней линии мачт, йотированная «а» с перемычкой в верхней части буквы. Датировка в пределах второй половины — конца XIV в. (Рождественская 2016)"
293,https://epigraphica.ru/epigraphy/inscription/show/293,1350-1400,Надпись с вариациями сокращения слова «архиепископъ»,Стены церкви Николы на Липне,стена церкви,Церковь Николы на Липне,аре҃пъ,,"'Архиепископ, архиепископ, архиепископ... на память святого...' ( )",кириллица,граффито,"Южная грань юго-восточного столба храма. Высота от приступки 156 см, расстояние от правого края столба 17 см, длина 6 см ( )",фрагмент (15-50%),1350-1400 ( ),,"Высота букв 0,7 см. Надпись сильно попорчена выбоинами. Слева проходит вертикальная черта — часть рамки, которой обведена расположенная рядом надпись, справа — значительные выбоины. В надписи трижды повторяется в сокращенном виде слово «архиепископъ». В третьей строке еле видны «хвостики» «х», в пятой строке буквы «тго» под титлом прочерчены очень тонкими линиями. Палеография: «а» с горизонтальной крышкой и изогнутой влево мачтой, «е» с полукруглой спинкой, «р» с прямоугольной петлей, «ъ» с высокой мачтой с наклоном вправо и с петлей с изломом встречаются в почерках берестяных грамот конца XIV — начала XV вв. (Рождественская 2016)"
294,https://epigraphica.ru/epigraphy/inscription/show/294,1400-1500,"Молитва с именем, начинающимся на «Ан»",Стены церкви Николы на Липне,стена церкви,Церковь Николы на Липне,оз[и] ра,,"'Господи, помоги рабу Божию Ан...' ( )",кириллица,граффито,"Южная грань юго-восточного столба храма. Высота от приступки 143 см, расстояние от правого края столба 17—25 см, длина 12 см ( )",фрагмент (15-50%),1400-1500 ( ),,"Высота букв 0,7 см. Сохранились фрагменты двух строк, слева и справа сильные выбоины стенной поверхности. Левая мачта «м» прочерчена тонкой линией, вся буква отклонена вправо, коромысло остроугольное, «з» с плоской крышей, хвост горизонтален, с вертикальным отростком. Над буквами «бж» горизонтальное титло. Формы букв «ю» с высокой перемычкой, «ж» с сильно уменьшенной верхней частью характерны для начертаний XV в. Начальные буквы имени «Ан» позволяют предположить имена Андрей, Антоний и т.п. (Рождественская 2016)"
295,https://epigraphica.ru/epigraphy/inscription/show/295,1100-1200,Надпись о покупке ладана,Стены церкви Благовещения на Городище,стена церкви,Церковь Благовещения на Городище,(...)ак[ꙋ] (...)аи ѳамиѧна,"... [дь]аку (?) ... [д]аи (?) фемияна, [в]зт[о] ... темьян ( )",,кириллица,граффито,,с небольшими утратами (>85%),1100-1200,,"В этом граффито присутствуют сразу два обозначения ладана — тьмьянъ и фамиянъ. Первый обычен для древнерусских текстов, реализуя одну из фонетических возможностей передачи греч. ѳυμίαμα (ср. фиксируемые словарем И. И. Срезневского варианты на те-, ти-, ть-, фе- и фи-). Вариант фамиянъ встретился впервые и явно носит книжный характер. С точки зрения вокализма тьмьянъ и фамиянъ соотносятся так же, как Дьмьянъ и Дамианъ — с той разницей, что во втором случае вариант с -ами- является канонической формой имени, передающей греч. Δαμιάνος, а вариант с -ьмь- — его народной формой. Можно думать, что фамиянъ возник по данной модели путем гиперкорректного отталкивания от некнижного тьмьянъ."
296,https://epigraphica.ru/epigraphy/inscription/show/296,1100–1200,"Два имени: Кепила, Фома",Стены церкви Благовещения на Городище,стена церкви,Церковь Благовещения на Городище,Кепила Ѳо⸗,,"Кепила, Фома ( )",кириллица,граффито,,целая (100%),1100-1200,,"Имя Кепила интерпретируется как новгородское соответствие имени Цѣпила, отразившегося в названии дер. Цепилино в Костромской области, а также в фамилии Цепилин. Перед нами еще один пример, подтверждающий отсутствие в древненовгородском диалекте рефлекса второй палатализации заднеязычных не только на стыке основы и окончания, но и в корнях."
297,https://epigraphica.ru/epigraphy/inscription/show/297,1090–1110,Надпись о заключении мира на Желяни,Стены киевского Софийского собора,стена церкви,Собор св. Софии,мс҇цѧ декембрѧтворишамиръ на ЖелѧниСвѧтопълкъ Воло⸗димиръ и Ольгъ,,"4 декабря Святополк, Владимир и Олег заключили мир на Желяни",кириллица,граффито,"В южной внутренней галереи на высоте 2,15 м от уровня пола XI в. ( )",целая (100%),,,"Исследователями считается, что в граффито упоминаются Святополк Изяславич, Владимир Всеволодович Мономах и Олег Святославич. Когда именно между этими князьями был заключен 'мир на Желяни', о котором не упоминается в летописи, вопрос дискуссионный. По версии С.А. Высоцкого – в 1097 г., А.С. Щавелева – в 1093–1094 гг., Б.А. Рыбакова и В.В. Корниенко – в 1104 г."
298,https://epigraphica.ru/epigraphy/inscription/show/298,1093,Надпись о приходе Святополка Изяславича,Стены киевского Софийского собора,стена церкви,Собор св. Софии,приде,,Пришел князь Святополк ( ),кириллица,граффито,"В южной внутренней галерее на высоте 2 м от уровня пола XI в., непосредственно под надписью о мире на Желяни ( )",с небольшими утратами (>85%),,,
299,https://epigraphica.ru/epigraphy/inscription/show/299,1050-1100,Надпись о поставлении владыки,Стены киевского Софийского собора,стена церкви,Собор св. Софии,мс҇ца априлѧс҇ влд҃ка,,Месяца апреля в 9 день поставлен был владыка ( ),кириллица,граффито,"Надпись находится в главном трансепте собора на восточной плоскости второго от алтаря южного крещатого столба, на высоте 1,55 м от уровня пола XI в. ( )",целая (100%),,,"С.А. Высоцкий считал, что в граффито речь идет о возведении в сан киевского митрополита и приходит к выводу, что им был, скорее всего, Илларион, поставленный на кафедру в 1051 г."
300,https://epigraphica.ru/epigraphy/inscription/show/300,1054,Надпись о смерти Ярослава Мудрого 20 февраля 6562 (1054) г.,Стены киевского Софийского собора,стена церкви,Собор св. Софии,въ ѕ҃ ф҃ ѯ҃в҃(…),,"‘Успение нашего царя – 20 февраля 6562 года, в воскресенье, в неделю мученика Феодора’",кириллица,граффито,"Надпись находится в центральном нефе собора на третьем от алтаря южном крещатом столбе, на фреске, изображающей Пантелеймона ( )",с небольшими утратами (>85%),,,"Согласно Повести временных лет, Ярослав Владимирович умер 20 февраля 6562 г., в субботу первой недели Великого поста. Как показал Б. А. Рыбаков, сопоставление сведений летописи и софийского граффито позволяют утверждать, что смерть Ярослава наступила в ночь на воскресенье 20 февраля 1054 г. – 6562 г. по сентябрьскому счету."
301,https://epigraphica.ru/epigraphy/inscription/show/301,1076,Надпись о княжении Святослава Ярославича и выдаче им руги,Стены киевского Софийского собора,стена церкви,Собор св. Софии,д҃ лета кънѧжилъ Сватославъ,,4 года княжил Святослав. Месяца марта в 19-й день выдана руга. А в пришествие Святослава это [выдача руги] было в пятницу вербной недели. Аминь ( ),кириллица,граффито,"Надпись находится в центральном нефе, на втором от алтаря южном крещатом столбе, на высоте 1,55 м от уровня пола XI в. ( )",с утратами (50-85%),до 1110 г.,,"Вероятно граффито изначально состояло из двух частей: записи о выплате руги духовенству Софийского собора 19 марта 1076 г. и «исторического комментария» об учреждении Святославом Ярославичем руги по случаю его «пришествия» в Киев, случившееся в канун Входа Господня в Иерусалим. Первая строка – запись о четырехлетнем княжении Святослава – была добавлена после его смерти. Ее можно рассматривать как своеобразный эквивалент подсчету выплат руги: с первого дня княжения Святослава Ярославича она ежегодно выплачивалась до его смерти, т.е. всего 4 раза (Гиппиус, Дробышева 2020)."
302,https://epigraphica.ru/epigraphy/inscription/show/302,1089-1091,"Надпись о смерти Луки, епископа Белгородского",Стены киевского Софийского собора,стена церкви,Собор св. Софии,мс҇цѧ авъгоуста въс҇пъ бл҇же⸗ныи бѣлогородьскыи,,"Месяца августа в 22-й [день] преставился раб Божий Лука, епископ блаженный Белгородский",кириллица,граффито,"Надпись находится в южной галерее на столбе с древним фресковым изображением святого Онуфрия, на высоте 2,55 м от условного уровня пола XI в. ( )",целая (100%),,,"С.А. Высоцкий считал, что в граффито сообщается о смерти белгородского епископа Луки, которая, судя по логике летописных сведений, должна была произойти в период с 1089 по 1091 гг. (Высоцкий 1962). Б.А. Рыбаков больше склонялся к 1091 г. (Рыбаков 1964)"
303,https://epigraphica.ru/epigraphy/inscription/show/303,1100-1200,«Одна [тьма]» (запись числа 10 000),Стены церкви Благовещения на Городище,стена церкви,Церковь Благовещения на Городище,одина,,одна [тьма] ( ),кириллица,граффито,,с утратами (50-85%),1100-1200,,"Граффито прочитывается как 10 000 (1 × 10 000) — одина тьма, c числом 1, обозначенным словом, а не цифрой."
304,https://epigraphica.ru/epigraphy/inscription/show/304,1100-1200,Буква «в» в круге — число 20 000,Стены церкви Благовещения на Городище,стена церкви,Церковь Благовещения на Городище,в⃝,,20 000 ( ),кириллица,граффито,,целая (100%),1100-1200,,"Граффито представляет собой кириллическую запись числа 20 000, словесное обозначение которого в древнерусском языке — дъвѣ тьмѣ (2 × 10 000; напомним, что слово тьма имело значение ‘10 000’)."
305,https://epigraphica.ru/epigraphy/inscription/show/305,1100-1200,"Церковное песнопение, посвященное празднику Преполовения Пятидесятницы",Стены церкви Благовещения на Городище,стена церкви,Церковь Благовещения на Городище,праздьн[ика зако]нь⸗,,,кириллица,граффито,,целая (100%),1100-1200,,
306,https://epigraphica.ru/epigraphy/inscription/show/306,1100-1200,«Завид водил дьяков»,Стены церкви Благовещения на Городище,стена церкви,Церковь Благовещения на Городище,Завид(ъ) во⸗,Завид(ъ) во⸗ [д]ил[ъ] -(--) ѣ дьѧ⸗ кы (…) ( ),‘Завид водил … дьяков’ ( ),кириллица,граффито,,с небольшими утратами (>85%),1100-1200,,
307,https://epigraphica.ru/epigraphy/inscription/show/307,1103–[1200],Подпись к не дописанной Стырятой глаголической азбуке,Стены церкви Благовещения на Городище,стена церкви,Церковь Благовещения на Городище,а с[е] Стр[т]а бꙑло вꙑложи[л](...),,‘А это Стырята было выписал’,кириллица,граффито,,целая (100%),"А, Д, Л, Ѧ регулярно с покрытием: <1240. Правонаклонный почерк: <1200. Р IVб 'Углом вниз (прямолинейные)' 1240> (!).",,
308,https://epigraphica.ru/epigraphy/inscription/show/308,1150,Надпись 1150 г. о сооружении участка некрополя Киево-Печерского монастыря,Стены Ближних пещер Киево-Печерской лавры,стена церкви,Ближние пещеры Киево-Печерской лавры,+ въ лѣ҇т·҂ѕ҃· и ·х҃·н҃и· ископа⸗,,В 6658 (1150) году выкопали это место для положения тел схимников...,кириллица,граффито/дипинто,"Надпись обнаружена перед входом в прямоугольную крипту с тремя лежанками – крайним северным помещением открытой части лабиринта. Вход в крипту, имеющий высоту 1,2 м, оформлен в виде декоративной арочки-нишки шириной в 0,4 м. Сама нишка углублена на 6 см в толщину стены и имеет ширину 0,3 м. В ней на довольно твердом каолинизированном песчанике, хорошо поддающемся обработке, написана надпись. ( )",с утратами (50-85%),1160–1200 ( ),,"Рассматриваемое здесь граффито было расположено в самой дальней от древнего входа части этого сооружения, надо полагать, в помещении, замыкавшем анфиладу погребальных крипт конца XI – первой половины XII вв. Создание помещения, вероятно, было связано с образовавшейся к середине XII в. необходимостью расширить монастырский некрополь. Можно предположить, что и после сооружения нового погребального объема в 1150 г. и была выполнена мемориальная надпись, представленная данным граффито (Бобровский 2013)."
309,https://epigraphica.ru/epigraphy/inscription/show/309,1160–1200,Молитва с прошением о посмертном помиловании на Страшном Суде,Стены Ближних пещер Киево-Печерской лавры,стена церкви,Ближние пещеры Киево-Печерской лавры,ѡ вла⸗,,"О, Владыко Человеколюбец, Господи, Иисус Христос, не причисли нас (обоих) по левую руку (к грешным), но по правую (к праведным), когда провозгласит Архангельская труба (Твое Пришествие. Аминь)",кириллица,дипинто,"Помещение, в котором выполнена надпись, представляет собой пещерную камеру прямоугольной в плане формы, ориентированную стенками по сторонам света, длиной до 2,2 м (по оси запад–восток) и около 2 м (по оси север–юг). Камера простенками делится на три части — центральную в виде прохода шириной 0,5–0,55 м и две боковые, выполненные в виде аркосолий шириной по 0,7 м каждая. Высота помещения колеблется от 1,35 м в центре до 1,1 м по бокам... Надпись выполнена на торцевой стене центрального прохода помещения на высоте 1,1 м от современного уровня его пола... В результате новейших исследований в надписи зафиксировано 11 строк, десять из которых расположены одна над другой вертикальным столбцом на торцевой (западной) стене помещения. Левый край столбца — достаточно ровный — находится в 5 см от юго-западного угла центрального прохода, правый край — частично наползает на его северо-западный угол. Еще одна строка дипинто приписана на уровне третьей строки надписи на боковой (северной) стене помещения на высоте 0,9 м от уровня пола. Общая высота сохранившихся строк надписи составляет 70 см, наибольшая ширина 46 см (а с учетом приписки — 83 см). ( )",с утратами (50-85%),1180–1200 ( ),,"Дипинто представляет собой запись молитвенного прошения о посмертном спасении двух лиц, похороненных в крипте, где находится надпись. Текст надписи, вероятно, может рассматриваться как одна из редакций разрешительной молитвы, сложившихся в Киево-Печерском монастыре в контексте традиции, заложенной преп. Феодосием Печерским (Бобровский 2010б)."
310,https://epigraphica.ru/epigraphy/inscription/show/310,1080–1200,Надпись о гибели князя (?),Стены киевского Софийского собора,стена церкви,Собор св. Софии,мс҇цѧ маіѧ,,,кириллица,граффито,"Фреска с образом св. Кира ( ) Запись обнаружена в алтарной части Георгиевского придела на южном столбе, на высоте 1,75 см от уровня пола XI в. ( )",с утратами (50-85%),,,"В надписи не упоминается год, не сохранились указания на день события и имени утонувшего. По мнению С.А. Высоцкого и В.В. Корниенко, в надписи сообщается о смерти князя Ростислава Всеволодовича, утонувшего в Стугне 26 мая 1093 г. По мнению В.Л. Янина и Е.П. Кабанца, в граффито содержится сообщение о смерти монаха Киево-Печерского монастыря Григория, утопленного по приказу Ростислава Всеволодовича за день до его собственной смерти."
313,https://epigraphica.ru/epigraphy/inscription/show/313,1050-1110,Молитвенная надпись,Первоначальные стены Софийского собора,стена церкви,Собор св. Софии,о Ги҃ въ⸗,,"О, Господи, взгляни на меня.",кириллица,граффито,"Юго-восточный подкупольный столб, южная лопатка, восточная грань. 12 см от левого края, 89 см ниже современного пола.",целая (100%),Одноеровая орфография: (ь → ъ): <1180,"Одна надпись в восточной части собора процарапана по фресковой штукатурке 1109 г., а все остальные выполнены по первоначальной розовой штукатурке стен. Эти надписи не имеют никаких поздних датирующих признаков. Судя по всему, все они были созданы до росписи 1109 г. ( )",Раскопки Г. М. Штендера 1962–1966 гг.
314,https://epigraphica.ru/epigraphy/inscription/show/314,1050-1110,Молитва о Лазоре,Первоначальные стены Софийского собора,стена церкви,Собор св. Софии,[Ги҃] пом[о]зи,,"Господи, помоги рабу своему Лазорю.",кириллица,граффито,"Юго-восточный подкупольный столб, южная лопатка, восточная грань. 16 см от левого края, 56 см ниже современного пола.",целая (100%),,,В округлой рамке.
315,https://epigraphica.ru/epigraphy/inscription/show/315,1050-1110,Покаянная молитва о Феодоре,Первоначальные стены Софийского собора,стена церкви,Собор св. Софии,(Г)и҃ помози рабѫ своем[ѫ],,"‘Господи, помоги рабу своему Феодору грешному. Аминь’.",кириллица,граффито,"Юго-восточный подкупольный столб, южная лопатка, восточная грань. 6 см от левого края, 13 см ниже современного пола.",целая (100%),,,Орфография: ь → ъ (после шипящего).
317,https://epigraphica.ru/epigraphy/inscription/show/317,1050-1110,Криптограмма вокруг изображения креста,Первоначальные стены Софийского собора,стена церкви,Собор св. Софии,Х(-)||и||ст||а,,‘Христа’,кириллица,граффито,"По подписям на кальке В. В. Суслова надпись локализуется на северной грани северной лопатки восточного столба южного рукава креста, то есть в западной части дьяконника собора.",с небольшими утратами (>85%),,,
318,https://epigraphica.ru/epigraphy/inscription/show/318,1050-1110,Надпись со словом «аминь»,Первоначальные стены Софийского собора,стена церкви,Собор св. Софии,амин,,Аминь.,кириллица,граффито,"По подписям на кальке В. В. Суслова надпись локализуется на северной грани северной лопатки восточного столба южного рукава креста, то есть в западной части дьяконника собора.",целая (100%),,,
319,https://epigraphica.ru/epigraphy/inscription/show/319,1050-1110,Молитвенная надпись,Первоначальные стены Софийского собора,стена церкви,Собор св. Софии,Ги҃ пози,,"Помоги, Господи!",кириллица,граффито,"По подписям на кальке В. В. Суслова надпись локализуется на северной грани северной лопатки восточного столба южного рукава креста, то есть в западной части дьяконника собора.",целая (100%),,,В слове по<мо>зи пропущен второй слог.
320,https://epigraphica.ru/epigraphy/inscription/show/320,1050-1110,Подпись к изображению креста,Первоначальные стены Софийского собора,стена церкви,Собор св. Софии,Ις҃|im.|Χρη⸗|im.|κα,,‘Иисус Христос побеждает’,греческий,граффито,"По подписям на кальке В. В. Суслова надпись локализуется на северной грани северной лопатки восточного столба южного рукава креста, то есть в западной части дьяконника собора.",целая (100%),,,"Над 1-ым словом стоит два титла: и над 1-ой, и над 2-ой буквой."
321,https://epigraphica.ru/epigraphy/inscription/show/321,1060–1160,Надпись о смерти и погребении неизвестного,Стены киевского Софийского собора,стена церкви,Собор св. Софии,мс҇ѧ,,"Месяца октября в 19-е умер, а 20-го погребен",кириллица,граффито,Фреска с образом св. Кира ( ) Алтарная часть Георгиевского придела на южном столбе ( ),с утратами (50-85%),конец XI – начало XII в. ( ),,"По мнению В. В. Корниенко, в надписи сообщается о смерти и погребении князя Игоря Ольговича (ум. 19 сентября 1146 г.) (см. Корниенко 2008б, Корниенко 2010а). Расхождения в дате указанных в источниках событий не позволяют согласиться с этим предположением."
322,https://epigraphica.ru/epigraphy/inscription/show/322,1050-1110,Покаянная надпись Василя,Первоначальные стены Софийского собора,стена церкви,Собор св. Софии,охъ тъщьно дш҃⸗,,"Ох, тошно грешной душе. Василь писал. ( )",кириллица,граффито,"По подписям на кальке В. В. Суслова надпись локализуется на северной грани северной лопатки восточного столба южного рукава креста, то есть в западной части дьяконника собора.",целая (100%),,,В рамке с прямыми углами. В прилагательном грѣ<шь>нѣ пропущен второй слог.
323,https://epigraphica.ru/epigraphy/inscription/show/323,1050-1110,Надпись с притяжательной формой имени Техно (?),Первоначальные стены Софийского собора,стена церкви,Собор св. Софии,Тѣхъ⸗,,,кириллица,граффито,"По подписям на кальке В. В. Суслова надпись локализуется на северной грани северной лопатки восточного столба южного рукава креста, то есть в западной части дьяконника собора.",с небольшими утратами (>85%),,,"Последняя буква, возможно, недописана."
324,https://epigraphica.ru/epigraphy/inscription/show/324,1050-1110,Молитва и автограф Ката (?),Первоначальные стены Софийского собора,стена церкви,Собор св. Софии,Ги҃ поможи рабꙛ сомѭ,,"Господи, помоги рабу своему. Писал Кат (?).",кириллица,граффито,"Предположительно, восточный столб южного рукава креста.",с небольшими утратами (>85%),,,"Выделяется неаккуратным почерком и содержит целый ряд нарушений графических и языковых стандартов: смешение ѫ и ѭ, пропуск в и е в сомѭ, ж вместо з в поможи."
325,https://epigraphica.ru/epigraphy/inscription/show/325,1050-1110,Надпись с именем Георгий,Первоначальные стены Софийского собора,стена церкви,Собор св. Софии,Геор|im.|[ь]ги,,Георгий.,кириллица,граффито,"Юго-восточный подкупольный столб, южная лопатка, южная грань.",целая (100%),,,"Справа от 4-ой буквы надписи имеется разрыв, объясняющийся находящимся здесь изображением (возможно, низом креста)."
326,https://epigraphica.ru/epigraphy/inscription/show/326,1050-1110,Надпись с именем Курил,Первоначальные стены Софийского собора,стена церкви,Собор св. Софии,Курилъ,,Курил (имя).,кириллица,граффито,"Юго-восточный подкупольный столб, южная лопатка, южная грань.",целая (100%),,,В прямоугольной рамке.
327,https://epigraphica.ru/epigraphy/inscription/show/327,1050-1110,Автограф Лавряты,Первоначальные стены Софийского собора,стена церкви,Собор св. Софии,Лавьр[ѧт]а ѱ҃ъ,,Лаврята писал.,кириллица,граффито,"Юго-восточный подкупольный столб, южная лопатка, южная грань.",целая (100%),,,
328,https://epigraphica.ru/epigraphy/inscription/show/328,1050-1110,Автограф Луки Кузмича,Первоначальные стены Софийского собора,стена церкви,Собор св. Софии,Лоука ѱ,,Лука Кузмич писал.,кириллица,граффито,"Юго-восточный подкупольный столб, южная лопатка, южная грань.",целая (100%),,,
329,https://epigraphica.ru/epigraphy/inscription/show/329,1050-1110,Надпись о свадьбе некого лица с дочерью Стрыенега,Первоначальные стены Софийского собора,стена церкви,Собор св. Софии,С-ѫр- сѧ о⸗,,"… женился, а взял в жены дочь Стрыенега. Помоги ему Бог. ( )",кириллица,граффито,"Юго-восточный подкупольный столб, южная лопатка, южная грань.",с небольшими утратами (>85%),,,
330,https://epigraphica.ru/epigraphy/inscription/show/330,1050-1110,Автограф Георгия,Первоначальные стены Софийского собора,стена церкви,Собор св. Софии,Ге[о]ргие,,Георгий писал.,кириллица,граффито,"Юго-восточный подкупольный столб, южная лопатка, южная грань.",целая (100%),,,Орфография: конечный /jь/ → е.
331,https://epigraphica.ru/epigraphy/inscription/show/331,1050-1110,Автограф кормчего (?),Первоначальные стены Софийского собора,стена церкви,Собор св. Софии,кърмъ⸗,,,кириллица,граффито,"Юго-восточный подкупольный столб, южная лопатка, южная грань.",целая (100%),,,"Одноеровая орфография: (ь → ъ, 2×)."
332,https://epigraphica.ru/epigraphy/inscription/show/332,1050-1110,Ламентация варяга (?),Первоначальные стены Софийского собора,стена церкви,Собор св. Софии,охъ тъщъно ст҃ѧ,,"‘Ох, тошно, святая Богородица, варягу ...’",кириллица,граффито,"Юго-восточный подкупольный столб, южная лопатка, южная грань.",целая (100%),,,"По-видимому, граффито не было окончено. Орфография: ь → ъ (после шипящего). Первые четыре буквы 2-ой строки наведены двойным контуром, б – увеличенного размера. Первые две буквы надписи написаны на некотором расстоянии друг от друга из-за начертанной между ними вертикальной черты. 2-ая строка начинается правее 1-ой либо из-за той же вертикальной черты, либо из-за расположенного левее изображения креста."
333,https://epigraphica.ru/epigraphy/inscription/show/333,1050-1110,Автограф Стефана,Первоначальные стены Софийского собора,стена церкви,Собор св. Софии,Стефанъ пъсалъ,,‘Стефан писал’.,кириллица,граффито,"Юго-восточный подкупольный столб, южная лопатка, южная грань.",целая (100%),,,Для написания 2-ой буквы в слове пъсалъ петля и горизонтальный отворот приписаны к верхней лопасти начертанного здесь ранее креста. Одноеровая орфография: (ь → ъ).
334,https://epigraphica.ru/epigraphy/inscription/show/334,1050-1110,Автограф Пантелеимона,Первоначальные стены Софийского собора,стена церкви,Собор св. Софии,Панте⸗,,Пантелеимон писал.,кириллица,граффито,"Юго-восточный подкупольный столб, южная лопатка, южная грань.",с небольшими утратами (>85%),,,В прямоугольной рамке.
335,https://epigraphica.ru/epigraphy/inscription/show/335,1050-1110,Автограф Никулы,Первоначальные стены Софийского собора,стена церкви,Собор св. Софии,[Ни]к[о]ула,,Никула писал.,кириллица,граффито,"Юго-восточный подкупольный столб, южная лопатка, южная грань.",целая (100%),,,
336,https://epigraphica.ru/epigraphy/inscription/show/336,1050-1110,Автограф Василя,Первоначальные стены Софийского собора,стена церкви,Собор св. Софии,Васи[л](ь),,Василь писал.,кириллица,граффито,"Юго-восточный подкупольный столб, южная лопатка, южная грань.",целая (100%),,,
337,https://epigraphica.ru/epigraphy/inscription/show/337,1050-1110,Автограф Кузьмы,Первоначальные стены Софийского собора,стена церкви,Собор св. Софии,Кꙋзьма ѱалъ,,Кузьма писал.,кириллица,граффито,"Юго-восточный подкупольный столб, южная лопатка, южная грань.",целая (100%),"Вероятно, до росписи 1109 г.",,
339,https://epigraphica.ru/epigraphy/inscription/show/339,1120-1140,Стихира из службы мчч. Кирику и Иулитте 15 июля,Стены Михайловской церкви,стена церкви,Михайловская церковь (Юрьева божница),трълетънотрꙑ‎да(нии) (...)съ[вꙑш](е) (...)Тво[рит](елъ) (...),,"(Кирик) трехлетний (возможно, переосмыслено как: на протяжении трех лет) Троиц[у проповедовал], кормимый молоком, подкреплял мать (Иулитту): Прекрати, мать [моя], [слезные] рыдания, свыше Творец [смотрит]...",кириллица,граффито,"южная стена апсиды, 43 см от современного пола ( )",с утратами (50-85%),"1100-1180, предпочтительно 1120-1140 ( )",,
340,https://epigraphica.ru/epigraphy/inscription/show/340,1050-1110,Автограф Побрата,Первоначальные стены Софийского собора,стена церкви,Собор св. Софии,Побратъ ѱ҃,,Побрат писал. Слава Тебе ...,кириллица,граффито,"Юго-восточный подкупольный столб, восточная лопатка, восточная грань. Расстояние до современного пола около 44 см, расстояние до левого края 43 см.",с утратами (50-85%),,,Высокая буква т в первой строке.
341,https://epigraphica.ru/epigraphy/inscription/show/341,1050-1110,Надпись с упоминанием праздника Ивана Купалы,Первоначальные стены Софийского собора,стена церкви,Собор св. Софии,на Коупалиѧ,,На [Ивана] Купалу.,кириллица,граффито,"Юго-восточный подкупольный столб, восточная лопатка, восточная грань. Расстояние до современного пола около 45 см, расстояние до левого края 67 см.",с небольшими утратами (>85%),,,
342,https://epigraphica.ru/epigraphy/inscription/show/342,1050-1110,Надпись с заимствованным речением («куни рони»),Первоначальные стены Софийского собора,стена церкви,Собор св. Софии,(к)оуни рони,,,кириллица,граффито,"Юго-восточный подкупольный столб, восточная лопатка, восточная грань. 17 см от левого края, 22 см ниже современного пола.",с небольшими утратами (>85%),,,
343,https://epigraphica.ru/epigraphy/inscription/show/343,1050-1110,Надпись о рукоположении некоего лица,Первоначальные стены Софийского собора,стена церкви,Собор св. Софии,-(-)[л]ъкошѫ,,…лкошу поставили (рукоположили) в четвертое воскресенье после Воздвижения. ( ),кириллица,граффито,"Юго-восточный подкупольный столб, восточная лопатка, южная грань. 4 см от левого края, 36 см ниже современного пола.",с утратами (50-85%),,,"В рамке с тремя прямыми углами и закруглением слева вверху. Оформление: зеркальная буква н (4-ая строка). Описки и исправления: буква ц в конце 2-ой строки относится к слову ц|четврь|тѫѫ, однако «повторена» в начале третьей строки в виде ч, то есть с исправлением диалектного эффекта цоканья. Орфография: Ѫ = <у> и <ю>; стяжение *ьji → и ([В]ъздвиже|н[и])."
344,https://epigraphica.ru/epigraphy/inscription/show/344,1050-1110,Автограф Петра,Первоначальные стены Софийского собора,стена церкви,Собор св. Софии,Петръ : псал҇,,,кириллица,граффито,"Юго-восточный подкупольный столб, восточная лопатка, восточная грань. 35 см от левого края, 23 см ниже современного пола.",целая (100%),,,
348,https://epigraphica.ru/epigraphy/inscription/show/348,1050-1110,"Автограф Тудорка, написанный во время службы Коленопреклонения",Первоначальные стены Софийского собора,стена церкви,Собор св. Софии,на пр[е](кло)нен[ие],,Во время коленопреклонения … писал Тудорко. ( ),кириллица,граффито,"Юго-восточный подкупольный столб, восточная лопатка, восточная грань. 78 см от левого края, 59 см ниже современного пола.",с утратами (50-85%),,,Орфография: Запись через е рефлекса *tert (пре-).
349,https://epigraphica.ru/epigraphy/inscription/show/349,1050-1110,Надпись с упоминанием епископа Кипрского Палладия,Первоначальные стены Софийского собора,стена церкви,Собор св. Софии,Паладии епископъ,,"Палладий, епископ Кипрский.",кириллица,граффито,"Юго-восточный подкупольный столб, восточная лопатка, восточная грань. 52 см от левого края, 26 см ниже современного пола.",с небольшими утратами (>85%),,,"Малые инициалы прь (2-ая строка). Описки и исправления: Второе и в слове Паладии – маленькое, приписано к верхней части следующего е (по-видимому, сначала буква была пропущена, т. е. читалось Палади епископъ)."
350,https://epigraphica.ru/epigraphy/inscription/show/350,1050-1110,Молитвенная надпись,Первоначальные стены Софийского собора,стена церкви,Собор св. Софии,ⱄⱂ҃ⱄⰹ,,Спаси!,глаголица,граффито,"Юго-восточный подкупольный столб, восточная лопатка, южная грань. 92 см от левого края, 46 см ниже современного пола.",с небольшими утратами (>85%),,,
351,https://epigraphica.ru/epigraphy/inscription/show/351,1050-1110,Надпись с заимствованным речением («куни рони»),Первоначальные стены Софийского собора,стена церкви,Собор св. Софии,кюни ро⸗,,,кириллица,граффито,"Юго-восточный подкупольный столб, восточная лопатка, южная грань. 72 см от левого края, 47 см ниже современного пола.Надпись с заимствованным речением.",целая (100%),,,
352,https://epigraphica.ru/epigraphy/inscription/show/352,1050-1110,Молитвенная надпись,Первоначальные стены Софийского собора,стена церкви,Собор св. Софии,,,Спаси!,глаголица,граффито,"Юго-восточный подкупольный столб, восточная лопатка, южная грань. 88 см от левого края, 44 см ниже современного пола.",с небольшими утратами (>85%),,,
353,https://epigraphica.ru/epigraphy/inscription/show/353,1050-1110,Автограф Кулотки и инициал,Первоначальные стены Софийского собора,стена церкви,Собор св. Софии,Текст 1:Текст 2:Т(?)или:Г(?),,Кулотка писал.,кириллица,граффито,"Юго-восточный подкупольный столб, восточная лопатка, южная грань. 3 см от левого края, 50 см ниже современного пола.",с утратами (50-85%),,,"Текст 2 находится справа от текста 1. Текст 2 — крупный инициал со сложным плетением. Тексты 1 и 2 обведены общей овальной рамкой. Рамку надписи венчает изображение храма с шлемовидными куполами. Рисунок мог быть выполнен той же рукой, что надпись и инициал. Инициал не поддается однозначной идентификации из-за плохой сохранности. Возможно, это была буква т или г ."
354,https://epigraphica.ru/epigraphy/inscription/show/354,1050-1110,"Инципиты стихов из Псалтири с указанием номеров гласов, на которые они должны исполняться",Первоначальные стены Софийского собора,стена церкви,Собор св. Софии,помѧни Ги҃ Д :д҃:,,"Помяни, Господи, Давида... [Пс. 131: 1] — третий. Помяни сынов твоих... [Пс. 73: 2] — первый. Праведник... [Пс. 91: 13] — первый. Услышь, дочь... [Пс. 148: 2] — восьмой. Хвалите... [Пс. 44: 11] — первый. Блаже ...",кириллица,граффито,"Юго-восточный подкупольный столб, восточная лопатка, южная грань. 10 см от левого края, 42 см ниже современного пола.",с небольшими утратами (>85%),,,"Бытовая орфография: ъ → о 3× (или 4×), е → ь 1/2. Описки и исправления: буква т в 5-ой строке выполнена по ошибке вме-сто л."
355,https://epigraphica.ru/epigraphy/inscription/show/355,1050-1110,Автограф Петрилы и подпись к изображению креста,Первоначальные стены Софийского собора,стена церкви,Собор св. Софии,text 2|im.|ст҃ъни҃|im.|ка҃text 2Петрило ѱ|im.|пълъ,,Иисус Христос победил. Петрило писал.,кириллица,граффито,"Юго-восточный подкупольный столб, восточная лопатка, южная грань. 34 см от левого края, 47 см ниже современного пола.",целая (100%),,,"Надпись глубоко вырезана. Строки текста 1 приписаны сверху и снизу от перекладины креста, а текст 2 начинается справа от его правой лопасти. В центре текста 1 изображен четырехконечный крест. Между буквами ѱ и п в тексте 2 изображен второй четырехконечный крест, меньшего размера. Оформление: в тексте 1 — четыре длинных титла, которые покрывают все буквы: исхс, стъ, ни и ка. Удвоенная буква с в слове Хсст҃ъ в тексте 1 и странная форма ѱпълъ <пьсалъ> в тексте 2 объясняются расположением и двух с, и ѱ с п по разные стороны от изображений крестов. Данный эффект напоминает удвоение буквы согласного при переносе, отмечаемое в ряде берестяных грамот домонгольского времени."
356,https://epigraphica.ru/epigraphy/inscription/show/356,1050-1110,Перечень имен,Первоначальная штукатурка новгородского Софийского Собора,стена церкви,Собор св. Софии,Мѣстѧта-роу-а(---),,"‘Местята, Яруга (?), Люха (?), Малята (?)’",кириллица,граффито,"Юго-восточный подкупольный столб, восточная лопатка, южная грань. 11 см от левого края, 62 см ниже современного пола. ( )",с утратами (50-85%),,,"Оба имени во 2-ой строке написаны почерками, отличными от почерка 1-ой строки."
357,https://epigraphica.ru/epigraphy/inscription/show/357,1050-1110,Молитвенная надпись,Первоначальные стены Софийского собора,стена церкви,Собор св. Софии,[ⱉ Ⰳ]ⰻ҃ ⱄⱂ҃ⱄⰻ ⰿⱑ,,"О Господи, спаси меня.",глаголица,граффито,"Юго-восточный подкупольный столб, восточная лопатка, южная грань. 47 см от левого края, 57 см ниже современного пола.",с утратами (50-85%),,,
358,https://epigraphica.ru/epigraphy/inscription/show/358,1050-1110,Надпись с упоминанием имени Курил,Первоначальные стены Софийского собора,стена церкви,Собор св. Софии,Ⰽⱆⱃⰻⰾⱏ,,Курил ... (?),глаголица,граффито,"Юго-восточный подкупольный столб, восточная лопатка, южная грань. 73 см от левого края, 64 см ниже современного пола.",с утратами (50-85%),,,
359,https://epigraphica.ru/epigraphy/inscription/show/359,1050-1110,"Надпись, содержащая первые буквы глаголической азбуки",Первоначальные стены Софийского собора,стена церкви,Собор св. Софии,ⰰ ⰱ ⰴ,,,глаголица,граффито,"Юго-восточный подкупольный столб, восточная лопатка, южная грань. 74 см от левого края, 67 см ниже современного пола.",целая (100%),,,Справа от буквы д (д) процарапана кириллическая буква к.
360,https://epigraphica.ru/epigraphy/inscription/show/360,1050-1110,Молитвенная надпись о спасении христиан и проклятии еретиков,Первоначальные стены Софийского собора,стена церкви,Собор св. Софии,о Ги҃ помилоуи,,"О, Господи, помилуй христиан, а еретиков прокляни. ( )",кириллица,граффито,"Юго-восточный подкупольный столб, восточная лопатка, южная грань. 77 см от левого края, 94 см ниже современного пола.",с небольшими утратами (>85%),,,
361,https://epigraphica.ru/epigraphy/inscription/show/361,1040-1050,Надпись с буквой «а»,Первоначальные стены Софийского собора,стена церкви,Собор св. Софии,а,,,кириллица,граффито,"Стена алтарной апсиды. 98 см от правого края, 20 см ниже современного пола.",целая (100%),,,Граффито выполнено по сырой штукатурке.
362,https://epigraphica.ru/epigraphy/inscription/show/362,1050-1110,Надпись с именем Елена или словом «олень»,Первоначальные стены Софийского собора,стена церкви,Собор св. Софии,елен(-),,,кириллица,граффито,"Северо-восточный подкупольный столб, восточная лопатка, восточная грань (северный проход в центральную апсиду, западная сторона). 34 см от правого края, 25 см ниже современного пола.",с небольшими утратами (>85%),,,
363,https://epigraphica.ru/epigraphy/inscription/show/363,1050-1110,Автограф Наслава (?),Первоначальные стены Софийского собора,стена церкви,Собор св. Софии,(-)-[а]с[ла]въ п[ь]салъ,,Писал Наслав (?).,кириллица,граффито,"Северо-восточный подкупольный столб, южная лопатка, южная грань. 11 см от левого края, 70 см ниже современного пола.",с утратами (50-85%),,,"Описки и исправления: 1-ая буква ъ исправлена из е. Буква ь, вероятно, исправлена из а, чем можно объяснить ее как будто зеркальное начертание."
364,https://epigraphica.ru/epigraphy/inscription/show/364,1050-1110,Надпись с именем Лука,Первоначальные стены Софийского собора,стена церкви,Собор св. Софии,Лѫка,,Лука.,кириллица,граффито,"Северо-восточный подкупольный столб, южная лопатка, южная грань. 16 см от левого края, 42 см ниже современного пола.",целая (100%),,,
365,https://epigraphica.ru/epigraphy/inscription/show/365,1050-1110,Автограф Ивана,Первоначальные стены Софийского собора,стена церкви,Собор св. Софии,Ива⸗,,Иван писал.,кириллица,граффито,"Северо-восточный подкупольный столб, южная лопатка, южная грань. 20 см от левого края, 64 см ниже современного пола.",целая (100%),"До [1180], предпочт. до [1140]. Графика: ь → ъ <1180 (<1140); «петли ъ, ь, б часто под строкой» <1220 (<1160), в 1 «нижняя петля углом вперед» <1180, в 2 «петля выступает под строку» <1220, ъ 3 «выступ вправо вверху» (<1200).",,Одноеровая орфография: ь → ъ. 4-ая строка приписана слева от 3-ей.
366,https://epigraphica.ru/epigraphy/inscription/show/366,1045-1050,Автограф Микулы,Первоначальные стены Софийского собора,стена церкви,Собор св. Софии,Микоула,,Микула писал.,кириллица,граффито,"Северо-восточный подкупольный столб, южная лопатка, южная грань. 16 см от левого края, 74 см ниже современного пола.",целая (100%),,,"Одноеровая орфография: ь → ъ. Надпись в прямоугольной рамке, нижняя линия которой утрачена или не была прочерчена"
367,https://epigraphica.ru/epigraphy/inscription/show/367,1050-1110,Автограф Вячеслава,Первоначальные стены Софийского собора,стена церкви,Собор св. Софии,Вѧчеславъ пьсалъ,,Писал Вячеслав.,кириллица,граффито,"Северо-восточный подкупольный столб, южная лопатка, южная грань. 11 см от левого края, 68 см ниже современного пола.",с небольшими утратами (>85%),,,
368,https://epigraphica.ru/epigraphy/inscription/show/368,1050-1110,Автограф Петра,Первоначальные стены Софийского собора,стена церкви,Собор св. Софии,Петръ п[с҇л]ъ,,Писал Петр.,кириллица,граффито,"Северо-восточный подкупольный столб, восточная лопатка, восточная грань (северный проход в центральную апсиду, западная сторона). 42 см от правого края, 46 см ниже современного пола.",с утратами (50-85%),,,
370,https://epigraphica.ru/epigraphy/inscription/show/370,1050-1110,"Молитва о Бегше, Борьке, Глебке и Безьке",Первоначальные стены Софийского собора,стена церкви,Собор св. Софии,Ги҃ помози рабѫ сво⸗,,"Господи, помоги рабу своему: Бегше, Борьке, Глебку, Безьке.",кириллица,граффито,"Наос, западная стена, центральный продольный неф, севернее центрального входа из западной галереи, 51 см от правого края, 20 см ниже современного пола.",с небольшими утратами (>85%),"До [1180], предпочтительно до [1120]. Графика: ѫ <1240; «петли ъ, ь, б, ѣ обычно маленькие» <1180, «петли ъ, ь, б часто под строкой» <1220 (<1160), «правонаклонный почерк» <1200, к IV «зигзаг» 1380> (!), з Iа «право-наклонные (перелом)» <1340 (<1120 и <1200); р Iа «округлая петля (прямая мачта)» <1360 (<1320); язык: редуцированные сохранены <1220. Зигзагообразный правый нижний штрих буквы к встречен в нашей надписи три раза из трех.",,"В рамке с прямыми углами и скругленным углом слева внизу. Наибольший лингвистический интерес представляет к перед - ѣ в Д. ед. Борькѣ , Безькѣ , а также окончание - ѣ (а не - и ) в Д. ед. мягкого склонения Бѣгъшѣ ."
371,https://epigraphica.ru/epigraphy/inscription/show/371,1125-1175,Запись «В среду во второй день»,Стены Михайловской церкви,стена церкви,Михайловская церковь (Юрьева божница),во середоу во в [д],,‘В среду во второй день’ ( ),кириллица,граффито,южная стена апсиды ( ),с небольшими утратами (>85%),Вторая-третья четверти XII в. ( ),,
372,https://epigraphica.ru/epigraphy/inscription/show/372,1100-1300,Владельческая надпись Теха,Корчага Теха,амфора-корчага,Поселение Феофания-2,Теше,,‘Техово (т. е. принадлежащее Теху) [вино]’ ( ),кириллица,граффито,,целая (100%),,,
373,https://epigraphica.ru/epigraphy/inscription/show/373,1050-1110,Молитва о Михаиле,Первоначальные стены Софийского собора,стена церкви,Собор св. Софии,Ги҃ п[о]мози рабоу,,"Господи, помоги рабу своему Михаилу.",кириллица,граффито,"Наос, южная стена, лопатка напротив западного столба южного рукава креста, северная грань. 50 см от правого края, чуть ниже современного пола.",с небольшими утратами (>85%),"До [1200]. А 7 «удлиненная спинка» <1200 или 1420>, в IIб «перелом, не касающийся мачты» <1400 (<1340), в 3б «верх шире низа» <1320 (<1220), оу Iб «обычное о (о и у сближены)» (<1300), х 2 «только правая верхняя засечка» (<1240 или 1360>), ъ 3 «выступ вправо вверху» (<1200). Р II «углом вверх» <1380 (<1280).",,"Верхняя часть 1-ой строки почти скрыта перекрытиями пола, постеленного в 1993 г."
374,https://epigraphica.ru/epigraphy/inscription/show/374,1050-1110,Надпись с именем Дмитр,Первоначальные стены Софийского собора,стена церкви,Собор св. Софии,Доми[т]рь,,Дмитр.,кириллица,граффито,"Наос, южная стена, лопатка напротив западного столба южного рукава креста, северная грань.",с утратами (50-85%),,,"Полностью скрыта перекрытиями пола, постеленного в 1993 г. Бытовая орфография: ъ → о."
375,https://epigraphica.ru/epigraphy/inscription/show/375,1050-1110,Автограф Мины,Первоначальные стены Софийского собора,стена церкви,Собор св. Софии,Мина,,Писал Мина.,кириллица,граффито,"Наос, южная стена, лопатка напротив западного столба южного рукава креста, северная грань. На уровне современного пола.",целая (100%),,,"Скрыта перекрытиями пола, постеленного в 1993 г. Вероятно, надпись выполнена тем же, кто изобразил слева от нее равноконечный четырехконечный крест с кружками в средокрестии, на концах лопастей и между лопастями."
376,https://epigraphica.ru/epigraphy/inscription/show/376,1050-1110,Автограф Офрема,Первоначальные стены Софийского собора,стена церкви,Собор св. Софии,Офрьмъ пьс[а]л[ъ],,Писал Офрем.,кириллица,граффито,"Западный столб южного рукава креста, южная лопатка, южная грань. 23 см от левого края, чуть ниже современного пола.",с утратами (50-85%),Использование бытовой орфографии делает предпочтительной датировку надписи временем не ранее XII в.,,Бытовая орфография: ѣ → ь.
377,https://epigraphica.ru/epigraphy/inscription/show/377,1050-1110,Молитва о Петре,Первоначальные стены Софийского собора,стена церкви,Собор св. Софии,Ги҃ [п]ом[о]зи ра своемоу,,"Господи, помоги рабу своему Петру.",кириллица,граффито,"Западный столб южного рукава креста, южная лопатка, южная грань. 16 см от левого края, 6 см ниже современного пола.",с утратами (50-85%),,,"Скрыта перекрытиями пола, постеленного в 1993 г. Вероятно, надпись выполнена тем же, кто изобразил слева от нее равноконечный четырехконечный крест с кружками в средокрестии, на концах лопастей и между лопастями."
378,https://epigraphica.ru/epigraphy/inscription/show/378,1050-1110,Надпись о смерти Исая из церкви святого Власия,Первоначальные стены Софийского собора,стена церкви,Собор св. Софии,мс҇цѧ октѧбрѧ ·дї·,,"14 октября преставился раб божий Исай (?), из [клира церкви] святого Власия.",кириллица,граффито,"Западный столб южного рукава креста, южная лопатка, южная грань. Ок. 20 см от левого края, на уровне современного пола.",с небольшими утратами (>85%),До [1180] (предпочт. до [1120]).,,
379,https://epigraphica.ru/epigraphy/inscription/show/379,1050-1110,Автограф Немира,Первоначальные стены Софийского собора,стена церкви,Собор св. Софии,ѱ Не|im.|миръ,,Немир писал.,кириллица,граффито,"Западный столб южного рукава креста, южная лопатка, южная грань. 63 см от левого края, 11 см ниже современного пола.",с небольшими утратами (>85%),,,Рядом изображение четырехконечного креста на голгофе.
380,https://epigraphica.ru/epigraphy/inscription/show/380,1050-1110,"Надпись неизвестного назначения со словами «лаирогы вредея» (скорее всего, заклинательная)",Первоначальные стены Софийского собора,стена церкви,Собор св. Софии,лаирогꙑ,,,кириллица,граффито,"Западный столб южного рукава креста, южная лопатка, южная грань. 32 см от левого края, 28 см ниже современного пола.",целая (100%),,,"В прямоугольной рамке. Зеркальные буквы а и ъ (в составе ꙑ). Над левой частью надписи находится криптограмма на основе наложенных друг на друга букв б и о, которые повернуты на 90° (б – по часовой стрелке). «Над» петлей б (то есть справа от нее) двойным контуром прочеречена Λ-образная фигура (если воспринимать ее тоже как повернутую на 90° по часовой стрелке), а внутри петли – буква н (?) и неясный знак «над» нею. Путем добавления нескольких дополнительных линий криптограмме придан вид человеческого лица, как будто искривленного гримасой (в частности, были добавлены два штриха внизу для изображения шеи)."
381,https://epigraphica.ru/epigraphy/inscription/show/381,1050-1110,Автограф Местяты Жабцевича (?),Первоначальные стены Софийского собора,стена церкви,Собор св. Софии,МѣстѧтаЖ[а]бъчевичъ,,Местята Жабцевич (?) писал.,кириллица,граффито,"Западный столб южного рукава креста, южная лопатка, южная грань. 14 см от левого края, 39 см ниже уровня современного пола.",с небольшими утратами (>85%),"До [1180], предпочт. до [1140].",,"Одноеровая орфография: ь → ъ, 2× и 1× – после шипящего."
383,https://epigraphica.ru/epigraphy/inscription/show/383,1050-1110,Монограмма имени Даньша,Первоначальные стены Софийского собора,стена церкви,Собор св. Софии,,,‘Даньша’ (см. комментарий),кириллица,граффито,"Западный столб южного рукава креста, южная лопатка, южная грань. 8 см от левого края, на уровне современного пола.",с небольшими утратами (>85%),,,"Монограмма на основе буквы ш. Содержит также буквы н, ь, а и, вероятно, д (слева)."
384,https://epigraphica.ru/epigraphy/inscription/show/384,1050-1110,Автограф Николы,Первоначальные стены Софийского собора,стена церкви,Собор св. Софии,Никола ѱъл[ъ],,Никола писал.,кириллица,граффито,"Западный столб южного рукава креста, южная лопатка, южная грань. 88 см от левого края, чуть ниже современного пола.",с небольшими утратами (>85%),,,"Буквы ко частично выполнены по камню кладки, который здесь выступает из обмазки."
385,https://epigraphica.ru/epigraphy/inscription/show/385,1050-1110,Автограф Стефана с упоминанием праздника святых мучеников Маккавеев,Первоначальные стены Софийского собора,стена церкви,Собор св. Софии,[С]тефа[н]ъ пъ⸗,,Стефан писал на [память святых] Маккавеев. ( ),кириллица,граффито,"Западный столб южного рукава креста, южная лопатка, южная грань. 50 см от левого края, 64 см ниже современного пола.",с утратами (50-85%),"До [1180], предпочт. до [1140]. Графика: ь → ъ <1180 (<1140).",,Чуть левее и чуть выше данного граффито процарапаны два изображения Христа (?). Одноеровая орфография: ь → ъ. Замена ѣ → е.
386,https://epigraphica.ru/epigraphy/inscription/show/386,1050-1110,"Возможно, надпись содержит имя Вышко",Первоначальные стены Софийского собора,стена церкви,Собор св. Софии,-ꙑ(---),,,кириллица,граффито,"Западный столб южного рукава креста, южная лопатка, южная грань. 56 см от левого края, 38 см ниже современного пола.",малый фрагмент (<15%),,,Буквы 1-ой строки приблизительно в полтора раза выше букв 2 ой строки.
387,https://epigraphica.ru/epigraphy/inscription/show/387,1050-1110,Надпись с числом «53»,Первоначальные стены Софийского собора,стена церкви,Собор св. Софии,·н҃·г҃,,53.,кириллица,граффито,"Западный столб южного рукава креста, южная лопатка, южная грань. 36 см от левого края, 63 см ниже уровня современного пола.",с утратами (50-85%),,,Чуть левее и чуть выше данного граффито процарапаны два изображения Христа (?). Одноеровая орфография: ь → ъ. Замена ѣ → е.
388,https://epigraphica.ru/epigraphy/inscription/show/388,1050-1110,Молитвенная надпись,Первоначальные стены Софийского собора,стена церкви,Собор св. Софии,Ги҃ пом[о]⸗,,"Господи, помоги рабу ...",кириллица,граффито,"Западный столб южного рукава креста, южная лопатка, южная грань. 87 см от левого края, 13 см ниже современного пола.",с утратами (50-85%),,,
389,https://epigraphica.ru/epigraphy/inscription/show/389,1050-1110,Надпись с буквами «жо»,Первоначальные стены Софийского собора,стена церкви,Собор св. Софии,жо,,,кириллица,граффито,"Западный столб южного рукава креста, южная лопатка, южная грань. 8 см от левого края, 22 см ниже современного пола.",целая (100%),,,
390,https://epigraphica.ru/epigraphy/inscription/show/390,1050-1110,Надпись с буквами «ла»,Первоначальные стены Софийского собора,стена церкви,Собор св. Софии,ла,,,кириллица,граффито,"Западный столб южного рукава креста, южная лопатка, южная грань. 55 см от левого края, 58 см ниже современного пола.",с утратами (50-85%),,,
391,https://epigraphica.ru/epigraphy/inscription/show/391,1050-1110,"Вероятно, памятная надпись, содержащая дату, имя Гаврил и глагол «окрасти»",Первоначальные стены Софийского собора,стена церкви,Собор св. Софии,(…),,,кириллица,граффито,"Западный столб южного рукава креста, южная лопатка, южная грань. Ширина плоскости, на которой располагалась надпись, составляла около 46 см, то есть это должна была быть боковая грань лопатки.",с утратами (50-85%),,,Зеркальная буква ѕ (ꙅ).
392,https://epigraphica.ru/epigraphy/inscription/show/392,1050-1110,Покаянная надпись Теребена,Первоначальные стены Софийского собора,стена церкви,Собор св. Софии,ѡхъ тъщь⸗,,"'Ох, тяжко (букв.: тошно) Теребену грешнику'.",кириллица,граффито,Северо-западный подкупольный столб.,с небольшими утратами (>85%),"До [1140], предпочт. [1120–1140]. Б 3 «выступ вверху» (<1200), г 1 «выступ вверху» (<1200), е 3 «засечка на язычке» (1120–1400), оу Iб «обычное о (о и у сближены)» (<1300), ъ 3 «выступ вправо вверху» (<1200), ь I «округлая петля» <1200, ѣ I «округлая петля» <1140.",,"Описки и исправления: Буквы ѣн в имени, возможно, написаны поверх какого-то предшествующего краткого граффито. Впрочем, нельзя исключать, что автор надписи здесь исправил какую-то собственную ошибку."
393,https://epigraphica.ru/epigraphy/inscription/show/393,1150-1220,Загадка о Христе и земле,Первоначальные стены Софийского собора,стена церкви,Собор св. Софии,(рече) [в]оноукъ бабе б(аба) ...,,"(Сказал) внук бабке: бабка, (положи меня в себя. Бабка ответила) ему: (ты меня родил (или: ты мой отец); как мне тебя положить?) [Ответ на загадку: внук - Христос, баба - земля]. ( )",кириллица,граффито,"Фрагмент под номером НВ 18528/196 происходит из раскопок А.Л. Монгайта, проводившихся в 1946 г. в южной (Мартирьевской) паперти Новгородского Софийского собора.",фрагмент (15-50%),Не позднее конца XIII в. ( ),,"Фрагмент загадки, входящей в апокрифическую “Беседу трех святителей”, широко распространенную в русских списках начиная с XV в. В наиболее ранней, согласно новейшему исследованию памятника, Троицкой редакции, данная загадка звучит следующим образом: “Василей рече: внук рече бабе своей: “Положи мя у себе”, и рече баба: “Како хощю положити тя, а ты ми отец”? Иоан рече: баба есть земля, а внук Христос”."
394,https://epigraphica.ru/epigraphy/inscription/show/394,1174,Список убийц князя Андрея Боголюбского. Провозглашается проклятие убийцам и вечная память князю,Стены переславского Спасо-Преображенского собора,стена церкви,Спасо-Преображенский собор,;(левый столбец)Ѳралъвич[ь]: Амбалъ : ꙖкꙑКꙋцковичь (:) [О](ѳ)рѣмъ(Мои)зичь Добр[ꙑ](н)[а М](и)китич[О]ур-[мъ]------- [Ми]китаПетр(ъ) Иванковичь Ѳрольць Ми⸗ръшька Пьтръко Стꙑрѧтаси сꙋть [ꙋ]биїци велика⸗го кнѧзѧ Анъдр[ѣѧ]да бꙋд-[ть] проклѧ⸗ти и въ............ка(...);(правый столбец)мѣс҇цѧ июнѧ [к]ѳоубиенъ бꙑс҇ кн[ѧ]⸗зь Анъдрѣисвоими паробкꙑовомꙋ вѣч[н]аꙗ па⸗мѧт[ь] а симъ вѣчнаѧм[ꙋ]к[а] ачь кто в помꙑ⸗...-[ѣ]---[до]лз[ѣ]...(...),,"Петр (Фралович), Амбал, Яким Кучкович, Офрем Моизич, Добрына Микитич, Ур…, Микита, Петр Иванкович, Фролец, Мирошка, Петрко, Стырята (или: Петрко Стырята) — это убийцы великого князя Андрея. Да будут прокляты и в … Князь Андрей был убит 29 июня своими слугами. Ему — вечная память, а им — вечная мука. Если кто … ( )",кириллица,граффито,"Граффито расположено по центру южной апсиды собора на высоте 110 см над цоколем, т. е. на довольно большой высоте от границы фундамента и цокольной части. На южной апсиде полная высота цоколя, низ которого находится приблизительно в 35 см под современной вымосткой у стен храма, составляла около метра, т. е. нижний край надписи мог возвышаться над уровнем земли времени постройки собора более чем на 190 см, а верхний — приблизительно на 210 см. ( )",с небольшими утратами (>85%),,,
395,https://epigraphica.ru/epigraphy/inscription/show/395,1180–1250,Молитва о Семке Нинославиче,Стены аббатства Сен-Жиль-дю-Гар,стена церкви,аббатство Сен-Жиль,ги помъзи,,"‘Господи, помоги рабу своему Семку Нинославичу’ ( )",кириллица,граффито,"Верхняя церковь, третий с запада столб между центральным и южным нефами, южная сторона, полуколонна, 107 см выше пола ( )",целая (100%),1180–1250 ( ),,"Надпись оставлена выходцем из Руси. По одной версии Семко Нинославич был паломником, направлявшимся в Сантьяго-де-Компостела. По другой версии, целью его путешествия были хранившиеся в соборе Сен-Жиля мощи св. Эгидия, культ которого с конца XI в. процветал в соседних с Русью Польше и Венгрии (Назаренко 2020). «ЕА» в конце первой строки, вероятно, латинская приписка к кириллической надписи."
396,https://epigraphica.ru/epigraphy/inscription/show/396,1050-1110,Молитва о Станижире (?),Первоначальные стены Софийского собора,стена церкви,Собор св. Софии,Ги҃ помози,,"‘Господи, помоги рабу своему Станижиру (?).’",кириллица,граффито,"По подписям на кальке В. В. Суслова надпись локализуется на северной грани северной лопатки восточного столба южного рукава креста, то есть в западной части дьяконника собора.",с небольшими утратами (>85%),,,"Буквы [ни]жи (3-я строка) изображены на кальке правее и ниже остальных букв третьей строки. Возможно, этот сдвиг объясняется ошибкой калькировщика."
397,https://epigraphica.ru/epigraphy/inscription/show/397,1050-1110,Надпись неизвестного назначения,Первоначальные стены Софийского собора,стена церкви,Собор св. Софии,херьв[ад]…,,,кириллица,граффито,"Юго-восточный подкупольный столб, южная лопатка, южная грань.",с утратами (50-85%),,,"Комментарий: Недоступная в оригинале, надпись интерпретируется предположительно. Если приведенная транскрипция верна, то в первой строке могло выступать личное имя *Херьвадъ, которое можно было бы возвести к распространенному скандинавскому имеми Hærvarðr. Во второй строке, возможно, стояло имя *Логата, не известное из средневековых источников, но подтверждающееся совр. фамилией Логатин."
398,https://epigraphica.ru/epigraphy/inscription/show/398,1050-1110,"Надпись, содержащая последовательность букв «мик» (возможно, недописанное имя)",Первоначальные стены Софийского собора,стена церкви,Собор св. Софии,мик,,,кириллица,граффито,"Юго-восточный подкупольный столб, южная лопатка, южная грань.",целая (100%),,,"Возможно, недописанное имя (например, Микита, Микола / Микула или Микифоръ). Под последней буквой данного граффито прочерчена отдельная буква и."
399,https://epigraphica.ru/epigraphy/inscription/show/399,1050-1110,Надпись неизвестного назначения,Первоначальные стены Софийского собора,стена церкви,Собор св. Софии,(-)кл…,,,кириллица,граффито,"Юго-восточный подкупольный столб, южная лопатка, южная грань.",с утратами (50-85%),,,
400,https://epigraphica.ru/epigraphy/inscription/show/400,1050-1110,Надпись с именем Феодор или Феодос,Первоначальные стены Софийского собора,стена церкви,Собор св. Софии,Ѳео[д](-)о,,‘Феодор’ или ‘Феодос’.,кириллица,граффито,"Юго-восточный подкупольный столб, южная лопатка, южная грань.",с небольшими утратами (>85%),,,"Вероятно, имя — Ѳеодоръ или Ѳеодосъ — осталось недописанным."
401,https://epigraphica.ru/epigraphy/inscription/show/401,1050-1110,Надпись с именем Климят,Первоначальные стены Софийского собора,стена церкви,Собор св. Софии,Климѧт[ъ],,‘Климят’.,кириллица,граффито,"Юго-восточный подкупольный столб, южная лопатка, южная грань.",целая (100%),,,Последняя буква имени читается не вполне уверенно.
402,https://epigraphica.ru/epigraphy/inscription/show/402,1050-1110,Автограф Никулы,Первоначальные стены Софийского собора,стена церкви,Собор св. Софии,[Ни]к[о]ула,,‘Никула писал’.,кириллица,граффито,"Юго-восточный подкупольный столб, южная лопатка, южная грань.",целая (100%),,,
403,https://epigraphica.ru/epigraphy/inscription/show/403,1050-1110,Молитва Рожнета,Первоначальные стены Софийского собора,стена церкви,Собор св. Софии,[Г]и [п]омози ра[б]--,,"‘Господи, помоги рабу своему Рожнету’.",кириллица,граффито,"Юго-восточный подкупольный столб, южная лопатка, южная грань.",с небольшими утратами (>85%),,,В рамке (?).
404,https://epigraphica.ru/epigraphy/inscription/show/404,1050-1110,Надпись с именем Пантелеимон,Первоначальные стены Софийского собора,стена церкви,Собор св. Софии,Пантелеимо[н],,‘Пантелеимон’.,кириллица,граффито,"Юго-восточный подкупольный столб, южная лопатка, южная грань.",целая (100%),"Вероятно, до росписи 1109 г.",,
405,https://epigraphica.ru/epigraphy/inscription/show/405,1050-1110,Покаянная надпись Стевита (?),Первоначальные стены Софийского собора,стена церкви,Собор св. Софии,охъ мън[ѣ] (--) грѣшъ⸗,,"‘Ох мне, грешному. Стевит (?) писал’.",кириллица,граффито,"Юго-восточный подкупольный столб, южная лопатка, южная грань.",целая (100%),"Вероятно, до росписи 1109 г.",,"Орфография: Ь → ъ (после шипящего). Оформление: Левая и правая части надписи – охъмън[ѣ] и грѣшъ в 1-ой строке, н[о](м)[о]ус[т] и еви во 2-ой строке — расположены дистантно."
406,https://epigraphica.ru/epigraphy/inscription/show/406,1050-1110,Автограф,Первоначальные стены Софийского собора,стена церкви,Собор св. Софии,[п]салъ,,,кириллица,граффито,"Юго-восточный подкупольный столб, южная лопатка, восточная грань. 22 см от левого края, 3 см ниже современного пола",с утратами (50-85%),,,"Орфография: Диграф уо (?). Вторая строка надписи, по-видимому, была выполнена очень тупым инструментом, по причине чего буквы плохо читаются. Буква перед о – р или у. В последнем случае имя могло быть [Лу]ок[а]."
407,https://epigraphica.ru/epigraphy/inscription/show/407,1050-1110,"Молитва о Яне (?), диаконе Софийского собора",Первоначальные стены Софийского собора,стена церкви,Собор св. Софии,(------)р-ти-ови[ц](----),,"‘ ... Господи, помоги рабу своему Яню (?), диакону святой Софии’.",кириллица,граффито,"Юго-восточный подкупольный столб, южная лопатка, восточная грань. 15 см от левого края, 8 см ниже современного пола.",с утратами (50-85%),,,"Возможно, в рамке. Оформление: Зеркальная буква [ц] (1-ая строка). Высокая буква т (3-я строка). Орфография: Ѫ = <ю> (?)."
408,https://epigraphica.ru/epigraphy/inscription/show/408,1050-1110,Памятная надпись о пребывании монахов на службе (?) на Крестовоздвижение,Первоначальные стены Софийского собора,стена церкви,Собор св. Софии,н[а] Ста[в]р[о]въ дън[ъ],,‘На Крестовоздвижение … монахов’. ( ),кириллица,граффито,"Юго-восточный подкупольный столб, южная лопатка, восточная грань. 5 см от левого края, 18 см ниже современного пола.",с утратами (50-85%),,,"Одноеровая (ь → ъ 6×). Третья строка надписи, возможно, начинается правее первых двух, с букв къ (такой отступ мог бы быть вызван находившейся здесь более ранней надписью, которая сейчас тщательно зачеркнута). Если это так, то окончание рассматриваемой надписи можно реконструировать как с[о]р[о]|къ [б](ꙑ)л[о]. В таком случае ее полный текст имел вид: * На Ставровъ дьнь чьрьньць сорокъ было ‘На Крестовоздвижение [на службе] было сорок монахов’. Эта реконструкция допускает и не меняющее смысл фразы распространение, при котором место в начале третьей строки оказывается заполненным: *чьрьньць соро|(къ чл҃в)къ было ‘было сорок человек монахов’. В такой трактовке надпись оказывается ценным свидетельством участия новгородского черного духовенства в праздничном богослужении кафедрального собора."
410,https://epigraphica.ru/epigraphy/inscription/show/410,1050-1110,Молитва о Селяте,Первоначальные стены Софийского собора,стена церкви,Собор св. Софии,Ги҃ помози (р)або(у свое)[моу],,"‘Господи, помоги рабу своему Селяте’.",кириллица,граффито,"Юго-восточный подкупольный столб, южная лопатка, восточная грань. 19 см от левого края, 20 см ниже современного пола.",с небольшими утратами (>85%),,,
411,https://epigraphica.ru/epigraphy/inscription/show/411,1050-1110,Ламентация неизвестного содержания,Первоначальные стены Софийского собора,стена церкви,Собор св. Софии,(---)о--- тѧжь[ко т]ьр(----),,‘... тяжело терпеть (?) ...’,кириллица,граффито,"Юго-восточный подкупольный столб, южная лопатка, восточная грань. 15 см от левого края, 22 см ниже современного пола.",фрагмент (15-50%),,,"Вероятно, после слова тѧжь[ко] стояла какая-то форма глагола тьрпѣти. Ср. слово (т)ерплю, с которого начинается единственное сохранившееся граффито на стенах церкви Входа в Иерусалим, построенной в 1336–1337 гг. в 50 м к югу от Софийского собора."
412,https://epigraphica.ru/epigraphy/inscription/show/412,1050-1110,Ламентация,Первоначальные стены Софийского собора,стена церкви,Собор св. Софии,о[х](ъ) тъщъно (…),,"‘Ох, тошно ...’",кириллица,граффито,"Юго-восточный подкупольный столб, южная лопатка, восточная грань. 25 см от левого края, 15 см ниже современного пола.",с небольшими утратами (>85%),,,Орфография: Ь → ъ (после шипящего).
413,https://epigraphica.ru/epigraphy/inscription/show/413,1050-1110,Молитвенная надпись (имя повреждено),Первоначальные стены Софийского собора,стена церкви,Собор св. Софии,(Ги҃ п)[о]мо(з)и,,"‘Господи, помоги рабу своему ...’",кириллица,граффито,"Юго-восточный подкупольный столб, южная лопатка, восточная грань. 33 см от левого края, 21 см ниже современного пола.",с утратами (50-85%),,,"В округлой рамке. Возможно, имя в конце надписи осталось недописанным."
414,https://epigraphica.ru/epigraphy/inscription/show/414,1050-1110,Начало азбуки,Первоначальные стены Софийского собора,стена церкви,Собор св. Софии,а б,,,кириллица,граффито,"Юго-восточный подкупольный столб, южная лопатка, восточная грань. 16 см от левого края, 23 см ниже современного пола.",целая (100%),,,
415,https://epigraphica.ru/epigraphy/inscription/show/415,1050-1110,Молитва об Иване (Иоанне),Первоначальные стены Софийского собора,стена церкви,Собор св. Софии,Ги пом(оз)и ра⸗,,"‘Господи, помоги рабу своему Ивану (другой вариант — Иоанну). Аминь’.",кириллица,граффито,"Юго-восточный подкупольный столб, южная лопатка, восточная грань. 10 см от левого края, 28 см ниже современного пола.",с небольшими утратами (>85%),,,
416,https://epigraphica.ru/epigraphy/inscription/show/416,1050-1110,"Перечень имен (Чиж, Петр, Тудор)",Первоначальные стены Софийского собора,стена церкви,Собор св. Софии,[Ч]и[ж :] Петръ [: Т]о[у]доръ : Коу,,"‘Чиж, Петр, Тудор, ...’",кириллица,граффито,"Юго-восточный подкупольный столб, южная лопатка, восточная грань. 18 см от левого края, 32 см ниже современного пола.",целая (100%),,,"Почти ко всем буквам надписи пририсованы длинные вертикальные линии, отходящие от них вниз. Подобные украшения иногда встречаются на нижних полях древнерусских рукописей."
417,https://epigraphica.ru/epigraphy/inscription/show/417,1050-1110,Начало песнопения,Первоначальные стены Софийского собора,стена церкви,Собор св. Софии,въ б(е)зако(н)и- [к],,‘В беззаконии ...’,кириллица,граффито,"Юго-восточный подкупольный столб, южная лопатка, восточная грань. 30 см от левого края, 63 см ниже современного пола.",с небольшими утратами (>85%),,,
418,https://epigraphica.ru/epigraphy/inscription/show/418,1050-1110,Молитвенная надпись,Первоначальные стены Софийского собора,стена церкви,Собор св. Софии,помил[у]о,,‘Помилуй меня’.,кириллица,граффито,"Юго-восточный подкупольный столб, южная лопатка, восточная грань. 37 см от левого края, 60 см ниже современного пола.",целая (100%),,,Орфография: Диграф уо (?). Надпись читается не вполне уверенно из-за повреждений и из-за своего миниатюрного размера: высота ее букв колеблется от 3 до 6 мм.
419,https://epigraphica.ru/epigraphy/inscription/show/419,1050-1110,Автограф Тешаты (?),Первоначальные стены Софийского собора,стена церкви,Собор св. Софии,[Т]-[шѧ]⸗,,‘Тешата (?) писал’.,кириллица,граффито,"Юго-восточный подкупольный столб, южная лопатка, восточная грань. 32 см от левого края, 51 см ниже современного пола.",с небольшими утратами (>85%),,,
420,https://epigraphica.ru/epigraphy/inscription/show/420,1050-1110,Молитвенная надпись,Первоначальные стены Софийского собора,стена церкви,Собор св. Софии,Ги҃ въз(ьри),,"‘Господи, взгляни ...’",кириллица,граффито,"Юго-восточный подкупольный столб, южная лопатка, восточная грань. У левого края, 33 см ниже современного пола.",с утратами (50-85%),,,"Возможная реконструкция: «Ги҃ въз(ьри на мене), мило(стиве)» или: «мило(стию твоею)»."
421,https://epigraphica.ru/epigraphy/inscription/show/421,1050-1110,Начало 104-го псалма,Первоначальные стены Софийского собора,стена церкви,Собор св. Софии,--в…,,"‘Господи, я воззвал к тебе, услышь меня’.",кириллица,граффито,"Юго-восточный подкупольный столб, южная лопатка, восточная грань.",с утратами (50-85%),,,"По-видимому, начало псалма 104: «Господи, възъвахъ къ тебе. Услыши мя»."
422,https://epigraphica.ru/epigraphy/inscription/show/422,1050-1110,Молитвенная надпись,Первоначальные стены Софийского собора,стена церкви,Собор св. Софии,о Ги҃ [въ]⸗,,"‘О, Господи, воззри милостью’. ( )",кириллица,граффито,"Юго-восточный подкупольный столб, южная лопатка, восточная грань. 25 см от левого края, 88 см ниже современного пола.",целая (100%),,,"Описки и исправления: Первое и во 2-ой строке, написано по ошибке из-за предвосхищения и в следующем слоге. Возможно, эта буква была переправлена на ь. Орфография: Ѫ = <ю>."
423,https://epigraphica.ru/epigraphy/inscription/show/423,1050-1110,Надпись с недописанной формой глагола «услышати»,Первоначальные стены Софийского собора,стена церкви,Собор св. Софии,[о]усль,,,кириллица,граффито,"Юго-восточный подкупольный столб, южная лопатка, восточная грань. 31 см от левого края, 34 см ниже современного пола.",целая (100%),,,"Вероятно, недописанное слово услыши. Малые инициалы. Описки и исправления: Последняя буква — возможно, не ь, а недописанное ы. Над буквой у находится изображение, напоминающее человеческое ухо. Ниже — схематичное изображение церкви."
424,https://epigraphica.ru/epigraphy/inscription/show/424,1050-1110,Инициал «Б» старовизантийского типа,Первоначальные стены Софийского собора,стена церкви,Собор св. Софии,Б,,,кириллица,граффито,"Юго-восточный подкупольный столб, южная лопатка, восточная грань. 31 см от левого края, 36 см ниже современного пола.",с утратами (50-85%),,,
425,https://epigraphica.ru/epigraphy/inscription/show/425,1050-1110,Надпись с именем Луки,Первоначальные стены Софийского собора,стена церкви,Собор св. Софии,Лоука,,‘Лука’.,кириллица,граффито,"Юго-восточный подкупольный столб, восточная лопатка, южная грань. 13 см от левого края, 15 см ниже современного пола.",целая (100%),,,
426,https://epigraphica.ru/epigraphy/inscription/show/426,1050-1110,Начало молитвы о Петре (или Дмитре),Первоначальные стены Софийского собора,стена церкви,Собор св. Софии,[Ги҃] пом(ози р)[абоу]………………,,"‘Господи, помоги рабу своему Петру (другой вариант — Дмитру) ...’",кириллица,граффито,"Юго-восточный подкупольный столб, восточная лопатка, южная грань. 27 см от левого края, 13 см ниже современного пола.",фрагмент (15-50%),,,В прямоугольной рамке. В начале восьмистрочной надписи читалась традиционное молитвенное обращение с именем Петръ или Дъмитръ.
427,https://epigraphica.ru/epigraphy/inscription/show/427,1050-1110,Надпись с несколько раз повторенным именем Афанас,Первоначальные стены Софийского собора,стена церкви,Собор св. Софии,[Ф]аф[анос],,,кириллица,граффито,"Юго-восточный подкупольный столб, восточная лопатка, южная грань. 35 см от левого края, 8 см ниже современного пола.",с утратами (50-85%),,,"Вероятно, в надписи было трижды повторено имя Афанасий в древнерусской форме Афаносъ; первый раз оно было по ошибке записано с начальным Ф."
428,https://epigraphica.ru/epigraphy/inscription/show/428,1050-1110,Надпись с литургическими возгласами,Первоначальные стены Софийского собора,стена церкви,Собор св. Софии,въ[н]…,,,кириллица,граффито,"Юго-восточный подкупольный столб, восточная лопатка, южная грань. 2 см от левого края, 22 см ниже современного пола.",с утратами (50-85%),,,"Поверх третьей строки надписи нанесено более позднее краткое граффито пом (вероятно, начало слова помози или помилуи). Надпись содержала трижды повторенные литургические возгласы: «Въньмѣмъ», «Мудрость»."
429,https://epigraphica.ru/epigraphy/inscription/show/429,1050-1110,Молитва о Филиппе,Первоначальные стены Софийского собора,стена церкви,Собор св. Софии,Ги҃ [въ]зьри (---),,"‘Господи, взгляни [с милостью] на Филиппа’.",кириллица,граффито,"Юго-восточный подкупольный столб, восточная лопатка, южная грань. 45 см от левого края, 16 см ниже современного пола.",с утратами (50-85%),,,"Вероятная реконструкция: Ги҃ възьри (милос)тью на Филипа. Поверх правой верхней части надписи изображена перевернутая пятиконечная звезда, нижняя лопасть которой не выходит наружу."
430,https://epigraphica.ru/epigraphy/inscription/show/430,1050-1110,Надпись с заимствованным речением («куни рони»),Первоначальные стены Софийского собора,стена церкви,Собор св. Софии,коуни рони,,,кириллица,граффито,"Юго-восточный подкупольный столб, восточная лопатка, южная грань. 41 см от левого края, 32 см ниже современного пола.",целая (100%),,,
431,https://epigraphica.ru/epigraphy/inscription/show/431,1050-1110,Монограмма имени Путка,Первоначальные стены Софийского собора,стена церкви,Собор св. Софии,,Пꙋтъка,‘Путка’.,кириллица,граффито,"Юго-восточный подкупольный столб, восточная лопатка, южная грань. 51 см от левого края, 22 см ниже современного пола.",с небольшими утратами (>85%),,,"Изысканная монограмма на основе крупной буквы п. Из верхнего горизонтального штриха п вниз вырастает длинная буква т с короткими засечками справа и слева. Левая нога буквы п завершается отворотом и петлей, образуя букву ъ. Из вертикали т посередине тянутся вправо косые штрихи буквы к с короткими засечками, а внизу (справа от ъ) подвешена а. Посередине правой вертикали п (справа от к) подвешена буква ꙋ."
432,https://epigraphica.ru/epigraphy/inscription/show/432,1050-1110,Молитва об Олексее,Первоначальные стены Софийского собора,стена церкви,Собор св. Софии,Ги҃ помози раб⸗,,"‘Господи, помоги рабу своему грешному Олексею. Умоляю тебя, Господи’. ( )",кириллица,граффито,"Юго-восточный подкупольный столб, восточная лопатка, южная грань. 53 см от левого края, 19 см ниже современного пола.",с небольшими утратами (>85%),,,Орфография: Ѫ = <ю> (2×)
433,https://epigraphica.ru/epigraphy/inscription/show/433,1050-1110,Надпись с именем Бориско,Первоначальные стены Софийского собора,стена церкви,Собор св. Софии,Борисъ[к]о,,‘Бориско’.,кириллица,граффито,"Юго-восточный подкупольный столб, восточная лопатка, южная грань. 59 см от левого края, 25 см ниже современного пола.",с небольшими утратами (>85%),,,"Слева находится краткая надпись ро, выполненная другим почерком."
434,https://epigraphica.ru/epigraphy/inscription/show/434,1050-1110,Надпись с заимствованным речением («куни рони»),Первоначальные стены Софийского собора,стена церкви,Собор св. Софии,кюни рони,,,кириллица,граффито,"Юго-восточный подкупольный столб, восточная лопатка, южная грань. 58 см от левого края, 32 см ниже современного пола.",,,,
435,https://epigraphica.ru/epigraphy/inscription/show/435,1050-1110,Надпись с заимствованным речением («куни рони»),Первоначальные стены Софийского собора,стена церкви,Собор св. Софии,кюни [р]о[н]и,,,кириллица,граффито,"Юго-восточный подкупольный столб, восточная лопатка, южная грань. 68 см от левого края, 11 см ниже современного пола.",целая (100%),,,
436,https://epigraphica.ru/epigraphy/inscription/show/436,1050-1110,Надпись с заимствованным речением («куни рони»),Первоначальные стены Софийского собора,стена церкви,Собор св. Софии,[к]---[и] рони,,,кириллица,граффито,"Юго-восточный подкупольный столб, восточная лопатка, южная грань. 66 см от левого края, 19 см ниже современного пола.",с небольшими утратами (>85%),,,
437,https://epigraphica.ru/epigraphy/inscription/show/437,1050-1110,Надпись с заимствованным речением («куни рони»),Первоначальные стены Софийского собора,стена церкви,Собор св. Софии,кюни рони,,,кириллица,граффито,"Юго-восточный подкупольный столб, восточная лопатка, южная грань. 65 см от левого края, 22 см ниже современного пола.",целая (100%),,,
438,https://epigraphica.ru/epigraphy/inscription/show/438,1050-1110,Цитата из Апостола (2 Кор. 4: 6),Первоначальные стены Софийского собора,стена церкви,Собор св. Софии,и[ст]---свѣтѫ въ--ѧти,,‘Из тьмы воссиять свету’ (см. комментарий).,кириллица,граффито,"Юго-восточный подкупольный столб, восточная лопатка, южная грань. 64 см от левого края, 20 см ниже современного пола.",с утратами (50-85%),,,"Надпись, по-видимому, является цитатой из Апостола: и[с т](ьмы) свѣтѫ въ(си)ѧти (2 Кор. 4: 6). После въ виден горизонтальный штрих, идущий на уровне верха строки. Возможно, здесь выступал вариант буквы с с покрытием или с отворотом (впрочем, буква с в слове свѣтѫ выглядит иначе)."
439,https://epigraphica.ru/epigraphy/inscription/show/439,1050-1110,Монограмма имени Торчин (?),Первоначальные стены Софийского собора,стена церкви,Собор св. Софии,,Трчн,‘Торчин’ (?),кириллица,граффито,"Юго-восточный подкупольный столб, восточная лопатка, южная грань. 76 см от левого края, 18 см ниже современного пола.",с небольшими утратами (>85%),,,"Монограмма на основе крупной буквы т. Ее вертикаль одновременно служит для построения букв ч (наверху), р (посередине) и к или н (внизу): сверху к ней добавлена чаша буквы ч, справа – дополнительные штрихи буквы к или н и петля буквы р (нижняя часть петли является также верхним диагональным штрихом буквы к); петля р заключает в себе о (нельзя исключать, что это еще и петля ь и / или ъ). Более вероятно, что поврежденная буква в нижней части монограммы – это н, а не к, так как к имело бы слишком уменьшенный верх. В таком случае в монограмме следует читать распространенное имя Търчинъ, записанное без гласных букв. Если же читать внизу к, то автора надписи могли звать *Търчько или *Чьртъко."
440,https://epigraphica.ru/epigraphy/inscription/show/440,1050-1110,Надпись с заимствованным речением («куни рони»),Первоначальные стены Софийского собора,стена церкви,Собор св. Софии,К[ю]нини,,,кириллица,граффито,"Юго-восточный подкупольный столб, восточная лопатка, южная грань. 66 см от левого края, 26 см ниже современного пола.",с небольшими утратами (>85%),,,Инициалы: 1-ая буква И.
441,https://epigraphica.ru/epigraphy/inscription/show/441,1050-1110,Молитва о Павле,Первоначальные стены Софийского собора,стена церкви,Собор св. Софии,Ги҃ помо[зи раб](о)[у св]оемоу [П]а[в]ьл[оу],,"‘Господи, помоги рабу своему Павлу’.",кириллица,граффито,"Юго-восточный подкупольный столб, восточная лопатка, южная грань. 76 см от левого края, 28 см ниже современного пола.",с небольшими утратами (>85%),,,
442,https://epigraphica.ru/epigraphy/inscription/show/442,1050-1110,Надпись с именем Оргость,Первоначальные стены Софийского собора,стена церкви,Собор св. Софии,Оргостъ,,‘Оргость’.,кириллица,граффито,"Юго-восточный подкупольный столб, восточная лопатка, южная грань. 75 см от левого края, 3 см ниже современного пола.",целая (100%),,,
443,https://epigraphica.ru/epigraphy/inscription/show/443,1050-1110,Надпись с именем Лазор,Первоначальные стены Софийского собора,стена церкви,Собор св. Софии,Л[а]зо[р]ъ,,‘Лазор’,кириллица,граффито,"Юго-восточный подкупольный столб, восточная лопатка, южная грань.",с небольшими утратами (>85%),,,"Окончание -ъ может объясняться эффектом одноеровой орфографии, но может отражать и отвердение [р’]."
444,https://epigraphica.ru/epigraphy/inscription/show/444,1050-1110,Инципит возгласа священника,Первоначальные стены Софийского собора,стена церкви,Собор св. Софии,ѧко благословис,,,кириллица,граффито,"Юго-восточный подкупольный столб, восточная лопатка, южная грань. 75 см от левого края, 15 см ниже современного пола.",целая (100%),,,"Инципит возгласа священника, провозглашаемого после малой ектении (в разных случаях): «Яко благословися и прославися…». Граффито, возможно, не было закончено, так как писавший уперся в находящуюся справа надпись, не поддающуюся прочтению из-за утрат."
445,https://epigraphica.ru/epigraphy/inscription/show/445,1050-1110,Надпись с именем Местята,Первоначальные стены Софийского собора,стена церкви,Собор св. Софии,Мѣст[ѧ]т[а],,‘Местята’.,кириллица,граффито,"Юго-восточный подкупольный столб, восточная лопатка, южная грань. 80 см от левого края, 17 см ниже современного пола.",с небольшими утратами (>85%),,,"Под второй буквой находится отдельная надпись [с]ѧ, а чуть ниже — отдельная буква ѧ."
446,https://epigraphica.ru/epigraphy/inscription/show/446,1050-1110,"Надпись о том, что шесть диаконов забрали книги",Первоначальные стены Софийского собора,стена церкви,Собор св. Софии,шест[ь] диѧ[къ],,‘Шесть дьяков забрали книги’. ( ),кириллица,граффито,"Юго-восточный подкупольный столб, восточная лопатка, южная грань. 86 см от левого края, 17 см ниже современного пола.",с небольшими утратами (>85%),,,"О характере увековеченной таким образом операции можно строить догадки: речь могла, например, идти о поездке в Киев за литургическими книгами."
447,https://epigraphica.ru/epigraphy/inscription/show/447,1050-1110,Надпись с заимствованным речением («куни рони»),Первоначальные стены Софийского собора,стена церкви,Собор св. Софии,кюн[ир]они,,,кириллица,граффито,"Юго-восточный подкупольный столб, восточная лопатка, южная грань. 82 см от левого края, 21 см ниже современного пола.",с небольшими утратами (>85%),,,
448,https://epigraphica.ru/epigraphy/inscription/show/448,1050-1110,Надпись с заимствованным речением («куни рони»),Первоначальные стены Софийского собора,стена церкви,Собор св. Софии,кун[ир]он(-),,,кириллица,граффито,"Юго-восточный подкупольный столб, восточная лопатка, южная грань. 88 см от левого края, 26 см ниже современного пола.",с небольшими утратами (>85%),,,
449,https://epigraphica.ru/epigraphy/inscription/show/449,1050-1110,Надпись с упоминанием Иоанна Крестителя (?),Первоначальные стены Софийского собора,стена церкви,Собор св. Софии,про[р] Їо к,,‘Пророк Иоанн Креститель’ (?).,кириллица,граффито,"Юго-восточный подкупольный столб, восточная лопатка, южная грань. 95 см от левого края, 3 см ниже современного пола.",с небольшими утратами (>85%),,,"Слова записаны сокращенно. Буква к в конце надписи может быть началом слова Крьститель или цифрой ‘20’, то есть началом даты: Рождество Иоанна Предтечи отмечается 24 июня, а Усекновение главы Иоанна Предтечи — 29 августа. Первое значительно более вероятно, поскольку слово пророкъ применительно к Иоанну Предтече употребляется преимущественно (или исключительно?) в сочетании с определением крьститель."
450,https://epigraphica.ru/epigraphy/inscription/show/450,1050-1110,Надпись с именем Модест в греческом оформлении,Первоначальные стены Софийского собора,стена церкви,Собор св. Софии,Мо⸗,,‘Модест’.,"кириллица, греческий",граффито,"Юго-восточный подкупольный столб, восточная лопатка, южная грань. 100 см от левого края, 16 см ниже современного пола.",целая (100%),,,"Христианское имя Модестъ оформлено греческим окончанием -ос. По оценке А. Ю. Виноградова, рассматриваемое граффито выполнено кириллическим, а не греческим почерком. Правее и выше данной надписи расположен ряд из четырех букв А и нечитаемая фрагментированная надпись с буквой ѫ."
451,https://epigraphica.ru/epigraphy/inscription/show/451,1050-1110,Надпись с заимствованным речением («парех мари»),Первоначальные стены Софийского собора,стена церкви,Собор св. Софии,пар[е]хъ мари,,,кириллица,граффито,"Юго-восточный подкупольный столб, восточная лопатка, южная грань. 100 см от левого края, 18 см ниже современного пола.",с небольшими утратами (>85%),,,Ниже находится нечитаемая фрагментированная надпись.
452,https://epigraphica.ru/epigraphy/inscription/show/452,1050-1110,Надпись с заимствованным речением («куни рони»),Первоначальные стены Софийского собора,стена церкви,Собор св. Софии,ку[ни рони],,,кириллица,граффито,"Юго-восточный подкупольный столб, восточная лопатка, южная грань. 101 см от левого края, 22 см ниже современного пола.",с утратами (50-85%),,,
453,https://epigraphica.ru/epigraphy/inscription/show/453,1050-1110,Ремарка к надписи «куни рони» (?),Первоначальные стены Софийского собора,стена церкви,Собор св. Софии,гла⸗,,‘Голос пророка’ (?).,кириллица,граффито,"Юго-восточный подкупольный столб, восточная лопатка, южная грань. 96 см от левого края, 22 см ниже современного пола.",с небольшими утратами (>85%),,,"Надпись приписана к одному из многочисленных экземпляров надписи «куни рони», представляющей собой цитату из древнееврейского текста Плача Иеремии. Поскольку Плач приписывается пророку Иеремии, в граффито соблазнительно видеть ссылку на источник цитаты, ее своеобразную «атрибуцию»."
454,https://epigraphica.ru/epigraphy/inscription/show/454,1050-1110,Шуточная надпись (?),Первоначальные стены Софийского собора,стена церкви,Собор св. Софии,Нашьке клюни водꙑ,,"‘Нашко, клюнь воду’ (?). ( )",кириллица,граффито,"Юго-восточный подкупольный столб, восточная лопатка, южная грань. 105 см от левого края, 25 см ниже современного пола.",целая (100%),,,"Нашьке может быть вокативом — тогда перед нами шуточное обращение-дразнилка (см. перевод). Между тем новгородским писцовым книгам конца XV в. известен человек с прозвищем Клюйвода (Тупиков), представляющим собой образование той же структуры, что и фамилии типа рус. и укр. Варивода, укр. Непійвода, Подопригора, Убійвовк, серб. Газивода (‘топчи’ + ‘вода’), Мутивода. Возможно, поэтому, что и в нашем граффито фигурирует прозвище, в составе которого, однако, выступает не застывшая форма И. п. при императиве, а еще обычный Р. п. Отметим наддиалектную форму воды (в отличие от новг. водѣ)."
455,https://epigraphica.ru/epigraphy/inscription/show/455,1050-1110,Надпись со словом «аминь»,Первоначальные стены Софийского собора,стена церкви,Собор св. Софии,ами⸗,,‘Аминь’.,кириллица,граффито,"Юго-восточный подкупольный столб, восточная лопатка, южная грань. 116 см от левого края, 28 см ниже современного пола.",целая (100%),,,
456,https://epigraphica.ru/epigraphy/inscription/show/456,1050-1110,Монограмма имени Затех,Первоначальные стены Софийского собора,стена церкви,Собор св. Софии,,Затехъ,‘Затех’ (см. комментарий),кириллица,граффито,"Юго-восточный подкупольный столб, восточная лопатка, южная грань. 105 см от левого края, 27 см ниже современного пола.",с небольшими утратами (>85%),,,"Орфография: Замена ѣ → е. Монограмма из крупной буквы х внизу, а слева вверху, з, сложенной из элементов а и х с добавлением засечки слева, т из элементов з и а, отдельной е справа вверху и зеркального ъ, использующего язычок и нижнюю половину е в своей верхней части. Зашифрованный автограф с этим составом букв представлен на северной стене дьяконника еще четыре раза."
457,https://epigraphica.ru/epigraphy/inscription/show/457,1050-1110,Монограмма имени Чиж,Первоначальные стены Софийского собора,стена церкви,Собор св. Софии,,Чижь,‘Чиж’ (см. комментарий),кириллица,граффито,"Юго-восточный подкупольный столб, восточная лопатка, южная грань. 3 см от левого края, 37 см ниже современного пола.",с небольшими утратами (>85%),,,"Простая монограмма из букв ч, и, ж и ь."
458,https://epigraphica.ru/epigraphy/inscription/show/458,1050-1110,Криптограмма имени Мечислав,Первоначальные стены Софийского собора,стена церкви,Собор св. Софии,,Мчслв,‘Мечислав’ (см. комментарий),кириллица,граффито,"Юго-восточный подкупольный столб, восточная лопатка, южная грань. 22 см от левого края, 37 см ниже современного пола.",с небольшими утратами (>85%),,,"Криптограмма с буквой м, заключенной в круг, и написанными по четырем сторонам круга буквами ч, с, л и в, если читать против часовой стрелки, начиная сверху."
459,https://epigraphica.ru/epigraphy/inscription/show/459,1130-1170,Автограф Феодора,Стены переславского Спасо-Преображенского собора,стена церкви,Спасо-Преображенский собор,Ѳеодоръ ѱалъ,,‘Феодор писал’ ( ),кириллица,граффито,"Находится на южной апсиде, в 50 см правее окна и в 70 см от правого края, в 520 см выше цоколя, то есть примерно в 1,6 м над вторым уровнем строительных лесов ( )",целая (100%),,,"представляет собой монограмму, состоящую из двух частей: на основе букв ѳ (слева) и ѱ (в центре), с отдельно приписанной буквой л (справа)."
460,https://epigraphica.ru/epigraphy/inscription/show/460,1157,Памятная надпись о смерти Георгия (Юрия Долгорукого),Стены переславского Спасо-Преображенского собора,стена церкви,Спасо-Преображенский собор,Георгиѧ въ [еı҃] (д-)⸗,,‘(помяни) Георгия в 15 день месяца мая’ ( ),кириллица,граффито,"Надпись была выполнена на восточном уступе лопатки к востоку от южного портала собора, в 5 см от левого края и в 135 см выше цоколя. Данное граффито находится на самой большой высоте из надписей Спасского собора, сделанных с поверхности земли. ( )",целая (100%),,,"Здесь указана дата кончины Юрия Владимировича, который умер в Киеве 15 мая 1157 г. Текст надписи сильно выбивается из древнерусского формуляра записей о смерти: мѣсяца A въ B дьнь прѣставися рабъ божии N. В начале может добавляться годовая дата: въ лѣто C, а дневная дата может дополняться или заменяться указанием на пришедшийся на этот день церковный праздник. В конце могут следовать подробности об усопшем, обстоятельствах его смерти и погребения."
461,https://epigraphica.ru/epigraphy/inscription/show/461,1180-1200,"Молитва о Федоре Радиловиче (или Радиховиче, или Радославиче)",Стены переславского Спасо-Преображенского собора,стена церкви,Спасо-Преображенский собор,Ги҃ помози рабуо своѥму[о],,"‘Господи помоги рабу своему Федору Радиловичу (или Радиховичу, или Радославичу)’ ( )",кириллица,граффито,"Надпись расположена на уступе южной лопатки западного фасада, у левого края уступа, в 35 см выше цоколя. ( )",с небольшими утратами (>85%),,,
462,https://epigraphica.ru/epigraphy/inscription/show/462,[1160-1220],Поминальная надпись о смерти Варвары с упоминанием особых заслуг усопшей,Стены переславского Спасо-Преображенского собора,стена церкви,Спасо-Преображенский собор,мс҇цѧ [ма]и[ѧ] вътър[ꙑ]⸗,,"‘12 мая преставилась Варвара, милостыней приучившая к [посещению] церкви много вдов’ ( )",кириллица,граффито,"Надпись находится на лопатке к югу от западного портала, у правого края лопатки и в 130 см выше цоколя. ( )",целая (100%),1160-1220 ( ),,"Особенностью надписи, выделяющей ее на фоне обычных для своего времени поминальных граффити, является упоминание особых заслуг усопшей. Варвара, по всей вероятности – боярская вдова, оставила по себе память щедрым попечением о вдовах. Сама по себе такая благотворительность не представляет собой ничего экстраординарного: забота о вдовах – одна из главных форм церковного милосердия, а заповедь о ней – общее место христианской гомилетики. Замечательно, однако, упоминание эффекта от этой деятельности. «Приучить» к Церкви можно лишь того, кто от нее отошел, утратив с ней связь. В этих словах граффито нельзя не увидеть отражение реального состояния женской религиозности в, казалось бы, давно уже крещеном обществе Северо-Восточной Руси."
463,https://epigraphica.ru/epigraphy/inscription/show/463,1180-1220,"Молитва о Якове, Нифонте и слуге князя Владимира Глебовича",Стены переславского Спасо-Преображенского собора,стена церкви,Спасо-Преображенский собор,† Ги҃ помози,,"‘Господи, помоги двум своим рабам, Якову и Нифонту, <здесь мог быть указан их статус>, и N, «слуге» князя Владимира Глебовича’ ( )",кириллица,граффито,"Надпись расположена на западном уступе лопатки к востоку от северного портала, у правого края уступа, в 90 см выше цоколя. ( )",с утратами (50-85%),,,
464,https://epigraphica.ru/epigraphy/inscription/show/464,1150-1250,Сокращенная запись названий дней недели,Стены переславского Спасо-Преображенского собора,стена церкви,Спасо-Преображенский собор,не҃ по҃ въ҃ се҃ че҃ пѧ҃ су҃ не҃ (…),,"‘Воскресенье, понедельник, вторник, среда, четверг, пятница, суббота, воскресенье’. ( )",кириллица,граффито,"Надпись расположена на западной стороне восточного прясла северного фасада Спасского собора, на лежащем непосредственно над фундаментной платформой нижнем камне кладки цоколя ( )",целая (100%),,,
465,https://epigraphica.ru/epigraphy/inscription/show/465,1150-1250,Автограф Игната,Стены переславского Спасо-Преображенского собора,стена церкви,Спасо-Преображенский собор,дезси нъ не всѣмъ ладьно,,,кириллица,граффито,"Расположена на западной стороне восточного прясла северного фасада Спасского собора, на лежащем непосредственно над фундаментной платформой нижнем камне кладки цоколя, на блоке, находящемся через один блок слева от блока с надписью с сокращением дней недели, ниже крупного изображения идущего человека со змееподобным существом на плечах. ( )",целая (100%),,,
467,https://epigraphica.ru/epigraphy/inscription/show/467,1150-1250,Молитва об Ондреяне,Стены переславского Спасо-Преображенского собора,стена церкви,Спасо-Преображенский собор,Ги҃ помзи,,,кириллица,граффито,"Южный фасад, западное прясло, 15 см от левого края, 50 см выше цоколя. ( )",с небольшими утратами (>85%),,,
468,https://epigraphica.ru/epigraphy/inscription/show/468,1221-1227,Акт времени Мстислава Мстиславича об иске к Ляху из-за плотников,Стены церкви Св. Пантелеймона,стена церкви,Церковь св. Пантелеимона,въ кн҃жниѥ М-стис[л]авл[е] въ [д]-⸗,,"'В княжение Мстислава, в управление Игната рассматривался иск к Ляху из-за плотников, и не был удовлетворен; [Лях] уплатил «выкладное». А тому свидетели — попы Святого Пантелеймона: Лазарь, Семьюн, Матвей, Стефан, Дмитр, Богдан. А князь постановил [более по этому делу] никому иска не предъявлять, и пусть [никто] не ослушается!' ( )",кириллица,граффито,"Восточная часть южной фасадной стены, на высоте 140 см от уровня почвы и на расстоянии 330 см от правого угла ( )",с небольшими утратами (>85%),,,
469,https://epigraphica.ru/epigraphy/inscription/show/469,1238-1264,Акт времени Даниила Романовича об иске к Дюдку Имжаковичу,Стены церкви Св. Пантелеймона,стена церкви,Церковь св. Пантелеимона,(при к)[н]зи при Данилѣ при [д](…)[п]· Борзѧта соцкии (·) Иван… … (бо)⸗рзиче · Радославо д[въ]р(е)скаго [·]Степано попСт҃о[и] Трц҃ѣ,,"При князе Даниле, при дворском (или: державце) Давыде подвойский Иван был (или: судил) при сотском Якиме. Рассматривался иск к Дюдку Имжаковичу (?), и не был удовлетворен; и [Дюдко] дал «выход» (или: «выходное»); и пили могорыч пополудни. Этому свидетели — Матвей Ко… рязанец, поп …, сотский Борзята, Иван Милоборзич (?), Радослав, [сын] дворского, Степан, поп Святой Троицы. ( )",кириллица,граффито,"Юго-западная сторона западной стены, на высоте 135 см от пола и на расстоянии 157 см от правого ребра ( )",с небольшими утратами (>85%),,,
470,https://epigraphica.ru/epigraphy/inscription/show/470,1227-1233,Акт времени королевича Андраша об иске к Микуле и плотникам,Стены церкви Св. Пантелеймона,стена церкви,Церковь св. Пантелеимона,(п)[риАндр]--вич[и]Андр[ѣи:] а (при Ст)[е]пан[ѣ] ----- (…)анте[лѣ]ѧ -о(-)ч---- (-) ѣ[и в]ꙑходо дал[и] а се послꙋси [м]а⸗[л]ꙑи Андрѣи поп: М(и)кꙋла [н](а)[ь]⸗митъ попМикита Степ[анъ] к[узнь]⸗це а Лазо п[оп] псало ра-о---: - [ле]⸗кса Хотѣнович[е]а при М[ь]стисла[в]ѣ к[нѧзи не] (на)шли же ихъ,,"При Андрее Андреевиче, при Степане … рассматривался иск к Микуле и плотникам (?), и они были оправданы: Микула, ……ына, Пантелей, Бойча (?), Здача (?) — и уплатили «выход». А вот свидетели: поп Андрей Малый, наемный рабочий Микула, поп Микита, кузнец Степан, а поп Лазорь Разгул (?) писал [эту надпись], Олекса Хотенович. А при князе Мстиславе их тоже оправдали. ( )",кириллица,граффито,"Северо-западный участок внутренней стены, на высоте 185 см от пола и на расстоянии 60 см от левого угла ( )",с утратами (50-85%),,,
471,https://epigraphica.ru/epigraphy/inscription/show/471,1221-1227,Актовая запись времени княжения Мстислава Мстиславича с указанием свидетелей,Стены церкви Св. Пантелеймона,стена церкви,Церковь св. Пантелеимона,...нии Мьстиславли...,,,кириллица,граффито,,фрагмент (15-50%),,,
472,https://epigraphica.ru/epigraphy/inscription/show/472,1217,Начало надписи с указанием даты,Стены церкви Св. Пантелеймона,стена церкви,Церковь св. Пантелеимона,въ лѣт҂ꙅѱ[ке][с]ца авгоус⸗т (…),,… августа 6725 года … ( ),кириллица,граффито,"Между западным и центральным пряслами южного фасада, на высоте 192 см от поверхности грунта и на расстоянии 11 см от правого ребра. ( )",с утратами (50-85%),,,
473,https://epigraphica.ru/epigraphy/inscription/show/473,1217,Надпись о смерти Ульяны,Стены церкви Св. Пантелеймона,стена церкви,Церковь св. Пантелеимона,въ лѣт҂ꙅѱ҃к҃е҃ прѣ⸗сца маѧ въз҃ı дн҃ь,,17 мая 6725 года преставилась Ульяна ( ),кириллица,граффито,"Северная стена жертвенника, на высоте 170 см от пола и на расстоянии 224 см от правого угла ( )",целая (100%),,,
474,https://epigraphica.ru/epigraphy/inscription/show/474,1229,Надпись о смерти Богдана,Стены церкви Св. Пантелеймона,стена церкви,Церковь св. Пантелеимона,въ лѣт҇҂ѕ҃ѱл҃зс҇(ц)а маѧ въı҃ оумре Богда[нъ],,10 мая 6737 года умер Богдан ( ),кириллица,граффито,"Внешняя стена, восточнее южного портала, на высоте 176 см от поверхности почвы и на расстоянии 156 см от правого ребра ( )",целая (100%),,,
475,https://epigraphica.ru/epigraphy/inscription/show/475,1050–1150,Владельческая надпись Бляты (?),Пряслице с Южного посада Вышгорода,пряслице,Южный посад,Блѧты,,'[Пряслице] Бляты',кириллица,граффито,,целая (100%),,,О специфике антропонима см. Зоценко 1991.
476,https://epigraphica.ru/epigraphy/inscription/show/476,1030–1040,Надпись неясного содержания,Стены киевского Софийского собора,стена церкви,Собор св. Софии,,,,кириллица,граффито,восточная плоскость юго-западного столба подкупольного квадрата ( ),фрагмент (15-50%),,,"Надпись сохранилась лишь фрагментарно, нет однозначной интерпретации. С. А. Высоцкий читает и датирует надпись на основании соседства надписей № 99 (настоящая надпись) и № 4 (о саркофаге Всеволода Ярославича). Предполагается, что надпись о саркофаге расположена именно на этом столбе и на этом уровне, потому что ее писец стремился поместить сообщение о смерти князя рядом с записью о его рождении. Датировка подтверждается данными палеографии ( ). Повесть временных лет под 1030 г.: « и родися Ярославу 4-й сынъ, и нарече имя ему Всеволодъ » ( ). В. В. Корниенко предположительно видит здесь молитву к Богородице с перечнем имен."
477,https://epigraphica.ru/epigraphy/inscription/show/477,1037–1100,Азбука из 27 букв,Стены киевского Софийского собора,стена церкви,Собор св. Софии,а б в г д ежз и ѳ і к л м н ѯ о п р с т у ф х ш щ ѡ,,,кириллица,граффито,"на южной стене апсиды придела архангела Михаила, под двумя слоями масляных красок XVIII и XIX вв., на фресковой штукатурке XI в. ( )",целая (100%),середина XI в. ( ),,"Необычен состав азбуки и порядок следования букв. Специфичные буквы греческого алфавита ( ѳ , ѯ ) вставлены между кириллическими в соответствии со своими числовыми значениями. Несмотря на наличие букв для обозначения специфично славянских шипящих звуков ( ж [вероятно, была пропущена и надписана], ш , щ ), не имеющих числового значения, в азбуке отсутствуют отдельные специфично кириллические буквы: передающие аффрикаты и имеющие числовое значение ( ѕ , ч , ц ) и передающие гласные и не имеющие числового значения ( ѣ , еры, юсы, йотированные гласные). В составе азбуки есть обе греческие буквы для обозначения звука [ф] ( ѳ , ф ), отсутствовавшего в славянском консонантизме; обе они имеют числовое значение."
478,https://epigraphica.ru/epigraphy/inscription/show/478,1080–1100,Надпись о вторичном погребении грамматика,Стены киевского Софийского собора,стена церкви,Собор св. Софии,мс҇цѧ [і]ꙋниꙗгр](е)[бо]⸗ш[ѧ] грама⸗тика а въі҃е въдаша к(ъ)Лазор-ю,,"‘Месяца июня в ... день выкопали грамматика [книжника], а в 15-й отдали к Лазорю’. ( )",кириллица,граффито,северная стена южной внешней галереи Софии Киевской (придел свв. Антония и Феодосия) возле сильно попорченного фрескового изображения Стефана ( ),с небольшими утратами (>85%),,,"«В 6-й строке после Лазор <...> фигура вида с , поверх которой проведены два вертикальных штриха. Можно предположить, что писец начал писать букву е (от Лазореви ), но затем решил ее переделать (на ю ?); результат его не устроил и он просто бросил это место и рядом написал ю » ( ). «Не удается получить бесспорного чтения для начала 2-й строки, где указан день, когда производилась эксгумация <...> Место для узкого знака между въ и дн҃ есть, т. е. в принципе можно предположить, что здесь стояло і҃ ‘10’, которое не сохранилось (ср. і в [ і ] ꙋниꙗ ); но это, конечно, ненадежно» ( –271). Видимо, имеется в виду ритуал вторичного погребения: кости эксгумировали и вложили в гроб родственника, хоронимого в той же могиле ( ; об этом обряде см. )."
479,https://epigraphica.ru/epigraphy/inscription/show/479,1037–[1150],"Молитва о Безуе, отроке Ивана Добрынича",Стены киевского Софийского собора,стена церкви,Собор св. Софии,Ги҃ помози рабоу своемуиМ--еви съ нимъ,,"‘Господи, помоги рабу своему Безую, отроку Ивана Д[о]брынича, и М[ал]ю с ним’.",кириллица,граффито,"на фреске св. Онуфрия, на высоте 132 см от пола и на расстоянии 66 см от левого угла ( ) южная внешняя галерея Софии Киевской в нижней части фрески св. Онуфрия ( )",с небольшими утратами (>85%),,,"«Граффито взято в рамку» ( ). Понимание отрезка Безуеви Иванѫ отроку Д-|брынича как ‘Безую-Ивану, отроку Добрынича’ «несовместимо с древнерусскими правилами выражения принадлежности <...> использование буквы ѫ для передачи [’у] – для XI в. довольно частое явление <...> Тогда Иванѫ – это притяжательное прилагательное и смысл основной части надписи таков: ‘Господи, помоги рабу своему Безую, отроку Ивана Добрынича’ <...> В 3-й строке чтение Мареви принять невозможно: ни от какого древнерусского имени такого Д. ед. быть не может» ( –267). Возможно, последнее имя читается как Малеви (устное сообщение А. А. Гиппиуса)."
480,https://epigraphica.ru/epigraphy/inscription/show/480,1037–1100,Молитва о Коснятине,Стены киевского Софийского собора,стена церкви,Собор св. Софии,Ги҃ пѡмози рабꙋ свѡѥмꙋ,,"‘Господи, помоги рабу своему Коснятину’. ( )",кириллица,граффито,"на южной стене западной внутренней галереи Софии Киевской на фреске с образами св. Евстафия Плакиды, его жены св. Феопистии и их сына св. Агапия; на высоте 120 см от современного пола и в 338 см от левого угла ( )",целая (100%),втор. пол. XI в. ( ),,
482,https://epigraphica.ru/epigraphy/inscription/show/482,1140–1240,"Автограф Ивана Завидовича, направлявшегося в паломничество в Сантьяго-де-Компостела",Saint-Vivien de Pons,стена церкви,Церковь св. Вивиана,Ивано ѱло Зав[и]⸗,,"‘Иван писал Завидович, идя к святому Иакову’ ( )",кириллица,граффито,"На северном плече широкого романского фасада церкви, в четвертом снизу ряду кладки массивного контрфорса, на высоте 83 см от современного пола. ( )",целая (100%),1160–1180 ( ),,"Terminus post quem определяется датой строительства собора в 1140-е гг. Предположительный terminus ante quem связан с монгольским нашествием 1230-х – 1240-х гг. Вопреки издателям, палеография надписи не позволяет уточнить ее датировку."
483,https://epigraphica.ru/epigraphy/inscription/show/483,1420-1440,Заздравная надпись на чаре князя Владимира Давыдовича,Чара князя Владимира Давыдовича,"чаша, бытовые предметы",неизвестно,text 1: основная надписьtext 2: черновая надписьа се чара кнѧ[з]ѧ володова дв҃ꙑдови[ча] кто из нее п[ь то]му на здоров[ь]е а хвалѧ бо[га своего ѡспо]дарѧ великого не оупье[тьсѧ],,"{Основная надпись} Это чара князя Владимира Давыдовича. Кто из нее пьет, тому на здоровье, хваля Бога и своего господаря великого князя. {Подготовительная надпись} Это чара князя Владимира Давыдовича, кто из нее пьет, тому на здоровье, хваля Бога [и] своего господаря великого, [пусть] не упьется.",кириллица,"граффито, чеканка","«[Н]а вертикальном, слегка отогнутом ободе двойным контуром вычеканена заздравная надпись» (text 1) Частично сохранившаяся черновая надпись (text 2) ( ) «Круговая надпись резана по серебру двойным контуром. Фон сплошь заштрихован граверным резцом. Рисунками процветшего креста надпись расчленена на четыре части» ( )",целая (100%),"Не ранее второй половины XIII в., скорее всего первая половина XIV в. ( )","Палеографически значимы следующие начертания: а типа 7 «удлиненная спинка» по А. А. Зализняку (указывает либо на время ), е IV «лежащие» 1380>, и II «наклонная перекладина» 1320> (1340>) (?), р IVа «углом вниз (криволинейные)» 1160> (1240>) или р IVб «углом вниз (прямолинейные)» 1240> (1300>), ч IIа «Y-образные» 1280>, ѧ IIIа «V-образный язычок (острые)» 1280> (1340>). Из лингвистических черт существенна особенность «язык: оспод- (без г) (1340>)».",
484,https://epigraphica.ru/epigraphy/inscription/show/484,1045–1109,Криптограмма имени Мечислав,Первоначальная штукатурка новгородского Софийского Собора,стена церкви,Собор св. Софии,,Мчс(л)в,‘Мечислав’ (см. комментарий),кириллица,граффито,"Юго-восточный подкупольный столб, восточная лопатка, южная грань. 25 см от левого края, 35 см ниже современного пола. ( )",с утратами (50-85%) с утратами (50-85%) ( ),,,"Буквы м (в круге), [ч] , с , (л) и в (вне круга, против часовой стрелки, начиная сверху)."
485,https://epigraphica.ru/epigraphy/inscription/show/485,1045–1109,Надпись с заимствованным речением («куни рони»),Первоначальная штукатурка новгородского Софийского Собора,стена церкви,Собор св. Софии,кюни рони,,,кириллица,граффито,,целая (100%),,,"Вертикальная засечка на верхней диагонали к настолько длинна, что делает эту букву похожей на н."
486,https://epigraphica.ru/epigraphy/inscription/show/486,1045–1109,Надпись с именем «Иван»,Первоначальная штукатурка новгородского Софийского Собора,стена церкви,Собор св. Софии,И[в]анъ,,‘Иван’,кириллица,граффито,"Юго-восточный подкупольный столб, восточная лопатка, южная грань. 28 см от левого края, 36 см ниже современного пола. ( )",,,,
487,https://epigraphica.ru/epigraphy/inscription/show/487,1045–1109,Надпись с заимствованным речением («куни рони»),Первоначальная штукатурка новгородского Софийского Собора,стена церкви,Собор св. Софии,к{[н]}юни,,,кириллица,граффито,"Юго-восточный подкупольный столб, восточная лопатка, южная грань. 29 см от левого края, 37 см ниже современного пола. ( )",с утратами (50-85%) ( ),,,"Оформление: 2-ая строка начинается под 4-ой буквой 1-ой строки (вероятно, из-за неровности штукатурки). Описки и исправления: Вероятно, автор граффито написал в начале н вместо к из-за предвосхищения последующих двух букв н, а затем он или кто-то другой приписал более крупную букву к слева."
488,https://epigraphica.ru/epigraphy/inscription/show/488,1045–1109,Надпись с упоминанием попа Смолька,Первоначальная штукатурка новгородского Софийского Собора,стена церкви,Собор св. Софии,text 1:зъtext 2:С[м]ол[ь]кtext 3:п[п],,,кириллица,граффито,"Юго-восточный подкупольный столб, восточная лопатка, южная грань. 22 см от левого края, 35 см ниже современного пола. Взаимное расположение текстов: Текст 2 находится справа от Текста 1. Текст 3 приписан над буквами ол Текста 2. ( )",целая (100%),,,"Текст 3 представляет собой сокращенную запись слова попъ. Текст 1, возможно, был процарапан другой рукой. Нельзя исключать, что это не слово азъ, а фрагмент монограммы (например, имени Лазорь). Оформление: Левая нога 1-ой буквы п (Текст 3) продолжена вниз дугой, загнутой вправо."
489,https://epigraphica.ru/epigraphy/inscription/show/489,1045–1109,Надпись с заимствованным речением («куни рони»),Первоначальная штукатурка новгородского Софийского Собора,стена церкви,Собор св. Софии,(к)[ю]н(и) рони,,,,,"Юго-восточный подкупольный столб, восточная лопатка, южная грань. 21 см от левого края, 37 см ниже современного пола. ( )",с утратами (50-85%) ( ),,,
490,https://epigraphica.ru/epigraphy/inscription/show/490,1045–1109,Надпись с именем Петр,Первоначальная штукатурка новгородского Софийского Собора,стена церкви,Собор св. Софии,Петръ,,‘Петр’,кириллица,граффито,"Юго-восточный подкупольный столб, восточная лопатка, южная грань. 30 см от левого края, 41 см ниже современного пола. ( )",целая (100%),,,Над надписью четырехконечный крест с подписью Іc҃ Хс҃.
491,https://epigraphica.ru/epigraphy/inscription/show/491,1045–1109,Криптограмма имени Мечислав,Первоначальная штукатурка новгородского Софийского Собора,стена церкви,Собор св. Софии,,Мчслв,‘Мечислав’ (см. комментарий),кириллица,граффито,"Юго-восточный подкупольный столб, восточная лопатка, южная грань. 40 см от левого края, 37 см ниже современного пола. ( )",с небольшими утратами (>85%) с небольшими утратами (>85%) ( ),,,"Буквы м (в круге), ч , с , л , в (вне круга, против часовой стрелки, начиная сверху)."
492,https://epigraphica.ru/epigraphy/inscription/show/492,1045–1109,Надпись с заимствованным речением («куни рони»),Первоначальная штукатурка новгородского Софийского Собора,стена церкви,Собор св. Софии,(-)--ни,,,кириллица,граффито,"Юго-восточный подкупольный столб, восточная лопатка, южная грань. 48 см от левого края, 39 см ниже современного пола. ( )",с утратами (50-85%) ( ),,,
493,https://epigraphica.ru/epigraphy/inscription/show/493,1045–1109,Надпись с заимствованным речением («куни рони»),Первоначальная штукатурка новгородского Софийского Собора,стена церкви,Собор св. Софии,кꙕ|ни | ро|ни,,,кириллица,граффито,"Юго-восточный подкупольный столб, восточная лопатка, южная грань. 40 см от левого края, 41 см ниже современного пола. ( )",целая (100%),,,Зеркальная буква ю (ꙕ).
494,https://epigraphica.ru/epigraphy/inscription/show/494,1045–1109,Надпись с заимствованным речением («куни рони»),Первоначальная штукатурка новгородского Софийского Собора,стена церкви,Собор св. Софии,кю[ни],,,кириллица,граффито,"Юго-восточный подкупольный столб, восточная лопатка, южная грань. 42 см от левого края, 43 см ниже современного пола. ( )",с утратами (50-85%) ( ),,,
495,https://epigraphica.ru/epigraphy/inscription/show/495,1045–1109,Надпись неизвестного назначения,Первоначальная штукатурка новгородского Софийского Собора,стена церкви,Собор св. Софии,-з-[в]а[ш]а,,См. комментарий.,кириллица,граффито,"Юго-восточный подкупольный столб, восточная лопатка, южная грань. 47 см от левого края, 42 см ниже современного пола. ( )",с утратами (50-85%) ( ),,,"Мелкая надпись повреждена несколькими сколами. Первая буква или знак прописана слабо; буква ш накладывается на петлю изображенной здесь про-стой плетенки. Возможно, здесь было написано слово зъваша или зѣваша."
496,https://epigraphica.ru/epigraphy/inscription/show/496,1045–1109,Надпись с заимствованным речением («куни рони»),Первоначальная штукатурка новгородского Софийского Собора,стена церкви,Собор св. Софии,[ку]ни рони,,,кириллица,граффито,"Юго-восточный подкупольный столб, восточная лопатка, южная грань. 54 см от левого края, 33 см ниже современного пола. ( )",с утратами (50-85%) ( ),,,Вертикали букв и и н расширяются книзу.
497,https://epigraphica.ru/epigraphy/inscription/show/497,1045–1109,Надпись с именем Кузьма,Первоначальная штукатурка новгородского Софийского Собора,стена церкви,Собор св. Софии,Коузьма,,‘Кузьма’,кириллица,граффито,"Юго-восточный подкупольный столб, восточная лопатка, южная грань. 29 см от левого края, 33 см ниже современного. ( )",целая (100%),,,
498,https://epigraphica.ru/epigraphy/inscription/show/498,1045–1109,Недописанная покаянная надпись,Первоначальная штукатурка новгородского Софийского Собора,стена церкви,Собор св. Софии,охъ тъ,,"‘Ох, тяжко (букв.: тошно).’",кириллица,граффито,"Юго-восточный подкупольный столб, восточная лопатка, южная грань. 62 см от левого края, 34 см ниже современного пола. ( )",целая (100%),,,Последняя буква (ъ) недописана.
499,https://epigraphica.ru/epigraphy/inscription/show/499,1045–1109,Надпись с заимствованным речением («куни рони»),Первоначальная штукатурка новгородского Софийского Собора,стена церкви,Собор св. Софии,коу(ни),,,кириллица,граффито,"Юго-восточный подкупольный столб, восточная лопатка, южная грань. 61 см от левого края, 36 см ниже современного пола. ( )",с утратами (50-85%),,,
500,https://epigraphica.ru/epigraphy/inscription/show/500,1045–1109,Надпись с заимствованным речением («куни рони»),Первоначальная штукатурка новгородского Софийского Собора,стена церкви,Собор св. Софии,[к]юн(…),,,кириллица,граффито,"Юго-восточный подкупольный столб, восточная лопатка, южная грань. 59 см от левого края, 37 см ниже современного пола. ( )",с утратами (50-85%),,,
501,https://epigraphica.ru/epigraphy/inscription/show/501,1045–1109,Надпись с заимствованным речением («куни рони»),Первоначальная штукатурка новгородского Софийского Собора,стена церкви,Собор св. Софии,ко[уни р]они,,,кириллица,граффито,"Юго-восточный подкупольный столб, восточная лопатка, южная грань. 68 см от левого края, 34 см ниже современного пола. ( )",с утратами (50-85%),,,"Вероятно, писавшему помешала перейти на строку ниже рытвина в штукатурке и поэтому он записал последний слог над строкой."
502,https://epigraphica.ru/epigraphy/inscription/show/502,1045–1109,Надпись с сокращением имени Гюрьги (?),Первоначальная штукатурка новгородского Софийского Собора,стена церкви,Собор св. Софии,Гю҃Ми(---),,,кириллица,граффито,"Юго-восточный подкупольный столб, восточная лопатка, южная грань. 70 см от левого края, 37 см ниже современного пола. ( )",,,,"За необычным сокращением Гю҃, вероятно, скрывается имя Гюрьги. Над вторым словом надписи тоже могло стоять титло, уничтоженное сколом. Здесь могла быть сокращенная запись отчества."
503,https://epigraphica.ru/epigraphy/inscription/show/503,1045–1109,Надпись с глаголической буквой Ⰿ,Первоначальная штукатурка новгородского Софийского Собора,стена церкви,Собор св. Софии,ⰿ,,,глаголица,граффито,"Юго-восточный подкупольный столб, восточная лопатка, южная грань. 78 см от левого края, 36 см ниже современного пола. ( )",целая (100%),,,
504,https://epigraphica.ru/epigraphy/inscription/show/504,1045–1109,Монограмма имени Затех (?),Первоначальная штукатурка новгородского Софийского Собора,стена церкви,Собор св. Софии,,За[т{е}]ѣх[ъ],‘Затех’ (см. комментарий),кириллица,граффито,"Юго-восточный подкупольный столб, восточная лопатка, южная грань. 77 см от левого края, 35 см ниже современного пола. ( )",с утратами (50-85%),,,"Монограмма из крупной буквы х внизу, а слева вверху, з , сложенной из элементов а и х с добавлением засечки слева, отдельной е справа вверху и зеркального ъ , использующего язычок и нижнюю половину е в своей верхней части (буквы е и ъ повреждены изображением перевернутой пятиконечной звезды, однако уверенно реконструируются по другим экземплярам монограмм того же автора). К левой нижней диагонали буквы х пририсована буква ѣ . Монограмму, по-видимому, следует читать как За[т{е}]ѣх[ъ] (с заменой ѣ → е ). В данном случае она содержит дополнительную букву ѣ : вероятно, автор надписи хотел таким образом «исправить» е на ѣ ."
505,https://epigraphica.ru/epigraphy/inscription/show/505,1045–1109,Монограмма имени Затех (?),Первоначальная штукатурка новгородского Софийского Собора,стена церкви,Собор св. Софии,,Зат{е}ѣхъ,‘Затех’ (см. комментарий),кириллица,граффито,"Юго-восточный подкупольный столб, восточная лопатка, южная грань. 90 см от левого края, 30 см ниже современного пола. ( )",с утратами (50-85%),,,"Монограмма из крупной буквы х внизу, а слева вверху, з , сложенной из элементов а и х с добавлением засечки слева, маленькой т справа от а , е справа вверху и зеркального ъ справа от т , использующего язычок и нижнюю половину е в своей верхней части. К левой нижней диагонали буквы х пририсована буква ѣ . Монограмма предположительно читается как Зат{е}ѣхъ (с заменой ѣ → е )."
506,https://epigraphica.ru/epigraphy/inscription/show/506,1045–1109,Надпись неизвестного назначения,Первоначальная штукатурка новгородского Софийского Собора,стена церкви,Собор св. Софии,-р-[б](-)--,,,кириллица,граффито,"Юго-восточный подкупольный столб, восточная лопатка, южная грань. 89 см от левого края, 37 см ниже современного пола. ( )",с утратами (50-85%) ( ),,,"Буква слева от р , возможно, не относится к данной надписи."
507,https://epigraphica.ru/epigraphy/inscription/show/507,1045–1109,Надпись с заимствованным речением («куни рони»),Первоначальная штукатурка новгородского Софийского Собора,стена церкви,Собор св. Софии,коун[и],,,кириллица,граффито,"Юго-восточный подкупольный столб, восточная лопатка, южная грань. 71 см от левого края, 41 см ниже современного пола. ( )",с небольшими утратами (>85%) ( ),,,
508,https://epigraphica.ru/epigraphy/inscription/show/508,1045-1109,Надпись с заимствованным речением («куни рони»),Первоначальная штукатурка новгородского Софийского Собора,стена церкви,Собор св. Софии,куни,,,кириллица,граффито,"Юго-восточный подкупольный столб, восточная лопатка, южная грань. 77 см от левого края, 41 см ниже современного пола. ( )",целая (100%),,,
509,https://epigraphica.ru/epigraphy/inscription/show/509,1045–1109,Молитвенная надпись,Первоначальная штукатурка новгородского Софийского Собора,стена церкви,Собор св. Софии,Ги҃ [п]ом[о]⸗,,"‘Господи, помоги рабу своему...’",кириллица,граффито,"Юго-восточный подкупольный столб, восточная лопатка, южная грань. 81 см от левого края, 43 см ниже современного пола. ( )",с утратами (50-85%) ( ),,,Поверх надписи вырезано изображение креста.
510,https://epigraphica.ru/epigraphy/inscription/show/510,1045–1109,Надпись с первым слогом заимствованного речения («куни рони»),Первоначальная штукатурка новгородского Софийского Собора,стена церкви,Собор св. Софии,кю,,,кириллица,граффито,"Юго-восточный подкупольный столб, восточная лопатка, южная грань. 92 см от левого края, 44 см ниже современного пола. ( )",целая (100%),,,
511,https://epigraphica.ru/epigraphy/inscription/show/511,1045–1109,Надпись с именем Воигость / Воигост (?),Первоначальная штукатурка новгородского Софийского Собора,стена церкви,Собор св. Софии,Воиго,,‘Воигость’ или ‘Воигост’ (?),кириллица,граффито,"Юго-восточный подкупольный столб, восточная лопатка, южная грань. 88 см от левого края, 47 см ниже современного пола. ( )",с утратами (50-85%) ( ),,,"Имя Воигость (или Воигостъ ), конец которого поврежден. Возможно, имя недописано."
512,https://epigraphica.ru/epigraphy/inscription/show/512,1045–1109,Молитвенная надпись,Первоначальная штукатурка новгородского Софийского Собора,стена церкви,Собор св. Софии,о Ги҃ помо⸗,,"‘О, Господи, помоги рабу.’",кириллица,граффито,"Юго-восточный подкупольный столб, восточная лопатка, южная грань. 107 см от левого края, 45 см ниже современного пола. ( )",целая (100%),,,Чуть выше этой надписи изображена отдельная буква ѿ .
513,https://epigraphica.ru/epigraphy/inscription/show/513,1045–1109,Криптограмма имени Мечислав,Первоначальная штукатурка новгородского Софийского Собора,стена церкви,Собор св. Софии,,Мч[с]в,‘Мечислав’ (см. комментарий),кириллица,граффито,"Юго-восточный подкупольный столб, восточная лопатка, южная грань. 13 см от левого края, 42 см ниже современного пола. ( )",с утратами (50-85%),,,"Автограф-криптограмма имени Мечиславъ . Криптограмма на основе круга. В круге видна буква м , а вне круга – [ч] сверху, с слева и в справа."
514,https://epigraphica.ru/epigraphy/inscription/show/514,1045–1109,Надпись с буквой,Первоначальная штукатурка новгородского Софийского Собора,стена церкви,Собор св. Софии,В,,,кириллица,граффито,"Юго-восточный подкупольный столб, восточная лопатка, южная грань. 11 см от левого края, 46 см ниже современного пола. ( )",целая (100%),,,"Справа от буквы – непонятный знак или рисунок, несомненно, начертанный той же рукой."
515,https://epigraphica.ru/epigraphy/inscription/show/515,1045–1109,Надпись с заимствованным речением («куни рони»),Первоначальная штукатурка новгородского Софийского Собора,стена церкви,Собор св. Софии,коуни ро[ни],,,кириллица,граффито,"Юго-восточный подкупольный столб, восточная лопатка, южная грань. 19 см от левого края, 43 см ниже современного пола. ( )",малый фрагмент (<15%) ( ),,,
516,https://epigraphica.ru/epigraphy/inscription/show/516,1045–1109,Надпись с заимствованным речением («куни рони»),Первоначальная штукатурка новгородского Софийского Собора,стена церкви,Собор св. Софии,коуни ро⸗ни,,,кириллица,граффито,"Юго-восточный подкупольный столб, восточная лопатка, южная грань. 25 см от левого края, 43 см ниже современного пола. ( )",с небольшими утратами (>85%) ( ),,,Надпись зачеркнута.
517,https://epigraphica.ru/epigraphy/inscription/show/517,1045–1109,Криптограмма имени Мечислав,Первоначальная штукатурка новгородского Софийского Собора,стена церкви,Собор св. Софии,,Мчсл[в],‘Мечислав’ (см. комментарий),кириллица,граффито,"Юго-восточный подкупольный столб, восточная лопатка, южная грань. 23 см от левого края, 46 см ниже современного пола. ( )",с утратами (50-85%),,,"Автограф-криптограмма имени Мечиславъ : буквы м (в круге), ч , с , л , [в] (вне круга, против часовой стрелки, начиная сверху)."
518,https://epigraphica.ru/epigraphy/inscription/show/518,1045–1109,Криптограмма имени Мечислав,Первоначальная штукатурка новгородского Софийского Собора,стена церкви,Собор св. Софии,,(М)чс[л](в),‘Мечислав’ (см. комментарий),кириллица,граффито,"Юго-восточный подкупольный столб, восточная лопатка, южная грань. 25 см от левого края, 45 см ниже современного пола. ( )",с утратами (50-85%),,,"Автограф-криптограмма имени Мечиславъ : круг и буквы ч (над ним), с (слева) и [л] (внизу). Буквы м и в не сохранились."
519,https://epigraphica.ru/epigraphy/inscription/show/519,1045–1109,Надпись с именем Логин,Первоначальная штукатурка новгородского Софийского Собора,стена церкви,Собор св. Софии,Логи⸗,,‘Логин’,кириллица,граффито,"Юго-восточный подкупольный столб, восточная лопатка, южная грань. 32 см от левого края, 48 см ниже современного пола. ( )",целая (100%),,,"Славянская адаптация канонического имени Лонгин (греч. Λογγῖνος). В древнерусский период это имя, как кажется, в источниках не встречается, но в более позднюю эпоху представлено достаточно широко (см. старорус. подкорпус НКРЯ, ср. топонимы Логиново и Логинково в писцовых книгах, совр. топоним Логинцево и фамилию Логинов )."
520,https://epigraphica.ru/epigraphy/inscription/show/520,1045–1109,Надпись с заимствованным речением («куни рони»),Первоначальная штукатурка новгородского Софийского Собора,стена церкви,Собор св. Софии,[кюни],,,кириллица,граффито,"Юго-восточный подкупольный столб, восточная лопатка, южная грань. 39 см от левого края, 50 см ниже современного пола. ( )",с утратами (50-85%) ( ),,,Зеркальная буква ю ( ꙕ ) (?).
521,https://epigraphica.ru/epigraphy/inscription/show/521,1045–1109,Надпись с инципитами двух стихов из Псалтири,Первоначальная штукатурка новгородского Софийского Собора,стена церкви,Собор св. Софии,[да] в[ъ]н[и]⸗,,,кириллица,граффито,"Юго-восточный подкупольный столб, восточная лопатка, южная грань. 42 см от левого края, 50 см ниже современного пола. ( )",с утратами (50-85%) ( ),,,"Основная часть надписи состоит из инципитов двух стихов из Псалтири, читаемых после исполнения тропаря в великопостном варианте службы Девятого часа: «Да вънидеть прошение мое прѣдъ тя, Господи, по словеси твоему избави мя!» (Пс. 118: 170), «Да приближиться моление мое прѣдъ тя, Господи, по словеси твоему въразуми мя» (Пс. 118: 169). Стихи по неясной причине записаны в обратной последовательности."
522,https://epigraphica.ru/epigraphy/inscription/show/522,1045–1109,Автограф Тудорка,Первоначальная штукатурка новгородского Софийского Собора,стена церкви,Собор св. Софии,Тоудоръ⸗,,"‘Тудорко писал, [по прозвищу] Тризна (?).’",кириллица,граффито,"Юго-восточный подкупольный столб, восточная лопатка, южная грань. 30 см от левого края, 54 см ниже современного пола. ( )",с небольшими утратами (>85%) ( ),,,"Первая буква третьей строки выглядит как совр. буква Б без засечки. Учитывая уникальный рисунок остальных букв третьей строки, нельзя исключать, что здесь стояла лигатура из букв тр . В таком случае прозвищем или мирским именем Тудорка было Тризна . Ср. старорус. имя Тризна и патроним Тризничъ . Буквы 3-ей строки – малые инициалы уникального рисунка: у буквы и утолщена перекладина, у буквы з – хвост, у буквы н – левая нога, а у буквы а – спинка, выполненная в виде большого равнобедренного треугольника."
523,https://epigraphica.ru/epigraphy/inscription/show/523,1045–1109,Криптограмма имени Мечислав,Первоначальная штукатурка новгородского Софийского Собора,стена церкви,Собор св. Софии,,,‘Мечислав’ (см. комментарий),кириллица,граффито,"Юго-восточный подкупольный столб, восточная лопатка, южная грань. 34 см от левого края, 54 см ниже современного пола. ( )",с утратами (50-85%) ( ),,,"Криптограмма на основе изображения в виде неровного овала, вытянутого по вретикали. Содержит букву м , нанесенную поверх левого склона овальной основной фигуры, и написанные вокруг, букву [ч] сверху, [л] внизу и в справа от овала. Судя по всему, перед нами нестандартный автограф-криптограмма имени Мечиславъ , отличный от других автографов Мечислава: в большинстве других экземпляров буква м находится в круге, а по сторонам круга – буквы ч , с , л и в ."
524,https://epigraphica.ru/epigraphy/inscription/show/524,1045–1109,"Надпись неизвестного назначения, возможно, недописанная молитва",Первоначальная штукатурка новгородского Софийского Собора,стена церкви,Собор св. Софии,опрч(-)ив,,,кириллица,граффито,"Юго-восточный подкупольный столб, восточная лопатка, южная грань. 30 см от левого края, 54 см ниже современного пола. ( )",с утратами (50-85%) ( ),,,"Надпись недописана. Связной интерпретации фрагмент не поддается; не исключено, что это небрежно обозначенное начало молитвы: «о прѣчистая владычице Богородице»."
525,https://epigraphica.ru/epigraphy/inscription/show/525,1045–1109,Надпись с именами Доброжир и Домачко с указанием родства,Первоначальная штукатурка новгородского Софийского Собора,стена церкви,Собор св. Софии,До[б]рожир-,,"‘Доброжир с братом, Домачко’ или, менее вероятно, ‘Доброжир с братом Домачком’.",кириллица,граффито,"Юго-восточный подкупольный столб, восточная лопатка, южная грань. 28 см от левого края, 62 см ниже современного пола. ( )",с утратами (50-85%) ( ),,,"Орфография: ь → ъ (после шипящего). Описки и исправления: в первом имени буква б , возможно, исправлена из п . Нельзя исключать, что автор граффито не дописал словоформу *Домачъко(мъ) или Домачъко(ю) – приложение при твор. падеже [с]ъ [б]р(а)то[мъ] . Но необходимости в таком допущении нет: сочетание «Х с братом» нередко встречается и без упоминания имени брата (см., например, в берест. гр. № 1088 (XIII в.), представляющей собой список имен в им. падеже: Бори{си}се съ братомо{мо}, … Съмене съ братъмъ ). В таком случае надпись переводится: ‘Доброжир с братом, Домачко’."
526,https://epigraphica.ru/epigraphy/inscription/show/526,1045–1109,Автограф Климяты,Первоначальная штукатурка новгородского Софийского Собора,стена церкви,Собор св. Софии,Климѧта,,‘Климята писал.’,кириллица,граффито,"Юго-восточный подкупольный столб, восточная лопатка, южная грань. 35 см от левого края, 61 см ниже современного пола. ( )",целая (100%),,,
527,https://epigraphica.ru/epigraphy/inscription/show/527,1045–1109,Надпись с заимствованным речением («куни рони»),Первоначальная штукатурка новгородского Софийского Собора,стена церкви,Собор св. Софии,коуни,,,кириллица,граффито,"Юго-восточный подкупольный столб, восточная лопатка, южная грань. 42 см от левого края, 46 см ниже современного пола. ( )",целая (100%),,,
528,https://epigraphica.ru/epigraphy/inscription/show/528,1045–1109,Надпись с заимствованным речением («куни рони»),Первоначальная штукатурка новгородского Софийского Собора,стена церкви,Собор св. Софии,к-н[и],,,кириллица,граффито,"Юго-восточный подкупольный столб, восточная лопатка, южная грань. 54 см от левого края, 43 см ниже современного пола. ( )",с утратами (50-85%) ( ),,,
529,https://epigraphica.ru/epigraphy/inscription/show/529,1045–1109,Надпись с заимствованным речением («куни рони»),Первоначальная штукатурка новгородского Софийского Собора,стена церкви,Собор св. Софии,коун[и],,,кириллица,граффито,"Юго-восточный подкупольный столб, восточная лопатка, южная грань. 60 см от левого края, 42 см ниже современного пола. ( )",с утратами (50-85%) ( ),,,
530,https://epigraphica.ru/epigraphy/inscription/show/530,1045–1109,Надпись с заимствованным речением («куни рони»),Первоначальная штукатурка новгородского Софийского Собора,стена церкви,Собор св. Софии,кюни ро⸗,,,кириллица,граффито,"Юго-восточный подкупольный столб, восточная лопатка, южная грань. 61 см от левого края, 45 см ниже современного пола. ( )",целая (100%),,,
531,https://epigraphica.ru/epigraphy/inscription/show/531,1045–1109,Криптограмма имени Затех,Первоначальная штукатурка новгородского Софийского Собора,стена церкви,Собор св. Софии,,Затехъ,‘Затех’ (см. комментарий),кириллица,граффито,"Юго-восточный подкупольный столб, восточная лопатка, южная грань. 63 см от левого края, 50 см ниже современного пола. ( )",с утратами (50-85%),,,"Монограмма из крупной буквы х внизу, а слева вверху, з , сложенной из элементов а и х , отдельной е справа вверху и зеркального ъ , использующего язычок и часть дужки буквы е в своей верхней части. Левая часть петли буквы а и верхняя горизонталь буквы з образуют также букву т (впрочем, сильно наклоненную и, по-видимому, не имеющую засечек). Орфография: Замена ѣ → е ."
532,https://epigraphica.ru/epigraphy/inscription/show/532,1045–1109,Криптограмма имени Затех и заимствованное речение («куни рони»),Первоначальная штукатурка новгородского Софийского Собора,стена церкви,Собор св. Софии,text 1:монограмма имени Затех (см. комментарий)text 2:куни рони,,text 1: ‘Затех’ (см. комментарий),кириллица,граффито,"Юго-восточный подкупольный столб, восточная лопатка, южная грань. 71 см от левого края, 51 см ниже современного пола. Взаимное расположение текстов: Текст 2 находится справа от Текста 1. ( )",с небольшими утратами (>85%) ( ),,,"Т1 – аккуратная монограмма, имеющая вертикальное устройство: сверху располагается миниатюрная буква т без засечек, ее вертикаль служит чуть ниже спинкой буквы а , а еще ниже становится деталью з , к хвосту которой добавлена черточка, делающая его зеркальной буквой е , самый кончик хвоста з перечеркнут, что создает здесь букву х ."
533,https://epigraphica.ru/epigraphy/inscription/show/533,1045–1109,Надпись с заимствованным речением («куни рони»),Первоначальная штукатурка новгородского Софийского Собора,стена церкви,Собор св. Софии,к[юн]и,,,кириллица,граффито,"Юго-восточный подкупольный столб, восточная лопатка, южная грань. 80 см от левого края, 48 см ниже современного пола. ( )",с утратами (50-85%) ( ),,,
534,https://epigraphica.ru/epigraphy/inscription/show/534,1383,"Подпись к реликвии – ароматам, которыми помазали тело Христа перед погребением",Ковчег Дионисия Суздальского,реликварий,Нижний Новгород (точное место неизвестно),+ ароматꙑ им же помаꙁаша Христа и обивъше пъласщалницею,,"‘Ароматы, которыми помазали Христа, обернув плащаницей’",кириллица,резьба по металлу,"левый верхний квадрат от креста, левая верхняя реликвия",целая (100%),,,
535,https://epigraphica.ru/epigraphy/inscription/show/535,1383,"Подпись к реликвии – губке, с которой Христос был напоен уксусом",Ковчег Дионисия Суздальского,реликварий,Нижний Новгород (точное место неизвестно),+ губа юже омочиша во оцетъ и напоиша Христа на крьстѣ распата,,"‘Губка, которую обмакнули в уксус и напоили Христа, на кресте распятого’",кириллица,резьба по металлу,"левый верхний квадрат от креста, левая нижняя реликвия",целая (100%),,,
536,https://epigraphica.ru/epigraphy/inscription/show/536,1383,Подпись к реликвии – ризе Христа,Ковчег Дионисия Суздальского,реликварий,Нижний Новгород (точное место неизвестно),+ риꙁа Христова нешвенаꙗ юже свѧтаꙗ Богородица съдѣла,,"‘Риза Христова нешвеная [то есть тканая, без швов], которую святая Богородица сделала’",кириллица,резьба по металлу,"левый верхний квадрат от креста, правая верхняя реликвия",целая (100%),,,
537,https://epigraphica.ru/epigraphy/inscription/show/537,1383,"Подпись к реликвии – крови, истекшей из ребер Христа",Ковчег Дионисия Суздальского,реликварий,Нижний Новгород (точное место неизвестно),+ кровь Христова прободеньемь копьꙗ истекшиꙗ ис пречистꙑхъ ребро,,"‘Кровь Христова, от удара копья истекшая из пречистых ребер’",кириллица,резьба по металлу,"левый верхний квадрат от креста, правая нижняя реликвия",целая (100%),,,
538,https://epigraphica.ru/epigraphy/inscription/show/538,1383,Подпись к реликвии – камню от гроба Спасителя,Ковчег Дионисия Суздальского,реликварий,Нижний Новгород (точное место неизвестно),+ камень гробнꙑи в немъ же положиша Христа цьсарѧ небесънаго,,"‘Камень от гроба, в который положили Христа, цесаря небесного’",кириллица,резьба по металлу,"правый верхний квадрат от креста, левая верхняя реликвия",целая (100%),,,
539,https://epigraphica.ru/epigraphy/inscription/show/539,1383,"Подпись к реликвиям – волосам из бороды Христа и воде, истекшей из его ребер",Ковчег Дионисия Суздальского,реликварий,Нижний Новгород (точное место неизвестно),+ власі історгані брадꙑ Христа Бога и вода істекшiꙗ іꙁ ребро на распѧтьи ∷,,"‘Волосы, вырванные из бороды Христа Бога, и вода, истекшая из ребер на распятии’",кириллица,резьба по металлу,"правый верхний квадрат от креста, левая нижняя реликвия",целая (100%),,,
540,https://epigraphica.ru/epigraphy/inscription/show/540,1045–1109,Надпись с заимствованным речением («куни рони»),Первоначальная штукатурка новгородского Софийского Собора,стена церкви,Собор св. Софии,коун(и) [ро]⸗,,,кириллица,граффито,"Юго-восточный подкупольный столб, восточная лопатка, южная грань. 85 см от левого края, 51 см ниже современного пола. ( )",с утратами (50-85%) ( ),,,
541,https://epigraphica.ru/epigraphy/inscription/show/541,1045–1109,Надпись с заимствованным речением («куни рони») (?),Первоначальная штукатурка новгородского Софийского Собора,стена церкви,Собор св. Софии,коу…,,,кириллица,граффито,"Юго-восточный подкупольный столб, восточная лопатка, южная грань. 89 см от левого края, 51 см ниже современного пола. ( )",с утратами (50-85%) ( ),,,"Возможно, конец надписи писался вслепую."
542,https://epigraphica.ru/epigraphy/inscription/show/542,1045–1109,Надпись с заимствованным речением («куни рони»),Первоначальная штукатурка новгородского Софийского Собора,стена церкви,Собор св. Софии,коу⸗,,,кириллица,граффито,"Юго-восточный подкупольный столб, восточная лопатка, южная грань. 94 см от левого края, 52 см ниже современного пола. ( )",с небольшими утратами (>85%) ( ),,,
543,https://epigraphica.ru/epigraphy/inscription/show/543,1045–1109,Криптограмма имени Мечислав,Первоначальная штукатурка новгородского Софийского Собора,стена церкви,Собор св. Софии,,,,кириллица,граффито,"Юго-восточный подкупольный столб, восточная лопатка, южная грань. 103 см от левого края, 47 см ниже современного пола. ( )",с утратами (50-85%),,,"Буква м в круге. Сокращенный или незавершенный автограф-криптограмма имени Мечиславъ . Отличается от других криптограмм Мечислава, у большинства из которых по четырем сторонам круга приписаны буквы ч , с , л и в , что составляет в сумме все согласные имени Мечиславъ ."
544,https://epigraphica.ru/epigraphy/inscription/show/544,1045–1109,Молитвенная надпись,Первоначальная штукатурка новгородского Софийского Собора,стена церкви,Собор св. Софии,о Г[и] сп҃си,,"‘О Господи, спаси.’",кириллица,граффито,"Юго-восточный подкупольный столб, восточная лопатка, южная грань. 10 см от левого края, 56 см ниже современного пола. ( )",с утратами (50-85%) ( ),,,
545,https://epigraphica.ru/epigraphy/inscription/show/545,1045–1109,Автограф Местяты,Первоначальная штукатурка новгородского Софийского Собора,стена церкви,Собор св. Софии,М[ѣ](с)[тѧта ѱъ],,‘Местята писал.’,кириллица,граффито,"Юго-восточный подкупольный столб, восточная лопатка, южная грань. 12 см от левого края, 53 см ниже современного пола. ( )",с утратами (50-85%) ( ),,,
546,https://epigraphica.ru/epigraphy/inscription/show/546,1045–1109,Надпись неизвестного назначения,Первоначальная штукатурка новгородского Софийского Собора,стена церкви,Собор св. Софии,ⰻ-,,,глаголица,граффито,"Юго-восточный подкупольный столб, восточная лопатка, южная грань. 6 см от левого края, 63 см ниже современного пола. ( )",с небольшими утратами (>85%) ( ),,,"Вторая буква краткой и миниатюрной надписи – вероятно, кириллическое т или глаголическое п . Ее левый край поврежден более поздним граффито."
547,https://epigraphica.ru/epigraphy/inscription/show/547,1045–1109,Надпись с заимствованным речением («куни рони»),Первоначальная штукатурка новгородского Софийского Собора,стена церкви,Собор св. Софии,коуни,,,кириллица,граффито,"Юго-восточный подкупольный столб, восточная лопатка, южная грань. 21 см от левого края, 65 см ниже современного пола. ( )",целая (100%),,,
548,https://epigraphica.ru/epigraphy/inscription/show/548,1045–1109,Молитва о Феодоре,Первоначальная штукатурка новгородского Софийского Собора,стена церкви,Собор св. Софии,Ги҃ п(о)мо⸗,,"‘Господи, помоги рабу Феодору.’",кириллица,граффито,"Юго-восточный подкупольный столб, восточная лопатка, южная грань. 21 см от левого края, 67 см ниже современного пола. ( )",с небольшими утратами (>85%) ( ),,,В традиционной формуле опущено слово своему . Это единственный пример такого рода в Софии Новгородской.
549,https://epigraphica.ru/epigraphy/inscription/show/549,1383,Подпись к реликвии – ризе Богородицы,Ковчег Дионисия Суздальского,реликварий,Нижний Новгород (точное место неизвестно),+ отъ риꙁꙑ свѧтꙑꙗ Богородицi иже носѧше i от чеснаго еꙗ гроба,,"‘От ризы святой Богородицы, которую она носила, и от честного ее гроба’",кириллица,резьба по металлу,"правый верхний квадрат от креста, правая верхняя реликвия",целая (100%),,,
550,https://epigraphica.ru/epigraphy/inscription/show/550,1383,Подпись к реликвии – камню от столба бичевания,Ковчег Дионисия Суздальского,реликварий,Нижний Новгород (точное место неизвестно),+ камень столъпа к нему же привѧꙁавъше Христа и мучиша и,,"‘Камень столба, к которому привязали Христа и мучали его’",кириллица,резьба по металлу,"правый верхний квадрат от креста, правая нижняя реликвия",целая (100%),,,
551,https://epigraphica.ru/epigraphy/inscription/show/551,1383,Подпись к реликвии – терновому венцу,Ковчег Дионисия Суздальского,реликварий,Нижний Новгород (точное место неизвестно),+ вѣнець терновъ иже въꙁложиша на всѣхъ иьсарѧ Христа,,"‘Венец терновый, который возложили на волосы цесаря Христа’",кириллица,резьба по металлу,"левый нижний квадрат от креста, левая верхняя реликвия",целая (100%),,,В слове цьсаря ошибочная замена ц на и .
552,https://epigraphica.ru/epigraphy/inscription/show/552,1383,Подпись к реликвии – багрянице Христа,Ковчег Дионисия Суздальского,реликварий,Нижний Новгород (точное место неизвестно),+ лжаꙗ порфира ею же облекоша Христа иже нево облачить облаки,,"‘Ложная порфира, в которую одели Христа, одевающего небо облаками’",кириллица,резьба по металлу,"левый нижний квадрат от креста, правая верхняя реликвия",целая (100%),,,
553,https://epigraphica.ru/epigraphy/inscription/show/553,1383,Подпись к реликвии – крови от иконы Христа в Бейруте,Ковчег Дионисия Суздальского,реликварий,Нижний Новгород (точное место неизвестно),+ кровь истекшаꙗ иꙁъ ребръ отъ иконꙑ Христовѣ иже въ Вуритѣ,,"‘Кровь, истекшая из ребер на иконе Христа в Бейруте’",кириллица,резьба по металлу,"левый нижний квадрат от креста, левая нижняя реликвия",целая (100%),,,
554,https://epigraphica.ru/epigraphy/inscription/show/554,1383,Подпись к реликвии – камню миропомазания,Ковчег Дионисия Суздальского,реликварий,Нижний Новгород (точное место неизвестно),+ камень доски на немь же Христа снемь со креста полов обвиша,,"‘Камень доски, на котором Христа, сняв с креста, обернули плащаницей’",кириллица,резьба по металлу,"левый нижний квадрат от креста, правая нижняя реликвия",целая (100%),,,
555,https://epigraphica.ru/epigraphy/inscription/show/555,1383,Подпись к реликвии – хитоне Христа,Ковчег Дионисия Суздальского,реликварий,Нижний Новгород (точное место неизвестно),+ хитона Господа нашего Ісусъ Христа еже нарчетсѧ срачица,,"‘Хитон господа нашего Иисуса Христа, который называется срачица’",кириллица,резьба по металлу,"правый нижний квадрат от креста, левая верхняя реликвия",целая (100%),,,
556,https://epigraphica.ru/epigraphy/inscription/show/556,1383,"Подпись к реликвии – трости, которой били Христа",Ковчег Дионисия Суздальского,реликварий,Нижний Новгород (точное место неизвестно),+ трость ею же биша по главѣ Христа на и же и губу вꙁнесоша,,"‘Трость, которой били по голове Христа и на которой ему поднесли губку’",кириллица,резьба по металлу,"правый нижний квадрат от креста, правая верхняя реликвия",целая (100%),,,
557,https://epigraphica.ru/epigraphy/inscription/show/557,1383,Подпись к реликвии – яслям Христовым,Ковчег Дионисия Суздальского,реликварий,Нижний Новгород (точное место неизвестно),+ камен ꙗслии Хвꙑхъ в нем же обрѣтше волсвиꙗко цьсарю поклонишасѧ,,"‘Камень яслей Христовых, в котором [его] найдя, волхвы как царю поклонились’",кириллица,резьба по металлу,"правый нижний квадрат от креста, левая нижняя реликвия",целая (100%),,,
558,https://epigraphica.ru/epigraphy/inscription/show/558,1383,"Подпись к реликвии – ароматам, которыми помазали Христа",Ковчег Дионисия Суздальского,реликварий,Нижний Новгород (точное место неизвестно),+ другое арамо еже принесоша Марфа и Мариꙗ и помаꙁаша Христа,,"‘Другой аромат, который принесли Марфа и Мария и помазали Христа’",кириллица,резьба по металлу,"правый нижний квадрат от креста, правая нижняя реликвия",целая (100%),,,
559,https://epigraphica.ru/epigraphy/inscription/show/559,1383,Подпись к реликвии – частице Истинного креста,Ковчег Дионисия Суздальского,реликварий,Нижний Новгород (точное место неизвестно),Текст 1:Текст 2:на не⸗мжеХъ Бърасп*⸗ѧтсѧ (п)⸗лотьюТекст 3:хотѧі спа⸗сти род че⸗ловѣчь⸗скꙑиТекст 4:ѥмуже кла⸗нѧющесѧ с⸗пасаюмъсѧ,,"'Древо животворящего креста Господня, на котором Христос Бог распял себя плотью, желая спасти род человеческий, и кланяясь которому, спасаемся.'",кириллица,резьба по металлу,по четырем сторонам от креста,с небольшими утратами (>85%),,,Надпись расположена по четырем сторонам от креста и читается в порядке совершения крестного знамения при благословлении (сверху вниз и слева направо).
560,https://epigraphica.ru/epigraphy/inscription/show/560,1383,"Тайнопись вокруг креста, содержащая три греческие тетраграммы с параллельными славянскими переводами",Ковчег Дионисия Суздальского,реликварий,Нижний Новгород (точное место неизвестно),Текст 1Текст 2Х(Х)(ПВ)[К]ЛТекст 3Ф҃М҃ППМРТекст 4П҃ϚГ҃ВКБ,,Тайнопись прочитывается в порядке совершения крестного знамения (сверху вниз и слева направо) и представляет собой три греческие тетраграммы с параллельными славянскими версиями. ‘ФХФП: Φῶς Χριστοῦ Фαίνει Пᾶσιν С(Х)ПВ: Свѣтъ Христовъ Просвѣщаетъ Всѣхъ A(П)МС: Ἀρχή Πίστεως Μωσαϊκός Σταυρός Н(В)МК: Начало Вѣрѣ Моисеискии Крестъ T[К]ПГ: Τόπος Кρανίου Παράδεισος Гέγονε МЛРБ: Мѣсто Лобное Раи Бысть’ ( ),"кириллица, греческий",резьба по металлу,по четырем сторонам от креста,с небольшими утратами (>85%),,,
561,https://epigraphica.ru/epigraphy/inscription/show/561,1383,Монограмма Иисуса Христа и аббревиатура «ника»,Ковчег Дионисия Суздальского,реликварий,Нижний Новгород (точное место неизвестно),Іс҃ъ Хс҃ъ,,'Иисус Христос побеждает',кириллица,резьба по металлу,в верхней части креста,целая (100%),,,
562,https://epigraphica.ru/epigraphy/inscription/show/562,1383,Подпись к изображению ведения на крест,Ковчег Дионисия Суздальского,реликварий,Нижний Новгород (точное место неизвестно),веде⸗црІс҃|im.|Хс҃н⸗а|im.|к|im.|кр҃т,,'Ведение царя Иисуса Христа на крест',кириллица,резьба по металлу,в центре левого верхнего квадрата,целая (100%),,,"Возможно, буквы н и к , несмотря на отсутствие над ними титл, были призваны обозначать аббревиатуру н҃i҃ к҃а҃ , которая дважды возникает на ковчеге: в верхней части крестного древа и на изображении распятия в правом верхнем квадрате. Остальные слова надписи также занимают свое логичное место в крестной композиции: лигатура цр расположена на самом верху, оказываясь на месте слов царь славы , а ниже, по сторонам креста, на своем обычном месте, располагается монограмма Ic҃ Хс҃ ."
563,https://epigraphica.ru/epigraphy/inscription/show/563,1037–[1150],Ламентация и молитва Коснятина (?),Стены киевского Софийского собора,стена церкви,Собор св. Софии,охъ мъне грѣшъникоу н[е]⸗милоу Ги҃ і ѿведи мѧѿ моук[ꙑ] вечъноѥ і -[с]бави ѿ------- і ѿ напаст[и ам](инъ),,"‘Ох, мне, грешнику, недостойному рабу твоему! Помилуй, Господи, и отведи меня от муки вечной, и избавь от ... и от напасти. Аминь’.",кириллица,граффито,"на южной стене западной внутренней галереи Софии Киевской на фреске с образами св. Евстафия Плакиды, его жены св. Феопистии и их сына св. Агапия; на высоте 114 см от современного пола и в 338 см от левого угла ( )",с небольшими утратами (>85%),XI в. ( ),,Надпись находится непосредственно под молитвой о Коснятине и писана тем же почерком.
564,https://epigraphica.ru/epigraphy/inscription/show/564,[1050–1120],Молитва об Иоанне с многолетствованием,Стены киевского Софийского собора,стена церкви,Собор св. Софии,Ги҃ по⸗,,"‘Господи, помоги рабу своему Иоанну [на] многая лета’. ( )",кириллица,граффито,"Северные хоры, западный пучковый столб; на северной стороне северо-западного выступа на высоте 173 см от уровня современного пола и на расстоянии 9 см от правого ребра ( )",целая (100%),,,
565,https://epigraphica.ru/epigraphy/inscription/show/565,[1100–1200],Молитва о Петре,Стены киевского Софийского собора,стена церкви,Собор св. Софии,Ги҃ по⸗,,"‘Господи, помоги рабу своему Петру’ ( )",кириллица,граффито,Западная грань западной лопатки северо-западного подкупольного столба на западном склоне арки между северными хорами и центральным нефом; на высоте 141 см от уровня современного пола и на расстоянии 5 см от левого ребра ( ),с небольшими утратами (>85%),,,
567,https://epigraphica.ru/epigraphy/inscription/show/567,[1037–1160],Обращение к святому (?),Стены киевского Софийского собора,стена церкви,Собор св. Софии,не видехъ тебе,,‘Я не видел тебя’.,кириллица,граффито,"На фреске с образом неизвестного святого, в арке-переходе между приделом апп. Петра и Павла и центральным нефом; на западной грани западной лопатки второго от алтаря южного крещатого столба. Иконография больше соответствует образу апостола, а не пророка. По предположению Н. Никитенко, на фреске изображен один из семидесяти апостолов, однако имя его не установлено ( ) По данным иконографии и по расположению фрески, вероятно, на ней изображен св. пророк Моисей ( ) северная сторона центрального нефа, западная плоскость второго от главного алтаря крещатого столба ( )",целая (100%),,,"«Немного выше и немного ниже этого фрагмента заметны следы трех коротких поврежденных строк греческой надписи, написанных тою же рукою. Прочесть все остатки граффито не удалось. Весьма вероятно, что запись является обращением к изображенному на фреске святому – патрону автора граффито. Но не исключено, что надпись – часть какого “разговора” автора с Богом, понятного только ему одному» ( )."
568,https://epigraphica.ru/epigraphy/inscription/show/568,1383,Подпись к изображению распятия,Ковчег Дионисия Суздальского,реликварий,Нижний Новгород (точное место неизвестно),цр҃ьавІс҃ Хс҃|im.|н҃ик҃распѧ|im.|теХтво,,‘Царь славы Иисус Христос – победитель Распятие Христово’,кириллица,резьба по металлу,в центре правого верхнего квадрата,целая (100%),,,
569,https://epigraphica.ru/epigraphy/inscription/show/569,1383,Подпись к изображению снятия с креста,Ковчег Дионисия Суздальского,реликварий,Нижний Новгород (точное место неизвестно),снѧт|im.|ѥ со к,,‘Снятие с к[реста]’,кириллица,резьба по металлу,в центре левого нижнего квадрата,целая (100%),,,
570,https://epigraphica.ru/epigraphy/inscription/show/570,1383,Подпись к изображению положения во гроб,Ковчег Дионисия Суздальского,реликварий,Нижний Новгород (точное место неизвестно),полож|im.|ньѥ,,‘Положение в г[роб]’,кириллица,резьба по металлу,в центре правого нижнего квадрата,целая (100%),,,Буква т вместо г написана по ошибке.
571,https://epigraphica.ru/epigraphy/inscription/show/571,1383,Подпись к изображению вознесения Христова,Ковчег Дионисия Суздальского,реликварий,Нижний Новгород (точное место неизвестно),Текст 1:нье|im.|ХристовъТекст 2:Іс҃ Хс҃,,‘Вознесение Христово Иисус Христос’,кириллица,резьба по металлу,верхнее полукружие,целая (100%),,,
572,https://epigraphica.ru/epigraphy/inscription/show/572,1383,Подпись к изображению воскресения Христова,Ковчег Дионисия Суздальского,реликварий,Нижний Новгород (точное место неизвестно),Текст 1:|im.|ресенѥ рх҃въТекст 2:Іс҃ Хс,,‘Воскресение Христово Иисус Христос’,кириллица,резьба по металлу,нижнее полукружие,целая (100%),,,
573,https://epigraphica.ru/epigraphy/inscription/show/573,1383,Подпись к изображению входа в Иерусалим,Ковчег Дионисия Суздальского,реликварий,Нижний Новгород (точное место неизвестно),вход в Ѥрха⸗,,‘Вход в Иерусалим’,кириллица,резьба по металлу,левое полукружие,целая (100%),,,
574,https://epigraphica.ru/epigraphy/inscription/show/574,1383,Подпись к изображению Гроба Господня,Ковчег Дионисия Суздальского,реликварий,Нижний Новгород (точное место неизвестно),Текст 1:|im.|же|im.|бѣ|im.|полъженоТекст 2:камене,,"‘Это место, в котором [Христос] был положен камень’",кириллица,резьба по металлу,правое полукружие,целая (100%),,,
575,https://epigraphica.ru/epigraphy/inscription/show/575,1383,Надпись о перенесении страстных реликвий из Константинополя архиепископом Дионисием и создании для них ковчега по заказу великого князя Дмитрия Константиновича,Ковчег Дионисия Суздальского,реликварий,Нижний Новгород (точное место неизвестно),б(ж҇)твнꙑꙗ стрсті великаго Бога спс҃а нашего Христа пренесенꙑ иꙁоЦр҃ѧграда смѣренымо архіепскпмъ Діӧнисье(м)спью в Суꙁдаль в Новгородо в Г(оро)дець подшаньѥм многім і подвігом і споспѣщніки(ім)[ѣ]ꙗ богоноснꙑꙗ отьца во Цріградѣ равно англмъ житье імуща прі всест҃мь патріарсѣ Нілѣ пр[і] веліком кнѧꙁі Дм[и]⸗[т](р)[и] Костѧнтіновічѣ іже соꙁда раку сію в честь і в славу ст҃мь стрт҃м сімъ Хсвам в лѣ ҂Ѕное Ѡ҃Ч҃А҃е индикта в Ѕ҃тꙑ(и),,"‘Божественные страсти великого Бога Спаса нашего Христа перенесены из Царьграда смиренным архиепископом Дионисием в святую архиепископию в Суздаль, в Новгород, в Городец с помощью усердия большого и подвига, и помощниками имея богоносных отцов в Царьграде, живущих подобно ангелам, при всесвятом патриархе Ниле, при великом князе Дмитрии Константиновиче, который создал эту раку в честь и в славу святым страстям этим Христовым в 6891 (1383) году в 6-й [год] индикта’.",кириллица,резьба по металлу,по периметру основного квадрата,с небольшими утратами (>85%),,,
576,https://epigraphica.ru/epigraphy/inscription/show/576,[1140–1340],Молитва и автограф Козмы,Фресковая штукатурка 1144 года новгородского Софийского собора,стена церкви,Собор св. Софии,[Ги҃] -(-)(-)ози рабоу [с](в)[о](е)[м]о[уК]о[з]м[е],,"‘Господи, помоги рабу своему Козме. [вероятно, просьба, связанная с болезнью (?)] Козма писал.’",кириллица,граффито,"Южная паперть, западная стена, закладка дверного проема. 10 см правее левого края, 137 см от пола. ( )",с утратами (50-85%),"После [1140], предпочтительно [1140–1340]. З 3 «перелом хвоста» 1140> (<1340), у 1б «зеркальные (вертикальные)» 1140>, х 5 «ножницы» (<1360). ( )",,"Надпись читается плохо. В середине второй строки фигурирует какое-то слово с корнем хвороб-. Вероятно, автор надписи молился Господу о чем-то, связанном со своей болезнью."
577,https://epigraphica.ru/epigraphy/inscription/show/577,[1100–1200],Надпись с именем Феофил,Фресковая штукатурка 1144 года новгородского Софийского собора,стена церкви,Собор св. Софии,[Ѳ]е[оѳ]иле,,‘Феофил’,кириллица,граффито,"Южная паперть, западная стена, закладка дверного проема. 15 см правее левого края, 128 см от пола. ( )",с утратами (50-85%),"[1100–1200]. Датируется по палеографическим признакам соседней надписи («Ѳеоѳиле молитеса ко ст҃ѧте Соѳие‎»), выполненной тем же почерком. ( )",,
578,https://epigraphica.ru/epigraphy/inscription/show/578,1144–[1320],"Надпись с именем, начинающимся на «‎Дани...»",Фресковая штукатурка 1144 года новгородского Софийского собора,стена церкви,Собор св. Софии,Дан[и]…,,,кириллица,граффито,"Южная паперть, западная стена, закладка дверного проема. 117 см правее левого края, 156 см от пола. ( )",с утратами (50-85%),"До [1320], предпочтительно до [1280]. А 1 «покрытие» <1320 (<1280), д 1 «покрытие» <1360 (<1280), и 1б «верхние засечки (короткие)» (<1400), н 1б «верхние засечки (короткие)» (<1400). ( )",,
579,https://epigraphica.ru/epigraphy/inscription/show/579,[1160–1380],"Надпись неопределенного содержания, возможно, содержащая имя «Лазорь / Лазоръ»",Фресковая штукатурка 1144 года новгородского Софийского собора,стена церкви,Собор св. Софии,[ла]-[оро],,,кириллица,граффито,"Южная паперть, западная стена, закладка дверного проема. 100 см правее левого края, 127 см от пола. ( )",с утратами (50-85%),"После [1160], предпочтительно до [1240–1380]. В V «нижняя косая к мачте» 1140> (1140–1380), р IVа «углом вниз (криволинейные)» 1160> (1240>). ( )",,"Надпись выполнена грубым инструментом. Возможно, в первой строке читалась какая-то форма имени Лазорь / Лазоръ ."
580,https://epigraphica.ru/epigraphy/inscription/show/580,1144–[1320],Незаконченная молитвенная надпись,Фресковая штукатурка 1144 года новгородского Софийского собора,стена церкви,Собор св. Софии,Ги҃ помо⸗,,"‘Господи, помоги рабу...’",кириллица,граффито,"Южная паперть, западная стена, закладка дверного проема. 41 см правее левого края, 100 см от пола. ( )",с утратами (50-85%),"Предпочтительно [1140–1320]. А 2 «верхняя засечка» (<1320 и <1380), з 3 «перелом хвоста» 1140> (<1340) (?). ( )",,Зеркальная буква з (?).
581,https://epigraphica.ru/epigraphy/inscription/show/581,1144–[1300],Надпись неизвестного назначения,Фресковая штукатурка 1144 года новгородского Софийского собора,стена церкви,Собор св. Софии,(-)[г](-)д(-)[ѱ]лм,,,кириллица,граффито,"Южная паперть, северная стена, западный участок. 136 см от левого края, 104 см от пола. ( )",с утратами (50-85%),"До [1300], предпочтительно [1120–1300]. Д IIIб «на щечках (плосковерхие)» <1300 (1120–1300). ( )",,"Cлева и справа от [ г ] видны р-образные знаки с несомкнутыми вверху петлями. Справа от д , возможно, стояла буква е ."
582,https://epigraphica.ru/epigraphy/inscription/show/582,1144–[1320],Молитвенная надпись,Фресковая штукатурка 1144 года новгородского Софийского собора,стена церкви,Собор св. Софии,Г[и҃] пом[оз]и ра⸗,,"‘Господи, помоги рабу своему...’",кириллица,граффито,"Южная паперть, северная стена, западная лопатка, западная грань. 37 см от правого края, 129 см от пола. ( )",с утратами (50-85%),"До [1320], предпочтительно до [1200]. А 1 «покрытие» <1320 (<1280), б 3 «выступ вверху» (<1200), и 1а «верхние засечки (длинные)» (<1300). ( )",,
583,https://epigraphica.ru/epigraphy/inscription/show/583,1144–[1320],Незаконченная молитвенная надпись,Фресковая штукатурка 1144 года новгородского Софийского собора,стена церкви,Собор св. Софии,Ги҃ помози раба во,,"‘Господи, помоги рабу своему (?)’",кириллица,граффито,"Южная паперть, северная стена, западная лопатка, южная грань. 31 см от левого края, 82 см от пола. ( )",с утратами (50-85%),"До [1320], предпочтительно до [1280]. А 1 «покрытие» <1320 (<1280), и 1б «верхние засечки (короткие)» (<1400), р II «углом вверх» <1380 (<1280). ( )",,"В недописанном слове своего (или своему ) пропущена 1-ая буква. Надпись, возможно, брошена автором по причине описок."
584,https://epigraphica.ru/epigraphy/inscription/show/584,1144–[1320],Молитва о Ходоте,Фресковая штукатурка 1144 года новгородского Софийского собора,стена церкви,Собор св. Софии,[Г]и҃ помози,,"‘Господи, помоги рабу своему Ходоте’",кириллица,граффито,"Южная паперть, северная стена, западная лопатка, южная грань. 15 см от левого края, 80 см от пола. ( )",с утратами (50-85%),"До [1320], предпочтительно [1120–1280]. А 1 «покрытие» <1320 (<1280), в IIб «перелом, не касающийся мачты» <1400 (<1340), и 1б «верхние засечки (короткие)» (<1400), и 2б «нижние засечки (короткие)» (1120–1400), х 5 «ножницы» (<1360). ( )",,"Некоторые штрихи надписи выполнены очень тонким инструментом (вероятно, тонкой стороной инструмента); 4-ая буква 3-ей строки, по-видимому, была начерчена дважды: толсто и тонко. Надпись по большей части выполнена очень грубыми штрихами и поэтому читается не очень уверенно. Имя в третьей строке, наиболее вероятно реконструируется как Х[о]до[т]ѣ . Имя Ходота носил князь вятичей, с которым боролся Владимир Мономах (Лавр., л. 81c (стб. 248)); от него же образован топоним Ходотово (село в Себежском р. Псковской обл.)."
585,https://epigraphica.ru/epigraphy/inscription/show/585,1144–[1360],Молитвенная надпись,Фресковая штукатурка 1144 года новгородского Софийского собора,стена церкви,Собор св. Софии,Ги помози,,"‘Господи, помоги’",кириллица,граффито,"Южная паперть, северная стена, западная лопатка, южная грань. 63 см от левого края, 77 см от пола. ( )",с утратами (50-85%),До [1360]. О 2 «плоский верх» <1360. ( ),,
586,https://epigraphica.ru/epigraphy/inscription/show/586,1144–,Надпись неизвестного назначения,Фресковая штукатурка 1144 года новгородского Софийского собора,стена церкви,Собор св. Софии,те,,,кириллица,граффито,"Южная паперть, северная стена, западная лопатка, южная грань. 36 см от правого края, 62 см от пола. ( )",с утратами (50-85%),,,1-ая буква – малый инициал.
587,https://epigraphica.ru/epigraphy/inscription/show/587,1045–,Надпись с буквой «в»,Первоначальные стены Софийского собора,стена церкви,Собор св. Софии,в,,,кириллица,граффито,"Северная паперть, южная стена, западнее входа в наос. 25 см правее кирпичной арки XIX в., 18 см ниже перекрытия. ( )",с небольшими утратами (>85%),,,Слева от крупной буквы в заметно более толстыми штрихами начертана буква х значительно меньшего размера. Различия в их исполнении делают маловероятным напрашивающееся прочтение данной надписи как сокращения ХВ – Христос воскресе .
588,https://epigraphica.ru/epigraphy/inscription/show/588,1045–,Подпись к изображению креста,Первоначальные стены Софийского собора,стена церкви,Собор св. Софии,Їс҃|im.|Хс҃ни҃|im.|[к](а҃)(с)н҃ъ|im.|Бж҃(и),,‘Иисус Христос побеждает сын Божий’,кириллица,граффито,"Северная паперть, южная стена, западнее входа в наос. 30 см правее кирпичной арки XIX в., 6 см ниже перекрытия. ( )",с утратами (50-85%),,,Левее и чуть выше изображен отдельный малый инициал а .
589,https://epigraphica.ru/epigraphy/inscription/show/589,1045–,Автограф Дмитра (?),Первоначальные стены Софийского собора,стена церкви,Собор св. Софии,[Д]-м(и)тр------[ъ],[Д]-м(и)тр- [пьc](ал)[ъ] ( ),'Дмитр (?) писал',кириллица,граффито,"Северная паперть, южная стена, западнее входа в наос. 43 см правее кирпичной арки XIX в., 8 см ниже перекрытия. ( )",с утратами (50-85%),,,"После имени, вероятно, стояло слово [пьc](ал)[ъ] ."
590,https://epigraphica.ru/epigraphy/inscription/show/590,1045–1109,Криптограмма имени Мечислав,Первоначальные стены Софийского собора,стена церкви,Собор св. Софии,М||[ч]||с||[л||в],М<е>[ч]<и>с[л]<а>[в]<ъ> ( ),'Мечислав',кириллица,граффито,"Северная паперть, южная стена, западнее входа в наос. 50 см правее кирпичной арки XIX в., 11 см ниже перекрытия. ( )",с утратами (50-85%),Надписи того же автора имеют стратиграфическую датировку до 1109 г. ( ),,"Криптограмма: буквы м (в круге), [ч], с, [л], [в] (вне круга, против часовой стрелки, начиная сверху). 8 (?) подобных автографов-криптограмм имени Мечиславъ начертано на стене дьяконника, а еще один – в раскопе Г. М. Штендера в юго-западной части собора."
591,https://epigraphica.ru/epigraphy/inscription/show/591,1045–,Надпись с цитатой из Псалтири (?),Первоначальные стены Софийского собора,стена церкви,Собор св. Софии,(…),,,кириллица,граффито,"Северная паперть, южная стена, западнее входа в наос. 59 см правее кирпичной арки XIX в., 3 см ниже перекрытия. ( )",с утратами (50-85%),,,
592,https://epigraphica.ru/epigraphy/inscription/show/592,1050–1100,Молитва о кагане,Стены киевского Софийского собора,стена церкви,Собор св. Софии,съпаси,,"'Спаси, Господи, кагана нашего' ( )",кириллица,граффито,"Находится в северной наружной галерее на фреске с изображением св. Николая Чудотворца на высоте 96 см от уровня пола ( ) «Граффито находилось в проеме окна северной наружной галереи, ниже фрески, изображающей Адриана. Запись была известна исследователям еще в довоенное время, но она не сохранилась из-за обвала штукатурного слоя. В фондах Софийского музея нам удалось разыскать фото и небольшой кусок штукатурки с фрагментами рассматриваемой записи» ( )",с утратами (50-85%),,,"С. А. Высоцкий считал, что «каганом» в надписи назван Святослав Ярославич, княживший в Киеве с 1073 по 1076 гг., в связи с нахождением надписи на фреске, изображающей Николая Угодника, святого этого князя. По мнению В. В. Корниенко, в надписи говорится о Ярославе Мудром."
593,https://epigraphica.ru/epigraphy/inscription/show/593,1045–1109,Надпись с именем Творята,Первоначальные стены Софийского собора,стена церкви,Собор св. Софии,Тврта,Тв<о>р<ѧ>та ( ),'Творята',кириллица,граффито,"Северная паперть, южная стена, западнее входа в наос. 60 см правее кирпичной арки XIX в., 11 см ниже перекрытия. ( )",с утратами (50-85%),"Надписи, по-видимому, выполненные тем же Творятой, имеют стратиграфическую датировку до 1109 г. ( )",,"Перед нами изощренная сокращенная запись имени Творята. Надпись, вероятно, сделана тем же Творятой, которому принадлежат надписи в соседнем приделе Иоанна Богослова."
594,https://epigraphica.ru/epigraphy/inscription/show/594,1045–,Ламентация «охъ»,Первоначальные стены Софийского собора,стена церкви,Собор св. Софии,ѡх[ъ],,'Ох',кириллица,граффито,"Северная паперть, южная стена, западнее входа в наос. 71 см правее кирпичной арки XIX в., 17 см ниже перекрытия. ( )",с небольшими утратами (>85%),,,
595,https://epigraphica.ru/epigraphy/inscription/show/595,[1200–1400],Надпись со словом «‎неизвест...»,Первоначальные стены Софийского собора,стена церкви,Собор св. Софии,не[изв]ѣст…,,,кириллица,граффито,"Северная паперть, южная стена, западнее входа в наос. 103 см правее кирпичной арки XIX в. (12 см левее кирпичной стены XIX в.), 52 см ниже перекрытия. ( )",с утратами (50-85%),Начертание буквы з с практически прямым правонаправленным хвостом позволяет предпочтительно датировать надпись XIII–XIV вв. ( ),,
596,https://epigraphica.ru/epigraphy/inscription/show/596,1037–1200,Покаянная надпись о совершении блуда в «святой день»,Стены киевского Софийского собора,стена церкви,Собор св. Софии,блѫдъ,,'Блуд совершил в святой день' ( ),кириллица,граффито,"Северо-восточный угол крещальни, на фреске с изображением св. Марка на высоте 73 см от уровня пола ( ) Восточная стена крещальни на высоте около 1,5–1,65 м ( )",целая (100%),конец XI – конец XII в. ( ) XI в. ( ),,
597,https://epigraphica.ru/epigraphy/inscription/show/597,1045–,Начало азбуки,Фрагменты первоначальной штукатурки новгородского Софийского собора,стена церкви,Собор св. Софии,а б в (г) д е,,,кириллица,граффито,"Придел Иоанна Богослова, западная (прямоугольная в плане) часть, южная стена. 12 см от левого края, 9 см от верхнего края. ( )",с утратами (50-85%),,,
598,https://epigraphica.ru/epigraphy/inscription/show/598,1045–,Надпись с буквой «в»,Фрагменты первоначальной штукатурки новгородского Софийского собора,стена церкви,Собор св. Софии,В,,,кириллица,граффито,"Придел Иоанна Богослова, западная (прямоугольная в плане) часть, южная стена. 10 см от левого края, 18 см от верхнего края. ( )",с небольшими утратами (>85%),,,"Буква имеет вытянутые пропорции, очень высокую нижнюю петлю и чрезвычайно миниатюрную верхнюю петлю. Ср. в с миниатюрной верхней петлей в выполненном малыми инициалами автографе Сводьки Микулинича не стене лестничной башни собора Юрьева монастыря (Рождественская, Т. В. 2011: 260–263, № 2)."
599,https://epigraphica.ru/epigraphy/inscription/show/599,1045–1200,Надпись с именем Петр,Фрагменты первоначальной штукатурки новгородского Софийского собора,стена церкви,Собор св. Софии,Пе|im.|тр[ъ],,'Петр',кириллица,граффито,"Придел Иоанна Богослова, западная (прямоугольная в плане) часть, южная стена. 3 см от левого края, 32 см от верхнего края. ( )",с утратами (50-85%),,,"Над буквой п изображен отдельный малый инициал в , а над крестом видны фрагменты еще двух незаконченных надписей."
600,https://epigraphica.ru/epigraphy/inscription/show/600,1045–1200,Надпись с именем Петр (?),Фрагменты первоначальной штукатурки новгородского Софийского собора,стена церкви,Собор св. Софии,Пе,,'Петр (?)',кириллица,граффито,"Придел Иоанна Богослова, западная (прямоугольная в плане) часть, южная стена. У левого края, 30 см от верхнего края. ( )",с небольшими утратами (>85%),,,"Судя по всему, перед нами недописанное имя Петръ. Возможно, тем же почерком выполнены несколько надписей Петра."
601,https://epigraphica.ru/epigraphy/inscription/show/601,1045-1200,Надпись с именами Творята и Своята,Фрагменты первоначальной штукатурки новгородского Софийского собора,стена церкви,Собор св. Софии,Творатѧ,,'Творята Своята',кириллица,граффито,"Придел Иоанна Богослова, западная (прямоугольная в плане) часть, южная стена. У левого края, 34 см от верхнего края. ( )",с небольшими утратами (>85%),,,"Имена в двух строках надписи выполнены разными почерками: почерком Петра Творяты, оставившего пять граффити, три из которых находятся рядом, и почерком Свояты, автора четырех соседних надписей. Возможно, Творята и Своята были братьями."
602,https://epigraphica.ru/epigraphy/inscription/show/602,1045–1200,Надпись с именем Своята (?),Фрагменты первоначальной штукатурки новгородского Софийского собора,стена церкви,Собор св. Софии,Св[о](…),Св[о](ѧта) ( ),'Своята (?)',кириллица,граффито,"Придел Иоанна Богослова, западная (прямоугольная в плане) часть, южная стена. 9 см от левого края, 31 см от верхнего края. ( )",фрагмент (15-50%),,,"Судя по всему, перед нами начало имени Своята . Тем же почерком выполнены соседние надписи с тем же именем."
603,https://epigraphica.ru/epigraphy/inscription/show/603,1045–1200,Надпись с именем Своята,Фрагменты первоначальной штукатурки новгородского Софийского собора,стена церкви,Собор св. Софии,Своѧта,,'Своята',кириллица,граффито,"Придел Иоанна Богослова, западная (прямоугольная в плане) часть, южная стена. 29 см от левого края, 35 см от верхнего края. ( )",с утратами (50-85%),,,Тем же почерком выполнены соседние надписи с именем Своѧта .
604,https://epigraphica.ru/epigraphy/inscription/show/604,[1040–1060],Надпись с именем Петр,Фрагменты первоначальной штукатурки новгородского Софийского собора,стена церкви,Собор св. Софии,Пе|im.|тръ,,'Петр',кириллица,граффито,"Придел Иоанна Богослова, западная (прямоугольная в плане) часть, южная стена. 38 см от левого края, 31 см от верхнего края. ( )",с небольшими утратами (>85%),"Сер. XI в. (?) Вероятно, тем же почерком был выполнен другой автограф Петра по сырой штукатурке, то есть во время строительства собора. ( )",,"Рядом находится изображение храма с несколькими куполами (см. анализ этого изображения в работах Г. М. Штендера, А. А. Медынцевой, Н. В. Новоселова и Д. Г. Хрусталева). Буквы приписаны слева и справа от креста на центральном куполе."
605,https://epigraphica.ru/epigraphy/inscription/show/605,1045–,Сокращенная запись литургического возгласа священника,Фрагменты первоначальной штукатурки новгородского Софийского собора,стена церкви,Собор св. Софии,ф|im.|х|im.|ф,,'Свет Христов просвещает всех',кириллица,граффито,"Придел Иоанна Богослова, западная (прямоугольная в плане) часть, южная стена. 58 см от левого края, 8 см от верхнего края. ( )",с небольшими утратами (>85%),,,"Надпись относится к изображению шестиконечного креста на голгофе. Буквы расположены над верхней и над нижней перекладинами, по обеим сторонам от мачты креста. ΦΧΦΠ – традиционная сокращенная запись возгласа священника «Φῶς Χριστοῦ φαίνει πᾶσιν» (ср. церк.-слав. «Свѣтъ Христовъ просвѣщаетъ всѣхъ») из Литургии преждеосвященных даров. Выше приписаны буквы ѿ слева и х- справа. Справа от мачты креста, судя по изображению на кальке, было написано х[у] , то есть, возможно, сокращение того же слова Χριστοῦ ."
606,https://epigraphica.ru/epigraphy/inscription/show/606,1045–,Надпись с именем Моята (?),Фрагменты первоначальной штукатурки новгородского Софийского собора,стена церкви,Собор св. Софии,мо[ꙗ]т(-),,'Моята (?)',кириллица,граффито,"Придел Иоанна Богослова, западная (прямоугольная в плане) часть, южная стена. 38 см от левого края, 24 см от верхнего края. ( )",с утратами (50-85%),,,"Справа от т начертана буква, предположительно относящаяся к данной надписи. Возможно, она не была дописана. Учитывая наличие имени Своята в соседних надписях, нельзя исключать, что здесь стояло сходное с ним имя Моята, известное по надписи-граффито Софии Киевской (Корниенко, II: 71, 192 (табл. CVII: 3), № 1454), гипокористика от имени на Моj-."
607,https://epigraphica.ru/epigraphy/inscription/show/607,1045–1109,Молитвенная надпись,Первоначальная штукатурка новгородского Софийского Собора,стена церкви,Собор св. Софии,о Господи помило⸗,,"‘О Господи, помилуй меня’.",кириллица,граффито,"Юго-восточный подкупольный столб, восточная лопатка, южная грань. 42 см от левого края, 62 см ниже современного пола. ( )",целая (100%),,,"Надпись, вероятно, выполнена профессиональным писцом, так как в ней, во-первых, использован пунктуационный знак конца абзаца, а во-вторых – увеличенная буква г в начале слова Господи ."
608,https://epigraphica.ru/epigraphy/inscription/show/608,1045–1109,Надпись с заимствованным речением («куни рони»),Первоначальная штукатурка новгородского Софийского Собора,стена церкви,Собор св. Софии,коуни,,,кириллица,граффито,"Юго-восточный подкупольный столб, восточная лопатка, южная грань. 41 см от левого края, 59 см ниже современного пола. ( )",целая (100%),,,
609,https://epigraphica.ru/epigraphy/inscription/show/609,1045–1109,"Автограф Войгостя с указанием, что он писал новым ножом",Первоначальная штукатурка новгородского Софийского Собора,стена церкви,Собор св. Софии,Воигостъ ѱ҃ нов[ꙑ]⸗,,‘Войгость писал новым ножом’. ( ),кириллица,граффито,"Юго-восточный подкупольный столб, восточная лопатка, южная грань. 50 см от левого края, 66 см ниже современного пола. ( )",целая (100%),,,"Крупная дыра в штукатурке между буквами с и т в первой строке и буквами о и ж во второй, возможно, образовалась при выполнении надписи, автор которой был вынужден повторить уже начертанные буквы тъ ."
610,https://epigraphica.ru/epigraphy/inscription/show/610,1045–1109,Надпись с именем Чиж (?),Первоначальная штукатурка новгородского Софийского Собора,стена церкви,Собор св. Софии,Ч[ь]жи,Чиж[ь] ( ),‘Чиж’ (?),кириллица,граффито,"Юго-восточный подкупольный столб, восточная лопатка, южная грань. 51 см от левого края, 60 см ниже современного пола. ( )",с утратами (50-85%) ( ),,,"Вероятно, имя Чижь , записанное с перестановкой гласных."
611,https://epigraphica.ru/epigraphy/inscription/show/611,1045–1109,Монограмма имени Мечислав,Первоначальная штукатурка новгородского Софийского Собора,стена церкви,Собор св. Софии,М||ч||с||л||[в],М<е>ч<и>сл<а>[в]<ъ> ( ),‘Мечислав’,кириллица,граффито,"Юго-восточный подкупольный столб, восточная лопатка, южная грань. 52 см от левого края, 60 см ниже современного пола. ( )",целая (100%),,,"Слева от буквы с видна зеркальная буква ю ( ꙕ ) – вероятно часть какого-то другого граффито, поверх которого пришлась криптограмма Мечислава. Буквы м (в круге), ч , с , л , в (вне круга, против часовой стрелки, начиная сверху)."
612,https://epigraphica.ru/epigraphy/inscription/show/612,1045–1109,,Первоначальная штукатурка новгородского Софийского Собора,стена церкви,Собор св. Софии,Мѣстѧта,,‘Местята’,кириллица,граффито,"Юго-восточный подкупольный столб, восточная лопатка, южная грань. 48 см от левого края, 59 см ниже современного пола. ( )",целая (100%),,,В закругленной рамке. Надпись как будто состоит из верхней строки: букв с и та с изображением креста между ними – и нижней строки из букв мѣтѧ . При этом буквы импровизированной верхней строки не уступают в размере буквам нижней.
613,https://epigraphica.ru/epigraphy/inscription/show/613,1045–1109,Надпись с заимствованным речением («куни рони»),Первоначальная штукатурка новгородского Софийского Собора,стена церкви,Собор св. Софии,[кун]и ро[ни],,,кириллица,граффито,"Юго-восточный подкупольный столб, восточная лопатка, южная грань. 58 см от левого края, 56 см ниже современного пола. ( )",с утратами (50-85%) ( ),,,
614,https://epigraphica.ru/epigraphy/inscription/show/614,1045–1109,Надпись с заимствованным речением («куни рони»),Первоначальная штукатурка новгородского Софийского Собора,стена церкви,Собор св. Софии,ко[ун]и р⸗,,,кириллица,граффито,"Юго-восточный подкупольный столб, восточная лопатка, южная грань. 52 см от левого края, 51 см ниже современного пола. ( )",целая (100%),,,"Нестандартная лигатура ун (?) (возможно, дыра в штукатурке не позволила писавшему закончить отдельную букву н )."
615,https://epigraphica.ru/epigraphy/inscription/show/615,1045–1109,Надпись с буквой «т»,Первоначальная штукатурка новгородского Софийского Собора,стена церкви,Собор св. Софии,Т,,,кириллица,граффито,"Юго-восточный подкупольный столб, восточная лопатка, южная грань. 51 см от левого края, 55 см ниже современного пола. ( )",с небольшими утратами (>85%) ( ),,,
616,https://epigraphica.ru/epigraphy/inscription/show/616,1045–1109,Надпись неизвестного назначения,Первоначальная штукатурка новгородского Софийского Собора,стена церкви,Собор св. Софии,Ⱂ[ⰰⱆ]-[ⱏ],,,глаголица,граффито,"Юго-восточный подкупольный столб, восточная лопатка, южная грань. 80 см от левого края, 59 см ниже современного пола. ( )",с утратами (50-85%) ( ),,,"Первая строка надписи зачеркнута несколькими грубыми горизонтальными линиями, вторая строка тоже сохранилась фрагментарно. Ввиду этого прочтение надписи весьма предположительно. В первой строке, вероятно, читалось имя Паулъ или Паукъ , во втором случае – с восточнославянским рефлексом носового (← *paǫkъ )."
617,https://epigraphica.ru/epigraphy/inscription/show/617,1037-1300,Надпись с упоминанием имени Димитр (Димитриос?),Стены киевского Софийского собора,стена церкви,Собор св. Софии,Дими⸗,,,кириллица,граффито,Восточная плоскость второго от алтаря южного крещатого столба в центральном нефе храма ( ),целая (100%),вторая четверть XI – начало XIV в. ( ) XII в. ( ),,"По мнению С. А. Высоцкого, надпись является автографом некого Димитра. В. В. Корниенко предполагает, что это подпись к фресковому изображению св. Димитрия Скевофилакса"
618,https://epigraphica.ru/epigraphy/inscription/show/618,1037-1200,Надпись с упоминаем имени «Жизнобуд»,Стены киевского Софийского собора,стена церкви,Собор св. Софии,Жизно⸗,,'Жизнобуд'. ( ),кириллица,граффито,На фреске с изображением св. Василия Великого на северной грани южного крещатого предалтарного столба Георгиевского придела ( ),с небольшими утратами (>85%),вторая четверть XI – первая четверть XII в. ( ) XII в. ( ),,
619,https://epigraphica.ru/epigraphy/inscription/show/619,1037-1200,Автограф Матея,Стены киевского Софийского собора,стена церкви,Собор св. Софии,Матѣи ѱл҃ъ,,'Матей (Матвей или Матфей) писал'. ( ),кириллица,граффито,Второй от центрального алтаря южный крещатый столб ( ),целая (100%),вторая четверть XI – конец XII в. ( ) XI в. ( ),,
620,https://epigraphica.ru/epigraphy/inscription/show/620,1037-1125,Автограф Ставра Городятинича,Стены киевского Софийского собора,стена церкви,Собор св. Софии,ѱл҃ъ,,'Писал Ставр Городятинич' ( ),кириллица,граффито,"Центральный неф собора, второй от алтаря южный крещатый столб, высота 1,1 м от уровня пола XI в. ( )",целая (100%),первая четверть XII в. ( ) вторая половина XI – начало XII в. ( ),,"Исследователи отождествляют упомянутого в граффити Ставра Городятинича с воеводой Всеволода Ярославича Ставко Гордятичем, с которым Владимир Мономах совершил свой второй поход к Смоленску. Не исключена связь автора граффито еще и с боярином Ставром, упоминаемым летописью под 1118 г., и былинным героем Ставром Городиновичем."
621,https://epigraphica.ru/epigraphy/inscription/show/621,1100-1125,Молитва о Ставре,Стены киевского Софийского собора,стена церкви,Собор св. Софии,Ги҃ помози ра⸗,,"'Господи, помози рабу своему Ставрови, недостойному рабу твоему' ( )",кириллица,граффито,"Центральный неф собора, второй от алтаря южный крещатый столб, рядом с автографом Ставра Городятинича ( )",целая (100%),первая четверть XII в. ( ),,
622,https://epigraphica.ru/epigraphy/inscription/show/622,1037–[1200],"Молитва святому Фоке, покровителю моряков",Стены киевского Софийского собора,стена церкви,Собор св. Софии,ст҃ꙑи Фоко иже пороу⸗,,"‘Святой Фока, порученный от Бога плавающим в море, правитель, направь меня, потопляемого и разбиваемого волнами [ж]итейскими’. ( )",кириллица,граффито,"Находится на восточной стороне выступа стены, формирующей арку-переход из западного нефа придела свв. Антония и Феодосия Печерских к Апостольскому приделу – бывшей южной внешней галерее. Расположено на высоте 135 см от пола и на расстоянии 18 см от правого ребра ( ) «В южной внутренней галерее собора на изображении св. Фоки» ( )",целая (100%),"«Особенности начертания букв надписи не выходят за пределы XI в. Наиболее характерны: звездообразное Ж, написанное в три приема и имеющее наклон к началу строки, тип близкий встреченному в надписи о четырехлетнем княжении Святослава Ярославича (№ 9), М – напоминает начертание, встречающееся в Изборнике Святослава 1073 г., N и Ч – соответствуют начертаниям в Остромировом евангелии. Своеобразное написание имеет буква Ф с боковыми частями в виде острых углов» ( )",,"«Надпись взята в прямоугольную рамку. Ее первые две строки имеют несколько более глубокий рельеф, чем две последующие» (Высоцкий 1976а: 34)."
623,https://epigraphica.ru/epigraphy/inscription/show/623,1100-1220,Автограф дьяка Ивана,Стены киевского Софийского собора,стена церкви,Собор св. Софии,Иванъ,,'Иван дьяк Давыдов' ( ),кириллица,граффито,"На высоте 132 см от уровня пола ( ) В южной галерее на фреске, изображающей св. Онуфрия ( )",целая (100%),Вторая четверть ХІІ – начало XIІІ в. ( ) XII в. ( ),,
624,https://epigraphica.ru/epigraphy/inscription/show/624,1100-1220,Автограф дьяка Ивана,Стены киевского Софийского собора,стена церкви,Собор св. Софии,Иванъ ѱ҃ Да⸗,,'Иван писал Давыдов' ( ),кириллица,граффито,"На высоте 163 см от уровня пола ( ) Южная галерея собора, на фреске с изображением св. Онуфрия, в непосредственной близости от другого автографа дьяка Ивана ( )",целая (100%),Вторая четверть XII – начало XIII в. ( ) XII в. ( ),,
625,https://epigraphica.ru/epigraphy/inscription/show/625,1037-1200,Автограф Воинега Журяговича из Полоцка,Стены киевского Софийского собора,стена церкви,Собор св. Софии,Воинегъ ѱл҃ъ Журѧгови⸗,,'Писал Воинег Журягович из Полоцка',кириллица,граффито,На высоте 158 см от уровня пола ( ) Южная галерея на фреске с изображением св. Онуфрия ( ),целая (100%),вторая четверть XI – конец XII в. ( ),,
626,https://epigraphica.ru/epigraphy/inscription/show/626,1037-1200,Молитва к святому,Стены киевского Софийского собора,стена церкви,Собор св. Софии,съподоби мѧ грѣшьн⸗,,"'Сподоби меня грешного, святче Христов, дабы и мне не повиснуть (чтобы и я не повис) с этими черницами' ( )",кириллица,граффито,На высоте 158 см от уровня пола ( ) Южная галерея собора на фреске с изображением св. Онуфрия ( ),целая (100%),вторая четверть XI – конец XII в. ( ) конец XI – начало XII в. ( ),,
627,https://epigraphica.ru/epigraphy/inscription/show/627,1037-1220,Молитва и автограф Михаля,Стены киевского Софийского собора,стена церкви,Собор св. Софии,Михаль оубогъи а грѣх[ꙑ],,"'Михаил убогий, а грехом богатый писал, господи, помози ему' ( )",кириллица,граффито,В центральном нефе собора на втором от главного алтаря крещатом столбе на фреске с изображением св. Николая ( ),целая (100%),вторая четверть XI – начало XIII в. ( ) XI–XII вв. ( ),,
628,https://epigraphica.ru/epigraphy/inscription/show/628,1280-1500,Начало молитвенной надписи ( ),Стены Золотых ворот в Киеве,"стена церкви, элементы зданий",Золотые ворота,Ги҃ помози р[а]б[у] с[воєму],,"Господи, помоги рабу своему.",кириллица,граффито граффито ( ),"В углу, образованном первой с севера пилястрой западной стены ( )",с утратами (50-85%),Не ранее 1270-х гг.,,«Р» с двумя изломами встречается не ранее 1280-х гг.
629,https://epigraphica.ru/epigraphy/inscription/show/629,[1040–1060],Автограф Петра,Фрагменты первоначальной штукатурки новгородского Софийского собора,стена церкви,Собор св. Софии,Петръ,,'Петр писал',кириллица,граффито,"Придел Иоанна Богослова, западная (прямоугольная в плане) часть, южная стена. 51 см от левого края, 29 см от верхнего края. ( )",с небольшими утратами (>85%),"Сер. XI в. или немного позднее, так как другая надпись того же Петра выполнена по сырой штукатурке. ( )",,"1-ая – 2-ая строки надписи выполнены справа от нижней лопасти креста, а 3-я строка начинается под основанием креста. Одноеровая орфография (ь → ъ)."
630,https://epigraphica.ru/epigraphy/inscription/show/630,1045–1109,Надпись с именем Илья неизвестного назначения,Первоначальная штукатурка новгородского Софийского Собора,стена церкви,Собор св. Софии,И(л)[ьꙗ],,,кириллица,граффито,"Юго-восточный подкупольный столб, восточная лопатка, южная грань. 66 см от левого края, 55 см ниже современного пола. ( )",с утратами (50-85%) ( ),,,Первые две строки выполнены малыми инициалами. Надпись была тщательно зачеркнута
631,https://epigraphica.ru/epigraphy/inscription/show/631,1045–1109,Монограмма имени Петр.,Первоначальная штукатурка новгородского Софийского Собора,стена церкви,Собор св. Софии,,Петр ( ),‘Петр’,кириллица,граффито,"Юго-восточный подкупольный столб, восточная лопатка, южная грань. 79 см от левого края, 64 см ниже современного пола. ( )",с утратами (50-85%) ( ),,,"Монограмма из отдельной буквы п слева и букв е , т и р , вырастающих одна из другой снизу вверх, – справа. Имя писавшего однозначно восстанавливается как Петръ ."
632,https://epigraphica.ru/epigraphy/inscription/show/632,1045–1109,Надпись с заимствованным речением («куни рони») и автографом Хотена Носа,Первоначальная штукатурка новгородского Софийского Собора,стена церкви,Собор св. Софии,коуни рон[и]ъ,,,кириллица,граффито,"Юго-восточный подкупольный столб, восточная лопатка, южная грань. 82 см от левого края, 64 см ниже современного пола. ( )",целая (100%),,,"Хотен Нос, вероятно, был автором данной надписи. Судя по местоположению рассматриваемой надписи, скорее всего, он был клириком. Он же фигурирует в жреческом прорицании Якова Юги ."
633,https://epigraphica.ru/epigraphy/inscription/show/633,1045–1109,Надпись с заимствованным речением («куни рони»),Первоначальная штукатурка новгородского Софийского Собора,стена церкви,Собор св. Софии,коуни,,,кириллица,граффито,"Юго-восточный подкупольный столб, восточная лопатка, южная грань. 79 см от левого края, 68 см ниже современного пола. ( )",с небольшими утратами (>85%) ( ),,,
634,https://epigraphica.ru/epigraphy/inscription/show/634,1045–1109,"Возможно, начало имени Вячеслав",Первоначальная штукатурка новгородского Софийского Собора,стена церкви,Собор св. Софии,вꙗ,,,кириллица,граффито,"Юго-восточный подкупольный столб, восточная лопатка, южная грань. 83 см от левого края, 69 см ниже современного пола. ( )",целая (100%),,,"Возможно, здесь записаны начальные буквы имени Вячеславъ ."
635,https://epigraphica.ru/epigraphy/inscription/show/635,1045–1109,Надпись с заимствованным речением («куни рони») (?),Первоначальная штукатурка новгородского Софийского Собора,стена церкви,Собор св. Софии,кю,,,кириллица,граффито,"Юго-восточный подкупольный столб, восточная лопатка, южная грань. 86 см от левого края, 69 см ниже современного пола. ( )",целая (100%),,,"Возможно, начальный слог выражения кюни рони ."
636,https://epigraphica.ru/epigraphy/inscription/show/636,1045–1109,Надпись неизвестного назначения,Первоначальная штукатурка новгородского Софийского Собора,стена церкви,Собор св. Софии,та,,,кириллица,граффито,"Юго-восточный подкупольный столб, восточная лопатка, южная грань. 86 см от левого края, 71 см ниже современного пола. ( )",целая (100%),,,
637,https://epigraphica.ru/epigraphy/inscription/show/637,1045–1198,Надпись с именем Дмитр,Первоначальная штукатурка новгородского Софийского Собора,стена церкви,Собор св. Софии,Дъмитръ,,‘Дмитр’,кириллица,граффито,"Юго-восточный подкупольный столб, восточная лопатка, южная грань. 92 см от левого края, 66 см ниже современного пола. ( )",целая (100%),,,
638,https://epigraphica.ru/epigraphy/inscription/show/638,1045–1109,Автограф Микулы,Первоначальная штукатурка новгородского Софийского Собора,стена церкви,Собор св. Софии,Микоу[л](а),,‘Микула писал.’,кириллица,граффито,"Юго-восточный подкупольный столб, восточная лопатка, южная грань. 105 см от левого края, 63 см ниже современного пола. ( )",с утратами (50-85%) ( ),,,Надпись расположена в прямоугольной рамке. Орфография одноеровая ( ь → ъ ).
639,https://epigraphica.ru/epigraphy/inscription/show/639,1045–1109,Надпись неизвестного назначения,Первоначальная штукатурка новгородского Софийского Собора,стена церкви,Собор св. Софии,вагудо,,,кириллица,граффито,"Юго-восточный подкупольный столб, восточная лопатка, южная грань. 39 см от левого края, 89 см ниже современного пола. ( )",с небольшими утратами (>85%) ( ),,,Ниже надписи изображение четырехконечного креста на голгофе. Надпись надежно не интерпретируется.
641,https://epigraphica.ru/epigraphy/inscription/show/641,1045–1200,Надпись с именами Творята и Своята,Фрагменты первоначальной штукатурки новгородского Софийского собора,стена церкви,Собор св. Софии,Текст 1:Текст 2:Сво[ѧ]та,,'Творята Своята',кириллица,граффито,"Придел Иоанна Богослова, западная (прямоугольная в плане) часть, южная стена. 50 см от левого края, 31 см от верхнего края. ( )",с утратами (50-85%),,,"Текст 2 находится справа от Текста 1, на некотором расстоянии. Над Текстом 2 – два ѣ-образных изображения креста на треугольной голгофе. Последняя буква в Тексте 1 читается неуверенно. То ли под нею приписана миниатюрная буква п , { Петръ, пьсалъ, попъ ?} то ли это результат правки ( а на ѧ ?). Тексты 1 и 2 расположены слева и справа от врезанного изображения креста. Не вполне ясно, были ли надписи начертаны до или после креста. Текст 1 написан тем же почерком, что и граффити Петра Творяты, а Текст 2 – почерком соседних надписей с именем Своѧта ."
642,https://epigraphica.ru/epigraphy/inscription/show/642,1045–1200,"Надпись, содержащая слово «‎труд»‎ (?)",Фрагменты первоначальной штукатурки новгородского Софийского собора,стена церкви,Собор св. Софии,- троудѫ,,,кириллица,граффито,"Придел Иоанна Богослова, западная (прямоугольная в плане) часть, южная стена. 52 см от левого края, 25 см от верхнего края. ( )",с утратами (50-85%),,,"Вероятно, в надписи выступает слово трудъ , среди многочисленных значений которого есть ‘страдание, мучение, мука, тягость’ (SJS, IV: 493), ‘беспокойство’, ‘скорбь, горе’, ‘боль’, ‘болезнь, недуг’ (Срезневский, III: 1008–1009)."
643,https://epigraphica.ru/epigraphy/inscription/show/643,1045–1200,Надпись с именем Своята,Фрагменты первоначальной штукатурки новгородского Софийского собора,стена церкви,Собор св. Софии,Своѧта,,'Своята',кириллица,граффито,"Придел Иоанна Богослова, западная (прямоугольная в плане) часть, южная стена. 66 см от левого края, 32 см от верхнего края. ( )",с утратами (50-85%),,,Тем же почерком выполнены соседние надписи с именем Своѧта .
645,https://epigraphica.ru/epigraphy/inscription/show/645,1040-1240,"Возможно, имя автора надписи ( )",Стены Золотых ворот в Киеве,"стена церкви, элементы зданий",Золотые ворота,Никола,,‘Никола’. ( ),кириллица,граффито,Вся правая часть уцелевшего фрагмента штукатурки с граффити занята рисунком. Под ним читается краткая надпись. ( ),с небольшими утратами (>85%),,,
646,https://epigraphica.ru/epigraphy/inscription/show/646,1040–1240,«Мул на коне» (дразнилка),Стены Золотых ворот в Киеве,"стена церкви, элементы зданий",Золотые ворота,москъ на конѣ,,‘Мул на коне’. ( ),кириллица,граффито,"В углу, образованном первой с севера пилястрой западной стены, ( )",с небольшими утратами (>85%) фрагмент (15-50%) ( ),,,
647,https://epigraphica.ru/epigraphy/inscription/show/647,1040–1150,Запись с именем Трохим (Трофим) (?),Стены Золотых ворот в Киеве,"стена церкви, элементы зданий",Золотые ворота,Трохмъ,,,кириллица,граффито,На восточной стене ворот между первоначальной кладкой XI в. и прикладкой XII в. ( ),целая (100%) целая (100%) ( ),,,"Можно утверждать, что надпись была выцарапана до пристроек XII в. В противном случае написать ее в узкой щели между кладками было невозможно. (Высоцкий 1985)"
648,https://epigraphica.ru/epigraphy/inscription/show/648,1040-1240,Молитва о Василе,Стены Золотых ворот в Киеве,"стена церкви, элементы зданий",Золотые ворота,Ги҃ помо⸗,,"Господи, помоги рабу своему Василю.",кириллица,граффито,"Куски штукатурки лежали на глубине примерно 2,5 м от уровня современной поверхности земли и относились к несохранившейся южной части западной стены ворот. ( )",с небольшими утратами (>85%),,,
649,https://epigraphica.ru/epigraphy/inscription/show/649,1040–1240,Начало молитвенной надписи,Стены Золотых ворот в Киеве,"стена церкви, элементы зданий",Золотые ворота,Ги҃ помози рабу своєму,,"Господи, помоги рабу своему М...",кириллица,граффито,,с небольшими утратами (>85%),,,
650,https://epigraphica.ru/epigraphy/inscription/show/650,1040–1240,Молитва о Дмитре (или Домке),Стены Золотых ворот в Киеве,"стена церкви, элементы зданий",Золотые ворота,Ги҃ по рабу Дъм...,господи помози рабу своему дъм...,"‘Господи, помоги рабу [своему] Домке (или: Дмитру).’",кириллица,граффито,,с небольшими утратами (>85%),,,
651,https://epigraphica.ru/epigraphy/inscription/show/651,[1100–1230],Ламентация больного и вотивная надпись к бессребренникам Киру и Иоанну,Первоначальная фресковая штукатурка киевского Софийского собора,стена церкви,Собор св. Софии,о Ги҃ или ізбꙑ [к]оли сего,о Ги҃ или ізбꙑ<ти е> [к]оли<къ> сего зъла и сеѥ печ(ал)и да сътворѫ ва прино⸗ сеце,"‘О Господи, возможно ли избавиться от колик – этого зла и этой печали! Сделаю-ка я вам [двоим, т.е. свв. Киру и Иоанну] приношеньице’ О Господи, даже и бесы разве страшнее этого зла и этой печали – разгневить владыку! ( ) Доп. интерпретации",кириллица,граффито,,,1100–1125 ( ) 1150–1230 ( ),,
652,https://epigraphica.ru/epigraphy/inscription/show/652,[1100–1230],Ламентация больного с обращением к святым бессребренникам Киру и Иоанну,Первоначальная фресковая штукатурка киевского Софийского собора,стена церкви,Собор св. Софии,о Ги҃ или избꙑти е кол[и]къ голово[ю],,"‘О Господи, неужели избавиться от колик можно только ценой жизни! Кир и Иоанн, бессребреники!’",кириллица,граффито,В апсидной части придела Антония и Феодосия на северной стене. ( ),,1100–1125 ( ) 1150–1230 ( ) 1100–1200 ( ),,
653,https://epigraphica.ru/epigraphy/inscription/show/653,[1330–1450],Начало молитвенной надписи,Стены собора св. Софии в Константинополе,стена церкви,Собор св. Софии в Константинополе,Ги҃ помози ...,,"‘Господи, помоги...’",кириллица,граффито,"Южная галерея; восточная часть; южная поверхность первого (слева) столба, фланкирующего дверной проем восточный стены; справа от мозаики с изображением императора Иоанна II Комнина и императрицы Ирины перед Богородицей с младенцем. Высота от пола – 99 см, расстояние от угла слева – 23,5 см, от стены справа – 36,5 см. ( )",целая (100%),середина XIV – первая половина XV в. (и II «наклонная перекладина») ( ),,
654,https://epigraphica.ru/epigraphy/inscription/show/654,1381–1404,"Молитва о Филиппе Микитиниче, стольнике митрополита Киприана",Стены собора св. Софии в Константинополе,стена церкви,Собор св. Софии в Константинополе,Ги҃ помози рабу сво⸗с҇,,"‘Господи, помоги рабу своему Филиппу Микитиничу, стольнику Киприана, митрополита Киевского и всея Руси’.",кириллица,граффито,"Южная галерея; восточная часть; южная поверхность первого (слева) столба, фланкирующего дверной проем восточной стены, справа от мозаики с изображением императора Иоанна II Комнина и императрицы Ирины перед Богородицей с младенцем. Высота от пола – 58,2 см, расстояние от угла слева – 32,5 см, от стены справа – 23,5 см.",целая (100%),,,"Автора надписи – митрополичьего стольника Филиппа Микитинича – можно идентифицировать с Филиппом, который упоминается в грамоте митрополита Киприана (1375–1406) некой Федосье (от 14 июня 1404 г.), а также в духовной самой Федосьи (от 21 июня 1404 г.). Граффито могло быть выполнено выполнено в период с 1381 г. (первый приезд Киприана в Москву) до 14 июня 1404 г. (упоминание о смерти Филиппа в грамоте Киприана). Публикации надписи, включая работу (Артамонов и Гиппиус, 2022а), не передают различия между ' е -якорным' ( своєму , києвского ) и обычным е ( всеѧ ). См. также другое константинопольское граффито Филиппа."
655,https://epigraphica.ru/epigraphy/inscription/show/655,[1380–1500],Имя пророка Иезекииля,Первоначальная фресковая штукатурка киевского Софийского собора,стена церкви,Собор св. Софии,Ѥзекиꙗ,,‘Иезекииль’.,кириллица,граффито,"На фреске с изображением прор. Иезекииля. На западной стороне западной лопатки южного крещатого столба, образующего арку-переход между юго-западным углом западного нефа и центральным пучковым столбом южных хор (современного придела св. ап. Андрея); на высоте 180 см от уровня современного пола и на расстоянии 100 см от левого ребра ( )",с небольшими утратами (>85%),ꙗ IIг «Перемычка по верху» 1380>; к 5 «Уменьшенный верх» 1100> (1280>).,,
656,https://epigraphica.ru/epigraphy/inscription/show/656,1122,Надпись о приходе в Киев митрополита Никиты,Первоначальная фресковая штукатурка киевского Софийского собора,стена церкви,Собор св. Софии,мц҃ѧ октѧбрѧ,,‘15 октября пришел [из Византии в Киев митрополит] Никита. Судило писал’.,кириллица,граффито,на фреске с образом св. мч. Анастасия; северо-западный угол предалтарного нефа на южной стороне западной лопатки первого от алтаря северного крещатого столпа ( ) главный поперечный неф на северо-восточном столбе трехпролетной аркады ( ),с небольшими утратами (>85%),,,
657,https://epigraphica.ru/epigraphy/inscription/show/657,,Аллилуйя воскресению ( ),Первоначальная фресковая штукатурка киевского Софийского собора,стена церкви,Собор св. Софии,τιν κυρηακη αλελουηα,,Воскресению – аллилуйя! ( ),греческий ( ),граффито,,целая (100%),,,
658,https://epigraphica.ru/epigraphy/inscription/show/658,,Надпись с именем Евдоким,Первоначальная фресковая штукатурка киевского Софийского собора,стена церкви,Собор св. Софии,Ευδοκιμος,,Евдоким.,греческий,граффито,На южной стене в апсиде Михайловского придела ( ),целая (100%),,,
659,https://epigraphica.ru/epigraphy/inscription/show/659,,Надпись с именем Ανθημος (Анфим),Стены киевского Софийского собора,стена церкви,Собор св. Софии,Ανθημος,,Анфим.,греческий,граффито,,,,,
660,https://epigraphica.ru/epigraphy/inscription/show/660,,Греческая надпись с именем Феодор (Феодул?),Стены киевского Софийского собора,стена церкви,Собор св. Софии,Θεωδουρος,,Феодор. ( ),греческий,граффито,,целая (100%),,,
661,https://epigraphica.ru/epigraphy/inscription/show/661,1045–,Надпись с именем Розвад,Фрагменты первоначальной штукатурки новгородского Софийского собора,стена церкви,Собор св. Софии,Розвд-,Розв<а>д- ( ),'Розвад',кириллица,граффито,"Придел Иоанна Богослова, западная (прямоугольная в плане) часть, южная стена. 61 см от левого края, 34 см от верхнего края. ( )",с утратами (50-85%),,,"Поверх буквы р нанесено изображение креста на треугольной голгофе. Два таких же креста см. левее над надписью Свояты и между словами надписи Петра. Перед нами имя Розвадъ , написанное с пропуском буквы а ."
662,https://epigraphica.ru/epigraphy/inscription/show/662,1045–,Надпись со словом «поп»,Фрагменты первоначальной штукатурки новгородского Софийского собора,стена церкви,Собор св. Софии,поп,,'Поп',кириллица,граффито,"Придел Иоанна Богослова, западная (прямоугольная в плане) часть, южная стена. 65 см от левого края, 25 см от верхнего края. ( )",с небольшими утратами (>85%),,,Правее и ниже процарапана отдельная буква в .
663,https://epigraphica.ru/epigraphy/inscription/show/663,1045–1200,Незаконченная молитвенная надпись,Фрагменты первоначальной штукатурки новгородского Софийского собора,стена церкви,Собор св. Софии,Ги҃ помози рабѫ свое…,,"'Господи, помоги рабу своему...'",кириллица,граффито,"Придел Иоанна Богослова, западная (прямоугольная в плане) часть, южная стена. 63 см от левого края, 23 см от верхнего края. ( )",с утратами (50-85%),,,"Нельзя исключать, что эта надпись составляет единое целое с надписью Творяты, однако их почерки, вероятно, различны."
664,https://epigraphica.ru/epigraphy/inscription/show/664,1045–,Надпись с именем Творята,Фрагменты первоначальной штукатурки новгородского Софийского собора,стена церкви,Собор св. Софии,[Тв]орѧ[т]-,,'Творята',кириллица,граффито,"Придел Иоанна Богослова, западная (прямоугольная в плане) часть, южная стена. 63 см от левого края, 23 см от верхнего края. ( )",с утратами (50-85%),,,Надпись зачеркнута.
665,https://epigraphica.ru/epigraphy/inscription/show/665,1045–1200,Надпись с именами Петр и Творята,Фрагменты первоначальной штукатурки новгородского Софийского собора,стена церкви,Собор св. Софии,Петрѣ Твора,,'Петр Творята',кириллица,граффито,"Придел Иоанна Богослова, западная (прямоугольная в плане) часть, южная стена. 80 см от левого края, 26 см от верхнего края. ( )",с утратами (50-85%),,,"Буква ѣ выглядит как крест на треугольной голгофе. Справа от конечной буквы а в верху строки прочерчена горизонталь: возможно, писавший начал писать букву т , но не дописал ее. Автору граффито принадлежат также другие надписи с именем Творята и, вероятно, все изображения крестов на треугольной голгофе на этом участке стены. Надпись содержит крестильное имя Петръ и мирское имя Творята : вероятно, это имена автора надписи. Оба имени недописаны, а во втором из них после р вместо ѧ стоит а , как в его же автографе Творатѧ в другой надписи."
667,https://epigraphica.ru/epigraphy/inscription/show/667,1169-1200,Надпись с упоминанием вдовы Владимира Андреевича Дорогобужского,Первоначальная фресковая штукатурка киевского Софийского собора,стена церкви,Собор св. Софии,Володимирѧѧ,,"‘Здесь была многопечальная [вдова] Владимира [Андреевича Дорогобужского], сноха Андрея [Владимировича Доброго], сестра Олега, Игоря и Всеволода [Святославичей], на праздник. А писал поп С…, богатый грехами.’",кириллица,граффито,"Граффито находится в северной части хоров собора, на северной стене, как раз напротив столба с надписью Олисавы — матери Святополка Изяславича. ( )",с небольшими утратами (>85%),,,
668,https://epigraphica.ru/epigraphy/inscription/show/668,1045–1109,Молитвенная надпись,Первоначальная штукатурка новгородского Софийского Собора,стена церкви,Собор св. Софии,Ги҃ пом,,"‘Господи, помилуй.’",кириллица,граффито,"Юго-восточный подкупольный столб, восточная лопатка, южная грань. 67 см от левого края, 91 см ниже современного пола. ( )",с утратами (50-85%) ( ),,,
669,https://epigraphica.ru/epigraphy/inscription/show/669,1045–1109,Надпись с именем Сава (?),Первоначальная штукатурка новгородского Софийского Собора,стена церкви,Собор св. Софии,Сава(--),,‘Сава’ (?),кириллица,граффито,"Юго-восточный подкупольный столб, восточная лопатка, восточная грань (выходит в проход между дьяконником и центральной апсидой). 4 см от левого края, 25 см ниже современного пола. ( )",целая (100%),,,"Читаемые буквы вписаны в круг, который, по-видимому, был начертан самим автором надписи. Вероятно, имя Сава . Правее четвертой буквы видны несколько слабых штрихов, скорее всего, не имеющих отношения к надписи."
670,https://epigraphica.ru/epigraphy/inscription/show/670,1045–1109,Молитвенная надпись с заимствованным речением,Первоначальная штукатурка новгородского Софийского Собора,стена церкви,Собор св. Софии,о херетис,о херетис<мос> Ги҃ поми<лоуи> ( ),,кириллица,граффито,"Юго-восточный подкупольный столб, восточная лопатка, восточная грань (выходит в проход между дьяконником и центральной апсидой). 9 см от левого края, 26 см ниже современного пола. ( )",с небольшими утратами (>85%) ( ),,,"Недописанные фразы ὁ χαιρετηςμός и Господи, помилуи. По определению А. Ю. Виноградова, греческий текст в первой строке записан не греческими, а кириллическими буквами: «в данном случае они совпадают с греческими унциальными, но несколько отличаются от них по форме» (Виноградов, А. Ю. 2013: 102). Как отметил исследователь, выражение ὁ χαιρετισμός, буквально обозначающее ‘приветствие’, регулярно используется в качестве подписи для сцены Благовещения."
671,https://epigraphica.ru/epigraphy/inscription/show/671,1045–1109,Надпись с заимствованным речением («куни рони»),Первоначальная штукатурка новгородского Софийского Собора,стена церкви,Собор св. Софии,[к]--(н)[и] ро[н]и,,,кириллица,граффито,"Юго-восточный подкупольный столб, восточная лопатка, восточная грань (выходит в проход между дьяконником и центральной апсидой). 12 см от левого края, 18 см ниже современного пола. ( )",,,,Надпись была зачеркнута.
672,https://epigraphica.ru/epigraphy/inscription/show/672,1045–1109,,Первоначальная штукатурка новгородского Софийского Собора,стена церкви,Собор св. Софии,куни рони,,,кириллица,граффито,"Юго-восточный подкупольный столб, восточная лопатка, восточная грань (выходит в проход между дьяконником и центральной апсидой). 20 см от левого края, 24 см ниже современного пола. ( )",с утратами (50-85%) ( ),,,
673,https://epigraphica.ru/epigraphy/inscription/show/673,1045–1109,"Возможно, брошенное начало надписи «О, Господи…».",Первоначальная штукатурка новгородского Софийского Собора,стена церкви,Собор св. Софии,ог,,‘О Господи!’,кириллица,граффито,"Юго-восточный подкупольный столб, восточная лопатка, восточная грань (выходит в проход между дьяконником и центральной апсидой). 23 см от левого края, 17 см ниже современного пола. ( )",целая (100%),,,
674,https://epigraphica.ru/epigraphy/inscription/show/674,1045–1109,Надпись неизвестного назначения,Первоначальная штукатурка новгородского Софийского Собора,стена церкви,Собор св. Софии,н-(-)-оте(---),,,кириллица,граффито,"Юго-восточный подкупольный столб, восточная лопатка, восточная грань (выходит в проход между дьяконником и центральной апсидой). 22 см от левого края, 15 см ниже современного пола. ( )",с утратами (50-85%) ( ),,,"Перед о , судя по всему, стояла буква [х] . В таком случае возможна реконструкция Н(е)[х]оте (---) с именем Нехот<ъ> . Ср. топонимы Нехотово (село в Грязовецком р. Вологодской обл.) и Нехотицко (село в Старорусском р. Нов-городской обл.), а также совр. фамилию Нехотов. Ср. также имя наместника князя Ярослава Всеволодовича Хота Григорьевича, упоминаемого в Новгородской I летописи под 6723 (1215) г."
675,https://epigraphica.ru/epigraphy/inscription/show/675,1045–1109,"Вероятно, запись с именем Мирята",Первоначальная штукатурка новгородского Софийского Собора,стена церкви,Собор св. Софии,[М]ıр,[М]ıр<ѧта> ( ),‘Мирята’,кириллица,граффито,"Юго-восточный подкупольный столб, восточная лопатка, восточная грань (выходит в проход между дьяконником и центральной апсидой). 53 см от левого края, 12 см ниже современного пола. ( )",с утратами (50-85%) ( ),,,"Центральная часть широкой первой буквы утрачена. Гипотетически здесь могла уместиться не одна, а две буквы. Справа сверху от нее видны штрихи, по-видимому, не имеющие отношения к надписи. Следующую букву можно было бы интерпретировать как о , однако она имеет горизонтальный низ, что склоняет в пользу чтения ı . Вероятно, перед нами недописанное имя с начальным корнем Мир- ."
676,https://epigraphica.ru/epigraphy/inscription/show/676,1045–1109,Надпись неизвестного назначения,Первоначальная штукатурка новгородского Софийского Собора,стена церкви,Собор св. Софии,(…)ⰿⰾ,,,глаголица,граффито,"Юго-восточный подкупольный столб, восточная лопатка, восточная грань (выходит в проход между дьяконником и центральной апсидой). 27 см от левого края, 22 см ниже современного пола. ( )",,,,
677,https://epigraphica.ru/epigraphy/inscription/show/677,1045–1109,Надпись с инициалом Р,Первоначальная штукатурка новгородского Софийского Собора,стена церкви,Собор св. Софии,Р,,,кириллица,граффито,"Юго-восточный подкупольный столб, восточная лопатка, восточная грань (выходит в проход между дьяконником и центральной апсидой). 35 см от левого края, 17 см ниже современного пола. ( )",с небольшими утратами (>85%) ( ),,,Инициал старовизантийского типа.
678,https://epigraphica.ru/epigraphy/inscription/show/678,1045–1109,Надпись с литургическими возгласами,Первоначальная штукатурка новгородского Софийского Собора,стена церкви,Собор св. Софии,въньмѣ :по[п҇]миръ вьсѣм¦ ди[а]к҇моудростс: въ{ь}нь[м]ѣммоудроспрости,,,кириллица,граффито,"Юго-восточный подкупольный столб, восточная лопатка, восточная грань (выходит в проход между дьяконником и центральной апсидой). 43 см от левого края, 24 см ниже современного пола. 43 см от левого края, 24 см ниже современного пола. ( )",с небольшими утратами (>85%),,,"Слово по[п҄] вписано над словом миръ в 1-ой строке: таким образом последняя буква [п҄] оказалась надстрочной вдвойне. Лигатуры: ми (1-ая строка), ти (3-я строка). 2-ая и 3-я строки приписаны справа под словом моудрост 1-ой строки . Пунктуационный знак в виде вертикальной черты (1-ая строка). Описки и исправления: Буква ъ в слове въьнь[м]ѣм во 2-ой строке вставлена после написания букв вь (лишний ь не зачеркнут). Данная ошибка была вызвана предвосхищением. Записана последовательность возгласов при чтении Апостола и Евангелия на литургии Иоанна Златоуста: «Въньмѣмъ», «Миръ вьсѣмъ», «Мудрость» (в первой строке); «Мудрость», «Въньмѣмъ» (во второй строке); «Мудрость, прóсти» (в третьей строке). Возгласы «Миръ вьсѣмъ» и «Мудрость, прóсти» принадлежат священнику, остальные – дьякону. Первый возглас священника помечен надписанным над строкой словом попъ. Идентичная последовательность возгласов оформляет чтение ветхозаветных паремий на литургии Преждеосвященных даров. По сравнению с текстами обеих литургий в современном Служебнике в надписи не хватает еще одного возгласа «(Прѣ)мудрость» перед заключительным «(Прѣ)мудрость, прости»."
679,https://epigraphica.ru/epigraphy/inscription/show/679,1045–1109,"Шуточная надпись о том, что Чиж подстрелил журавля",Первоначальная штукатурка новгородского Софийского Собора,стена церкви,Собор св. Софии,о(х)[ъ Чиж]--и же[р]авь (о)[ус]т[р]ѣлив(------),о(х)[ъ Чиже](в)и же[р]авь (о)[ус]т[р]ѣлив(ъше) дѣди н[а]г[и] ( ),"‘Ох, [бедный] Чиж, подстреливший журавля. Дети [ходят] нагие’. ( )",кириллица,граффито,"Юго-восточный подкупольный столб, восточная лопатка, восточная грань (выходит в проход между дьяконником и центральной апсидой). 65 см от левого края, 17 см ниже современного пола. ( )",с утратами (50-85%),,,"Надпись находится справа от изображения человека, стреляющего из лука в большую длинноногую птицу, находящуюся левее."
680,https://epigraphica.ru/epigraphy/inscription/show/680,1045–1109,Шуточная надпись-ремарка к рисунку,Первоначальная штукатурка новгородского Софийского Собора,стена церкви,Собор св. Софии,(Ч)[и]ж⸗,,‘Друг Чижа’. ( ),кириллица,граффито,"Юго-восточный подкупольный столб, восточная лопатка, восточная грань (выходит в проход между дьяконником и центральной апсидой). 44 см от левого края, 16 см ниже современного пола. ( )",с утратами (50-85%),,,"Надпись является припиской под головой птицы при надписи о том, что Чиж подстрелил журавля . Автор надписи иронично называет журавля, подстреленного Чижом, другом Чижа , обыгрывая имя охотника и ситуацию, в которой одна «птица» подстрелила другую."
681,https://epigraphica.ru/epigraphy/inscription/show/681,1045–1109,Запись с несколькими хаотично расположенными буквами,Первоначальная штукатурка новгородского Софийского Собора,стена церкви,Собор св. Софии,Текст 1:Текст 2:БТекст 3:БТекст 4:ГТекст 5:нс,,,кириллица,граффито,"Юго-восточный подкупольный столб, восточная лопатка, восточная грань (выходит в проход между дьяконником и центральной апсидой). 52 см от левого края, 11 см ниже современного пола. ( )",с небольшими утратами (>85%) ( ),,,"Буквы нѳ , возможно, имеют числовое значение – ‘59’."
682,https://epigraphica.ru/epigraphy/inscription/show/682,1045–1109,Надпись с заимствованным речением («парех мари»),Первоначальная штукатурка новгородского Софийского Собора,стена церкви,Собор св. Софии,парехъ м[а]ри,,,кириллица,граффито,"Юго-восточный подкупольный столб, восточная лопатка, восточная грань (выходит в проход между дьяконником и центральной апсидой). 58 см от левого края, 6 см ниже современного пола ( )",с утратами (50-85%) ( ),,,
683,https://epigraphica.ru/epigraphy/inscription/show/683,1045–1109,Инициал В,Первоначальная штукатурка новгородского Софийского Собора,стена церкви,Собор св. Софии,В,,,кириллица,граффито,"Юго-восточный подкупольный столб, восточная лопатка, восточная грань (выходит в проход между дьяконником и центральной апсидой). 73 см от левого края, 23 см ниже современного пола. ( )",с утратами (50-85%) ( ),,,Правее процарапана отдельная буква р .
684,https://epigraphica.ru/epigraphy/inscription/show/684,1045–1109,Надпись с инципитом возгласа священника после малой ектении,Первоначальная штукатурка новгородского Софийского Собора,стена церкви,Собор св. Софии,(ѧк)[о] твоѧ дрьжѧва,,,кириллица,граффито,"Юго-восточный подкупольный столб, восточная лопатка, восточная грань (выходит в проход между дьяконником и центральной апсидой). 75 см от левого края, 7 см ниже современного пола. ( )",с небольшими утратами (>85%),,,"А. А. Медынцевой были прочтены второе и третье слова надписи: твоѧ дрьжѧва . Эта и следующая надписи выполнены одним и тем же характерным почерком (ср. в особенности начертание букв в , д и ж ). В обоих граффити представлен инципит возгласа священника после малой ектении (в разных случаях) «Яко твоя дьржава и твое (есть) цѣсарьство…». И там и там сочетание редуцированного с плавным оформлено южнославянской орфограммой. Между буквами ь и ж начертана крупная буква р. Вероятно, она была процарапана по рассматриваемой надписи. Чуть ниже выполнена отдельная буква в."
685,https://epigraphica.ru/epigraphy/inscription/show/685,1045–1109,Надпись с инципитом возгласа священника после малой ектении,Первоначальная штукатурка новгородского Софийского Собора,стена церкви,Собор св. Софии,ѧк[о т](во)⸗,,,кириллица,граффито,"Юго-восточный подкупольный столб, восточная лопатка, восточная грань (выходит в проход между дьяконником и центральной апсидой). 103 см от левого края, 20 см ниже современного пола. ( )",с утратами (50-85%) ( ),,,
686,https://epigraphica.ru/epigraphy/inscription/show/686,1045–1109,Надпись неизвестного содержания,Первоначальная штукатурка новгородского Софийского Собора,стена церкви,Собор св. Софии,д | - б | в г | д,,,кириллица,граффито,"Юго-восточный подкупольный столб, восточная лопатка, восточная грань (выходит в проход между дьяконником и центральной апсидой). 101 см от левого края, 18 см ниже современного пола. ( )",целая (100%) с утратами (50-85%) ( ),,,
687,https://epigraphica.ru/epigraphy/inscription/show/687,1045–1109,Надпись с именем Пантелеимон,Первоначальная штукатурка новгородского Софийского Собора,стена церкви,Собор св. Софии,[По]нтелѣимон,,‘Пантелеимон’,кириллица,граффито,"Юго-восточный подкупольный столб, восточная лопатка, восточная грань (выходит в проход между дьяконником и центральной апсидой). 80 см от левого края, 15 см ниже современного пола. ( )",с утратами (50-85%) ( ),,,"В имени отсутствует конечный ъ , как и в других софийских граффити с этим именем"
688,https://epigraphica.ru/epigraphy/inscription/show/688,[1350–1450],Начало молитвенной надписи,Стены собора св. Софии в Константинополе,стена церкви,Собор св. Софии в Константинополе,…вс убар изомоп иг҃,Ги҃ помози рабу св(оему) …,"‘Господи, помоги рабу своему ...’",кириллица,граффито,"Южная галерея; восточная часть; южная поверхность третьего (слева) столба восточной стены; высота от пола – 122 см, расстояние от угла слева – 22,7 см, от стены справа – 25,8 см.",с утратами (50-85%),"Вторая половина XIV – первая половина XV в., предпочтительно – конец XIV – первая половина XV в. (датирующие признаки: б – 4 «высокая петля»; в – 5 «высокая нижняя петля»; з – IIIа «левонаклонное, перелом»; р – IVб «петля с изломом углом вниз, прямолинейное» . Близкое начертание б и р в надписи № 49 из церкви Спаса на Нередице (XIV – первая половина XV в. (Рождественская 1992, с. 94–95).",,"Граффито читается справа налево, чему соответствует и последовательное употребление зеркальных начертаний букв. В древнерусской эпиграфике параллель составляет автограф Сандуса в Мартирьевской паперти Софии Новгородской (Гиппиус, Михеев, 2011, с. 44–46)."
689,https://epigraphica.ru/epigraphy/inscription/show/689,1045–1109,Надпись с литургическим текстом,Первоначальная штукатурка новгородского Софийского Собора,стена церкви,Собор св. Софии,п[о]имъ Гв҃и,,"‘Воспоем Господу: «О, Господи, помилуй»’. ( )",кириллица,граффито,"Юго-восточный подкупольный столб, восточная лопатка, восточная грань (выходит в проход между дьяконником и центральной апсидой). 90 см от левого края, 15 см ниже современного пола. ( )",с небольшими утратами (>85%) ( ),,,"Слева от 2 ой – 3-ей строк изображены четыре знака, напоминающие знаки музыкальной нотации. Узкая буква о после п в первой строке полностью уничтожена более поздней крупной буквой б ."
690,https://epigraphica.ru/epigraphy/inscription/show/690,1045–1109,Надпись с именем Ножен,Первоначальная штукатурка новгородского Софийского Собора,стена церкви,Собор св. Софии,Ножьн(-),,‘Ножен едет.’ (?),кириллица,граффито,"Юго-восточный подкупольный столб, восточная лопатка, восточная грань (выходит в проход между дьяконником и центральной апсидой). 68 см от левого края, 21 см ниже современного пола. ( )",с небольшими утратами (>85%) ( ),,,"Слева от надписи – схематичное изображение человека, едущего на коне влево. От имени Ножень (из Ножьнь) происходит фамилия Ножнев. Ср. Русин Нож-нев, царский конюх, 1573 г. (Веселовский 1974: 222). Во второй сроке напрашивается реконструкция ѥ(д)е ‘едет’, однако, судя по размеру выскобленной полосы между ѥ и е , утрачена была более узкая буква. Возможно, здесь читалось недописанное имя, например, Еремей. Не исключено, что первая и вторая строки написаны разными почерками."
691,https://epigraphica.ru/epigraphy/inscription/show/691,1045–1109,"Вероятно, недописанное имя Фома",Первоначальная штукатурка новгородского Софийского Собора,стена церкви,Собор св. Софии,Ѳ[ом],,‘Фома’ (?),кириллица,граффито,"Юго-восточный подкупольный столб, восточная лопатка, восточная грань (выходит в проход между дьяконником и центральной апсидой). 6 см от левого края, 34 см ниже современного пола. ( )",с утратами (50-85%) ( ),,,
692,https://epigraphica.ru/epigraphy/inscription/show/692,1045–1109,Надпись с заимствованным речением («куни рони»),Первоначальная штукатурка новгородского Софийского Собора,стена церкви,Собор св. Софии,[ко]у[ни] рони,,,кириллица,граффито,"Юго-восточный подкупольный столб, восточная лопатка, восточная грань (выходит в проход между дьяконником и центральной апсидой). 5 см от левого края, 37 см ниже современного пола. ( )",с утратами (50-85%) ( ),,,
693,https://epigraphica.ru/epigraphy/inscription/show/693,1045–1109,Надпись с заимствованным речением («куни рони»),Первоначальная штукатурка новгородского Софийского Собора,стена церкви,Собор св. Софии,к[юни] ро[н](и),,,кириллица,граффито,"Юго-восточный подкупольный столб, восточная лопатка, восточная грань (выходит в проход между дьяконником и центральной апсидой). 14 см от левого края, 35 см ниже современного пола. ( )",с утратами (50-85%) ( ),,,Зеркальная буква ю ( ꙕ ) (?).
694,https://epigraphica.ru/epigraphy/inscription/show/694,1045–1109,Надпись с именем Павел,Первоначальная штукатурка новгородского Софийского Собора,стена церкви,Собор св. Софии,Павь[л],,‘Павел’,кириллица,граффито,"Юго-восточный подкупольный столб, восточная лопатка, восточная грань (выходит в проход между дьяконником и центральной апсидой). 8 см от левого края, 33 см ниже современного пола. ( )",с утратами (50-85%) ( ),,,
695,https://epigraphica.ru/epigraphy/inscription/show/695,1045–1109,Надпись с именем Селята,Первоначальная штукатурка новгородского Софийского Собора,стена церкви,Собор св. Софии,С[е]лѧт[а],,‘Селята’,кириллица,граффито,"Юго-восточный подкупольный столб, восточная лопатка, восточная грань (выходит в проход между дьяконником и центральной апсидой). 53 см от левого края, 33 см ниже современного пола. ( )",с утратами (50-85%) ( ),,,"Вероятно, Селята – имя писавшего."
696,https://epigraphica.ru/epigraphy/inscription/show/696,1045–1109,Надпись с именем Почай,Первоначальная штукатурка новгородского Софийского Собора,стена церкви,Собор св. Софии,Поча[ѥ],,,кириллица,граффито,"Юго-восточный подкупольный столб, восточная лопатка, восточная грань (выходит в проход между дьяконником и центральной апсидой). 17 см от левого края, 39 см ниже современного пола. ( )",с утратами (50-85%) ( ),,,"Конечные /jь/ → ѥ (?). К имени Почаи восходят многочисленные топонимы, в том числе название дер. Почаево в Парфинском р. Новгородской обл."
697,https://epigraphica.ru/epigraphy/inscription/show/697,1045–1109,Недописанная надпись неизвестного назначения,Первоначальная штукатурка новгородского Софийского Собора,стена церкви,Собор св. Софии,ѿ Арс,,‘От Арсения’ (?),кириллица,граффито,"Юго-восточный подкупольный столб, восточная лопатка, восточная грань (выходит в проход между дьяконником и центральной апсидой). 14 см от левого края, 34 см ниже современного пола. ( )",с утратами (50-85%) ( ),,,"Вероятно, недописанные слова отъ Арсения."
698,https://epigraphica.ru/epigraphy/inscription/show/698,1045–1109,Надпись со словом «орарь»,Первоначальная штукатурка новгородского Софийского Собора,стена церкви,Собор св. Софии,оула⸗,,‘Орарь’ ( ),кириллица,граффито,"Юго-восточный подкупольный столб, восточная лопатка, восточная грань (выходит в проход между дьяконником и центральной апсидой). 14 см от левого края, 44 см ниже современного пола. ( )",целая (100%),,,"Орарь (греч. ὀράριον) – длинная узкая лента, составляющая часть дьяконского облачения. Неаккуратная рамка вокруг надписи появилась во время изготовления слепка, так как очертания этой рамки соответствуют очертаниям слепка И. А. Шляпкина."
699,https://epigraphica.ru/epigraphy/inscription/show/699,[1350–1450],Молитва о дьяке Остафии с пожеланием крепости руки,Стены собора св. Софии в Константинополе,стена церкви,Собор св. Софии в Константинополе,Ги҃ помози дь---,,"‘Господи, помоги дьяку Остафию, рабу своему. Пусть рука его будет крепка’.",кириллица,граффито,Южная галерея; восточная часть; восточная сторона пятой слева (второй справа) колонна экседры; высота от базы колонны – 78 см.,с небольшими утратами (>85%),"«Палеографические особенности надписи позволяют относить ее к середине XIV – первой половине XV в. Об этом говорят начертания е , и , р , ѣ [Рыбаков]. Граффито имеет близкое сходство с надписью № 73 (ср.: а , е , и , р , ь ) из церкви Св. Федора Стратилата на Ручью, которую издатель относит к XV в. [Рождественская, с. 112–113]. Палеография берестяных грамот позволяет скорректировать указанный период в пользу конца XIV – первой половины XV в. (датирующие признаки: б – 4 «высокая петля»; е – III, 5 «левонаклонное, язычок вверх»; и – III «диагональ»; р – IVб «петля c изломом углом вниз, прямолинейное» [Зализняк, 2000, с.155, 163, 171, 183]). За исключением в («перелом не касается мачты») начертания остальных букв не противоречат указанной хронологии. Возможно, в момент выполнения граффито верхняя косая в подходила к мачте, но впоследствии эта часть слабо прочерченного штриха затерлась. Впрочем, аналогичное написание в мы находим в упомянутом выше граффито № 73».",,"«Молитва Остафия состоит из двух частей: общего обращения к Господу и уточняющего его пожелания крепости руки. Первая выполнена не совсем традиционным образом: имя автора предшествует словам рабу своему , а не стоит после, как это обычно делалось. Причина в том, что после ги҃ помози писавший поместил слово, определявшее его социальный статус или род деятельности. В настоящий момент от него сохранились только две первые буквы – д и ь . Можно предположить, что это начальные буквы слова дьякъ . По всей вероятности, Остафий был секретарем при каком-то должностном лице, который оказался в византийской столице по долгу службы. <...> Прошение Остафия можно связывать с его профессиональной деятельностью писца, повседневный труд которого требовал не только усердия и внимания, но и твердости руки. В пользу этого говорят яркие параллели, которые наша надпись находит среди записей писцов конца XIV – начала XVI в. на полях древнерусских рукописных книг. Например: «Ги҃ помози рабу своему, даi Богъ єму гораздо писати, рука бы єму крѣпъка» (ОР РГБ. Ф. 304/I (Главное собрание библиотеки Троице-Сергиевой лавры). № 7)»."
700,https://epigraphica.ru/epigraphy/inscription/show/700,1045–1109,Криптограмма дьяка Душня,Первоначальная штукатурка новгородского Софийского Собора,стена церкви,Собор св. Софии,,дьак<ъ> Доушьн<ь> ( ),‘Дьяк Душень’,кириллица,граффито,"Юго-восточный подкупольный столб, восточная лопатка, восточная грань (выходит в проход между дьяконником и центральной апсидой). 34 см от левого края, 42 см ниже современного пола. ( )",с утратами (50-85%),,,"Антропоморфная монограмма на основе буквы д , видом напоминающая снеговика с отведенной вбок рукой с четырьмя пальцами. Рука снеговика одновременно является буквами у и ш , а его «голова» дополнена изображением глаз, носа и длинной треугольной бороды. Слева в большую букву д вписаны буквы ь , а и к . Справа вписаны ь и н , приписана маленькая буква о – слева от «руки» у и «пальцев» ш . Таким образом, монограмма содержит буквы а , д , к , н , о , у , ш и ь (дважды)."
701,https://epigraphica.ru/epigraphy/inscription/show/701,1045–1109,Монограмма имени Лука,Первоначальная штукатурка новгородского Софийского Собора,стена церкви,Собор св. Софии,,Лука ( ),‘Лука’,кириллица,граффито,"Юго-восточный подкупольный столб, восточная лопатка, восточная грань (выходит в проход между дьяконником и центральной апсидой). 41 см от левого края, 41 см ниже современного пола. ( )",целая (100%),,,Простая монограмма на основе букв л и у . Содержит также буквы к и а .
702,https://epigraphica.ru/epigraphy/inscription/show/702,1045–1109,Надпись с заимствованным речением («куни рони»),Первоначальная штукатурка новгородского Софийского Собора,стена церкви,Собор св. Софии,коу[н](и),,,кириллица,граффито,"Юго-восточный подкупольный столб, восточная лопатка, восточная грань (выходит в проход между дьяконником и центральной апсидой). 40 см от левого края, 43 см ниже современного пола. ( )",с утратами (50-85%) ( ),,,
703,https://epigraphica.ru/epigraphy/inscription/show/703,1045–1109,Надпись неизвестного назначения с именем Чиж,Первоначальная штукатурка новгородского Софийского Собора,стена церкви,Собор св. Софии,Ч[и]жъ,,,кириллица,граффито,"Юго-восточный подкупольный столб, восточная лопатка, восточная грань (выходит в проход между дьяконником и центральной апсидой). 33 см от левого края, 39 см ниже современного пола. ( )",с утратами (50-85%) ( ),,,"Орфография: ь → ъ (после шипящего). В первой строке выступает имя или прозвище Чижь . Почерк граффито, возможно, тождествен почерку надписи о Чиже и журавле. Вторая строка осталась недописанной. По-видимому, здесь было начато отчество Чижа или имя другого человека, образованное от слова кокора ‘ствол дерева с частью корня’."
704,https://epigraphica.ru/epigraphy/inscription/show/704,1045–1109,Подпись к изображению креста,Первоначальная штукатурка новгородского Софийского Собора,стена церкви,Собор св. Софии,[Іс҃]|im.|съ҃|im.|[н]и҃[к](а),,,кириллица,граффито,"Юго-восточный подкупольный столб, восточная лопатка, восточная грань (выходит в проход между дьяконником и центральной апсидой). 31 см от левого края, 34 см ниже современного пола. ( )",с утратами (50-85%) ( ),,,Отметим не вполне стандартное сокращение слова Исусъ – [Іс҃]|im.|съ҃ .
705,https://epigraphica.ru/epigraphy/inscription/show/705,1045–1109,Надпись с именем Побрат,Первоначальная штукатурка новгородского Софийского Собора,стена церкви,Собор св. Софии,Побрат\ъ\,,‘Побрат’,кириллица,граффито,"Юго-восточный подкупольный столб, восточная лопатка, восточная грань (выходит в проход между дьяконником и центральной апсидой). 27 см от левого края, 34 см ниже современного пола. ( )",с небольшими утратами (>85%),,,
706,https://epigraphica.ru/epigraphy/inscription/show/706,1045–1109,Монограмма имени Побрат,Первоначальная штукатурка новгородского Софийского Собора,стена церкви,Собор св. Софии,,Побратъ ( ),‘Побрат’,кириллица,граффито,"Юго-восточный подкупольный столб, восточная лопатка, восточная грань (выходит в проход между дьяконником и центральной апсидой). 64 см от левого края, 47 см ниже современного пола. ( )",целая (100%),,,"Монограмма на основе слитного написания букв пбр . Общая вертикаль этих трех букв (правая вертикаль п ) использована в качестве спинки буквы а , а к горизонтали п снизу подвешена миниатюрная буква о , создающая здесь подобие вертикальной засечки – левой засечки буквы т ."
707,https://epigraphica.ru/epigraphy/inscription/show/707,1045–1109,Надпись с заимствованным речением («куни рони») и автограф Добраты,Первоначальная штукатурка новгородского Софийского Собора,стена церкви,Собор св. Софии,коуни рони,,,кириллица,граффито,"Юго-восточный подкупольный столб, восточная лопатка, восточная грань (выходит в проход между дьяконником и центральной апсидой). 17 см от левого края, 27 см ниже современного пола. ( )",с небольшими утратами (>85%) ( ),,,"Описки и исправления: После букв до во 2-ой строке, вероятно, по ошибке, начата буква д , оставленная недописанной: без правой засечки на платформе."
708,https://epigraphica.ru/epigraphy/inscription/show/708,1045–1109,Автограф Тудора,Первоначальная штукатурка новгородского Софийского Собора,стена церкви,Собор св. Софии,Тоудо[ръ ѱъ],,‘Тудор писал’.,кириллица,граффито,"Юго-восточный подкупольный столб, восточная лопатка, восточная грань (выходит в проход между дьяконником и центральной апсидой). 69 см от левого края, 39 см ниже современного пола. ( )",с утратами (50-85%) ( ),,,
709,https://epigraphica.ru/epigraphy/inscription/show/709,1045–1109,Надпись с именем Воигость,Первоначальная штукатурка новгородского Софийского Собора,стена церкви,Собор св. Софии,Вои⸗,,‘Воигость’,кириллица,граффито,"Юго-восточный подкупольный столб, восточная лопатка, восточная грань (выходит в проход между дьяконником и центральной апсидой). 70 см от левого края, 48 см ниже современного пола. ( )",с небольшими утратами (>85%) ( ),,,Орфография: Одноеровая (ь → ъ) (?).
710,https://epigraphica.ru/epigraphy/inscription/show/710,1045–1109,Сокращенная запись слова «пророк» или «пророчество»,Первоначальная штукатурка новгородского Софийского Собора,стена церкви,Собор св. Софии,прро,,,кириллица,граффито,"Юго-восточный подкупольный столб, восточная лопатка, восточная грань (выходит в проход между дьяконником и центральной апсидой). 78 см от левого края, 50 см ниже современного пола. ( )",с небольшими утратами (>85%) ( ),,,"Сокращенная запись слова пророкъ или пророчьство . Возможно, над словом стояло титло."
711,https://epigraphica.ru/epigraphy/inscription/show/711,1045–1109,Надпись с упоминанием коленопреклоненных молитв,Первоначальная штукатурка новгородского Софийского Собора,стена церкви,Собор св. Софии,на при⸗,,‘На преклонение колен...’,кириллица,граффито,"Юго-восточный подкупольный столб, восточная лопатка, восточная грань (выходит в проход между дьяконником и центральной апсидой). 74 см от левого края, 49 см ниже современного пола. ( )",с утратами (50-85%),,,"Недописанные слова «на приклонение колѣномъ (или колѣнома)» Отметим приставку при- вместо ожидаемой прѣ- ; ср. колѣнѣ на земли прѣклоньше в Студийском уставе кон. XII в. (ГИМ, Син. 330, л. 267v). Смешение этих приставок широко представлено в рукописях XI–XII вв., объясняясь, по-видимому, их частичной функциональной нейтрализацией."
712,https://epigraphica.ru/epigraphy/inscription/show/712,1045–1109,Надпись с заимствованным речением («куни рони»),Первоначальная штукатурка новгородского Софийского Собора,стена церкви,Собор св. Софии,коуни,,,кириллица,граффито,"Юго-восточный подкупольный столб, восточная лопатка, восточная грань (выходит в проход между дьяконником и центральной апсидой). 76 см от левого края, 66 см ниже современного пола. ( )",с небольшими утратами (>85%),,,
713,https://epigraphica.ru/epigraphy/inscription/show/713,1045–1109,Надпись неизвестного назначения,Первоначальная штукатурка новгородского Софийского Собора,стена церкви,Собор св. Софии,пом,,,кириллица,граффито,"Юго-восточный подкупольный столб, восточная лопатка, восточная грань (выходит в проход между дьяконником и центральной апсидой). 37 см от левого края, 102 см ниже современного пола. ( )",с небольшими утратами (>85%) ( ),,,
714,https://epigraphica.ru/epigraphy/inscription/show/714,[1050]–1144,Надпись о поджоге двора Даляты,Первоначальная штукатурка новгородского Софийского Собора,стена церкви,Собор св. Софии,[ше]стъи дн҃[ь],,,кириллица,граффито,"Юго-восточный подкупольный столб, восточная лопатка, восточная грань (выходит в проход между дьяконником и центральной апсидой). 46 см от левого края, 108 см ниже современного пола. ( )",с утратами (50-85%),,,Надпись тщательно зачеркнута и читается не полностью. Запись с ъ окончания В. ед. муж. членного прилагательного – частный случай передачи таким образом напряженного редуцированного ŷ . Орфография: ь → ъ (после шипящего); о -ъ- в форме [ше]стъи .
715,https://epigraphica.ru/epigraphy/inscription/show/715,1045–1109,Надпись с именем Мутижир при изображении человека,Первоначальная штукатурка новгородского Софийского Собора,стена церкви,Собор св. Софии,-ъ М|im.|тижиръ,-ъ М<ѫ>тижиръ ( ),‘Мутижир’,кириллица,граффито,"Юго-восточный подкупольный столб, восточная лопатка, восточная грань (выходит в проход между дьяконником и центральной апсидой). 44 см от левого края, 131 см ниже современного пола. ( )",с утратами (50-85%),,,"Надпись вместе с изображением человека, находящимся между буквами м и т , образует криптограмму. Буквы находятся слева и справа от головы изображенного. Изображен человек с треугольной бородой и широко разведенными руками. В правой руке он держит три свечи, а левой размахивает кадилом (кадило изображено в движении, с большим наклоном против часовой стрелки)."
716,https://epigraphica.ru/epigraphy/inscription/show/716,1045–1109,Инципит возгласа священника,Первоначальная штукатурка новгородского Софийского Собора,стена церкви,Собор св. Софии,[т]ꙑ бо [е]си [ц]р҃[ь],,‘Ведь Ты Царь...’,кириллица,граффито,"Юго-восточный подкупольный столб, восточная лопатка, восточная грань (выходит в проход между дьяконником и центральной апсидой). 8 см от левого края, 60 см ниже современного пола. ( )",с утратами (50-85%),,,Инципит возгласа священника после шестой песни канона утрени: «Ты бо еси цѣсарь мира и съпасъ душь нашихъ».
717,https://epigraphica.ru/epigraphy/inscription/show/717,1045–1109,"Вероятно, недописанное слово «слава»",Первоначальная штукатурка новгородского Софийского Собора,стена церкви,Собор св. Софии,слав(-),,,кириллица,граффито,"Юго-восточный подкупольный столб, восточная лопатка, восточная грань (выходит в проход между дьяконником и центральной апсидой). 13 см от левого края, 116 см ниже современного пола. ( )",с небольшими утратами (>85%) ( ),,,"Вероятно, недописанное слово слава , возможно, инципит возгласа слава тебѣ ."
718,https://epigraphica.ru/epigraphy/inscription/show/718,1045–1109,Молитвенная надпись,Первоначальная штукатурка новгородского Софийского Собора,стена церкви,Собор св. Софии,помилоуї,,‘Помилуй’,кириллица,граффито,"Восточная стена, проход между южной и центральной апсидами. 10 см от правого края, 15 см ниже современного пола. ( )",с небольшими утратами (>85%) ( ),,,
719,https://epigraphica.ru/epigraphy/inscription/show/719,1045–1109,Надпись с литургическими возгласами,Первоначальная штукатурка новгородского Софийского Собора,стена церкви,Собор св. Софии,н[ач] · ѧко по---,,,кириллица,граффито,"Восточная стена, проход между южной и центральной апсидами. 37 см от левого края, 30 см ниже современного пола. ( )",с утратами (50-85%) ( ),,,Во второй строке уверенно читается инципит возгласа священника после сугубой ектении: «Яко милостивъ и человѣколюбьць Богъ еси…». Три буквы в конце первой строки не поддаются уверенному прочтению.
720,https://epigraphica.ru/epigraphy/inscription/show/720,1045–1109,Надпись с возгласом священника,Первоначальная штукатурка новгородского Софийского Собора,стена церкви,Собор св. Софии,ѧко тво[ѧ],,,кириллица,граффито,"Восточная стена, проход между южной и центральной апсидами. 38 см от левого края, 35 см ниже современного пола. ( )",с небольшими утратами (>85%) ( ),,,"Инципит возгласа священника после малой ектении: «Яко твоя дьржава…», либо возгласа «Яко твоя есть сила и слава въ вѣкы вѣковъ…». После ѥ во второй строке начата буква а , д , л или м . Нельзя исключать, что это не продолжение текста первой строки и автор собирался выписать здесь другой инципит."
721,https://epigraphica.ru/epigraphy/inscription/show/721,1045–1109,"Возможно, начало фразы «на приклонение»",Первоначальная штукатурка новгородского Софийского Собора,стена церкви,Собор св. Софии,на при,,,кириллица,граффито,"Восточная стена, проход между южной и центральной апсидами. 34 см от левого края, 33 см ниже современного пола. ( )",целая (100%),,,
722,https://epigraphica.ru/epigraphy/inscription/show/722,1045–1109,Автограф Микиты,Первоначальная штукатурка новгородского Софийского Собора,стена церкви,Собор св. Софии,Микита ѱлъ,,‘Микита писал’,кириллица,граффито,,с утратами (50-85%) ( ),Палеографафия предпочтиельно до [1300] (И 1а «верхние засечки (длинные)» (<1300)) ( ),,
723,https://epigraphica.ru/epigraphy/inscription/show/723,1045–1109,Подпись к изображению Христа,Первоначальная штукатурка новгородского Софийского Собора,стена церкви,Собор св. Софии,Іс҃|im.|Хс҃,,Подпись к изображению Христа,кириллица,граффито,"Стена алтарной апсиды. Судя по подписи на кальке В. В. Суслова («Яма Ф, [место] 48»), граффито находилось у горнего места, слева (к северу) от него. ( )",с небольшими утратами (>85%) ( ),,,
724,https://epigraphica.ru/epigraphy/inscription/show/724,1045–1109,"Надпись неизвестного назначения, возможно, заимствованное речение",Первоначальная штукатурка новгородского Софийского Собора,стена церкви,Собор св. Софии,[он]|im.|[аи],,,кириллица,граффито,"Согласно подписи на кальке («Яма Ф, место 49»), граффито находилось у горнего места, справа (к югу) от него. ( )",,,,"При первой публикации А. А. Медынцева определила изображенного как Иоанна Златоуста, Л. И. Лифшиц видел здесь св. Николая, а В. Д. Сарабьянов – Христа-иерея. В статье 2017 г. А. А. Медынцева присоединилась к точке зрения В. Д. Сарабьянова. Рядом изображение высоколобый бородатый святитель, нимб которого выглядит как кресчатый."
725,https://epigraphica.ru/epigraphy/inscription/show/725,1045–1109,Несколько букв «р» написанных в ряд,Первоначальная штукатурка новгородского Софийского Собора,стена церкви,Собор св. Софии,р (-) р р [р],,,кириллица,граффито,"Восточная стена, центральная апсида, южная сторона. 189 см от правого края, 3 см ниже современного пола. ( )",с утратами (50-85%) ( ),,,
726,https://epigraphica.ru/epigraphy/inscription/show/726,1045–1109,Надпись с именем Агафия,Первоначальная штукатурка новгородского Софийского Собора,стена церкви,Собор св. Софии,Агаѳи,,‘Агафия’,кириллица,граффито,"Восточная стена, центральная апсида, южная сторона. 190 от правого края, 10 см ниже современного пола. ( )",с небольшими утратами (>85%) ( ),,,"Имя Агафия с недописанным окончанием или запись греческой формы им. падежа Ἀγαθή. Перед нами, несомненно, не автограф женщины: во-первых, женщины не допускались в алтарь, а во-вторых, в Софийском соборе пока не найдено ни одного женского автографа. Возможно, подразумевается память св. Агафии, отмечающаяся 5 февраля."
727,https://epigraphica.ru/epigraphy/inscription/show/727,1045–1109,Надпись с литургическим возгласом,Первоначальная штукатурка новгородского Софийского Собора,стена церкви,Собор св. Софии,за- · възвеселт,,,кириллица,граффито,"Восточная стена, центральная апсида, южная сторона. 167 от правого края, 30 см ниже современного пола. ( )",с утратами (50-85%) ( ),,,"Второе слово – вероятно, инципит прокимна седьмого гласа «Възвеселиться правьдьникъ о Господѣ…». Первое же слово читается неуверенно из-за повреждения надстрочной буквы или двух надстрочных букв. Сохранившиеся штрихи лучше всего складываются в букву м, что не дает надежного смысла. Возможно, здесь было каким-то образом записано слово зачало (например, за[ло] ). {хилые версии: за[м] = замбоньная молитва, за[до] = задо-стоиникъ, за[ол] = за_олтар..., з = 7(-ой глас)} Хвост второй буквы з пришелся поверх первой буквы находящейся под буквами зв краткой надписи ѧк – вероятно, еще одного недописанного инципита (возможно, начертанного той же рукой непосредственно перед написанием рассматриваемого граффито)."
728,https://epigraphica.ru/epigraphy/inscription/show/728,1045–1109,"Надпись неизвестного назначения, возможно, сокращенная запись слова «Христу»",Первоначальная штукатурка новгородского Софийского Собора,стена церкви,Собор св. Софии,хоу,,,кириллица,граффито,"Восточная стена, центральная апсида, южная сторона. 45 см от правого края, 23 см ниже современного пола. ( )",фрагмент (15-50%),,,"Надпись, по-видимому, выполнена очень тонким инструментом. Нельзя исключать, что перед нами сокращенная запись слова Христу ."
729,https://epigraphica.ru/epigraphy/inscription/show/729,1045–1109,Надпись неизвестного назначения,Первоначальная штукатурка новгородского Софийского Собора,стена церкви,Собор св. Софии,мр҃[и]-,,,кириллица,граффито,"Восточная стена, центральная апсида, южная сторона. 45 см от правого края, 25 см ниже современного пола. ( )",с утратами (50-85%),,,"Возможны реконструкции: мр҃[ию] , то есть Марию (?), мр҃[иѳ] , то есть недописанное сокращение от греч. Μητρὶ Θεοῦ ‘Богоматери’, где слово μητρὶ стоит в дат. падеже (благодарим А. Ю. Виноградова за консультацию). Штрихи в правой части граффито не образуют четких букв. Вероятно, оно писалось в темноте."
730,https://epigraphica.ru/epigraphy/inscription/show/730,1045–1109,Монограмма имени Михаль,Первоначальная штукатурка новгородского Софийского Собора,стена церкви,Собор св. Софии,,Мıхаль п-сал<ъ> ( ),,кириллица,граффито,"Северо-восточный подкупольный столб, южная лопатка, южная грань. 12 см от левого края, 70 см ниже современного пола. ( )",с небольшими утратами (>85%) ( ),,,"Монограмма на основе букв м и х . Содержит также буквы а (над х ), л в правой части м , п (над х ), с (справа от х ), ь в левой части м , а также, возможно, ı в составе ь ."
731,https://epigraphica.ru/epigraphy/inscription/show/731,1045–1109,Подпись к изображению креста,Первоначальная штукатурка новгородского Софийского Собора,стена церкви,Собор св. Софии,Іс҃|im.|Хс҃|im.|ка҃,,,кириллица,граффито,"Северо-восточный подкупольный столб, южная лопатка, южная грань. 53 см от левого края, 130 см ниже современного пола. ( )",с небольшими утратами (>85%) ( ),,,"Надпись была выполнена непосредственно в алтарном пространстве, рядом с древней алтарной преградой."
732,https://epigraphica.ru/epigraphy/inscription/show/732,1045–1109,Надпись с упоминанием Усекновения главы Иоанна Предтечи,Первоначальная штукатурка новгородского Софийского Собора,стена церкви,Собор св. Софии,Текст 1:Текст 2:на,,,кириллица,граффито,"Северо-восточный подкупольный столб, южная лопатка, южная грань. 33 см от левого края, 22 см ниже современного пола. ( )",с утратами (50-85%) ( ),,,"Тексты 1 и 2, вероятно, выполнены одной рукой. Судя по всему, граффито было сделано в день Усекновения главы Иоанна Предтечи, 29 августа."
733,https://epigraphica.ru/epigraphy/inscription/show/733,1045–1109,Надпись с инициалом «Г»,Первоначальная штукатурка новгородского Софийского Собора,стена церкви,Собор св. Софии,Г,,,кириллица,граффито,"Северо-восточный подкупольный столб, южная лопатка, южная грань. 38 см от левого края, 8 см ниже современного пола. ( )",с утратами (50-85%) ( ),,,"Инициал старовизантийского типа, напоминающий инициалы Архангельского евангелия 1092 г."
734,https://epigraphica.ru/epigraphy/inscription/show/734,1045–1109,Молитвенная надпись,Первоначальная штукатурка новгородского Софийского Собора,стена церкви,Собор св. Софии,о Ги҃ с…҃,,"‘О, Господи, спаси (?)’",кириллица,граффито,"Северо-восточный подкупольный столб, восточная лопатка, восточная грань. 74 см от левого края, 37 см ниже современного пола. ( )",с утратами (50-85%) ( ),,,
735,https://epigraphica.ru/epigraphy/inscription/show/735,1045–1109,Монограмма «Иван Шип»,Первоначальная штукатурка новгородского Софийского Собора,стена церкви,Собор св. Софии,,Ïв<анъ> Шип<ъ> ( ),‘Иван Шип’,кириллица,граффито,"Северо-восточный подкупольный столб, южная лопатка, южная грань. 39 см от правого края, 48 см ниже современного пола. ( )",с небольшими утратами (>85%) ( ),,,"Монограмма из крупных букв ï и в , между которыми слитно с ï процарапаны средняя по размеру буква и и более мелкие буквы ш и п . Возможно, надпись была оставлена человеком по имени Иванъ Шипъ : буквы ш , и и п последовательно читаются при рассмотрении монограммы сверху вниз . Ср. старорус. прозвище Шипъ и патроним Шиповъ (Тупиков), топоним Шипово между Юрьевом-Польским и Суздалем."
736,https://epigraphica.ru/epigraphy/inscription/show/736,1045–1109,Надпись с автографом (имя не читается),Первоначальная штукатурка новгородского Софийского Собора,стена церкви,Собор св. Софии,-в--|im.|пса(лъ),,,кириллица,граффито,"Северо-восточный подкупольный столб, южная лопатка, южная грань. 96 см от левого края, 45 см ниже современного пола. ( )",с утратами (50-85%) ( ),,,"Рядом изображение шестиконечного креста. Надпись находится под его нижней горизонтальной перекладиной. Оформление: Буква а в слове пса(лъ) написана над с , опущенной ниже строки."
737,https://epigraphica.ru/epigraphy/inscription/show/737,1045–1109,Инципит возгласа священника,Первоначальная штукатурка новгородского Софийского Собора,стена церкви,Собор св. Софии,ѧко бла⸗,,‘Ведь ты добрый и человеколюбивый...’,кириллица,граффито,"Северо-восточный подкупольный столб, южная лопатка, южная грань. 24 см от левого края, 5 см ниже современного пола. ( )",с утратами (50-85%),,,"Инципит возгласа священника после малой ектении (в разных случаях), пере-вод греч. возгласа Ὅτι ἀγαθὸς καὶ φιλάνθρωπος Θεὸς ὑπάρχεις… ‘Ведь ты есть добрый и человеколюбивый Бог…’. В большинстве славянских служебников этот инципит сильно сокращен, однако везде, где его третье слово воспроизведено до конца, оно имеет вид существительного человѣколюбьць . В рассматриваемой надписи мы видим иной перевод, более близкий к оригиналу греч. возглашения: грамматически однородные греческие прилагательные он передает также однородными полными формами славянских прилагательных."
738,https://epigraphica.ru/epigraphy/inscription/show/738,1045–1109,Надпись с именем Стефан/Стефанос,Первоначальная штукатурка новгородского Софийского Собора,стена церкви,Собор св. Софии,Стефан[о](-),,,кириллица,граффито,"Северо-восточный подкупольный столб, южная лопатка, южная грань. 62 см от правого края, 56 см от ниже современного пола. ( )",с утратами (50-85%) ( ),,,
739,https://epigraphica.ru/epigraphy/inscription/show/739,1045–1109,Надпись неизвестного назначения,Первоначальная штукатурка новгородского Софийского Собора,стена церкви,Собор св. Софии,-о--ѧ-[о]в[ъ],,,греческий,граффито,"Северо-восточный подкупольный столб, южная лопатка, южная грань. 52 см от првого края, 48 см ниже современного пола. ( )",с утратами (50-85%) ( ),,,1-ая буква – инициал простого рисунка.
740,https://epigraphica.ru/epigraphy/inscription/show/740,1045–1109,Молитва о Нежате Иваниче,Первоначальная штукатурка новгородского Софийского Собора,стена церкви,Собор св. Софии,Ги҃ помози рабоу с⸗,,"‘Господи, помоги рабу своему Нежате Иваничу’",кириллица,граффито,"Северо-восточный подкупольный столб, южная лопатка, южная грань. 28 см от правого края, 61 см ниже современного пола. ( )",с утратами (50-85%),,,"В рамке с прямыми углами. Над буквой п в первой строке находится миниатюрное изображение зигзага, не имеющее отношения к надписи."
741,https://epigraphica.ru/epigraphy/inscription/show/741,1045–1466,Надпись неизвестного назначения,Первоначальная штукатурка новгородского Софийского Собора,стена церкви,Собор св. Софии,(…)їко[м]ь иже бо(---)[т]ь по н[ас]ъ,иже бо(удоу)[т]ь (или: бо(уде)[т]ь) по н[ас]ъ (?) ( ),"…, которые будут (или: который будет) после нас’ (?) ( )",кириллица,граффито,"На кальке В. В. Суслова подписано: «Яма № 4, по первым раскопкам у лестницы». Эта яма находилась у лопатки западной стены основного объема собора между центральным нефом и входом в лестничную башню. Сверху на кальке обозначена «линия старого пола», то есть, вероятно, линия пола XIX в., слева и справа обозначены края стены (подпись слева: «край угла», справа: «угол»). Ширина стены составляла ок. 90 см, то есть это была восточная грань данной лопатки. ( )",с утратами (50-85%) ( ),,,
742,https://epigraphica.ru/epigraphy/inscription/show/742,1045–1466,Надпись неизвестного назначения,Первоначальная штукатурка новгородского Софийского Собора,стена церкви,Собор св. Софии,и е]ще [о] пам(ѧ)⸗,,,кириллица,граффито,"На кальке В. В. Суслова подписано: «Яма № 4, по первым раскопкам у лестницы». Эта яма находилась у лопатки западной стены основного объема собора между центральным нефом и входом в лестничную башню. Сверху на кальке обозначена «линия старого пола», то есть, вероятно, линия пола XIX в., слева и справа обозначены края стены (подпись слева: «край угла», справа: «угол»). Ширина стены составляла ок. 90 см, то есть это была восточная грань данной лопатки. ( )",с утратами (50-85%) ( ),,,"Субстантивированная форма памятьное в качестве перевода греч. μνημονευτικός ‘напоминающее’ представлена в переводе 16 слов Григория Богослова с толкованиями Никиты Ираклейского (ГИМ, Син. 954, л. 80а, XIV в.)."
743,https://epigraphica.ru/epigraphy/inscription/show/743,1045–1466,Автограф Василя,Первоначальная штукатурка новгородского Софийского Собора,стена церкви,Собор св. Софии,Вас[и]л⸗,,‘Василь писал’.,кириллица,граффито,"На кальке В. В. Суслова подписано: «Яма № 4, по первым раскопкам у лестницы». Эта яма находилась у лопатки западной стены основного объема собора между центральным нефом и входом в лестничную башню. Сверху на кальке обозначена «линия старого пола», то есть, вероятно, линия пола XIX в., слева и справа обозначены края стены (подпись слева: «край угла», справа: «угол»). Ширина стены составляла ок. 90 см, то есть это была восточная грань данной лопатки. ( )",с утратами (50-85%) ( ),,,"Вторая буква во второй строке – вероятно, ѱ или п . Причина переноса на вторую строку внутри слога л|ь не вполне ясны."
744,https://epigraphica.ru/epigraphy/inscription/show/744,1045–[1240],Шуточная надпись о пироге,Первоначальная штукатурка новгородского Софийского Собора,стена церкви,Собор св. Софии,[тъ]щъно ли⸗,[тъ]щъно ли⸗ (х)ѫ пирога е(д)ъш… ( ),"‘Тошнит лихого, отведавшего пирога’. ( )",кириллица,граффито,"На кальке В. В. Суслова подписано: «Яма № 4, по первым раскопкам у лестницы». Эта яма находилась у лопатки западной стены основного объема собора между центральным нефом и входом в лестничную башню. Сверху на кальке обозначена «линия старого пола», то есть, вероятно, линия пола XIX в., слева и справа обозначены края стены (подпись слева: «край угла», справа: «угол»). Ширина стены составляла ок. 90 см, то есть это была восточная грань данной лопатки. ( )",с утратами (50-85%) ( ),Внестратиграфическая датировка до 1240 г. (графика: ѫ <1240.) ( ),,"Предикатив тъщьно , неоднократно встречающийся в надписях Софийского собора в составе формулы охъ тъщьно ‘ох, тяжко (букв.: тошно)’, в данном случае употреблен в значении физиологической тошноты, в котором он засвидетельствован, например, в «Вопрошании» Кирика: «или надъ мертвьцемь лихо ѥмоу боудеть, или надъ бѣснꙑмь, или голова болить, или тощно како». Возможно, перед нами ироническая ремарка, переосмысляющая традиционную эпиграфическую формулу."
745,https://epigraphica.ru/epigraphy/inscription/show/745,1045–1466,Надпись неизвестного содержания,Первоначальная штукатурка новгородского Софийского Собора,стена церкви,Собор св. Софии,(…),,,кириллица,граффито,"На кальке В. В. Суслова подписано: «Яма № 4, по первым раскопкам у лестницы». Эта яма находилась у лопатки западной стены основного объема собора между центральным нефом и входом в лестничную башню. Сверху на кальке обозначена «линия старого пола», то есть, вероятно, линия пола XIX в., слева и справа обозначены края стены (подпись слева: «край угла», справа: «угол»). Ширина стены составляла ок. 90 см, то есть это была восточная грань данной лопатки. ( )",с утратами (50-85%),,,"По-видимому, надпись была нестандартной по содержанию."
746,https://epigraphica.ru/epigraphy/inscription/show/746,1045–1466,Надпись с инициалом «Г»,Первоначальная штукатурка новгородского Софийского Собора,стена церкви,Собор св. Софии,Г,,,кириллица,граффито,"На кальке В. В. Суслова подписано: «Яма № 4, по первым раскопкам у лестницы». Эта яма находилась у лопатки западной стены основного объема собора между центральным нефом и входом в лестничную башню. Сверху на кальке обозначена «линия старого пола», то есть, вероятно, линия пола XIX в., слева и справа обозначены края стены (подпись слева: «край угла», справа: «угол»). Ширина стены составляла ок. 90 см, то есть это была восточная грань данной лопатки. ( )",целая (100%),,,
747,https://epigraphica.ru/epigraphy/inscription/show/747,1045–1466,"Возможно, монограмма имени Творимир",Первоначальная штукатурка новгородского Софийского Собора,стена церкви,Собор св. Софии,,,‘Творимир’ (?),кириллица,граффито,"На кальке В. В. Суслова подписано: «Яма № 4, по первым раскопкам у лестницы». Эта яма находилась у лопатки западной стены основного объема собора между центральным нефом и входом в лестничную башню. Сверху на кальке обозначена «линия старого пола», то есть, вероятно, линия пола XIX в., слева и справа обозначены края стены (подпись слева: «край угла», справа: «угол»). Ширина стены составляла ок. 90 см, то есть это была восточная грань данной лопатки. ( )",,,,"Крестовая монограмма из букв м (слева), р (справа), т (сверху) и в (снизу), без изображения креста. Во всех известных нам древнерусских монограммах зашифрованы личные имена. В данном случае это могло быть имя Творимиръ , согласные которого записаны сверху вниз, а затем слева направо, с двойным использованием р (менее вероятные альтернативы: Витомиръ , Воротимиръ , *Твоимиръ )."
748,https://epigraphica.ru/epigraphy/inscription/show/748,1045–1466,Надпись неизвестного содержания,Первоначальная штукатурка новгородского Софийского Собора,стена церкви,Собор св. Софии,бор…,,,кириллица,граффито,"На кальке В. В. Суслова подписано: «Яма № 4, по первым раскопкам у лестницы». Эта яма находилась у лопатки западной стены основного объема собора между центральным нефом и входом в лестничную башню. Сверху на кальке обозначена «линия старого пола», то есть, вероятно, линия пола XIX в., слева и справа обозначены края стены (подпись слева: «край угла», справа: «угол»). Ширина стены составляла ок. 90 см, то есть это была восточная грань данной лопатки. ( )",с утратами (50-85%) ( ),,,
749,https://epigraphica.ru/epigraphy/inscription/show/749,1045–1466,Надпись неизвестного назначения,Первоначальная штукатурка новгородского Софийского Собора,стена церкви,Собор св. Софии,(…)и отьми,,,кириллица,граффито,"На кальке В. В. Суслова подписано: «Яма № 4, по первым раскопкам у лестницы». Эта яма находилась у лопатки западной стены основного объема собора между центральным нефом и входом в лестничную башню. Сверху на кальке обозначена «линия старого пола», то есть, вероятно, линия пола XIX в., слева и справа обозначены края стены (подпись слева: «край угла», справа: «угол»). Ширина стены составляла ок. 90 см, то есть это была восточная грань данной лопатки. ( )",с небольшими утратами (>85%) ( ),,,"Предположительно вычленяется словоформа отьми – императив от глагола отяти ‘отнять’. Возможно, перед нами фрагмент псалма «Въньми души моеи и отьми ю» (Пс. 68: 19)."
750,https://epigraphica.ru/epigraphy/inscription/show/750,1045–1466,"Надпись неизвестного назначения, вероятно, содержавшая дату",Первоначальная штукатурка новгородского Софийского Собора,стена церкви,Собор св. Софии,… мс҃цѧ …,,‘... месяца ...’,кириллица,граффито,"На кальке В. В. Суслова подписано: «Яма № 4, по первым раскопкам у лестницы». Эта яма находилась у лопатки западной стены основного объема собора между центральным нефом и входом в лестничную башню. Сверху на кальке обозначена «линия старого пола», то есть, вероятно, линия пола XIX в., слева и справа обозначены края стены (подпись слева: «край угла», справа: «угол»). Ширина стены составляла ок. 90 см, то есть это была восточная грань данной лопатки. ( )",с утратами (50-85%) ( ),,,
751,https://epigraphica.ru/epigraphy/inscription/show/751,1045–[1240],Молитвенная надпись,Первоначальная штукатурка новгородского Софийского Собора,стена церкви,Собор св. Софии,Ги҃ помо⸗,,"‘Господи, помоги рабу своему...’",кириллица,граффито,"На кальке В. В. Суслова подписано: «Яма № 4, по первым раскопкам у лестницы». Эта яма находилась у лопатки западной стены основного объема собора между центральным нефом и входом в лестничную башню. Сверху на кальке обозначена «линия старого пола», то есть, вероятно, линия пола XIX в., слева и справа обозначены края стены (подпись слева: «край угла», справа: «угол»). Ширина стены составляла ок. 90 см, то есть это была восточная грань данной лопатки. ( )",с утратами (50-85%) ( ),,,
753,https://epigraphica.ru/epigraphy/inscription/show/753,1197,Надпись с датой 6705 (1197) г.,Первоначальная фресковая штукатурка киевского Софийского собора,стена церкви,Собор св. Софии,҂ѕ҃ѱ҃є҃є,,‘6705 (1197) г.’ ( ),кириллица,граффито,"юго-западный угол второго от входа нефа на южной грани восточной лопатки третьего от алтаря южного крестчатого столпа; на фреске с образом неизвестного святителя ( ) центральный неф, третий от главного алтаря южного крещатого столба ( )",целая (100%),,,
754,https://epigraphica.ru/epigraphy/inscription/show/754,[1300–1400],Надпись с именем Луки (?),Первоначальная фресковая штукатурка киевского Софийского собора,стена церкви,Собор св. Софии,аіаЛꙋ⸗ка,,‘(?) Лука’ ( ),кириллица,граффито,На фреске с изображением св. Нира. Фреска находится в арке-переходе между алтарной частью и предалтарным пространством на южной плоскости арки ( ) «В Михайловском приделе при входе в алтарную часть справа на южном столбе читается небольшая колончатая надпись» ( ),целая (100%),Форма ꙋ с короткими усами предполагает наиболее вероятную датировку концом XIII – началом XIV в. ( ),,"Буквы расположены геометрично: лꙋ строго в центре, буквы в верхней и нижней строках строго друг под другом (Высоцкий 1976а: 40)."
755,https://epigraphica.ru/epigraphy/inscription/show/755,1037–[1160],"Молитва и автограф Георгия, писавшего на Федоровской неделе",Первоначальная фресковая штукатурка киевского Софийского собора,стена церкви,Собор св. Софии,ѱсалъ,,"‘Писал на Федоровской неделе. Господи, помоги рабу своему Георгию’.",кириллица,граффито,"Южная сторона западной лопатки юго-западного подкупольного крещатого столба, в северо-восточном углу западной части южных хоров (современного придела св. ап. Андрея). На фреске с изображением св. Сергия, на высоте 115 см от уровня современного пола и на расстоянии 60 см от левого ребра ( )",с небольшими утратами (>85%),"втор. четв. XI – сер. XII в.: а с удлиненной спинкой, б с округлой петлей, в с нижней петлей углом вперед, г с выступом вверху, вертикальная е , вертикальная з с переломом, прямолинейная р с округлой петлей, простой ѫ ( )",,"«Надпись плохо сохранилась, и поэтому вторая ее строка почти не читается» ( )."
756,https://epigraphica.ru/epigraphy/inscription/show/756,1037–[1180],Надпись Путька с Жаском,Первоначальная фресковая штукатурка киевского Софийского собора,стена церкви,Собор св. Софии,Путько ѱал[ъ] съ Жасъкомь,,‘Путко писал с Жаском’ ( ),кириллица,граффито,На южной стене западного отсека южных хоров (современного придела св. ап. Андрея). Надпись находится на высоте 128 см от уровня пола и на расстоянии 161 см от левого угла ( ),целая (100%),,,
757,https://epigraphica.ru/epigraphy/inscription/show/757,[1180–1400],Надпись чернеца Иакова,Первоначальная фресковая штукатурка киевского Софийского собора,стена церкви,Собор св. Софии,Иаковъ ѱл҃ъ,,"‘Иаков писал, монах’ ( )",кириллица,граффито,на южной стене апсиды Михайловского придела под композицией XVIII в. «Чудо в Хонех» ( ),целая (100%),"[1180–1400], предпочт. [1240–1320]: Ь IIа «Наклонная мачта» (<1400) <1410, В IIб «Перелом, не касающийся мачты» (<1340) < 1400, Р 11 «Буква целиком в строке» (1120>) (<1320) <1410, Р IVа «Углом вниз (криволинейные)» 1180> (1240>)",,"Находится под левой частью надписи Выс. № 133 (с упоминанием архиеп. Мартирия). Рыбаков и Высоцкий считали настоящую надпись № 118 подписью-припиской к надписи Выс. № 133 и датировали ее тем же, 1192 г. Корниенко не согласен с тождеством почерков в этих надписях."
758,https://epigraphica.ru/epigraphy/inscription/show/758,[1410–1500],Надпись Манеила,Первоначальная фресковая штукатурка киевского Софийского собора,стена церкви,Собор св. Софии,а се писалъ Манеил[ъ],,‘А это писал Манеил’ ( ),кириллица,граффито,"центральный неф; южный крещатый столб, третий от главного алтаря; выцарапана по фресковому орнаментальному кругу ( )",с небольшими утратами (>85%),А 7 «Удлиненная спинка» <1200 1410>,,
759,https://epigraphica.ru/epigraphy/inscription/show/759,1037–[1150],"Надпись Пищана, дьяка князя Давыда, о поклонении мощам мучеников",Первоначальная фресковая штукатурка киевского Софийского собора,стена церкви,Собор св. Софии,Пищанъ ѱ҃ Давꙑдо⸗,,"‘Пищан писал, дьяк Давыдов, ходив к мученикам’. ( )",кириллица,граффито,Северо-восточный угол предалтарного пространства Апостольского придела – современной южной внешней галереи; на фреске с образом св. Онуфрия; на высоте 170 см от пола и на расстоянии 76 см от левого ребра ( ),с небольшими утратами (>85%),«Судя по употреблению ѫ надпись следует датировать не позднее первой половины XII в.» ( ),,
761,https://epigraphica.ru/epigraphy/inscription/show/761,[1100–1200],Надпись о княжеском месте,Первоначальная фресковая штукатурка киевского Софийского собора,стена церкви,Собор св. Софии,а кнѧже межи мо⸗,,‘Княжеское [место] – между [двумя] мостами’.,кириллица,граффито,"На фреске с изображением неизвестного святого; на западной стороне западной лопатки юго-западного подкупольного крещатого столба, в арке-переходе от западной части южных хоров (современного придела св. ап. Андрея) к центральному нефу; на высоте 153 см от уровня современного пола и на высоте 97 см от левого ребра. ( )",целая (100%),"а IIа «Выпуклые (острые)» 1100>, ѧ «Язычок уголком» (1140>); а 7 «Удлиненная спинка» <1200 1410>, ж Iа1 «Звезда (прямая)» (<1120) <1200, к 1 «Увеличенный верх (короткая ножка)» (<1200) <1280; (!) к IV «Зигзаг» 1380>; результат: [1100–1200], предпочт. [1140–1200]",,
763,https://epigraphica.ru/epigraphy/inscription/show/763,[1280–1400],Надпись о клирошанине церкви св. Богородицы,Первоначальная фресковая штукатурка киевского Софийского собора,стена церкви,Собор св. Софии,хохохъ,,"‘Хо-хо-хо, клирошанин [церкви] святой Богородицы’.",кириллица,граффито,южная стена апсиды придела св. вмч. Георгия ( ),целая (100%),"б 4 «Высокая петля» 1180> (1360>), р IVа ½ «Углом вниз (криволинейные)» 1160> (1240>), i IIIб «Пересечка (с засечками)» 1240>, р V ½ «Петля с двумя изломами» 1280>, ъ ≈IIб «Вертикальная мачта» (1320>); а 2 «Верхняя засечка» (<1220) (<1380), ц 4 «Буква целиком в строке» (1160>) (<1300), д IIIа «На щечках» (<1300) <1410, в IIб «Перелом не касается мачты» (<1320) <1400, х 5 «Ножницы» ⅓+ ≈⅓ (<1340), ѧ 2 «Верхняя засечка» (1100>) (<1220) <1400, д 2 «Верхняя засечка» <1400; результат: [1280–1400], предпочт. [1280–1300].",,"Повтор и в третьей строке – неисправленная описка (вместо положенной н повторил предыдущую и ); в последней строке так же, не зачеркивая, «исправил» зеркальную ц на обычную."
764,https://epigraphica.ru/epigraphy/inscription/show/764,[1280–1400],Надпись «хохоба»,Первоначальная фресковая штукатурка киевского Софийского собора,стена церкви,Собор св. Софии,хохоба,,,кириллица,граффито,"южная стена апсиды Георгиевского придела, рядом с № 124 ( )",целая (100%),"почерк, вероятно, тот же, что в надписи № 124 ( )",,
765,https://epigraphica.ru/epigraphy/inscription/show/765,[1280–1320],Надпись о козе,Первоначальная фресковая штукатурка киевского Софийского собора,стена церкви,Собор св. Софии,даі козу,,‘Дай козу мою’. ( ),кириллица,граффито,южная стена апсиды Георгиевского придела ( ),целая (100%),Всю серию надписей Софии Киевской про «козу» необходимо по сумме признаков датировать концом XIII – началом XIV в. ( ),,
766,https://epigraphica.ru/epigraphy/inscription/show/766,[1280–1320],Надпись о козе (вторая),Первоначальная фресковая штукатурка киевского Софийского собора,стена церкви,Собор св. Софии,даі ко⸗,,‘Дай козу мою’. ( ),кириллица,граффито,"южная стена апсиды Георгиевского придела, рядом с № 126 ( )",целая (100%),Всю серию надписей Софии Киевской про «козу» необходимо по сумме признаков датировать концом XIII – началом XIV в. ( ),,
767,https://epigraphica.ru/epigraphy/inscription/show/767,[1180–1320],Надпись о добродетели послушания,Первоначальная фресковая штукатурка киевского Софийского собора,стена церкви,Собор св. Софии,+ седѧ во послушѧ⸗,,"‘Пребывающий в послушании своему [духовному] отцу лучше [угоднее Богу], чем пустынножитель’.",кириллица,граффито,"северо-восточный угол северных хор (современного придела св. Николы Мокрого), западная грань южной лопатки крещатого столба ( )",целая (100%),"у II «Y-образные» 1100>, у 3 «С пересечкой» 1100> (<1200), ꙑ IIIв «Низкая перемычка» 1180> (1320>); в IIа «Перелом при мачте» (<1220) <1320, ѧ 2 «Верхняя засечка» (<1220) <1400, д IIIа «На щечках (острые)» (<1300) <1410, л 2 «Верхняя засечка» (<1380), д 2 «Верхняя засечка» <1400; результат: [1180–1320], предпочт. [1180–1220]",,"«Это поучение из Скитского патерика <...>, помещаемое обычно в Прологе под 10 апреля как “Слово о послушании”. Текст граффито содержит особую редакцию или пересказ начальных слов поучения (“Рече старець, яко седяи в послушании отца духовнаго, болшу мзду имат, паче седящаго в пустыни”)» ( )."
768,https://epigraphica.ru/epigraphy/inscription/show/768,[1125–1150],Молитва об Угрине,Первоначальная фресковая штукатурка киевского Софийского собора,стена церкви,Собор св. Софии,Ги҃ помози,,"‘Господи, помоги рабу своему Угрину’. ( )",кириллица,граффито,"северо-восточный угол предалтарного пространства Апостольского придела (современная южная внешняя галерея), под фреской с изображением св. Онуфрия; на высоте 108 см от пола и на расстоянии 5 см от левого ребра ( )",целая (100%),"втор. четв. – сер. XII в.: б и в с петлями углом вперед, з с переломом хвоста, Е-образная е , прямолинейная р углом вперед ( )",,
769,https://epigraphica.ru/epigraphy/inscription/show/769,1037–[1200],Молитва об Антонии,Первоначальная фресковая штукатурка киевского Софийского собора,стена церкви,Собор св. Софии,Ги҃ помози рабю свое⸗,,"‘Господи, помоги рабу своему Антону’. ( )",кириллица,граффито,"северо-восточный угол алтаря придела арх. Михаила, на южной грани восточной лопатки первого от алтаря крещатого столба; на фреске с изображением Честного Креста ( )",с небольшими утратами (>85%),"р 6 «S-образно изогнутая мачта» <1200, п 1 «С выступом вверху» (<1200) <1300, р 4 «Маленькая головка» (<1200) <1240, з Iа «Правонаклонные (перелом)» (<1120) (<1200) <1340, м 2 «Верхние засечки» (<1280), р II «Углом вверх» (<1280) (<1380), н 1а «Верхние засечки (длинные)» (<1300) <1320, а Iб «Основной вид (плосковерхие)» (<1400) результат: [1037–1200], предпочт. [1100–1120]",,"«Граффито взято в прямоугольную рамку, украшенную сверху дугообразными линиями и крестом» ( ). «[у] передается в этой графической системе через ю , а [’у] – через ѫ. Второе не так уж редко в памятниках XI в., встречается также в берестяных грамотах XII в.; первое же представляет собой очень большую редкость» ( )."
770,https://epigraphica.ru/epigraphy/inscription/show/770,[1100–1200],Молитва о Василии,Первоначальная фресковая штукатурка киевского Софийского собора,стена церкви,Собор св. Софии,Ги҃ помози ра⸗,,"‘Господи, помоги рабу своему Василию, грешнику, помоги ему, Господи’. ( )",кириллица,граффито,"в арке-переходе между алтарными пространствами приделов свв. Иоакима и Анны и арх. Михаила, на восточной грани восточной лопатки первого от алтаря южного крещатого столба; на фреске с изображением св. Стратоника ( )",с небольшими утратами (>85%),"ш II «Платформа приподнята» (<1240) (<1400), б 3 «Выступ вверху» (<1200), г 1 «С выступом вверху» (<1200), п 1 «С выступом вверху» (<1200) <1300, в 4 «Выступ вверху» (<1200) <1280, р 4 «Маленькая головка» (<1200) <1240, у 2 «Маленькая головка» (<1200) <1220, р 6 «S-образная мачта» <1200, ѣ 8 «Петля выступает под строку» (<1180) <1220 1320>; з 3 «Перелом хвоста» ½ 1140> (<1340), и 2а «Нижние засечки (длинные)» ⅗ 1120> (1140>), к 5 «Уменьшенный верх» 1100> (1280>); ѡ IIа «Округлая (без перемычки)» <1300, ь 3 «Покрытие» <1300, з IIа «Вертикальные (перелом)» (<1320), в IIб «Перелом не касается мачты» (<1340) <1400, и 1а «Верхние засечки (длинные)» (<1300), л 2 «Верхняя засечка» (<1380), л 3б ≈ «Нижние засечки (короткие)» (<1380), а Iб «Основной вид (плосковерхие)» ½ (<1400); (!) м 3 «Нижние засечки» ⅓ (1160>) (<1380), (!) у 8 «С-образно изогнутые» ⅔ 1280> (1320>) (<1410); результат: [1100–1200], предпочт. [1120–1180]",,"В соседнем греческом граффито фигурирует имя Никифор. Б. А. Рыбаков идентифицирует Василя с князем Владимиром Мономахом (1053–1125), Никифора с митрополитом Никифором (1104–1120) ( )."
771,https://epigraphica.ru/epigraphy/inscription/show/771,[1175–1200],Молитва о Гаврииле и Анне,Первоначальная фресковая штукатурка киевского Софийского собора,стена церкви,Собор св. Софии,Ги҃ помози,,"‘Господи, помоги рабам своим Гаврилу [и] Анне, многая [им] лета!’",кириллица,граффито,"В апсиде Михайловского придела, на северной стене, на изображении «честного креста». Несколько ниже лучей фрескового изображения креста. ( )",с небольшими утратами (>85%),1175–1220 ( ) 1100–1200 ( ),,
772,https://epigraphica.ru/epigraphy/inscription/show/772,[1100–1120],Молитва о Василии,Первоначальная фресковая штукатурка киевского Софийского собора,стена церкви,Собор св. Софии,(Ги҃) помози рабоу своемоу Василию грѣшьн(омоу),,"‘Господи, помоги рабу своему грешному Василию’. ( )",кириллица,граффито,В апсиде Михайловского придела на северной стене на изображении «честного креста». Несколько ниже лучей фрескового изображения креста. ( ),с небольшими утратами (>85%),[1025–1120] ( ) [1100–1220] ( ),,
773,https://epigraphica.ru/epigraphy/inscription/show/773,[1175–1200],Покаянная надпись неизвестного автора,Первоначальная фресковая штукатурка киевского Софийского собора,стена церкви,Собор св. Софии,... (прост)и мѧ ...,,"...[Господи, прости] меня ... я согрешил перед Тобой...",кириллица,граффито,В апсиде Михайловского придела на северной стене на изображении «честного креста». Несколько ниже лучей фрескового изображения креста. ( ),фрагмент (15-50%),[1175–1400] ( ) [1100–1200] ( ),,
774,https://epigraphica.ru/epigraphy/inscription/show/774,[1125–1225],Молитва о Володимире,Первоначальная фресковая штукатурка киевского Софийского собора,стена церкви,Собор св. Софии,Ги҃ помъзи рабу свое⸗суди,,"‘Господи, помоги рабу своему Владимиру на многие лета и [дай] прощение греха на Страшном суде’. ( )",кириллица,граффито,"Западная сторона западной лопатки южного крещатого столпа, начинающего арку-переход между юго-восточным углом западной части и центральным пучковым столбом южных хор (современного придела св. ап. Андрея); на фреске с изображением прор. Иезекииля, на высоте 114 см от уровня современного пола и на расстоянии 68 см от левого ребра ( )",с небольшими утратами (>85%),"втор. четв. ХIІ – перв. четв. ХІІІ в.: а с раскрытой или обычной петлей, в с переломом при мачте, д с покрытием, левонаклонная е , левонаклонная з с развилкой, прямолинейная р с округлой петлей или петлей углом вверх, р целиком в строке, ꙋ с петлей с двумя изломами, щ целиком в строке, ѣ обычного вида с петлей в строке и с петлей, касающейся коромысла ( )",,
775,https://epigraphica.ru/epigraphy/inscription/show/775,1037–[1100],Молитва Мартина,Первоначальная фресковая штукатурка киевского Софийского собора,стена церкви,Собор св. Софии,[Г]и,,"‘Господи, помоги Мартину’.",кириллица,граффито,южная стена апсиды Михайловского придела ( ),целая (100%),"Все буквы выполнены одним автором, поэтому нет причин относить время появления граффито к 1192 г., хоть в целом форма литер не перечит датировке надписи в границах втор. четв. XI – кон. XII в. ( )",,
777,https://epigraphica.ru/epigraphy/inscription/show/777,[1140–1220],Молитва о Гавриле,Первоначальная фресковая штукатурка киевского Софийского собора,стена церкви,Собор св. Софии,Ги҃ пъмзи рабу,,"‘Господи, помоги рабу своему Гавриилу грешному’. ( )",кириллица,граффито,"юго-восточный угол алтаря, южная грань восточной лопатки первого от алтаря крещатого столба, на фреске с изображением Честного Креста ( )",целая (100%),"ш II «Платформа приподнята» (<1240) (<1400), в IIа≈ «Перелом при мачте» (<1220) <1320, ѣ 8 «Петля выступает под строку» (<1180) <1220 1300>; б 4≈ «Высокая петля» 1180> (1360>), р III ⅓ «Углом вперед» 1140>, в V «Нижняя косая к мачте» 1140> (<1380); результат: [1140–1220], предпочт. [1180–1200]",,
778,https://epigraphica.ru/epigraphy/inscription/show/778,[1180–1200],Надпись с упоминанием нового чуда,Первоначальная фресковая штукатурка киевского Софийского собора,стена церкви,Собор св. Софии,ꙩнѣмь кто но⸗твою головꙋ в---во...,,"‘...тем, кто новое это чудо ... твою голову...’",кириллица,граффито,"В юго-западной башне собора, при подъеме на второй этаж, на фресковой композиции «Ипподром», справа от окна/ ( )",с утратами (50-85%),[1170–1200] ( ) [1180–1220] ( ),,
779,https://epigraphica.ru/epigraphy/inscription/show/779,[1100–1200],Молитва священника Козмы,Первоначальная фресковая штукатурка киевского Софийского собора,стена церкви,Собор св. Софии,+ Ги҃ помози рабоу,,"‘Господи, помоги рабу своему Козме, грешному священнику, и прости мне, Владыка, грехи мои, ибо их много. И удостой получить милость от Тебя, Судия Праведный, в день судный’.",кириллица,граффито,"юго-восточный угол алтаря, южная грань восточной лопатки первого от алтаря крещатого столба, на фреске с изображением Честного Креста ( )",с небольшими утратами (>85%),"р Iа «Округлая петля (прямая мачта)» (<1320) <1360, з IIа «Вертикальные (перелом)» (<1320), п 1 «С выступом вверху» (<1200) <1300, б 3 «Выступ вверху» (<1200), г 1 «С выступом вверху» (<1200), ъ 3 «Выступ вправо вверху» (<1200), д 3 «Длинные ножки (обычные)» <1200 1280>; е 3 «Засечка на язычке» (1120>) (<1400), к 5 «Уменьшенный верх» 1100> (1280>); результат: [1100–1200], предпочт. [1120–1200]",,
780,https://epigraphica.ru/epigraphy/inscription/show/780,[1140–1180],Молитва о Дмитре (?) и Анне,Первоначальная фресковая штукатурка киевского Софийского собора,стена церкви,Собор св. Софии,Ги҃ Бе҃,,"‘Господи Боже, помоги рабу своему Дмитру (?) и Анне, рабе своей, отпусти [грехи (?)] грешным’.",кириллица,граффито,северо-восточный угол западной части придела арх. Михаила на западной грани южной лопатки третьего от алтаря крещатого столба ( ),с небольшими утратами (>85%),"ѿ IIа «Округлые (без перемычки)» <1300, ѣ 5 «Верхняя засечка» (<1200) (1280>) <1400, б 3 «Выступ вверху» (<1200), г 2 «Выступ вверху» (<1200), п 1≈ «Выступ вверху» (<1200) <1300, в 4 «Выступ вверху» (<1200) <1280, б , г , п обычно с выступом (<1120) <1180; з 3 «Перелом хвоста» 1140> (<1340), у 4 «Буква целиком в строке» (1140>) (<1300), и , н засечены сверху и снизу 1120> (1140>) (<1320) <1400, и 2б «Нижние засечки (короткие)» (1120>) (<1400), д II «Δ- и А-образные» 1100> <1200; н 2б «Нижние засечки (короткие)» <1400, и 1а «Верхние засечки (длинные)» (<1300), н 1а «Верхние засечки (длинные)» (<1300) <1320, з IIа «Вертикальные (перелом)» (<1320), р Iа «Округлая петля (прямая мачта)» (<1320) <1360, ш 2 «Верхние засечки» (<1320) (<1400), ꙑ Iб «Перемычка (средняя)» (<1380) <1400, д 2≈ «Верхняя засечка» <1400, ь IIа «Петля с изломом (наклонная мачта)» (<1400) <1410, а Iб «Основной вид (плосковерхие)» (<1400); результат: [1140–1180]",,Две последних строки надписи сдвинуты вправо из-за рисунка креста (№ 3662) ( ).
781,https://epigraphica.ru/epigraphy/inscription/show/781,[1150–1220],Начало молитвы,Первоначальная фресковая штукатурка киевского Софийского собора,стена церкви,Собор св. Софии,Ги҃ помози рабоу,,"‘Господи, помоги рабу свое[му]’. ( )",кириллица,граффито,"южная стена западной части придела арх. Михаила, на фреске с образами неизвестных святых ( )",целая (100%),,,
782,https://epigraphica.ru/epigraphy/inscription/show/782,[1150–1220],Молитва о Феодоре,Первоначальная фресковая штукатурка киевского Софийского собора,стена церкви,Собор св. Софии,Ги҃ помози рабоу,,"‘Господи, помоги рабу своему Феодору...’.",кириллица,граффито,на южной стороне арки-перехода между алтарем и предалтарной частью; на фреске с изображением св. Нира ( ),с утратами (50-85%),,,
783,https://epigraphica.ru/epigraphy/inscription/show/783,[1140–1200],"Молитва о Фроле, отправляющемся в дорогу",Первоначальная фресковая штукатурка киевского Софийского собора,стена церкви,Собор св. Софии,Ги҃ помози рабоу своемоу,,"‘Господи, помоги рабу своему Фролу на этом пути’. ( )",кириллица,граффито,на фреске с изображением св. Космы; в арке-переходе между предалтарной и второй от входа частями придела арх. Михаила; на восточной грани лопатки стены ( ),с небольшими утратами (>85%),,,Прочтение предложено В. Б. Крысько ( ).
784,https://epigraphica.ru/epigraphy/inscription/show/784,1037–[1140],Молитва о мире,Первоначальная фресковая штукатурка киевского Софийского собора,стена церкви,Собор св. Софии,Гд҃и и Бж҃е наш[ъ],,"‘Господи Боже наш, твой мир дай нам’.",кириллица,граффито,на фреске с образом св. Вассиана; юго-восточный угол алтаря придела Иоакима и Анны ( ),с утратами (50-85%),одноеровая орфография: (<1140) <1180,,Надпись взята в рамку ( ).
786,https://epigraphica.ru/epigraphy/inscription/show/786,[1200–1233],"Надпись с перечнем реликвий, заключенных в ковчеге",Ковчег-мощевик наперсный двойной,реликварий,Церковь Благовещения Пресвятой Богородицы в Московском Кремле,+ се ест⸗,,"‘Се есть крест Христов, и кровь его, и риза, и гроб, и святой Богородицы риза’",кириллица,чеканка,на боковых сторонах внутреннего ковчежца,целая (100%),"«Надписи о реликвиях на внутреннем ковчежце выполнены письмом, близким по начертаниям к книжному. Их орфография очень архаична, в ней нет случаев прояснения редуцированных (ХРЬСТЪ, ХРЬСТОВЪ, КРЪВЬ), написание ХРЬСТЪ и ХРЬСТОСЪ в раскрытой форме (без титла) характерно для русской письменности XI–XII вв. < ...> Сочетание графических и орфографических особенностей надписей на внутреннем ковчежце делает наиболее вероятной их датировку началом – первой третью XIII в.» (текст А. А. Турилова) ( )",,
787,https://epigraphica.ru/epigraphy/inscription/show/787,[1290–1350],Подписи к изображениям архангела Михаила и святых Бориса и Глеба,Ковчег-мощевик наперсный двойной,реликварий,Церковь Благовещения Пресвятой Богородицы в Московском Кремле,Текст 1:Текст 2:а⃝ Б|о|ри|сТекст 3:а⃝ Г|л|ѣб|ъ,,‘Архангел Михаил Святой Борис Святой Глеб’,кириллица,резьба по металлу,на лицевой стороне внешнего ковчежца,целая (100%),"«Надписи на внешнем ковчеге выполнены декоративным письмом, за исключением надписи у изображения св. Глеба, более 'книжной', архаичной по облику, которая может быть датирована достаточно широко: XIII – первая половина XIV в. <...> Наиболее вероятной представляется и датировка декоративных надписей на внешнем ковчеге в пределах конца XIII – первой половины XIV в.» (текст А. А. Турилова) ( )",,
788,https://epigraphica.ru/epigraphy/inscription/show/788,[1140–1200],Молитва об Иване,Первоначальная фресковая штукатурка киевского Софийского собора,стена церкви,Собор св. Софии,Ги҃ помози рабꙋ сво[е]⸗,,"‘Господи, помоги рабу своему Ивану ...’.",кириллица,граффито,юго-восточный угол алтаря центрального нефа ( ),с небольшими утратами (>85%),,,Граффито взято в рамку.
789,https://epigraphica.ru/epigraphy/inscription/show/789,[1100–1200],Молитва к Господу и Богородице (не окончена),Первоначальная фресковая штукатурка киевского Софийского собора,стена церкви,Собор св. Софии,Ги҃ помози,,"‘Господи, помоги, Богородица моя, помилуй’. ( )",кириллица,граффито,северная часть придела свв. прав. Иоакима и Анны; на фреске с изображением св. преп. Димитрия Скевофилакса; северо-западный угол предалтарного пространства на восточной грани южной лопатки второго от алтаря северного крещатого столба ( ),целая (100%),,,
790,https://epigraphica.ru/epigraphy/inscription/show/790,[1175–1225],Молитва об Исакии или Иване,Первоначальная фресковая штукатурка киевского Софийского собора,стена церкви,Собор св. Софии,Ги҃ помози ра⸗,,,кириллица,граффито,,целая (100%),[1175–1220] ( ) [1180–1300] ( ),,
791,https://epigraphica.ru/epigraphy/inscription/show/791,[1160–1200],Дарственная надпись Юрию,Горшок Юрия,горшок,Городище Ростиславль Рязанский,…[д]алъ гороноць Юрию а кто возмь а даı(…),,"‘… дал горшок Юрию, а кто [его] возьмет, …’",кириллица,надпись по сырой глине до обжига,"Однострочная надпись была нанесена вокруг венчика по сырой глине, то есть до обжига горшка.",фрагмент (15-50%),[1160–1200],,
792,https://epigraphica.ru/epigraphy/inscription/show/792,[1140–1320],Многолетствование и молитва,Первоначальная фресковая штукатурка киевского Софийского собора,стена церкви,Собор св. Софии,мо⸗,,"‘Многая лета, Господи, помоги рабу с(воему)’.",кириллица,граффито,"в центральном нефе, на фреске с изображением св. Марфы; юго-восточный угол второй от входа части нефа на западной грани северной лопатки второго от алтаря южного крещатого столба ( )",с небольшими утратами (>85%),"т 2 «Без боковых засечек» (1120>) (<1300), а 5 «Зеркальные» 1140> (1160>) <1380; м 2 ½ «Верхние засечки» (<1280), н 1а «Верхние засечки (длинные)» (<1300) <1320, р Iа «Округлая петля (прямая мачта)» (<1320) <1360, з IIа «Вертикальные (перелом)» (<1320), о 2 «С плоским верхом» <1360; а Iб «Основной вид (плосковерхие)» (<1400), и 1б «Верхние засечки (короткие)» (<1400), л Iб «Основной вид (плосковерхие)» (<1400); результат: [1140–1320], предпочт. [1160–1280]",,
793,https://epigraphica.ru/epigraphy/inscription/show/793,[1180–1200],Молитва о Сандусе,Фресковая штукатурка 1144 года новгородского Софийского собора,стена церкви,Собор св. Софии,Ги҃ помо⸗,,"‘Господи, помоги рабу своему Сандусу’. ‘Господи, помоги рабу своему Сандусу’. ( ) Доп. интерпретации",кириллица,граффито,"Южная паперть, северная стена, западная лопатка, юго-восточный угол, 115 см от пола.",целая (100%),[1180–1300] ( ),,
794,https://epigraphica.ru/epigraphy/inscription/show/794,[1120–1160],Молитва о Костянтине,Первоначальная фресковая штукатурка киевского Софийского собора,стена церкви,Собор св. Софии,Ги҃ помози рабоу своемоуномоуКостѧньтиноу и избавиот(ъ) вьсѧкоѧ бѣдꙑ,,"‘Господи, помоги рабу своему Константину грешному, избавь от всякой беды’. ( )",кириллица,граффито,в юго-западном углу второй от входа части центрального нефа на северной грани восточной лопатки третьего от алтаря южного крещатого столба; на фреске с изображением неизвестного святителя ( ),целая (100%),"г 1 ½ «Выступ вверху» (<1200), п 1 «Выступ вверху» (<1200) <1300, оу II «С уменьшенным О» (<1200) <1220, р 6 «S-образно изогнутая мачта» <1200, ѣ 3 ½ «Открытая петля» <1200, ѣ 8 «Петля выступает под строку» (<1180) <1220 1320>, в I ⅓ «Округлая нижняя петля» <1140; з 3 «Перелом хвоста» 1140> (<1340), г 3 ½ «Без боковой засечки» (1140>) (<1220), у II «Y-образные» 1100>; з IIа «Вертикальные (перелом)» (<1320), ꙑ 1 «Молоточек» (<1320), в IIб ⅓ «Перелом не касается мачты» (<1340) <1400; результат: [1120–1160]",,Слово грѣшьномоу пропущено и вставлено над строкой; в нем слог но пропущен и вставлен над строкой.
795,https://epigraphica.ru/epigraphy/inscription/show/795,[1150–1220],Молитва Игната Сайгата,Первоначальная фресковая штукатурка киевского Софийского собора,стена церкви,Собор св. Софии,(Ги҃) п[ъ]м(ъ)з(и) рабꙋ свъ(ѥм)ꙋ Игнатъви а пръзъвищь ми [и]ма Саегатъ а Ги҃ нь бъюсѧ съмьти,,"‘Господи, помоги рабу своему Игнату, а прозвище-имя мне – Сайгат; Господи, не боюсь смерти, только трепещет душа моя дня судного, душа моя стонет’.",кириллица,граффито,"северная стена предалтарной части северных хор (современного придела св. Николы Мокрого), слева от перехода к северной внутренней галерее (современному Богоявленского придела); на высота 154,5 см от уровня современного пола и на расстоянии 178 см от правого ребра ( )",с небольшими утратами (>85%),,,
796,https://epigraphica.ru/epigraphy/inscription/show/796,[1290–1350],Подпись к изображению святого Николая,Ковчег-мощевик наперсный двойной,реликварий,Церковь Благовещения Пресвятой Богородицы в Московском Кремле,ст҃ꙑи|im.|Никол⸗|im.|дѹ⁘ кресть⸗ꙗньс⸗кꙋ~,,"‘Святой Николай, заступник роду христианскому’",кириллица,резьба по металлу,на оборотной стороне внешнего ковчежца,целая (100%),,,
797,https://epigraphica.ru/epigraphy/inscription/show/797,[1160–1280],Молитва о Григории,Первоначальная фресковая штукатурка киевского Софийского собора,стена церкви,Собор св. Софии,Ги҃ помъзи рабоу,,"‘Господи, помоги рабу своему Григорию’. ( )",кириллица,граффито,"в западной внешней галерее на фреске с изображением св. Марка; северо-восточный угол крещальни на западной плоскости восточной стены; на высоте 57 см от уровня пола, на расстоянии 56 см от левого угла ( )",целая (100%),"в IIб ½ «Перелом не касается мачты» (<1340) <1400, з IIа «Вертикальные (перелом)» (<1320), и 1а «Верхние засечки (длинные)» (<1300), а 1 «Покрытие» (<1280) <1320, в 4 «Выступ вверху» (<1200) <1280, г 1 «Выступ вверху» (<1200); р IVа «Углом вниз (криволинейные)» 1160> (1240>), м 3 «Нижние засечки» (1160>) (<1380), и 2б «Верхние засечки (короткие)» (1120>) (<1400), у 3 «Пересечка» 1100> (<1280); результат: [1160–1280], предпочт. [1160–1200]",,
798,https://epigraphica.ru/epigraphy/inscription/show/798,1037–[1150],Молитва о Дмитре и автограф Гостяты-полочанина,Первоначальная фресковая штукатурка киевского Софийского собора,стена церкви,Собор св. Софии,Ги помози рабу сво[е]му Дъмитру,,"‘Господи, помоги рабу своему Дмитру, и святая София. Гостята писал, полочанин’.",кириллица,граффито,"северо-восточный угол предалтарной части Апостольского придела (современной южной внешней галереи), на фреске с изображением св. Онуфрия; на высоте 171 см от уровня поля и на расстоянии 76 см от левого ребра; под надписью Пищана (№ 120) ( )",целая (100%),"втор. четв. ХІ – сер. ХІІ в.: б с петлей углом вперед, в с округлой нижней петлей, прямолинейная р с петлей углом вверх ( )",,
799,https://epigraphica.ru/epigraphy/inscription/show/799,1037–[1120],Надпись Дедильца-касожича,Первоначальная фресковая штукатурка киевского Софийского собора,стена церкви,Собор св. Софии,Дѣдильце ѱ касожичь Тъмоуторокан(ю),,"‘Писал Дедилец-касог, в Тмутаракань идя от святых. Ибо я, Господи, надеюсь прийти к тебе на воскрешение. Ох, душа моя!’. ( )",кириллица,граффито,"северо-восточный угол предалтарной части Апостольского придела (современной южной внешней галереи), на фреске с изображением св. Онуфрия; на высоте 174 см от пола и на расстоянии 20 см от левого ребра ( )",с небольшими утратами (>85%),,,"« азъ бо, Господи, чаю прити къ тебѣ на въскрѣшение – очевидная перифраза заключительной формулы христианского Символа веры: Чаю въскрѣшениꙗ мьртвымъ . Тем самым здесь это практически означает ‘ибо я христианин’». Нельзя исключать, что касожичь – прозвище Дедильца, но это маловероятно наименование себя прозвищем в подобной надписи. Слово касожичь можно трактовать как отчество, что не меняет смысла, т. к. ‘касог’ и ‘сын касога’ – реально одно и то же (Зализняк 2004в: 257). «... граффито демонстрирует регулярную ритмическую организацию, распадаясь на пять 'строк'-колонов с тремя фонетическими словами (ударными группами) в каждой и таким образом удовлетворяя сформулированному Р. Пиккио 'изоколическому' принципу построения 'молитвословного стиха': Дѣдильце | пьсалъ | касожичь, Тмутороканю | ида | ѿ свѧтыхъ. Азъ бо, | Господи, | чаю Прити | къ тебѣ | на въскрешение. Охъ, | душе | моѧ!» (Дробышева 2025: 81–82)"
800,https://epigraphica.ru/epigraphy/inscription/show/800,1127–1167,Подпись тиуна Степана к тамге Ростислава Мстиславича,Камень с тамгой Ростислава Мстиславича,валун,Церковь монастыря св. Троицы на Кловке,Степанъ|im.|пѧт҇нъРости|im.|славль,,‘Тиун Степан изобразил тамгу Ростислава’.,кириллица,резьба по камню,"Вокруг княжеского знака, в верхней половине плоскости валуна ( )",целая (100%),[1140–1200] ( ),,Датировка по упоминанию князя Ростислава Мстиславича.
801,https://epigraphica.ru/epigraphy/inscription/show/801,[1140–1300],Молитва об Иване,Первоначальная фресковая штукатурка киевского Софийского собора,стена церкви,Собор св. Софии,Ги҃ помози ра[б]оу,,"‘Господи, помоги рабу своему Ивану (грешному)’.",кириллица,граффито,В крещальне собора на фреске «40 севастийских мучеников». ( ),с небольшими утратами (>85%),Сер. XІІ – кон. XІІІ вв. ( ),,
802,https://epigraphica.ru/epigraphy/inscription/show/802,[1140–1260],Молитва о Гавриле и многолетствование ему,Первоначальная фресковая штукатурка киевского Софийского собора,стена церкви,Собор св. Софии,Ги҃ помози рабоу свое⸗,,"‘Господи, помоги рабу своему Гавриилу на многие годы’. ( )",кириллица,граффито,"на фреске с изображением орнамента, на западной стороне арки-перехода из Апостольского придела (современной южной внешней галереи) в западную внутреннюю галерею; на высоте 178 см от пола и на расстоянии 13 см от правого угла ( )",целая (100%),"з IIа «Вертикальные (перелом)» (<1320), р II «Петля с изломом (углом вверх)» (<1280) <1380, б 3 «Выступ вверху» (<1200), г 1 «Выступ вверху» (<1200), в 3б ⅓ «Верх шире низа» (<1220) <1320, п 1 «Выступ вверху» (<1200) <1300, в 3а ⅓ «Верх больше низа» (<1200) <1260, з 3 «Перелом хвоста» 1140> (<1340), у II «Y-образные» 1100>; результат: [1140–1260], предпочт. [1140–1200]",,
803,https://epigraphica.ru/epigraphy/inscription/show/803,[1125],Надпись о смерти князя Владимира Мономаха (?),Первоначальная фресковая штукатурка киевского Софийского собора,стена церкви,Собор св. Софии,мс҇ца ма[и],,‘Месяца ма[я] ... Владимир’. ( ),кириллица,граффито,"на фреске с изображением св. Мины; северная часть придела свв. Иоакима и Анны, в северо-западному углу предалтарного пространства на южной грани восточной лопатки второго от алтаря северного крещатого столба ( )",фрагмент (15-50%),Палеография надписи не перечит датировке 20-ми гг. XII в. ( ),,"«К сожалению, сохранилась только левая часть записи. Далее вправо штукатурка утрачена» ( )."
804,https://epigraphica.ru/epigraphy/inscription/show/804,[1040–1400],Молитва об Илье против его врагов,Первоначальная фресковая штукатурка киевского Софийского собора,стена церкви,Собор св. Софии,Ги҃ помози рабу своему Ил[ье] на прот[ивьнꙑ],,"‘Господи, помоги рабу своему Илье против врагов’.",кириллица,граффито,"Надпись обнаружена в приделе Михаила, справа от южного портала собора. ( )",с небольшими утратами (>85%),,,
805,https://epigraphica.ru/epigraphy/inscription/show/805,[1100–1200],Надпись о смерти Лазоря,Первоначальная фресковая штукатурка киевского Софийского собора,стена церкви,Собор св. Софии,преста⸗с҇цѧиоунѧвъ ·ѳ҃· д[нь],,"‘Скончался раб Божий Лазорь, месяца июня в 9-й день’. ( )",кириллица,граффито,"в западной внешней галерее, на фреске с изображением св. Марка; северо-восточный угол крещальни на западной поверхности восточной стены; на высоте 85 см от современного пола; на расстоянии 4 см от левого угла ( )",целая (100%),,,
806,https://epigraphica.ru/epigraphy/inscription/show/806,1122,Недописанный текст под надписью о приходе митрополита Никиты в 1122 г. в Киев,Первоначальная фресковая штукатурка киевского Софийского собора,стена церкви,Собор св. Софии,тъгода,,Тогда же Ва... ( ),кириллица,граффито,,целая (100%),"Издатель предположительно относит надпись к XIII в., но на бересте все ее элементы можно найти и в XII в. Графическая замена ъ~о в 1120-е годы еще редка, но все же уже встречается. ( )",,"Датировка опирается на гипотезу о том, что надпись непосредственно продолжает надпись о приходе митрополита Никиты ."
807,https://epigraphica.ru/epigraphy/inscription/show/807,1037–[1120],Надпись с упоминанием тюркских имен,Первоначальная фресковая штукатурка киевского Софийского собора,стена церкви,Собор св. Софии,м[ц]...ф...тиѧлъти ѧлъбѧ бу ~,м(с҇\цѧ ... ф҃...) Tätük [K]üč попинъ бѣловѣжъсъ⸗ кыи ̴ Bökä Čō[h]asi Иванъ Čōr [р]абы Бо⸗ жие ölti ölti älbä bu ̴ ( ),"‘Тетюк Кюч, старший священник (попин) Белой Вежи [и] сын Бока, Иван Чор, рабы божие, умер [и] умер [т. е. оба умерли]. Это – [их] (сыновняя) почтительность’. ( )",кириллица,граффито,,целая (100%),,,"«Над первой строкой слева видны остатки зачеркнутых слов, сделанных, несомненно тою же рукой двойным контуром. С уверенностью можно сказать, что первой буквой зачеркнутого фрагмента была буква М . Скорее всего, это было начало сокращенного слова “месяца”» ( ). Слева от первой буквы первой строки орнаментированный крест."
808,https://epigraphica.ru/epigraphy/inscription/show/808,[1120–1220],Молитва о Несторе,Стены киевского Софийского собора,стена церкви,Собор св. Софии,Г҃и помози,,"‘Господи, помоги рабу своему Нестору’. ( )",кириллица,граффито,"Запись открыта на наружной стене собора. Надпись находится на западном фасаде собора на пилястре слева от древнего портала северо-западной лестничной башни. Указанный портал был раскрыт М. К. Каргером во время археологических исследований в 1961 г. Возле портала, для экспонирования кладки XI в., во время этих работ был снят участок штукатурки XIX в. Здесь на древней штукатурке или скорее отделочном растворе выцарапана рассматриваемая надпись. ( )",с небольшими утратами (>85%),"Початок ХІІ – початок ХІV ст.; за формою написання в з переломом при щоглі, вертикальної з із розвилкою, прямолінійної р з округлою петлею та простої т без засічок; відповідно до типовості поширення таких форм написання літер верхня хронологічна межа може бути окреслена першою чвертю ХІІІ ст. ( ) Не ранее XIII в. ( )",,
809,https://epigraphica.ru/epigraphy/inscription/show/809,1037–[1280],Надпись с датой 25 июля,Первоначальная фресковая штукатурка киевского Софийского собора,стена церкви,Собор св. Софии,мс҇цѧ июлѧ въ ке,,‘Месяца июля в 25’.,кириллица,граффито,,целая (100%),"втор. четв. ХІ – кон. XІІІ в.: л и ѧ с покрытиями, ц с платформой по низу строки ( )",,"«Надпись осталась недописанной. Немного ниже ее ещё раз повторено “месяца июля”, а еще ниже латинская запись с именем “Иоганус Дв...”» ( )."
810,https://epigraphica.ru/epigraphy/inscription/show/810,[1080–1160],«Всеволожа»,Стены Михайловского собора Выдубицкого монастыря,стена церкви,Церковь архангела Михаила Выдубицкого монастыря,Вьсеволожа,,‘Всеволодова (церковь?)’.,кириллица,граффито,,целая (100%),"Даже если принять издательскую датировку по испорченной букве Ж, надпись не может быть однозначно отнесена к XI в. «Звездообразное» написание Ж «в три прямолинейных взмаха» встречается в берестяных грамотах вплоть до конца XII в. Однако написание «нижняя петля углом вперед» у буквы В не встречается позднее 1160-х гг. Наличие редуцированного в позиции, которая остаётся слабой в любой словоформе слова «Всеволод» и его производных, предпочтительно указывает на этот же период, хотя теоретически может встречаться вплоть до нач. XIII в.",,"Известно, что Выдубицкий монастырь был патрональным (фамильным) монастырем Всеволода Ярославича. Церковь Михаила в нем была построена по указанию того же князя, поэтому можно вполне считать, что рассматриваемая краткая надпись особо подчеркивает этот факт. Слово «Вьсеволжа» относится к церкви, на стене которой оно начертано. Надпись поясняет, что церковь Михаила построена Всеволодом Ярославичем и является его фамильной, т.е. принадлежит ему и его роду. Такое понимание надписи хорошо согласуется с притяжательной формой слова «Вьсеволжа» и женским родом слова «церковь». (Высоцкий 1985)"
811,https://epigraphica.ru/epigraphy/inscription/show/811,[1200–1220],Орешко (имя),Стены Михайловского собора Выдубицкого монастыря,стена церкви,Церковь архангела Михаила Выдубицкого монастыря,Ꙩрѣшько,,Орешко ( ),кириллица,граффито,,целая (100%),Ꙩ встречается начиная с XIII в. Сохранение слабого редуцированного определяет верхнюю границу датировки 1220-ми гг.,,
812,https://epigraphica.ru/epigraphy/inscription/show/812,1070–,Подражание письму (?),Стены Михайловского собора Выдубицкого монастыря,стена церкви,Церковь архангела Михаила Выдубицкого монастыря,[і]мьць,,‘Емец (?)’,кириллица,граффито,,целая (100%),,,
813,https://epigraphica.ru/epigraphy/inscription/show/813,1070–,Крупная буква «Б»,Стены Михайловского собора Выдубицкого монастыря,стена церкви,Церковь архангела Михаила Выдубицкого монастыря,Б,,,кириллица,граффито,На южном фасаде ( ),целая (100%),,,"Интересно, что характер написания (форма кузова, крючок в виде треугольника) буквы очень напоминает «Б», выцарапанное рядом с записью о смерти Луки Белгородского в южной галерее Софийского собора, см. Высоцкий 1966: табл. XIII. (Высоцкий 1985)"
814,https://epigraphica.ru/epigraphy/inscription/show/814,1074–1094,Покаянная молитва Стефана,Стены Михайловского собора Выдубицкого монастыря,стена церкви,Церковь архангела Михаила Выдубицкого монастыря,(Ги пом)илуи мѧ грѣшънаго раба своего Стефаналмъ и помꙑшле(ниемь),,"‘(Господи, помилуй) меня, грешного раба твоего Стефана, (грешившего) более всех людей словом или (делом или) помышлением’.",кириллица,граффито,,с небольшими утратами (>85%),,,"Согласно Б. А. Рыбакову, автор надписи – преподобный Стефан Печерский, ставший игуменом Киево-Печерского монастыря в 1074 г. и умерший в 1094 г. Эти даты С. А. Высоцкий считает хронологической рамкой, внутри которой могла быть создана надпись."
815,https://epigraphica.ru/epigraphy/inscription/show/815,[1280–1320],"Надпись с именами Филипа, Прокопии, Ульяны",Первоначальная фресковая штукатурка киевского Софийского собора,стена церкви,Собор св. Софии,Филипа,,"‘Филипа, Прокопии, Ульяны’.",кириллица,граффито,на южной стене апсиды придела св. вмч. Георгия ( ),целая (100%),"а 4 «Широко раскрытые» 1120> (1160>), ы II «Без перемычки» 1100> (1300>), о 4 ⅓ «Вместо правой дуги прямая» 1300> (1400>), у 8 «С-образно изогнутые» 1280> (1320>) (<1410), ь III «Петля с двумя изломами» 1320>, ѣ III «Петля с двумя изломами» 1320>; п 1 «Выступ вверху» (<1200) <1300; результат [1280–1320]",,
816,https://epigraphica.ru/epigraphy/inscription/show/816,[1100–1300],Молитва к сорока севастийским мученикам,Первоначальная фресковая штукатурка киевского Софийского собора,стена церкви,Собор св. Софии,+ ст҃и :м҃: мч҃никъ помилоуите мѧ,+ ст҃и :м҃: мч҃никъ помилоуите мѧ грѣшьнаго даите ми съкон[ь]чати з[а]в[ѣ]тъ + [Г]и (прос)ти да бꙑхъ грѣхꙑ сво(ѧ вьсѧ) о[ч]и(с)тилъ и [б]езоумье отъ[м]е[лъ] + в[ъ]ладꙑко помѧ⸗ [н]и (м)ѧ гр[ѣ]шьнаго въ цесарьстии своем[ъ] амин[ъ],"‘Святые сорок мучеников, помилуйте меня грешного, дайте мне исполнить завет. Господи, прости (?), чтобы я грехи свои все (?) очистил и безумие отмел. Владыка, помяни меня грешного в Царствии своем. Аминь’.",кириллица,граффито,"в западной внешней галерее, на южной стене крещальни, на фреске с изображением сорока севастийских мучеников ( )",с небольшими утратами (>85%),"р 11 «Буква целиком в строке» (1120>) (<1320) <1410, е I≈ «Правонаклонные» (<1120) (<1240) <1380, з Iа «Правонаклонные (перелом)» (<1120) (<1200) <1340, р Iа «Округлая петля (прямая мачта)» (<1320) <1360, в IIа «Перелом при мачте» (<1220) <1320, п 1 «Выступ вверху» (<1200) <1300; ы II «Без перемычки» 1100> (1300>), к 5 «Уменьшенный верх» 1100> (1280>), ц 4 «Буква целиком в строке» (1160>) (<1300), г 3 «Без боковой засечки» (1140>) (<1220), у 4 «Буква целиком в строке» (1140>) (<1300), х 6 «Буква целиком в строке» 1100> (1140>) (<1300), т 2 «Без боковых засечек» (1120>) (<1300); результат: [1100–1300], предпочт. [1160–1200]",,
817,https://epigraphica.ru/epigraphy/inscription/show/817,1037–[1380],Надпись с именем святого Онуфрия,Первоначальная фресковая штукатурка киевского Софийского собора,стена церкви,Собор св. Софии,ст҃ꙑи Онуѳри[е],,‘Святой Онуфрий’. ( ),кириллица,граффито,"северо-восточный угол предалтарного пространства Апостольского придела (современной южной внешней галереи), на фреске с изображением св. Онуфрия; на высоте 98 см от пола и на расстоянии 38 см от левого ребра ( )",целая (100%),"ы Iб «Средняя перемычка» (<1380) <1400, р II «Углом вверх» (<1280) <1380; у 4≈ «Буква целиком в строке» (1140>) (<1300), р 11≈ «Буква целиком в строке» (1120>) (<1320) <1410; результат: 1037–[1380], предпочт. [1140–1280]",,
818,https://epigraphica.ru/epigraphy/inscription/show/818,[1280–1320],Молитва о Гавриле,Стены Михайловского собора Выдубицкого монастыря,стена церкви,Церковь архангела Михаила Выдубицкого монастыря,Ги помо⸗,,"‘Господи, помоги рабу своему Гаврилу’.",кириллица,граффито,"В нартексе (западном притворе) церкви Михаила, у южной стены, во время археологических раскопок 1972 г. была обнаружена шиферная гробница с поздним захоронением. Изучение гробницы показало, что она сооружена из архитектурных деталей оформления здания в XI в. Внутри гробницы на южной стенке. ( )",целая (100%),"И с высокой перекладиной не встречается ранее XIV в. Правонаклонная З с выступом сверху, напротив, почти не встречается позднее 1320-х гг. Выступ вверху у П почти не встречается позже XIII в. Таким образом, датировать надпись следует рубежом XIII–XIV вв.",,
819,https://epigraphica.ru/epigraphy/inscription/show/819,1070–[1120],Молитвенная надпись,Стены Михайловского собора Выдубицкого монастыря,стена церкви,Церковь архангела Михаила Выдубицкого монастыря,[Ги҃] помози рабу ...,,"Господи, помоги рабу (своему)",кириллица,граффито,,с утратами (50-85%),Буква Б с острой петлей вперед характерна для самых ранних надписей (до первого двадцатилетия XII в.),,
820,https://epigraphica.ru/epigraphy/inscription/show/820,[1240]–1500,«Раб Божий Иов»,Стены Михайловского собора Выдубицкого монастыря,стена церкви,Церковь архангела Михаила Выдубицкого монастыря,рб҃ъ Бж҃ии Иов,,‘Раб Божий Иов’. ( ),кириллица,граффито,На северном фасаде церкви ( ),целая (100%),"Вопреки издателю, написание В и И здесь стандартное, встречающееся на протяжении всего древнерусского периода. Однако Ж, имеющее «дуги справа и слева» позволяет указать нижнюю границу датировки: сер. XIII в. Точно такую же нижнюю границу датировки подтверждает прямолинейное Р с треугольной петлёй углом вниз.",,
821,https://epigraphica.ru/epigraphy/inscription/show/821,[1500–1700],"«Помяни, Господи, раба...»",Стены Михайловского собора Выдубицкого монастыря,стена церкви,Церковь архангела Михаила Выдубицкого монастыря,помені,,"Помяни, Господи, раба... ( )",кириллица,граффито,,с утратами (50-85%),[1500–1700] ( ),,
822,https://epigraphica.ru/epigraphy/inscription/show/822,[1140–1320],Надпись «азъ недостоинъ»,Первоначальная фресковая штукатурка киевского Софийского собора,стена церкви,Собор св. Софии,азъ недостоинъ,,‘Я недостоен...’. ( ),кириллица,граффито,"северо-восточный угол предалтарного пространства Апостольского придела (современной южной внешней галереи), на фреске с изображением св. Онуфрия; на высоте 84,5 см от пола и на расстоянии 17 см от левого ребра ( )",целая (100%),"д 2 «Верхняя засечка» <1400, н 2б «Нижние засечки (короткие)» <1400, з 1 «Выступ вправо вверху» (<1340), а 2 «Верхняя засечка» (<1320) (<1380), и 1а «Верхние засечки (длинные)» (<1300), н 1а «Верхние засечки (длинные)» (<1300) <1320, ъ 3 «Выступ вправо вверху» (<1200); з 3 «Перелом хвоста» 1140> (<1340), и 2б «Нижние засечки (короткие)» (1120>) (<1400); результат: [1140–1320], предпочт. [1140–1200]",,
823,https://epigraphica.ru/epigraphy/inscription/show/823,[1280–1300],Молитва к св. Онуфрию об Иване и Петре,Первоначальная фресковая штукатурка киевского Софийского собора,стена церкви,Собор св. Софии,ст҃ьче Бж҃ии,,"‘Онуфрий, святой Божий, [двух] рабов своих Ивана и Петра, [двух] грешников, помилуй’.",кириллица,граффито,"северо-восточный угол предалтарного пространства Апостольского придела (современной южной внешней галереи), на фреске с изображением св. Онуфрия; на высоте 157 см от пола и на расстоянии 65 см от левого ребра ( )",с небольшими утратами (>85%),"ч Iа «Бокальчик» (<1380) <1410, р Iа ¾ «Округлая петля (прямая мачта)» (<1320) <1360, в IIа «Перелом при мачте» (<1220) <1320, в 3б «Верх шире низа» (<1220) <1320, п 1 «Выступ вверху» (<1200) <1300, в 4 ½ «Выступ вверху» (<1200) <1280, б 3 «Выступ вверху» (<1200); м 4б «Провисающая петля (вертикальные мачты)» 1280>, к 5 «Уменьшенный верх» 1100> (1280>), у II «Y-образные» 1100>; (!) ж Iа1 «Три взмаха (прямая звезда)» (<1120) <1200, (!) б I ½ «Округлая петля» <1120, (!) б 1 ½ «Петля углом вперед» <1120, (!) р 6 ¼ «S-образно изогнутая мачта» <1200; результат: [1280–1300]",,
824,https://epigraphica.ru/epigraphy/inscription/show/824,[1300–1320],Молитвенная надпись,Стены Михайловского собора Выдубицкого монастыря,стена церкви,Церковь архангела Михаила Выдубицкого монастыря,Ги поми⸗,,"Господи, помилуй раба своего грешного. ( )",кириллица,граффито,"На южном фасаде храма, ближе к юго-восточному углу, выцарапано довольно крупное граффито, взятое в рамку. ( )",с небольшими утратами (>85%),"А. А. Зализняк осторожно относит надпись к XIII в. Однако, используя его же палеографические таблицы, получаем несколько иную датировку: «А широко раскрытое»: [1120]– «Ꙋ с короткими усами»: [1180–1400] «Р углом вперед»: [1140–1400], предпочт. не ранее XIV в. «В – верх шире низа»: [1025–1320] «В – нижняя косая к мачте» [1140]– Итак, достоверный интервал [1140–1400], предпочтительный [1300–1320]. [1200–1300] ( )",,"В основном при передаче текста, изданного С. А. Высоцким, приняты поправки А. А. Зализняка. К ним следует добавить, что реконструкция последней строки проще, если предположить, что автор бросил надпись на букве О в слове «своего»."
825,https://epigraphica.ru/epigraphy/inscription/show/825,[1100–1140],Молитва о Симеоне к св. Онуфрию,Первоначальная фресковая штукатурка киевского Софийского собора,стена церкви,Собор св. Софии,ст҃ы Оноуѳриосъ,,"‘Святой Онуфрий, моли Бога за раба своего Симеона, грешного’.",кириллица,граффито,"северо-восточный угол предалтарного пространства Апостольского придела (современной южной внешней галереи), на фреске с изображением св. Онуфрия; на высоте 153 см от пола и на расстоянии 66 см от левого ребра ( )",целая (100%),"в 4 «Выступ вверху» (<1200) <1280, б 3 «Выступ вверху» (<1200), г 1 «Выступ вверху» (<1200), ѣ 1 «Петля углом вперед» <1200, «Правонаклонный почерк» <1200, в I «Округлая нижняя петля» <1140, з Iа «Правонаклонные (перелом)» (<1120) (<1200) <1340, б I≈½ «Округлая петля» <1120; т 2 «Без боковых засечек» (1120>) (<1300), ы II «Без перемычки» 1100> (1300>); в 3а «Верх шире низа» (<1220) <1320, м 2 «Верхние засечки» (<1280), ѡ IIа «Округлые (без перемычки)» <1300, р Iа «Округлая петля (прямая мачта)» (<1320) <1360; результат: [1100–1140]",,"«Окончание последнего слова записи совпадает с еще одним фрагментом надписи, который читается “Господи, помоги рабу своему Иосифу, попу”. Слова “Иосифу попу” написаны над начальной частью надписи “помоги рабу”. Кроме того имя “Иосифу” испорчено написанным прямо по нему словом “псалъ”» ( )."
826,https://epigraphica.ru/epigraphy/inscription/show/826,1070–1500,Неоконченная памятная надпись с датой,Саркофаг из Михайловской церкви Выдубицкого монастыря,саркофаг,Церковь архангела Михаила Выдубицкого монастыря,мс҃ца,,,кириллица,граффито,"На одной из стенок шиферного саркофага, обнаруженного в нартексе церкви, острым предметом выцарапано изображение человека. На его груди начертана буква А, а ниже крупными буквами эта надпись ( )",целая (100%),,,
827,https://epigraphica.ru/epigraphy/inscription/show/827,[1100–1140],Молитва Симеона к св. Онуфрию,Первоначальная фресковая штукатурка киевского Софийского собора,стена церкви,Собор св. Софии,ст҃ъ Оноуфрие помилоу⸗,,"‘Святой Онуфрий, помилуй меня, грешника Симеона, раба своего’.",кириллица,граффито,"северо-восточный угол предалтарного пространства Апостольского придела (современной южной внешней галереи), на фреске с изображением св. Онуфрия; на высоте 136 см от пола и на расстоянии 68 см от левого ребра ( )",целая (100%),"ш II «Платформа приподнята» (<1240) <1400, б 3 «Выступ вверху» (<1200), г 1 ½ «Выступ вверху» (<1200), в 3б «Верх шире низа» (<1220) <1320, у 4 «Буква целиком в строке» (1140>) (<1300), в I «Округлая нижняя петля» <1140; р II≈ «Углом вперед» 1140>, г 3 ½ «Без боковой засечки» (1140>) (<1220), р 11 «Буква целиком в строке» (1120>) (<1320) <1410, к 5 «Уменьшенный верх» 1100> (1280>), у II «Y-образные» 1100>; (!) к 6≈ «Сверхширокие» 1360>, (!) ѣ 9≈ «Петля касается коромысла» (1260>); графика: ь > ъ (<1140) <1180; результат: [1100–1140], предпочт. [1120–1140]",,
828,https://epigraphica.ru/epigraphy/inscription/show/828,[1280]–1500,Перечень игуменов Зверинецкого монастыря,Стены Зверинецких пещер,стена церкви,Зверинецкие пещеры,иг[ѹм]ени з⸗,,"‘Игумены зверинские. Леонтия, Маркиана, Михаила, Ионы, Мины, Климентия, Мануила’. ( )",кириллица,граффито,,с небольшими утратами (>85%),Ѧ «островерхие с v-образным язычком» дают датировку не ранее 1280-х гг.,,
829,https://epigraphica.ru/epigraphy/inscription/show/829,[1320]–1500,Надпись о поминовении души игумена Климентия,Стены Зверинецких пещер,стена церкви,Зверинецкие пещеры,помѧни Ги҃ушю раба сво⸗его Климѧнь⸗тьѧ игумена,,"‘Помяни, Господи, душу раба своего Климентия, игумена’. ( )",кириллица,граффито,,с небольшими утратами (>85%),"Ѧ «островерхие с v-образным язычком»: не ранее 1280-х гг. Р «криволинейное углом вниз»: не ранее 1160-х гг. Таким образом, надпись датируется от 1280-х гг. Предпочтительно – от 1320-х, когда вышеозначенная форма Ѧ появляется с ножкой.",,
830,https://epigraphica.ru/epigraphy/inscription/show/830,[1300]–1500,«Климентий-игумен»,Стены Зверинецких пещер,стена церкви,Зверинецкие пещеры,Климѧ⸗,,"‘Климентий, игумен’.",кириллица,граффито,,с утратами (50-85%),,,"Слова, начинающегося со «зве», вопреки чтению С. А. Высоцкого, на фотографии не видно. Вероятно, надпись была сделана незадолго до соседней с ней надписи о поминовении души Климентия ."
831,https://epigraphica.ru/epigraphy/inscription/show/831,[1140–1200],Молитва к св. Онуфрию,Первоначальная фресковая штукатурка киевского Софийского собора,стена церкви,Собор св. Софии,св҃ѧ⸗,,"‘Святой Онуфрий, помилуй меня’.",кириллица,граффито,"северо-восточный угол предалтарного пространства Апостольского придела (современной южной внешней галереи), на фреске с изображением св. Онуфрия; на высоте 156 см от пола и на расстоянии 46 см от левого ребра ( )",целая (100%),,,
832,https://epigraphica.ru/epigraphy/inscription/show/832,[1160–1180],Молитва Дмитра (нечестивого грешника) к св. Онуфрию,Первоначальная фресковая штукатурка киевского Софийского собора,стена церкви,Собор св. Софии,ст҃ꙑ Ноуѳри(оу) помилоуи,,"‘Святый Онуфрий, помилуй меня, раба своего Дмитра, грешника нечестивого’.",кириллица,граффито,"северо-восточный угол предалтарного пространства Апостольского придела (современной южной внешней галереи), на фреске с изображением св. Онуфрия; на высоте 166 см от пола и на расстоянии 95 см от левого ребра ( )",целая (100%),"р Iб «Округлая петля (прямая мачта)» (<1320) <1360, з 1 «Выступ вверху справа» (<1340), ь 3 ½ «Покрытие» <1300, п 1 «Выступ вверху» (<1200) <1300, в 4 «Выступ вверху» (<1200) <1280, ш II «Платформа приподнята» (<1240) (<1400), б 3 «Выступ вверху» (<1200), г 1 «Выступ вверху» (<1200), ъ 3 «Выступ вправо вверху» (<1200), б , в , г , п обычно с выступом (<1120) <1180; ꙑ Iв «Перемычка (низкая)» 1160> (1320>), д II «Δ- и А-образные» 1100> <1200, к 5 «Уменьшенный верх» 1100> (1280>); (!) в I «Округлая нижняя петля» <1140; результат: [1160–1180]",,
833,https://epigraphica.ru/epigraphy/inscription/show/833,[1100–1180],Молитва к св. Онуфрию,Первоначальная фресковая штукатурка киевского Софийского собора,стена церкви,Собор св. Софии,ст҃ꙑиОн[ѫ]фрие помил[ѫи],,"‘Святой Онуфрий, помилуй грешного, аминь’. ( )",кириллица,граффито,"северо-восточный угол предалтарного пространства Апостольского придела (современной южной внешней галереи), на фреске с изображением св. Онуфрия; на высоте 150 см от пола и на расстоянии 94 см от левого ребра ( )",с небольшими утратами (>85%),"ш 2≈ «Верхние засечки» (<1320) (<1400), р Iа «Округлая петля (прямая мачта)» (<1320) <1360, ш II «Платформа приподнята» (<1240) (<1400), г 1 ½ «Выступ вверху» (<1200), ъ 3 ⅓ «Выступ вправо вверху» (<1200), р 6 ½ «S-образно изогнутая мачта» <1200; е 3 «Засечка на язычке» (1120>) (<1400), и 2б «Нижние засечки (короткие)» (1120>) (<1400), г 2 ½ «Нижняя засечка» 1100> (<1380) <1400; н 2б «Нижние засечки (короткие)» <1400, и 1б «Верхние засечки (короткие)» (<1400), н 1б «Верхние засечки (короткие)» (<1400); Графика: ь → ъ (<1140) <1180, ѫ <1240; (!) ъ 4 ⅓ «Высокая петля» (1280>); результат: [1100–1180], предпочт. [1120–1140]",,"«Над этой записью другим почерком написано слово “вакꙑноу” – имя (?) одного из авторов, писавших граффити в этом месте. Начальные буквы имени повреждены замысловатой фигурой, напоминающей лигатуру ОУ с поставленным сверху крестом» ( )."
834,https://epigraphica.ru/epigraphy/inscription/show/834,1037–[1400],Надпись с именем Степан (?),Первоначальная фресковая штукатурка киевского Софийского собора,стена церкви,Собор св. Софии,Стьпанооу,,,кириллица,граффито,"придел арх. Михаила, в арке-переходе между западной и второй от входа частями придела на южной грани южной лопатки третьего от алтаря крещатого столба; на фреске с изображением св. Феклы ( )",целая (100%),,,
835,https://epigraphica.ru/epigraphy/inscription/show/835,[1100–1180],"Молитва о Николе, продолженная вариацией на тему Трисвятого",Первоначальная фресковая штукатурка киевского Софийского собора,стена церкви,Собор св. Софии,(Ги҃) поз(и) р(а)боу (с)воѥм(оу) [Ни]кол[е] с…б҇---- ѥго [не]възгоушаꙗ(сѧ) ст҃ꙑ ми[л]о[сти]⸗вꙑ ст҃ꙑ сп҃с{ꙑ}ꙑи ѿ ада родъ чл҃вчъст҃ꙑ крѣпъ{[п]ъ}кꙑ попъравꙑ ада и диѧвола съ[вѧ]...,(Ги҃) поз(и) р(а)боу (с)воѥм(оу) [Ни]кол[е] с[ꙑ](ноу) Ѥ(в)[ъ]cт(афьѥвоу) пр[е]зъри{р} оумъ[нож]ениѥ грехо(въ) ѥ[го съ] из[ъ]бъранꙑми п(ричъти и) съп(аси) о Бе҃ [сего] хлеб҇\(ꙗ)[дьꙗ] ѥго [не] възгоушаꙗ(сѧ) ст҃ꙑ ми[л]о[сти]⸗ вꙑ ст҃ꙑ сп҃с{ꙑ}ꙑи ѿ ада родъ чл҃вчъ ст҃ꙑ крѣпъ{[п]ъ}кꙑ попъравꙑ ада и диѧвола съ[вѧ](завꙑ),"‘Господи, помоги рабу твоему Николе, сыну Евстафия (?). Прости множество грехов его, причти его с избранными и спаси его, о Боже, не отвращаясь его дармоедством. Святой, милостивый; святой, спасший от Ада человеческий род; святой, крепкий, поправший ад и связавший дьявола.’",кириллица,граффито,"в южной части придела свв. Иоакима и Анны, в переходе между вторыми от входа пространствами приделов свв. Иоакима и Анны и арх. Михаила, на западной грани западной лопатки второго от алтаря южного крещатого столба; на фреске с изображением св. Константина Великого ( )",с утратами (50-85%),"а Iа «Основной вид (плосковерхие)» (<1400), ч «Обычная чаша/бокальчик» (<1380) <1410, ꙑ Iб «Перемычка (средняя)» (<1380) <1400, л 2 «Верхняя засечка» (<1380), ѧ Iб «Основной вид (плосковерхие)» (<1380), р Iа «Округлая петля (прямая мачта)» (<1320) <1360, и 1а «Верхние засечки (длинные)» (<1300), ѿ IIа «Округлые (без перемычки)» <1300, п 1 «Выступ вверху» (<1200) <1300, в 2≈ «Нижняя петля выступает под строку» <1220, ъ 3 «Выступ вверху» (<1200), в 4 «Выступ вверху» (<1200) <1280; д II≈ «Δ- и А-образные» 1100> <1200; Графика: ь → ъ (<1140) <1180 результат: [1100–1180], предпочт. [1100–1140]",,
836,https://epigraphica.ru/epigraphy/inscription/show/836,1077–[1300],Автограф Ивана (?),Стены Успенского собора Киево-Печерской лавры,стена церкви,Успенский собор Киево-Печерской лавры,Иванъ па,,‘Иван писал’. ( ),кириллица,граффито,,с утратами (50-85%),XIII в. ( ),,
837,https://epigraphica.ru/epigraphy/inscription/show/837,1077–,Число 48 (?) ( ),Стены Успенского собора Киево-Печерской лавры,стена церкви,Успенский собор Киево-Печерской лавры,ми҃,,‘48’. ( ),кириллица,граффито,,,,,
838,https://epigraphica.ru/epigraphy/inscription/show/838,,Число 58 (?) ( ),Обломок корчаги из раскопок Успенского собора Киево-Печерской лавры,"амфора-корчага, элементы зданий",Успенский собор Киево-Печерской лавры,ни,,‘58 (?)’ ( ),кириллица,граффито,"На черепке амфоры , которая была замурована в северо-западном парусе здания ( )",,,,
839,https://epigraphica.ru/epigraphy/inscription/show/839,1400-1500,Надгробная надпись Зиновия Тукало,Стены Ближних пещер Киево-Печерской лавры,стена церкви,Ближние пещеры Киево-Печерской лавры,лежи⸗но]веи-укало,,Лежит Зиновий Тукало (?),кириллица,граффито,,с небольшими утратами (>85%),,,
840,https://epigraphica.ru/epigraphy/inscription/show/840,[1100–1360],Надпись с упоминанием свв. Космы и Дамиана и Чернигова,Первоначальная фресковая штукатурка киевского Софийского собора,стена церкви,Собор св. Софии,се азъ г[р]ѣшьнꙑи ...,,‘Вот я грешный ... святой Косма и Дамиан ... а из Чернигова придя. Аминь’.,кириллица,граффито,на западной плоскости арки-перехода из южной части западной внутренней галереи к южной внешней галерее; на фреске с образом св. Мария ( ),с утратами (50-85%),"ч Iа «Чаша/бокальчик» (<1380) <1410, з 1 «Выступ вправо» (<1340), з IIа «Вертикальные (перелом)» (<1320), р Iа «Округлая петля (прямая мачта)» (<1320) <1360, г 1 «Выступ вверху» (<1200), ъ 3 «Выступ вправо вверху» (<1200); р 11 «Буква целиком в строке» (1120>) (<1320) <1410, ꙑ II «Без перемычки» 1100> (1300>); результат: [1100–1360], предпочт. [1120–1200]",,
841,https://epigraphica.ru/epigraphy/inscription/show/841,[1160–1300],Молитва о Димитрии (?),Первоначальная фресковая штукатурка киевского Софийского собора,стена церкви,Собор св. Софии,Ги҃ помо⸗,,"‘Господи, помоги рабу Дмитрию’.",кириллица,граффито,на южной стене второй от входа части придела св. Владимира (современной северной внутренней галереи); на высоте 121 см от пола и на расстоянии 240 см от левого угла ( ),целая (100%),"з 1 «Выступ вправо вверху» (<1340), п 1 «Выступ вверху» (<1200) <1300; д IVа «Треугольные ножки (острые)» (1280>), р IVа «Углом вниз (криволинейные)» 1160> (1240>), у II≈ «Y-образные» 1100>; результат: [1160–1300], предпочт. [1280–1300]",,
842,https://epigraphica.ru/epigraphy/inscription/show/842,1340-1370,Владельческая надпись Фомы Ивановича,Крышка от бочки Фомы Ивановича,крышка от бочки,Неревский раскоп,Фомы Іванови⸗,,Фомы Ивановича.,кириллица,граффито,"Вырезано на днище бочки, высота букв 2 см ( )",целая (100%),,,"Книзу от надписи, около круглого сливного отверстия, вырезана буква у (Колчин 1968)"
843,https://epigraphica.ru/epigraphy/inscription/show/843,1240-1280,Владельческая надпись Завида,Гребень Завида,гребень,Троицкий раскоп,{За},,Гребень Завида.,кириллица,граффито,"Надпись в две строки. Владелец гребня Завид сначала нерасчетливо начал вырезать надпись почти с середины гребня, а затем снова выполнил ее немного ниже.",целая (100%),,,
844,https://epigraphica.ru/epigraphy/inscription/show/844,1050-1500,Владельческая надпись Степана (или Степаниды),Гребень Степана,гребень,Великий Новгород (точное место неизвестно),Степа...,,,кириллица,граффито,,с утратами (50-85%),,,Сохранившиеся буквы не показательны для палеографической датировки
845,https://epigraphica.ru/epigraphy/inscription/show/845,1200-1220,Владельческая надпись Недельки,Пряслице Недельки,пряслице,Троицкий раскоп,Недѣле⸗,,Неделькино [пряслице].,кириллица,граффито,Надпись вырезана в две строки,целая (100%),,,"Графика: ь → е, ѣ станд. Редуцированные сохранены. Морфология: <-е> в И. ед. муж. NB к перед суффиксом -ин-."
846,https://epigraphica.ru/epigraphy/inscription/show/846,1150-1220,Владельческая надпись Мастки,Пряслице Мастки,пряслице,Троицкий раскоп,Мастокине,,‘Масткино [пряслице]’.,кириллица,граффито,,целая (100%),,,"В надписи отражено имя Мастъка (в публикациях указывалось как Настъка ; поправка epigraphica.ru). Ср. топоним Маскино – дер. Холм-Жирковского р. Смоленской области. Возможно, гипокористика от христианского имени Мастридия . В надписи отразился графический эффект ъ → о . В морфологии представлено диалектное новгородское <- е > в И. ед. муж. Диалектным является также сохранение к перед суффиксом - ин -."
847,https://epigraphica.ru/epigraphy/inscription/show/847,1190-1230,Владельческая надпись бабушки,Пряслице бабушки,пряслице,Троицкий раскоп,бабинь,,Бабушкино пряслице.,кириллица,граффито,Надпись вырезана в две строки,целая (100%),,,Графика: е → ь . Морфология: <- е > в И. ед. муж. Точная параллель – витебское пряслице с надписью < бабинъ прѧслень >: эта пара демонстрирует диалектное различие окончаний в И. ед.
848,https://epigraphica.ru/epigraphy/inscription/show/848,1340-1380,Владельческая надпись Емели,Емелин посох,посох,Неревский раскоп,Ѥмелинъ,,Емелин [посох],кириллица,"граффито, резьба по дереву",,целая (100%),,,"А. Е. Мусин усматривает в Емелинъ запись имени Емельян и отождествляет владельца посоха с архиепископом Евфимием I Брадатым (1423-1429), ранее (в постриге в рясофор) носившим имя Омельян. Предполагается также, что он мог быть сыном Онцифора Лукинича."
849,https://epigraphica.ru/epigraphy/inscription/show/849,1037–[1300],Молитва к святому Меркурию,Первоначальная фресковая штукатурка киевского Софийского собора,стена церкви,Собор св. Софии,ст҃ꙑи Ме[р]коурии помилоуи м[ѧ грѣшь⸗,,"‘Святой Меркурий, помилуй меня, грешника’.",кириллица,граффито,"на южной стороне выступа стены, составляющего арку-переход от второй от входа западной части придела св. Владимира (современной северной внешней галереи); на высоте 142 см от пола и на расстоянии 23 см от левого ребра ( )",с утратами (50-85%),,,"«Немного выше рассмотренного граффито есть еще одна малозаметная надпись. Можно разобрать: “Господи, помоги рабу своему Давыду”» ( )."
850,https://epigraphica.ru/epigraphy/inscription/show/850,[1280–1320],Надпись о сватовстве козы и барана при участии беса,Стены киевского Софийского собора,стена церкви,Собор св. Софии,спра⸗,,"'Советуется коза с бесом, пойти ли ей (замуж) за барана' ( )",кириллица,граффито,"Южная стена апсиды Георгиевского придела, рядом с киевскими граффити № 126 и 127",целая (100%),Всю серию надписей Софии Киевской про «козу» необходимо по сумме признаков датировать концом XIII – началом XIV в. ( ),,Граффито можно считать древнейшей восточнославянской записью фольклора с мотивом свадьбы животных (Дробышева 2021)
852,https://epigraphica.ru/epigraphy/inscription/show/852,[1050–1150],Разговор Авраама с Исааком перед жертвоприношением,Первоначальная фресковая штукатурка киевского Софийского собора,стена церкви,Собор св. Софии,рече Исакъ Аврамоу,,"‘Сказал Исаак Аврааму: «Отче!», – сказал Авраам: «Что, чадо?», – «Здесь огонь и дрова, где же ягненок?». Сказал Авраам: «Бог усмотрит ягненка (в жертву себе)»’.",кириллица,граффито,"на южной стене западной части южных хор (современного придела св. ап. Андрея), на фреске «Жертвоприношение Авраама»; на высоте 143 см от уровня пола и на расстоянии 40,5 см от левого угла ( )",с небольшими утратами (>85%),"сер. ХІ – сер. ХІІ в.: а с выпуклой петлей, б с выступом вверху, в обычного вида с увеличенной верхней петлей и нижней петлей углом вперед, вертикальная е , звездообразная ж в три взмаха, м с верхними засечками, прямолинейная р с маленькой округлой петлей, ѿ с высоким т , ч в виде чаши, ь с покрытием ( )",,"Надпись перечеркнута четырьмя линиями. «Надпись № 172 сохранила один из древнейших в славянской традиции отрывков ветхозаветных библейских текстов». Текст надписи ближе к паремийному и четьему вариантам, чем к тексту собственно библейскому ( )."
853,https://epigraphica.ru/epigraphy/inscription/show/853,1045–1144,Надпись неизвестного назначения,Первоначальная штукатурка новгородского Софийского Собора,стена церкви,Собор св. Софии,съ--,,,кириллица,граффито,"Наос, южная стена, западное прясло. 100 см от левого края, 5 см ниже современного пола. ( )",с утратами (50-85%) ( ),,,"Рядом с надписью изображение, заключенное в прямоугольную рамку без нижней горизонтали, повреждено. Вероятно, это был простой четырехконечный крест. Орфография: Ь → ъ (после ц ). Оформление: 1-ая строка приписана слева от изображения. 2-ая строка начинается под 1-ой, а затем (с буквы ц ) опускается несколько ниже, чтобы обойти рамку изображения."
854,https://epigraphica.ru/epigraphy/inscription/show/854,1045–1144,Надпись с именем Павел,Первоначальная штукатурка новгородского Софийского Собора,стена церкви,Собор св. Софии,Павьл[ъ],,‘Павел’,кириллица,граффито,"Наос, южная стена, западное прясло. Ок. 90 см от правого края, на уровне современного пола. ( )",с утратами (50-85%) ( ),,,
855,https://epigraphica.ru/epigraphy/inscription/show/855,1045–1144,Надпись неизвестного назначения с именем Доброжир,Первоначальная штукатурка новгородского Софийского Собора,стена церкви,Собор св. Софии,Добр(о)[ж]и⸗,,‘Доброжир...’,кириллица,граффито,"Наос, южная стена, западное прясло. 81 см от правого края, чуть ниже уровня современного пола. ( )",с утратами (50-85%) ( ),,,"Текст надписи не поддается уверенному прочтению, за исключением имени Доброжиръ ."
856,https://epigraphica.ru/epigraphy/inscription/show/856,1045–1150,Автограф Илии,Первоначальная штукатурка новгородского Софийского Собора,стена церкви,Собор св. Софии,Ⰻⰾ-- ⱂⱄⰰ⸗,,‘Илия писал’.,глаголица,граффито,"Западный столб южного рукава креста, западная лопатка, западная грань. 3 см от левого края, чуть ниже современного пола. ( )",с утратами (50-85%),,,Третья и четвертая буквы почти полностью уничтожены при нанесении грубого изображения креста. Между тем именем писавшего почти наверняка было Илия .
857,https://epigraphica.ru/epigraphy/inscription/show/857,1045–1466,Автограф Несды,Первоначальная штукатурка новгородского Софийского Собора,стена церкви,Собор св. Софии,Несъда п(--)лъ,,‘Несда писал’.,кириллица,граффито,"Западный столб южного рукава креста, западная лопатка, западная грань. 8 см от левого края, на уровне современного пола. ( )",,,,"Нельзя исключать, что буквы са (или только с ) из слова пьсалъ были написаны над строкой. Широко распространенное в Новгороде имя Несъда – архаичное образование от усеченного варианта основы глагола sъ-dě-ti ‘собрать, соединить’ (ДНД: 357). Строкой ниже читается недописанная запись Ги҃ помо . Нельзя исключать, что это была часть надписи Несды."
858,https://epigraphica.ru/epigraphy/inscription/show/858,1045–1466,Молитвенная надпись,Первоначальная штукатурка новгородского Софийского Собора,стена церкви,Собор св. Софии,Ги҃ пом⸗,,"‘Господи, помоги рабу...’",кириллица,граффито,"Западный столб южного рукава креста, западная лопатка, западная грань. 11 см от левого края, на уровне современного пола. ( )",с небольшими утратами (>85%) ( ),,,
859,https://epigraphica.ru/epigraphy/inscription/show/859,1045–[1200],"Молитва и автограф Ивана, отправляющегося в Киев",Первоначальная штукатурка новгородского Софийского Собора,стена церкви,Собор св. Софии,Иванъ пьса⸗,,"‘Иван писал. Святая София, помогай ему на пути в Киев’. ( )",кириллица,граффито,"Западный столб южного рукава креста, западная лопатка, западная грань. 13 см от левого края, 4 см ниже современного пола. ( )",с небольшими утратами (>85%) ( ),"[1100–1200]: Г 1 «выступ вверху» (<1200), ı Iа «с двумя точками (над мачтой)» <1200, п 1 «выступ вверху» <1300 (<1200), оу II «уменьшенное о» <1220 (<1200), ъ 3 «выступ вправо вверху» (<1200), ы II «без перемычки» 1100> (1300>).",,
860,https://epigraphica.ru/epigraphy/inscription/show/860,[1120–1240],"Автограф Ляха, оставленный на Крестовоздвижение",Первоначальная штукатурка новгородского Софийского Собора,стена церкви,Собор св. Софии,Лѧхъвъ,,‘Лях писал на Крестовоздвижение’.,кириллица,граффито,"Западный столб южного рукава креста, западная лопатка, западная грань. 20 см от левого края, чуть ниже современного пола. ( )",,"х 5 «Ножницы» (<1360), х 2 «Только правая верхняя засечка» (<1240) (1360>), в IIа «Перелом при мачте» (<1220) < 1320, в 4 «Выступ вверху» (<1200) <1280, р 4 «Маленькая головка» (<1200) <1240, ъ 3 «Выступ вправо вверху» (<1200); х 6 «Буква целиком в строке» 1100> (1140>) (<1300), р Iа «Округлая петля (прямая мачта)» (<1320) <1360; итог: [1120–1240], предпочт. [1140–1200]",,Ставровым днем на Руси называлось Крестовоздвижение (14 сентября).
861,https://epigraphica.ru/epigraphy/inscription/show/861,1045–1466,Ламентация,Первоначальная штукатурка новгородского Софийского Собора,стена церкви,Собор св. Софии,оувы мнѣ окань,оувы мнѣ окань<номоу> ( ),"‘Увы мне, окаянному’.",кириллица,граффито,"Западный столб южного рукава креста, западная лопатка, западная грань. 9 см от левого края, 9 см ниже современного пола. ( )",с небольшими утратами (>85%) ( ),,,Слово оканьному ‘окаянному’ недописано.
862,https://epigraphica.ru/epigraphy/inscription/show/862,1045–1466,Надпись со словом «разбойник»,Первоначальная штукатурка новгородского Софийского Собора,стена церкви,Собор св. Софии,разбоиник҇,,,кириллица,граффито,"Западный столб южного рукава креста, западная лопатка, западная грань. 22 см от левого края, 12 см ниже современного пола. ( )",,,,"Надпись зачеркнута несколькими горизонтальными штрихами. Учитывая это обстоятельство, нельзя исключать, что во второй ее строке стояло слово (т)[ат]ь и надпись имела обличительный характер."
863,https://epigraphica.ru/epigraphy/inscription/show/863,[1120–1300],Молитвенный автограф неизвестного,Первоначальная фресковая штукатурка киевского Софийского собора,стена церкви,Собор св. Софии,се азъ грѣш[ь]⸗,,"‘Это я, грешный, написал, молясь к ... и к Пречистой [Богородице]’. ( )",кириллица,граффито,"северо-западный угол предалтарной северной части придела свв. Иоакима и Анны, на западной грани южной лопатки первого от алтаря северного крещатого столба ( )",с небольшими утратами (>85%),"е 2≈ «Е-образные» <1380, ꙑ Iб «Перемычка (средняя)» (<1380) <1400, х 5 «Ножницы» (<1360), ꙑ 1 «Молоточек» (<1320), р Iа ½ «Округлая петля (прямая мачта)» (<1320) <1360, з Iа «Правонаклонные (перелом)» (<1120) (<1200) <1340, г 1 «Выступ вверху» (<1200), п 1 «Выступ вверху» (<1200) <1300, к 1 ½ «Увеличенный верх (при короткой ножке)» (<1200) <1280, ѣ 4 «Наклонное коромысло» <1260, р 7 ½ «Сильный изгиб и неузкая головка» <1220; ѣ 5 «Верхняя засечка» (<1200) (1280>) <1400, р 11 «Буква целиком в строке» (1120>) (<1320) <1410, а IIа≈ ½ «Выпуклые (острые)» 1100>; (!) н II ½ «Горизонтальная перекладина» 1420>; результат: [1120–1300]",,
864,https://epigraphica.ru/epigraphy/inscription/show/864,[1120–1400],Молитвенный автограф неизвестного,Первоначальная фресковая штукатурка киевского Софийского собора,стена церкви,Собор св. Софии,азъѱл҃ъ греш[ьнꙑи поми]⸗,,"‘Я писал, грешный, помилуй меня, Господи’. ( )",кириллица,граффито,"северо-западный угол предалтарной северной части придела свв. Иоакима и Анны, на западной грани южной лопатки первого от алтаря северного крещатого столба; непосредственно под надписью Выс. № 173 ( )",с небольшими утратами (>85%),"е 3 «Засечка на язычке» (1120>) (<1400), ш II «Платформа приподнята» (<1240) (<1400), ъ IIб «Вертикальная мачта» (1320>)",,
865,https://epigraphica.ru/epigraphy/inscription/show/865,[1320–1400],"Надпись Григория Юрьевича, старшего из иподиаконов",Первоначальная фресковая штукатурка киевского Софийского собора,стена церкви,Собор св. Софии,сеазъГригори (Ю)рьѥвичь больши ѥсмь в подь⸗(б)лазнима,,"‘Вот я, Григорий Юрьевич – старший среди иподиаконов, а тебя, я считаю, соблазняет бес’.",кириллица,граффито,"на фреске с изображением императора Василия II; на уровне третьей лестничной площадки, справа от южного дверного проема; на высоте 160 см от уровня третьей лестничной площадки и на расстоянии 217 см от пяты восьмой арки от начала лестничного пролета между второй и третьей лестничными площадками ( )",целая (100%),"а 2 «Верхняя засечка» (<1320) (<1380), ѧ Iб «Основной вид (плосковерхие)» (<1380), в IIб «Перелом не касается мачты» (<1340) <1400, з 1 ½ «Выступ вправо» (<1340), з 3 ½ «Перелом хвоста» 1140> (<1340), з IIа ½ «Вертикальные (перелом)» (<1320); б 4 ½ «Высокая петля» 1180> (1360>), х 7 «Маленький верх и широкий низ» (1340>), ч IIб «У-образные» 1320>, ю IIа «Высокая перемычка» 1320>, ѣ 8≈ ½ «Петля выступает под строку» (<1180) <1220 1320>, р IVб «Углом вниз (прямолинейные)» 1240> (1300>); (!) б 3 «Выступ вверху» (<1200), г 1 «Выступ вверху» (<1200), ъ 3 «Выступ вправо вверху» (<1200), г 3 «Без боковой засечки» (1140>) (<1210); графика: ѥ (1240>), ꙗ (1260>); язык: редуцир. пали 1120> (1160>); результат: [1320–1400], предпочт. [1340–1380]",,
867,https://epigraphica.ru/epigraphy/inscription/show/867,[1200–1400],Автограф Никона; Надпись с упоминанием Спасова дня,Первоначальная фресковая штукатурка киевского Софийского собора,стена церкви,Собор св. Софии,текст 1:текст 2:Въ недѣлу пе(р)е⸗дь Съпасовꙑ⸗(мъ д)ьн(емъ),,<текст 1:> ‘Никон писал’. <текст 2:> ‘В воскресенье перед Преображением’.,кириллица,граффито,"придел арх. Михаила, северо-восточный угол апсиды, на южной грани восточной лопатки первого от алтаря крещатого столба; на фреске с изображением Честного Креста ( )",с небольшими утратами (>85%),,,"А. А. Турилов заметил, что Выс. № 177 представляет собой две разные надписи. «Почерк первой строки (запись Никона) отличается от последующих, что хорошо видно на примере букв н и л . Первая буква второй строки ( в ) явно заглавная, с вертикалью в два контура, начинает новый текст» ( )."
868,https://epigraphica.ru/epigraphy/inscription/show/868,[1100–1400],Молитва Ивана,Первоначальная фресковая штукатурка киевского Софийского собора,стена церкви,Собор св. Софии,[Ги҃] (по)милу⸗,,"‘Господи, помилуй раба своего Ивана’.",кириллица,граффито,"придел арх. Михаила, северо-восточный угол апсиды, на южной грани восточной лопатки первого от алтаря крещатого столба; на фреске с изображением Честного Креста ( )",с небольшими утратами (>85%),,,"С. А. Высоцкий отмечает, что древнерусская надпись № 178 написана двумя почерками, но рассматривает ее как единый текст. Греческому тексту (... πην ηκουμενην ) С. А. Высоцкий ошибочно предлагает древнерусскую интерпретацию ( ), ( )."
869,https://epigraphica.ru/epigraphy/inscription/show/869,[1100–1400],Обращение к св. Троице,Первоначальная фресковая штукатурка киевского Софийского собора,стена церкви,Собор св. Софии,ст҃аꙗ Троице,,‘О святая Троица!’.,,граффито,"придел арх. Михаила, северо-восточный угол апсиды, на южной грани восточной лопатки первого от алтаря крещатого столба; на фреске с изображением Честного Креста ( )",целая (100%),,,"С. А. Высоцкий отмечает, что древнерусская надпись № 178 написана двумя почерками, но рассматривает ее как единый текст. Греческому тексту (... πην ηκουμενην ) С. А. Высоцкий ошибочно предлагает древнерусскую интерпретацию ( ), ( )."
870,https://epigraphica.ru/epigraphy/inscription/show/870,1300-1320,Владельческая надпись Ивана Варфоломеевича,Ложка Ивана Варфоломеевича,ложка,Неревский раскоп,Еванова Олъѳо⸗,,[Ложка] Ивана Варфоломеевича.,кириллица,граффито,"Вырезана на верхней части ручки, на полосе, свободной от узора, возможно, иглой ( )",целая (100%),,,
871,https://epigraphica.ru/epigraphy/inscription/show/871,1280-1300,Владельческая надпись Марфы,Оселок Марфы,оселок,Неревский раскоп,Ма|рфа,,Марфа,кириллица,"граффито, резьба по камню",,целая (100%),,,
872,https://epigraphica.ru/epigraphy/inscription/show/872,1380-1400,Владельческая надпись Матфея,Поплавок Матфея,поплавок,Неревский раскоп,Матфѣе⸗,,[Удочка?] Матфея,кириллица,граффито,,целая (100%),,,
873,https://epigraphica.ru/epigraphy/inscription/show/873,[1140–1320],Автограф Ивана с самоуничижительным эпитетом,Первоначальная фресковая штукатурка киевского Софийского собора,стена церкви,Собор св. Софии,Иванъ п[іса]л[ъ],,"‘Иван писал, ничтожный’. ( )",кириллица,граффито,"западная стена западной части придела арх. Михаила, на фреске с образами-медальонами свв. мчнц. Анны, Василины и Анастасии ( )",целая (100%),"н 2б «Нижние засечки (короткие)» <1400, ꙑ 1 «Молоточек» (<1320), в IIа «Перелом при мачте» (<1220) <1320, в 3б «Верх шире низа» (<1220) <1320, в 4 «Выступ вверху» (<1200) <1280; д IVа «Треугольные ножки (острые)» (1280>), ъ 4 «Высокая петля» (1280>), у 4 «Буква целиком в строке» (1140>) (<1300), х 6 «Буква целиком в строке» 1100> (1140>) (<1300); (?) а 4 ½ «Широко раскрытые» 1120> (1140>), (?) а 5 ½ «Зеркальные» 1140> (1160>); результат [1140–1320], предпочт. [1200–1300]",,"Правый край первой строки читается ненадежно из-за повреждений штукатурки и, вероятно, писцовых исправлений."
874,https://epigraphica.ru/epigraphy/inscription/show/874,1420-1430,Владельческая надпись Семёна Олександровича,Оселок Семёна Олександровича,оселок,Неревский раскоп,+ ѡсла Семен[а] Ѡлксн⸗,,Оселок Семёна Олександровича.,кириллица,граффито,Надпись нацарапана на четырех гранях оселка,целая (100%),,,"По А. А. Зализняку, Семен[а] – бытовая орфографическая запись словоформы имени Сменъ (возможно также, что это стандартная запись формы от Семенъ )."
875,https://epigraphica.ru/epigraphy/inscription/show/875,1140-1160,Владельческая надпись Якши и Орины,Чаша Якши и Орины,чаша,Троицкий раскоп,· [Ѧ]къшина · Ѡри·ни(на),,[Чаша] Якши [и] Орины.,кириллица,граффито,,с небольшими утратами (>85%),,,
876,https://epigraphica.ru/epigraphy/inscription/show/876,1350-1400,Владельческая надпись попа,Полтина попа,серебряный слиток,Троицкий раскоп,попова,,[Полтина] попа.,кириллица,граффито,,целая (100%),,,
877,https://epigraphica.ru/epigraphy/inscription/show/877,1040-1080,Владельческий автограф Словиши,Гусли с надписью «Словиша»,гусли,Троицкий раскоп,Словишаѱлъ,,‘Словиша писал’,кириллица,"граффито, резьба по дереву","На боку корытца, около окрылка ( )",целая (100%),,,Прочтение монограммы со значением «писал» принадлежит М. М. Дробышевой (дополнение коллектива epigraphica.ru)
878,https://epigraphica.ru/epigraphy/inscription/show/878,1340-1360,Владельческая надпись Семёна,Ушат Семёна,ушат,Неревский раскоп,Смена,,Семёна.,кириллица,резьба по дереву,"Надпись нанесена на трех клепках, высота букв 3 см ( )",целая (100%),,,
879,https://epigraphica.ru/epigraphy/inscription/show/879,1430-1450,Запись о долге Тыри (Тыры) (?),Счетная бирка № 1,счетная бирка,Неревский раскоп,Тꙑринь на г:,,[Долг (?)] Тыры (Тыри) на 3 резаны.,кириллица,резьба по дереву,Надпись расположена на выпуклой части бирки. ( ),целая (100%),,,"По А. А. Зализняку, Тыринь < -не > – предположительно форма И. ед. м. притяжательного прилагательного."
880,https://epigraphica.ru/epigraphy/inscription/show/880,1390-1410,Запись долгов Прокопьи и Ивана по оброку,Счетная бирка № 2,счетная бирка,Неревский раскоп,въ Глиньски · ꙋ Пръкъпиѣ и ·,,"В Глинске у Прокопьи и Ивана оброка: ржи 2 коробьи, овса 2, денег 11 гривен, мяса полть, ячменя 3 коробьи.",кириллица,граффито,,целая (100%),,,Въ Глиньски – М. ед. от Глиньско или Глинескъ (А. А. Зализняк).
881,https://epigraphica.ru/epigraphy/inscription/show/881,1380-1400,Запись о долге Озарии,Счетная бирка № 3,счетная бирка,Неревский раскоп,в Озареи,,У Озарии семенами (или: за Озарией семенами). ( ),кириллица,граффито,Запись начинается на выпуклой стороне и заканчивается на плоской ( ),целая (100%),,,"Лингвистический интерес представляет запись предлога у [w] как в перед гласным, а также необозначение мягкости (или отвердение согласного) в сѣманы ."
882,https://epigraphica.ru/epigraphy/inscription/show/882,1280-1300,Запись о долге Гришка (?),Счетная бирка № 4,счетная бирка,Неревский раскоп,Грижгове три,,Гришков [долг?]: три [меры] ржи и три ячменя.,кириллица,граффито,Запись сделана на выпуклой стороне плашки ( ),целая (100%),,,"По А. А. Зализняку, Грижгове – форма И. ед. м., маловероятно И. мн. ж. Возможно, в этом слове жг вместо шк ."
883,https://epigraphica.ru/epigraphy/inscription/show/883,1300-1320,Запись о долге Тешила,Счетная бирка № 5,счетная бирка,Неревский раскоп,Тешилове,,[Долг] Тешила.,кириллица,граффито,Надпись нанесена на выпуклой стороне плашки ( ),целая (100%),,,
884,https://epigraphica.ru/epigraphy/inscription/show/884,1430-1450,Запись о долге Лукина сына,Счетная бирка № 6,счетная бирка,Неревский раскоп,Лꙋк⸗,,Лукин сын.,кириллица,"граффито, резьба по дереву","Надпись помещена на выпуклой стороне плашки, но ее окончание находится на плоской стороне ( )",целая (100%),,,
885,https://epigraphica.ru/epigraphy/inscription/show/885,1200-1250,Реплики к сцене экзекуции,Плеть с Владычного двора,плеть,Кремлёвский раскоп,кꙋ[р](е) брть что сь,,"<Версия 1:> Братец (букв.: господин брат), знаешь ли, что это [у меня в руке]? <Версия 2:> – Братец! – Что? <Версия 3, при чтении «по кругу»:> – Братец, что? – Секу! <Версия 4, при чтении «по кругу»:> – Братец, что? – Секу ребра!",кириллица,резьба по дереву,,с небольшими утратами (>85%),,,"Возможно, надпись следует читать «по кругу», повторно используя первые буквы после последних (предпололожение Е. А. Рыбиной, развитое Е. Ю. Щегольковой)"
886,https://epigraphica.ru/epigraphy/inscription/show/886,1100-1200,Мстуй (имя плательщика дани),Бирка Мстуя,счетная бирка,Троицкий раскоп,Мостоуи,,‘Мстуй’,кириллица,резьба по дереву,,целая (100%),,,"Надпись интерпретируется как < Мъстуи > – прибалтийско-финское имя с корнем must- ‘черный’ и частотным в именах этого происхождения суффиксом - уи . Ср. имя лива < Мъстъка> в берестяной грамоте № 776 , а также название реки Мъста. По-видимому, бирка отмечала подать, собранную у Мстуя. Учитывая, что две другие аналогичные бирки несут пометы « Усть-Вага » и « Усть-Емца », важной параллелью является Устав Святослава Ольговича 1137 г., где эти же два топонима выступают в списке облагаемых податями субъектов наряду с прибалтийско-финскими антропонимами на - уи (Вихтуй, Лигуй). Графика: эффект ъ → о . (Поправка epigraphica.ru, февраль 2023. В публикации имя неточно читалось как Мѣстоуи )."
887,https://epigraphica.ru/epigraphy/inscription/show/887,1100-1200,"Запись о дани, собранной в Усть-Емце",Бирка «Усть-Емца»,счетная бирка,Троицкий раскоп,ꙋстье Ѣмьцѣ,,Усть-Емца.,кириллица,резьба по дереву,,целая (100%),,,Ср. аналогичную плоскую бирку « Усть-Вага ». Река Емца как место сбора дани упоминается в Уставе Святослава Ольговича и на одной из цилиндрических бирок .
888,https://epigraphica.ru/epigraphy/inscription/show/888,1100-1120,Надпись с именем Смолько Нинкинич и (предположительно) сокращенным словом «поп»,Фрагменты первоначальной штукатурки новгородского Софийского собора,стена церкви,Собор св. Софии,Текст 1:Текст 2:п-,,"Смолько Нинкинич, поп (?)",кириллица,граффито,"92 см от левого края, 18 см от верхнего края. Взаимное расположение текстов: текст 2 приписан над 1-ой буквой 1-ой строки текста 1.",с небольшими утратами (>85%),"[1100-1160] К 5 «уменьшенный верх» 1100> (1280>), ъ I «округлая петля» <1160, ь I «округлая петля» <1200. ( )",,В Нинъкиничь выступает новгородское диалектное ки . Имя Смолько в наддиалектной др.-р. форме с - о (не с - е ).
889,https://epigraphica.ru/epigraphy/inscription/show/889,1045-1144,Автограф Негла,Розовая обмазка первоначальных стен Софийского собора,стена церкви,Собор св. Софии,Нѣгълъ пс(--),,Негл (Негол) писал.,кириллица,граффито,"Южная паперть, северная стена, восточная лопатка, южная грань. 24 см от левого края, 118 см от пола.",целая (100%),,,А. А. Зализняк допускает тождество автора граффито с автором берестяных грамот 821 и 867 .
890,https://epigraphica.ru/epigraphy/inscription/show/890,1045-1200,Шуточная надпись о Якиме,Стены новгородского Софийского собора,стена церкви,Собор св. Софии,Ѧкиме стоѧ оусъне,,"‘Яким стоя уснет, а рта и об камень не расшибет’.",кириллица,граффито,,целая (100%),"Внестратиграф. до [1220], предпочт. до [1200]: О 1 «покрытие» <1260, «и, н, к сверху засечены, снизу нет» (<1200 и <1300); язык: редуцированные сохранены <1220. ( )",,"Надпись известна по фотографии В. Н. Щепкина (1902: табл. II: 10) со слепка В. В. Суслова. Морфология диалектная: - е в И. ед. Ѧкиме , отсутствие - ть в оусъне , не ростепе . Графика стандартная. Редуцированные сохранены: оусъне , ръта ."
891,https://epigraphica.ru/epigraphy/inscription/show/891,1045-1144,Автограф Оркада (Аркадия),Розовая обмазка первоначальных стен Софийского собора,стена церкви,Собор св. Софии,Оръкадъ ѱ҃ъ,,Оркад (Аркадий) писал.,кириллица,граффито,"Южная паперть, северная стена, восточная лопатка, южная грань. + 54 см от правого края, 126 см от пола",с небольшими утратами (>85%),,,А. А. Зализняк не исключает тождество автора граффито с епископом Аркадием (ум. 1163)
892,https://epigraphica.ru/epigraphy/inscription/show/892,1045-1050,Автограф художника Иоанна-Сежира,Стены новгородского Софийского собора,стена церкви,Собор св. Софии,Їѡанъл҇,,Иоанн. Аминь. Сежир писал.,кириллица,граффито,"На левом (то есть, вероятно, южном) откосе западного окна (окна между изображениями пророков Аввакума и Малахии) в барабане центрального купола",целая (100%),"Палеогр. до 1160: А 7 «удлиненная спинка» <1200 или 1420>, р 4 «маленькая головка» <1240 (<1200), ъ I «округлая петля» <1160. ( )",,"Надпись, вероятно, заштукатурена в XIX в. Гипсовый слепок И. А. Шляпкина [Архив СПбИИ, коллекция ИКДП, слепок № 1]. Надпись содержит один из самых ранних примеров И. ед. на - е . Показательно, что с диалектным окончанием выступает только Сежире , но не Iѡанъ . (Зализняк 2004а)"
893,https://epigraphica.ru/epigraphy/inscription/show/893,1045-1120,Владельческая надпись Доброшки,Первоначальная штукатурка новгородского Софийского Собора,стена церкви,Собор св. Софии,Добро⸗,,Доброшкино.,кириллица,граффито,"Второй этаж, южная галерея, западное помещение, южная стена, справа от западной оконной ниши. 53 см от левого края, 127 см от пола",с небольшими утратами (>85%),"Палеограф. до [1120]. Б I «округлая петля» <1120, б 1 «петля углом вперед» <1120; д 3 «длинные ножки (обычн.)» <1200 или 1280>, ь I «округлая петля» <1200. ( )",,"Возможно, граффито фиксировало принадлежность Доброшке каких-то хранившихся здесь ценностей. Тождество с Доброшкой, известным по берестяным грамотам 1150-1170-х гг. с Троицкого раскопа, сомнительно ввиду ранней даты граффито (свод «София Новгородская»). Интересно диалектное сохранение - к - перед притяжательным суффиксом (Зализняк 2004а: 202)."
894,https://epigraphica.ru/epigraphy/inscription/show/894,1160-1180,"Памятная надпись о трапезе Радка, Хотка, Сновида и Витомира и молитва об Угрине",Стены новгородского Софийского собора,стена церкви,Собор св. Софии,Радъке Хотъке,,"‘Радко, Хотко, Сновид и Витомир выпили здесь бочонок (?) по указанию Угрина. Да благословит его Бог, [за то,] что дал нам. И дай ему Бог вечное спасение’ ( )",кириллица,граффито,"Лестничная башня, столб, над 12-й ступенью после 2-й площадки, 120 см над ступенью.",неизвестно,"Внестратиграф. [1160–1180]. Графика: ѫ <1240; в 2 «петля выступает под строку» <1220, о 3 «шириной с и, н» 1160> (1360>), ѣ 8 «петля выступает под строку» <1220 (<1180) или 1320>, «б, в, г, п обычно с выступом» <1180 (<1120); язык: редуцированные сохранены <1220. Нижняя граница датировки может быть не вполне верна, так как определяется только одним параметром: о 3 «шириной с и, н» 1160> (1360>). ( )",,"Все четыре имени в И. ед. o -склонения оформлены при помощи окончания - е , то есть по новгородской диалектной норме."
895,https://epigraphica.ru/epigraphy/inscription/show/895,1119-1130,Запись денежной суммы («13 гривен и резана»),Стены юрьевского Георгиевского собора,стена церкви,Георгиевский собор Юрьева монастыря,вѣвериць три,,‛Денег тринадцать гривен и резана'.,кириллица,граффито,"Надпись находится в северной части лестничной башни, на камне, заложенном заподлицо в кладку столба на уровне девятой ступени. Надпись процарапана тонким острым предметом на глубине примерно 0.5 см; высота букв – 2.2–6.5 см. До раскрытия надпись была покрыта штукатуркой, относящейся ко времени строительства собора. ( )",с небольшими утратами (>85%),,,Надпись обнаружена Т. В. Рождественской в 1992 г.
896,https://epigraphica.ru/epigraphy/inscription/show/896,1144-1220,Фольклорное произведение (заговор или считалка) о пироге,Фресковая штукатурка 1144 года новгородского Софийского собора,стена церкви,Собор св. Софии,Текст 1Текст 2пелеп[е]лъкапар[и] (в)[о] доубро⸗ве пост(ави) ка⸗шоу по(ст)ави пи⸗рог[е] тоу и[д]и,,"Текст 1: ‘… пирог в печи, дружина в корабле’. Текст 2: ‘Перепелка летит в дубраве, поставь кашу, поставь пироги, теперь иди’. ( )",кириллица,граффито,"Южная паперть, северная стена, западная лопатка, западная грань, у левого края, 138 см от пола",с утратами (50-85%),"Внестратиграф. [1120–1360] (предпочт. либо [1120–1220], либо [1320–1360]). Графика: оу после согл. (исключит.) <1360, графика: ѣ → е (фонд ≥ 2×) 1100–1380; е 4 «язычок вниз» 1100> (1100–1400), и 2б «нижние засечки (короткие)» (1120–1400), п 2 «нижние засечки» 1120–1420 (1120–1380), у 7 «разомкнутые» (1320–1420), ч Iа «чаша / бокальчик» <1420 (<1380); язык: редуцированные сохранены <1220 (1×). К сожалению, надпись не содержит узко датирующих внестратиграфических признаков. Ее общий облик и отсутствие на фресках 1144 г. надписей позднее XIII в. склоняют в пользу выбора раннего отрезка предпочтительной датировки, то есть домонгольского времени. ( )",,"Надпись зачеркнута. Вероятно, зачеркнувшим ее «цензором» был автор надписи , расположенной непосредственно под данным граффито."
897,https://epigraphica.ru/epigraphy/inscription/show/897,1160-1320,"Ремарка с проклятием писцу, оставившему профанную надпись в церкви",Фресковая штукатурка 1144 года новгородского Софийского собора,стена церкви,Собор св. Софии,оусохните,,‘Усохни у тебя руки’ ( ),кириллица,граффито,"Южная паперть, северная стена, западная лопатка, западная грань, у левого края, 126 см от пола",целая (100%),,,"Вероятно, комментарий цензора, зачеркнувшего фольклорное произведение о перепелке ."
898,https://epigraphica.ru/epigraphy/inscription/show/898,1144-1200,Ламентация,Фресковая штукатурка 1144 года новгородского Софийского собора,стена церкви,Собор св. Софии,охъ |дш҃е |грѣ|ш,охъ дш҃е грѣ⸗ ш(ьнѣи),"‘Ох, грешной душе!’ ( )",кириллица,граффито,"Южная паперть, северная стена, западная лопатка, западная грань, 8 см от левого края, 122 см от пола",с утратами (50-85%),Палеограф. предпочт. до [1200]; Ъ 3 «выступ вправо вверху» (<1200). ( ),,"По предположению А. А. Медынцевой, рассматриваемая надпись, как и ремарка с проклятием , является комментарием к фольклорному тексту о перепелке (воздыхание о грешной душе оставившего этот текст). Возможно, не случайно соседство с покаянным стихом ."
899,https://epigraphica.ru/epigraphy/inscription/show/899,1144-1200,Покаянный стих,Фресковая штукатурка 1144 года новгородского Софийского собора,стена церкви,Собор св. Софии,… мо[ѧ] (…),,"‘Душа моя, душа моя! (?) И снова скажу тебе: о душа моя! почему лежишь, почему не встаешь, почему не молишься Господу своему днем и ночью (?), зло видя, а добра не видя, чужому добру завидуя, а сама добра не творя?’",кириллица,граффито,"Южная паперть, северная стена, западная лопатка, западная грань, 30 см от правого края, 137 см от пола",с утратами (50-85%),,,
900,https://epigraphica.ru/epigraphy/inscription/show/900,1045-1120,"Поэтическое прорицание Якова Юги, жреца воронов",Первоначальные стены Софийского собора,стена церкви,Собор св. Софии,--ко-ъ(-),,"‘Яков Юга (?), на воронах гадатель, указывает, что Хотен Нос в Воротне цел’",кириллица,граффито,Северо-западный подкупольный столб,с утратами (50-85%),"Внестратиграф. до [1180], предпочт. до [1120]. Графика: ь → ъ <1180 (<1140); а 1 «покрытие» <1320 (<1280), ж Iа1 «прямая звезда» <1200 (<1120), о 1 «покрытие» <1260, ъ 3 «выступ вправо вверху» (<1200). ( )",,"Текст представляет собой насыщенное аллитерациями поэтическое прорицание (ответ оракула) с параллелями в скандинавской мифологии. Задаче создать аллитерированный текст подчинен авторский выбор между древненовгородскими, наддиалектными древнерусскими и церковнославянскими лингвистическими признаками. Хотен Нос, которому оно посвящено – автор одного из граффити Софии Новгородской , судя по расположению его автографа, духовное лицо."
901,https://epigraphica.ru/epigraphy/inscription/show/901,1340,Надпись о громе 13 июля 1340 г.,Кровля Успенского собора во Владимире,кровельный лист,Успенский собор во Владимире,въ лѣт҂ꙅ҃ѡ҃м҃и҃ мс҇цѧ июлѧ въ г҃іс҇ла Акоулꙑ громъбꙑс҇и землѧ потрѧсесѧ,,"13 июля 6848 года, на память святого апостола Акилы, был гром и потряслась земля.",кириллица,граффито,"Надпись находится в правой верхней части листа в три строки, нацарапана острым орудием через позолоту. Надпись повреждена круглым отверстием от гвоздя.",с небольшими утратами (>85%),"1260-1360, предпочт. 1320-1360 ( )",,"Во второй строке в Акоулы начертание «слитное оу » (Лихачёв дает ѵ‎ , Рыбаков у )."
902,https://epigraphica.ru/epigraphy/inscription/show/902,1100-1200,Указание веса или стоимости сосуда,Берёзовская чаша (Чаша с пиром императрицы),чаша,"Берёзово, наследственное имущество купцов Нижегородцевых",въ полъ,,‘В тридцать пять гривен’.,кириллица,граффито,"На поддоне сосуда, нанесена очень тонкими и неглубокими линиями тонким инструментом типа иглы. ( )",целая (100%),"Вероятно, не позднее середины XII в. К палеографическим признакам, указанным В. П. Даркевичем, следует добавить этимологически правильное употребление редуцированных. ( ) Надпись по палеографии близка новгородским берестяным грамотам XII в. Буква «ч» имеет форму бокальчика. У буквы «в» обе треугольные половинки почти равны по размерам. Петли «ъ» и «ь» тоже треугольны. Совокупность признаков позволяет отнести надпись к XII в. Характерна буква «р» в виде тросточки, у которой округлая головка не соприкасается внизу с мачтой. Такое «р» встречено только на грамотах XII в., позже такое начертание неизвестно. ( )",,"Прочтение и датировка надписи, приводимые в работе А. А. Спицына, принадлежат А. И. Соболевскому. Буква т исправлена на более четкую, так же как буква н . В третьей строке тем же инструментом ошибочно написанный ѧ исправлен на а (Медынцева 2000). Б. А. Рыбаков и А. А. Медынцева предполагали, что на чаше указана ее стоимость. Согласно Б. И. Маршаку, В. Л. Янину и А. А. Гиппиусу, речь идет о весе изделия."
903,https://epigraphica.ru/epigraphy/inscription/show/903,1190-1238,Владельческая надпись Максима,Парные литейные формы Максима,литейная форма,Детинец Серенска,Мако⸗,,‘Максимовы’ [две формочки],кириллица,граффито,"Начало надписи ( Мако|симо ) и конец ( ве ) нанесены на боковых гранях обеих формочек. Если сложить их вместе, надпись читается целиком. ( )",целая (100%),,,"Запись Макосимове А. А. Гиппиус проинтерпретировал как словоформу двойственного числа < Макъсимовѣ> , относящуюся к обеим парным формочкам. Соответствующее существительное должно быть женского или среднего рода."
904,https://epigraphica.ru/epigraphy/inscription/show/904,1200-1230,Подписи к изображениям свв. Симеона Столпника и Ставрокия,"Икона свв. Симеона Столпника, Ставрокия и св. Георгия Победоносца",икона,Михайловский раскоп,Текст 1:|im.|~ С|ь|м|е|ѡ|н|ъТекст 2:~ ѡ |а|г|и|ѡ|с|ъ|im.|~ Ст|а|в|ро|к|и,,,кириллица,резьба по камню,Колончатые надписи между изображениями святых,целая (100%),Первая половина XIII в. ( ),,"По и , подписи к изображениям свв. Симеона Столпника и Ставрокия написаны тем же почерком, что и подписи к иконам свв. Бориса и Глеба из Солотчинского монастыря и к иконе св. Димитрия Солунского из Каменец-Подольского музея. Сами эти иконы выполнены в едином стиле и принадлежат одной и той же южнорусской школе, датируемой началом XIII в. и за ней датируют изображение Симеона и Ставрокия вместе со всей этой группой икон более поздним временем – началом XIV в. В агиѡсо А. А. Медынцева видит графический эффект ъ → о , представленный в этом слове также на подписи к иконе из Каменец-Подольского музея. По Т. В. Николаевой и А. А. Медынцевой, изображение св. Георгия Победоносца на обороте новгородской иконы выполнено в ином стиле, подписано другой рукой и синхронно стратиграфической дате (начало XIV в.)."
905,https://epigraphica.ru/epigraphy/inscription/show/905,1300-1320,Подпись к изображению св. Георгия,"Икона свв. Симеона Столпника, Ставрокия и св. Георгия Победоносца",икона,Михайловский раскоп,а⃝|im.|Геѡ|рги,,‘Святой Георгий’,кириллица,резьба по камню,Вокруг головы всадника,целая (100%),Данных нет ( ),,"Согласно , подпись выполнена иным почерком, чем подпись к изображениям свв. Симеона Столпника и Ставрокия на лицевой стороне той же иконы , и синхронна (как и само изображение св. Георгия) ее стратиграфической дате. А. А. Медынцева присоединяется к Т. В. Николаевой в датировке изображения, подпись в ее работе не разбирается."
906,https://epigraphica.ru/epigraphy/inscription/show/906,1100-1200,"Подпись к реликвиям, связанным с паломничеством в Палестину",Иерусалимский мощевик,реликварий,неизвестно,Текст 1:Текст 2:Прѣобра:⸗же||ни||еГн҃е :Текст 3:Блгвщ⸗ниеТекст 4:ЇевнвоТекст 5:Ро||жьстоБц҃и,,<Текст 1:> ‘[Гора] Ермон’. <Текст 2:> ‘Преображение Господне’. <Текст 3:> ‘Благовещение’. <Текст 4:> ‘Иоанново [рождество?]’ <Текст 5:> ‘Рождество Богородицы’,кириллица,граффито,"Текст 1 – слева от крайнего левого углубления, Текст 2 – над вторым углублением слева, по сторонам и ниже, Текст 3 – под третьим углублением слева, Текст 4 – слева от углубления, расположенного справа сверху, Текст 5 – по сторонам и ниже углубления, расположенного справа снизу",целая (100%),"Предпочтительно XII в. (разделительное двоеточие, начертание букв ї , в , ж , р, ѣ ).",,"Автор аннотации в каталоге «Меч и златник» – Е. Ю. Елькова. Для Їев(а)н(о)во ср. Иевана в берестяной грамоте № 560 со списком имен для поминовения. Пять текстов относятся каждый к своему углублению, которые, вероятно, содержали частички реликвий, собранных паломником в разных местах Святой земли – на горе Ермон и в четырех местах, связанных с евангельскими событиями, прообразами христианских праздников. Возможно, слово ‘Рождество’ относится одновременно к текстам 4 и 5 – так экономно обозначены Рождество Иоанна Предтечи и Рождество Богородицы. Возможно также, что слово ‘Богородицы’ одновременно продолжает текст 3 (‘Благовещение’). В публикации указан XIII век, однако палеография и хронология древнерусских паломничеств в Палестину указывает скорее на более раннюю дату."
907,https://epigraphica.ru/epigraphy/inscription/show/907,1000-1200,Монограмма Иисуса Христа,Корсунский крест из коллекции П. И. Севастьянова,крест,неизвестно,Іс҃|im.|Хс҇ъ,,,кириллица,граффито,По сторонам от граффито Голгофского креста,целая (100%),,,Автор описания в каталоге «Меч и златник» – Е. Ю. Елькова.
908,https://epigraphica.ru/epigraphy/inscription/show/908,1045-1075,Запись о снеге в пятое воскресенье после Пасхи,Первоначальные стены Софийского собора,стена церкви,Собор св. Софии,по Велицѣ дьнел҇· снѣгъпаде до ко⸗лѣна,,‘В пятое воскресенье после Пасхи выпал снег до колена’.,кириллица,граффито,Западный столб северного рукава креста,целая (100%),"В надписи представлено скопление ранних палеографических особенностей: удлиненные спинки а , д и л , буква ц с платформой, находящейся выше низа строки, буква ѣ с низким (в том числе наклонным) коромыслом и длинными засечками, ум­еньшенные петли ъ , ѣ . Всё это склоняет в пользу датировки надписи сер. – 3-ей четв. XI в. ( )",,В надписи видим палатализованную наддиалектную форму вели цѣ и древнее окончание консонантного склонения в М. ед. дьне . Ср. по Великѣ дни в надписи Луки. Отметим также беспредложный аккузатив во временном значении
909,https://epigraphica.ru/epigraphy/inscription/show/909,1045-1120,Жалоба женатых дьяков с обращением к владыке,Первоначальные стены Софийского собора,стена церкви,Собор св. Софии,охъ тъщьно влд҃ко нѣтꙋ порѧда дьꙗкомъ,,"‘Ох, тяжко ( букв .: тошно), владыка! Нет положенной платы дьякам! А как же мне не плакать! Увы женатым дьякам!’ ( )",кириллица,граффито,Северный столб западного рукава креста. Надпись выполнена огромными буквами почти на всю ширину грани. Одна из самых больших по размерам древнерусских надписей (80 см),с небольшими утратами (>85%),"Палеограф. до [1140], предпочт. до [1120]. ( )",,"Интерпретация начала второй строки как содержащего частицу дѣи ‘разве, неужели’ принадлежит А. А. Зализняку."
910,https://epigraphica.ru/epigraphy/inscription/show/910,1045-1144,Начало псалма 50,Первоначальная штукатурка новгородского Софийского Собора,стена церкви,Собор св. Софии,ⱂⱁⰿⰺⰾⱆ[ⰺ] ⰿⱗ Ⰱ[ⰵ҃ ⱂ]ⱁ,,,глаголица,граффито,"Южная паперть, западная стена, 118 см от левого угла, 140 см от пола",с утратами (50-85%),,,
911,https://epigraphica.ru/epigraphy/inscription/show/911,1100-1144,Надпись о поставлении Стефана иподиаконом,Первоначальная штукатурка новгородского Софийского Собора,стена церкви,Собор св. Софии,Стефа⸗,,‘Стефана поставили (рукоположили) в Вербное воскресенье в иподиаконы. Аминь.’,кириллица,граффито,"Южная паперть, северная стена, восточная лопатка, западная грань, у левого края, 195 см от пола",с небольшими утратами (>85%),,,
912,https://epigraphica.ru/epigraphy/inscription/show/912,1144-1199,Молитва и автограф Домашки Мыслятинича,Фресковая штукатурка 1144 года новгородского Софийского собора,стена церкви,Собор св. Софии,ст҃ꙑ · Михала про⸗,,"‘Святой Михаил, прости и отпусти [мои грехи]. Много я тебе (?) согрешил. Аминь. Домашка писал, сын Мысляты-портного ( или : Мысляты Швеца). Аминь’ ( )",кириллица,граффито,"Южная паперть, северная стена, проем между лопатками, 85 см от левого края, 135 см от пола",с небольшими утратами (>85%),,,
913,https://epigraphica.ru/epigraphy/inscription/show/913,1144-1180,"Запись о любви к «робкой госпоже», возможно, фольклорная",Фрагменты фресковой штукатурки 1144 года новгородского Софийского собора,стена церкви,Собор св. Софии,роб[ък]а,,"‘Робка госпожа, красива, люба нутру моему…’ ( )",кириллица,граффито,,с утратами (50-85%),"Графика: ъ → о (фонд ≥ 3×) 1100> (1140–1400) (1×); б 2 «открытая петля» <1380 (<1240) (≈), в 1 «нижняя петля углом вперед» <1180, оу Iб «обычное о ( о и у сближены)» (<1300), ъ 2 «открытая петля» <1240 (<1200) (≈); язык: редуцированные двояко <1300 (1120–1300) (1 : 1). ( )",,"Надпись многократно зачеркнута цензором. Последняя строка допускает реконструкцию ( с )[ т ] аре [ ц ]( ь ), что может относиться уже к мужу госпожи (‘а господин – старец’)."
914,https://epigraphica.ru/epigraphy/inscription/show/914,1045-1140,Запись о выдаче жалованья клириков (руги),Первоначальная штукатурка новгородского Софийского Собора,стена церкви,Собор св. Софии,въ роугѣ,,"‘Руги (жалования): осенью пять кун, а весной [основные] деньги’ ( )",кириллица,граффито,"Лестничная башня, стена, над 2-ой площадкой, 195 см от левого края площадки, 150 см над площадкой",с небольшими утратами (>85%),"Внестратиграф. до [1180], предпочт. до [1140] ( )",,"Как заметила Т. В. Рождественская, граффито выделяется диалектным написанием роугѣ без эффекта второй палатализации заднеязычных. Отметим также новг. диалектное окончание И. мн. - ѣ (при наддиалектном - ы ) в слове коунѣ ."
915,https://epigraphica.ru/epigraphy/inscription/show/915,1045-1054,"Молитва о Николе, пришедшем из Киева от князя Ярослава",Первоначальная штукатурка новгородского Софийского Собора,стена церкви,Собор св. Софии,(с)[в]ѧтаѣ (Со)ѳие : пом(ил)оуи : раба свое[го] : Нико(ло)у,,"‘Святая София, помилуй раба своего Николу, пришельца из города Киева от своего князя Ярослава и от церкви святых безмездников и чудотворцев Козьмы и Демьяна’ ( )",кириллица,граффито,"неизвестно Если судить по номеру, поставленному на кальке, она находилась на лестнице или хорах собора. Не исключено, что это граффито уничтожено, так как именно на хорах многие надписи были залиты цементом или сбиты ( )",неизвестно,,"Terminus post quem определяется временем начала строительства Софийского собора, а terminus ante quem – временем смерти Ярослава Мудрого, который умер 20 февраля 1054 г., вскоре после чего известие о его кончине должно было достичь Новгорода.",
916,https://epigraphica.ru/epigraphy/inscription/show/916,1045-1120,Молитва к Богородице (вариант молитвы Петра Черноризца – древнеболгарского литературного текста),Стены новгородского Софийского собора,стена церкви,Собор св. Софии,прс[т]а[ꙗ] (г)же Бце вѣдѣ ꙗко сквь⸗,,"‘Пресвятая госпожа Богородица, я знаю, что я порочен и нечист и недостоин и достоин ( вероятно, написано по ошибке вместо : исполнен) всякого нечистого греха. Ты … избавь раба …’ ( )",кириллица,граффито,,с утратами (50-85%),"Предпочтит. до [1120]. Графика: ѫ <1240; б I «округлая петля» <1120, б 3 «выступ вверху» (<1200), в 4 «выступ вверху» <1280 (<1200), д 3 «длинные ножки (обычн.)» <1200 или 1280>, ж Iа1 «прямая звезда» <1200 (<1120), ъ I «округлая петля» <1160, ѣ I «округлая петля» <1140 (?), ѣ 1 «петля углом вперед» <1200 (?). ( )",,"Первая фраза надписи почти дословно воспроизводит начало Молитвы Богородице Петра Черноризца (предположительно отождествляемого с болгарским царем Петром I), а продолжение заимствует из него отдельные строевые элементы. В софийском граффито мы видим раннее отражение этого древнеболгарского текста, известного по рукописям XIII в. и более позднего времени. Слова нечи [ ст ] а достоинъ ес [ м ] ь стоят вместо правильного нечиста … испълненъ есмь и при этом повторяют, с небольшими отличиями, нечистъ и недостоинъ из предыдущей строки. Вероятно, автор граффито по недосмотру повторил слово достоинъ вместо испълненъ ."
917,https://epigraphica.ru/epigraphy/inscription/show/917,[1165–1325],Подписи к изображениям архангелов,Хильдесхаймский крест,реликварий,Собор Вознесения Святой Марии,Текст 1:Текст 2:Га|вр|и|лТекст 3:Ꙋр|im.|[и]лоТекст 4:Ра|im.|ѳа,,"‘Михаил, Гавриил, Уриил, Рафаил’",кириллица,"чернение, резьба по металлу","лицевая сторона, в четырех лепестках квадрифолия, рядом с фигурами",целая (100%),"Палеографический анализ надписей, проведенный А. А. Медынцевой ( ) и уточненный В. Лефельдтом ( ), указывает на вторую половину XIII века – начало XIV, что противоречит гипотезе о том, что заказчиком креста был архиепископ новгородский Илия (+ 1186).",,
918,https://epigraphica.ru/epigraphy/inscription/show/918,[1165–1325],Подписи к изображениям в сцене распятия с предстоящими,Хильдесхаймский крест,реликварий,Собор Вознесения Святой Марии,Текст 1 (в верхней перекладине креста):Текст 2 (над центральной перекладиной креста):Оц҃ь и Сн҃ и Ст҃ꙑ ДхъТекст 3 (над фигурой слева от креста):(М)ирѲꙋТекст 4 (у фигуры справа от креста):а⃝ Іѡ҃,,"‘Иисус Христос Отец, Сын и Святой Дух Матерь Божия Святой Иоанн’",кириллица,"чернение, резьба по металлу","лицевая сторона, центральный квадрат",целая (100%),"Палеографический анализ надписей, проведенный А. А. Медынцевой ( ) и уточненный В. Лефельдтом ( ), указывает на вторую половину XIII века – начало XIV, что противоречит гипотезе о том, что заказчиком креста был архиепископ новгородский Илия (+ 1186).",,
919,https://epigraphica.ru/epigraphy/inscription/show/919,[1165–1325],"Подписи к фигурам пророка Илии, Василия Великого и, вероятно, Ипатия Гангрского",Хильдесхаймский крест,реликварий,Собор Вознесения Святой Марии,Текст 1 (у центральной фигуры):Текст 2 (у левой фигуры):[Б]а|си|ли|иТекст 3 (у правой фигуры):Е|ѵ|п|а|im.|т|и|і,,‘Илия Василий Ипатий’,кириллица,"чернение, резьба по металлу","оборотная сторона, центральный квадрат",целая (100%),"Палеографический анализ надписей, проведенный А. А. Медынцевой ( ) и уточненный В. Лефельдтом ( ), указывает на вторую половину XIII века – начало XIV, что противоречит гипотезе о том, что заказчиком креста был архиепископ новгородский Илия (+ 1186).",,"рассматривает несколько черт под последней буквой как греческое окончание имени пророка: Илиас. , однако, утверждает, что при ближайшем рассмотрении эта гипотеза не подтверждается. По мнению , штрихи, которые распознаются на месте первой буквы в имени Василия, имеют большее сходство с другими буквами б , чем с буквами в , встречающимися на кресте."
920,https://epigraphica.ru/epigraphy/inscription/show/920,[1165–1325],Подписи к изображениям апостолов,Хильдесхаймский крест,реликварий,Собор Вознесения Святой Марии,Текст 1 (левое полукружие):Текст 2 (верхнее полукружие):Ио|ан|ъТекст 3 (правое полукружие):П|а|ꙋ|лТекст 4 (нижнее полукружие):М|а|т|im.|ѳ|ѣ|т,,‘Матфей Павел Иоанн Петр’,кириллица,"чернение, резьба по металлу","оборотная сторона, в четырех лепестках квадрифолия",целая (100%),"Палеографический анализ надписей, проведенный А. А. Медынцевой ( ) и уточненный В. Лефельдтом ( ), указывает на вторую половину XIII века – начало XIV, что противоречит гипотезе о том, что заказчиком креста был архиепископ новгородский Илия (+ 1186).",,"Безбородое изображение апостола Петра, по наблюдению , не соответствует его традиционной иконографии. Скорее всего, мастер, подписывая фигуры апостолов, допустил ошибку: фигура с бородой в верхнем полукружии призвана была изображать Петра, а фигура без бороды в левом полукружии – Иоанна. По замечанию , первая буква в имени Паꙋл перевернута. В конце имени Матфея предполагает описку: вероятно, мастер перепутал т с ї ."
921,https://epigraphica.ru/epigraphy/inscription/show/921,[1165–1325],Подпись к кресту-мощевику,Хильдесхаймский крест,реликварий,Собор Вознесения Святой Марии,се крс҃то,,‘Это Честный Крест’,кириллица,"чернение, резьба по металлу","внутренняя сторона задней створки, верхний лепесток квадрифолия",с небольшими утратами (>85%),"Палеографический анализ надписей, проведенный А. А. Медынцевой ( ) и уточненный В. Лефельдтом ( ), указывает на вторую половину XIII века – начало XIV, что противоречит гипотезе о том, что заказчиком креста был архиепископ новгородский Илия (+ 1186).",,
922,https://epigraphica.ru/epigraphy/inscription/show/922,[1165–1325],Подпись к изображению креста,Хильдесхаймский крест,реликварий,Собор Вознесения Святой Марии,Іс҃ Хсъ|im.|к҃,,‘Иисус Христос побеждает’ ( ),кириллица,"чернение, резьба по металлу","внутренняя сторона задней створки, по сторонам от креста",целая (100%),"Палеографический анализ надписей, проведенный А. А. Медынцевой ( ) и уточненный В. Лефельдтом ( ), указывает на вторую половину XIII века – начало XIV, что противоречит гипотезе о том, что заказчиком креста был архиепископ новгородский Илия (+ 1186).",,
923,https://epigraphica.ru/epigraphy/inscription/show/923,[1165–1325],Подписи к фигурам святых Константина и Елены,Хильдесхаймский крест,реликварий,Собор Вознесения Святой Марии,Текст 1 (у левой фигуры):Текст 2 (у правой фигуры):Елена,,"‘Константин, Елена’",кириллица,"чернение, резьба по металлу","внутренняя сторона задней створки, центральный квадрат, рядом с фигурами",с небольшими утратами (>85%),"Палеографический анализ надписей, проведенный А. А. Медынцевой ( ) и уточненный В. Лефельдтом ( ), указывает на вторую половину XIII века – начало XIV, что противоречит гипотезе о том, что заказчиком креста был архиепископ новгородский Илия (+ 1186).",,"Первую и последнюю буквы имени Елены почти невозможно разобрать. Возможно, первую букву следует читать как О , а не как Е ( )."
924,https://epigraphica.ru/epigraphy/inscription/show/924,[1165–1325],Подпись к частице мощей святого Даниила,Хильдесхаймский крест,реликварий,Собор Вознесения Святой Марии,гроб,,‘Гроб святого Данила’,кириллица,"чернение, резьба по металлу","внутренняя сторона задней створки, в левом верхнем углу центрального квадрата",целая (100%),"Палеографический анализ надписей, проведенный А. А. Медынцевой ( ) и уточненный В. Лефельдтом ( ), указывает на вторую половину XIII века – начало XIV, что противоречит гипотезе о том, что заказчиком креста был архиепископ новгородский Илия (+ 1186).",,Букву г во втором слове на месте ожидаемой т и вслед за ним предлагают считать опиской.
925,https://epigraphica.ru/epigraphy/inscription/show/925,[1165–1325],Подпись к частице мощей Иоанна Кущника,Хильдесхаймский крест,реликварий,Собор Вознесения Святой Марии,гробъ,,‘Гроб Иоанна Кущника’,кириллица,"чернение, резьба по металлу","внутренняя сторона задней створки, в правом верхнем углу центрального квадрата",целая (100%),"Палеографический анализ надписей, проведенный А. А. Медынцевой ( ) и уточненный В. Лефельдтом ( ), указывает на вторую половину XIII века – начало XIV, что противоречит гипотезе о том, что заказчиком креста был архиепископ новгородский Илия (+ 1186).",,
926,https://epigraphica.ru/epigraphy/inscription/show/926,[1165–1325],Подпись к частице мощей святого Лазаря,Хильдесхаймский крест,реликварий,Собор Вознесения Святой Марии,гро|бъ |Лаз|оре|в,,‘Гроб Лазорев’,кириллица,"чернение, резьба по металлу","внутренняя сторона задней створки, в левом нижнем углу центрального квадрата",целая (100%),"Палеографический анализ надписей, проведенный А. А. Медынцевой ( ) и уточненный В. Лефельдтом ( ), указывает на вторую половину XIII века – начало XIV, что противоречит гипотезе о том, что заказчиком креста был архиепископ новгородский Илия (+ 1186).",,
927,https://epigraphica.ru/epigraphy/inscription/show/927,[1165–1325],Подпись к частицам мощей святых Константина и Елены,Хильдесхаймский крест,реликварий,Собор Вознесения Святой Марии,гробъ,,‘Гроб Константина и Елены’,кириллица,"чернение, резьба по металлу","внутренняя сторона задней створки, в правом нижнем углу центрального квадрата",целая (100%),"Палеографический анализ надписей, проведенный А. А. Медынцевой ( ) и уточненный В. Лефельдтом ( ), указывает на вторую половину XIII века – начало XIV, что противоречит гипотезе о том, что заказчиком креста был архиепископ новгородский Илия (+ 1186).",,Букву е в имени Константина на месте ожидаемой с и вслед за ним предлагают считать опиской.
928,https://epigraphica.ru/epigraphy/inscription/show/928,[1165–1325],Подпись к частицам мощей святой Пелагеи и святого Саввы,Хильдесхаймский крест,реликварий,Собор Вознесения Святой Марии,гроб,,‘Гроб святой Пелагеи и святого Саввы’,кириллица,"чернение, резьба по металлу","внутренняя сторона задней створки, левый лепесток квадрифолия",целая (100%),"Палеографический анализ надписей, проведенный А. А. Медынцевой ( ) и уточненный В. Лефельдтом ( ), указывает на вторую половину XIII века – начало XIV, что противоречит гипотезе о том, что заказчиком креста был архиепископ новгородский Илия (+ 1186).",,Перекладина начальной буквы г начертана в виде извилистой линии ( ).
929,https://epigraphica.ru/epigraphy/inscription/show/929,[1165–1325],Подпись к частицам гроба Господня и гроба Богородицы,Хильдесхаймский крест,реликварий,Собор Вознесения Святой Марии,се гро⸗,,‘Се гроб Господень и гроб святой Богородицы’,кириллица,"чернение, резьба по металлу","внутренняя сторона задней створки, правый лепесток квадрифолия",целая (100%),"Палеографический анализ надписей, проведенный А. А. Медынцевой ( ) и уточненный В. Лефельдтом ( ), указывает на вторую половину XIII века – начало XIV, что противоречит гипотезе о том, что заказчиком креста был архиепископ новгородский Илия (+ 1186).",,Букву л в слове ст҃лѣ на месте ожидаемой о и вслед за ним предлагают считать опиской.
930,https://epigraphica.ru/epigraphy/inscription/show/930,[1165–1325],Подпись к частице гроба Богородицы,Хильдесхаймский крест,реликварий,Собор Вознесения Святой Марии,одръ стоѣ,,"‘Одр святой Богородицы, Ангелова стопа; постница Господня’ ( )",кириллица,"чернение, резьба по металлу","внутренняя сторона задней створки, нижний лепесток квадрифолия",целая (100%),"Палеографический анализ надписей, проведенный А. А. Медынцевой ( ) и уточненный В. Лефельдтом ( ), указывает на вторую половину XIII века – начало XIV, что противоречит гипотезе о том, что заказчиком креста был архиепископ новгородский Илия (+ 1186).",,
931,https://epigraphica.ru/epigraphy/inscription/show/931,[1165–1325],Вкладная надпись с фрагментом молитвы «Похвала кресту»,Хильдесхаймский крест,реликварий,Собор Вознесения Святой Марии,Текст 1 (по верхнему ободу):Текст 2 (по нижнему ободу):[⁘ Х]се ч[ь]ст[ь]|нꙑ|и пр|ог[о]ни⸗[те]лю [дѣ]|м|он[о]|мъ пом⸗ощьниче | всѣ|мъ | хрьсть⸗аномъ | а|м|инь ⁙,,"‘Господи, помоги рабу своему Илии, стяжавшему сей крест в сей век и в будущий. Честный крест, прогонитель демонам, помощник всем христианам. Аминь’",кириллица,чернение,по ободу верхней и нижней створки,с небольшими утратами (>85%),"Палеографический анализ надписей, проведенный А. А. Медынцевой ( ) и уточненный В. Лефельдтом ( ), указывает на вторую половину XIII века – начало XIV, что противоречит гипотезе о том, что заказчиком креста был архиепископ новгородский Илия (+ 1186).",,"Чтение плохо сохранившегося фрагмента надписи как прог[о]ни[те]лю [дѣ]|мон[о]мъ «подтверждается текстологическим совпадением с одной из строф “похвалы кресту”, записанной на нерльском кресте (XII в.): “крест охранник всей вселенной... крест дѣмономъ прогонитель ”» ( )."
932,https://epigraphica.ru/epigraphy/inscription/show/932,[1400–1430],Надпись с цитатой из тропаря,Круглый медальон-мощевик (серебряный с позолотой),реликварий,Церковь Благовещения Пресвятой Богородицы в Московском Кремле,· спние здѣю посредѣ землѧ Хе Бе на кртѣ прчтѣ руцѣ свои простеръ сбираꙗ всꙗ,,"‘Спа­се­ние со­вер­шил Ты по­сре­ди зем­ли, Хри­сте Бо­же: на Кре­сте про­стер пре­чи­стые ру­ки Твои, со­би­рая все [на­ро­ды]’",кириллица,резьба по металлу,"лицевая сторона, внутренняя надпись ( )",целая (100%),"«Письмо литургических надписей на серебряном мощевике из Благовещенского собора близко по начеркам букв к “манерному” уставу конца XIѴ в., но отличается от него более вытянутыми пропорциями. Большинство начертаний букв нейтрально, т. е. может встречаться как в русских почерках, восходящих к традиции XIѴ в., так и в южнославянских. Явные графические новации, характерные бесспорно уже для XѴ в., отсутствуют. <...> В качестве косвенной палеографической приметы круговых надписей на этом мощевике, позволяющей датировать памятник в пределах первой трети XѴ в., следует дополнительно указать на общий простой рисунок прямых букв». ( )",,"В надписи цитируется тропарь, глас 2, на 6-м часе, Великой пятницы ( )."
933,https://epigraphica.ru/epigraphy/inscription/show/933,[1400–1430],Надпись с цитатой из кондака,Круглый медальон-мощевик (серебряный с позолотой),реликварий,Церковь Благовещения Пресвятой Богородицы в Московском Кремле,+ твердꙑꙗ и бовѣщаннꙑꙗ проповѣдателѧ верхъ оучнкъ твоихъ Ги приꙗтъ в наслажение блгхъ твоихъ покоꙗ трꙋдꙑ бо ѡпѣхъ и смрть приꙗть паче,,"‘Непоколебимых и богогласных проповедников, высших из учеников Твоих, Господи, Ты принял в наслаждение благ Твоих и покой; ибо труды их и смерть признал Ты [высшими всякой жертвы]’.",кириллица,резьба по металлу,"лицевая сторона, внешняя надпись ( )",целая (100%),"«Письмо литургических надписей на серебряном мощевике из Благовещенского собора близко по начеркам букв к “манерному” уставу конца XIѴ в., но отличается от него более вытянутыми пропорциями. Большинство начертаний букв нейтрально, т. е. может встречаться как в русских почерках, восходящих к традиции XIѴ в., так и в южнославянских. Явные графические новации, характерные бесспорно уже для XѴ в., отсутствуют. <...> В качестве косвенной палеографической приметы круговых надписей на этом мощевике, позволяющей датировать памятник в пределах первой трети XѴ в., следует дополнительно указать на общий простой рисунок прямых букв». ( )",,"В надписи цитируется кондак четверга, глас 2 ( )."
934,https://epigraphica.ru/epigraphy/inscription/show/934,[1400–1430],Подписи к изображениям апостолов,Круглый медальон-мощевик (серебряный с позолотой),реликварий,Церковь Благовещения Пресвятой Богородицы в Московском Кремле,оаг҃|im.|Па|ꙋлг҃|im.|Iѡ҃оаг҃|im.|Лꙋ|каоаг҃|im.|Си|мо|ноаг҃|im.|Ва|рфо|лоаг҃|im.|Фі|ли|поаг҃|im.|Ѳо|маоаг|im.|Іа|ко|воаг|im.|Ан|дрѣоаг҃|im.|Ма|іѳоаг҃|im.|Ма|ркоаг҃|im.|Пе|тр,,‘Святой Павел Святой Иоанн Святой Лука Святой Симеон Святой Варфоломей Святой Филипп Святой Фома Святой Иаков Святой Андрей Святой Матфей Святой Марк Святой Петр’,кириллица,резьба по металлу,"лицевая сторона, рядом с изображениями апостолов",целая (100%),"«Письмо литургических надписей на серебряном мощевике из Благовещенского собора близко по начеркам букв к “манерному” уставу конца XIѴ в., но отличается от него более вытянутыми пропорциями. Большинство начертаний букв нейтрально, т. е. может встречаться как в русских почерках, восходящих к традиции XIѴ в., так и в южнославянских. Явные графические новации, характерные бесспорно уже для XѴ в., отсутствуют. <...> В качестве косвенной палеографической приметы круговых надписей на этом мощевике, позволяющей датировать памятник в пределах первой трети XѴ в., следует дополнительно указать на общий простой рисунок прямых букв». ( )",,
935,https://epigraphica.ru/epigraphy/inscription/show/935,[1400–1430],Надпись с цитатой из богородична,Круглый медальон-мощевик (серебряный с позолотой),реликварий,Церковь Благовещения Пресвятой Богородицы в Московском Кремле,Мти стаꙗ прчтаго свѣта англьскими пѣсньми чтоуще Тѧ поемъ и велиі,,"‘Мать святая пречистого света, ангельскими песнями чествуя Тебя, поем и вели[чаем]’",кириллица,резьба по металлу,"оборотная сторона, внутренняя надпись ( )",целая (100%),"«Письмо литургических надписей на серебряном мощевике из Благовещенского собора близко по начеркам букв к “манерному” уставу конца XIѴ в., но отличается от него более вытянутыми пропорциями. Большинство начертаний букв нейтрально, т. е. может встречаться как в русских почерках, восходящих к традиции XIѴ в., так и в южнославянских. Явные графические новации, характерные бесспорно уже для XѴ в., отсутствуют. <...> В качестве косвенной палеографической приметы круговых надписей на этом мощевике, позволяющей датировать памятник в пределах первой трети XѴ в., следует дополнительно указать на общий простой рисунок прямых букв». ( )",,"В надписи цитируется тропарь, глас 2, на утрени субботы четвертой Великого поста."
936,https://epigraphica.ru/epigraphy/inscription/show/936,[1400–1430],Надпись с цитатой из кондака,Круглый медальон-мощевик (серебряный с позолотой),реликварий,Церковь Благовещения Пресвятой Богородицы в Московском Кремле,+ ꙗко блгочтьꙗ проповѣдники и нчтиꙗ обꙋздателѧ боноснꙑхъ сборъ оуꙗснилъ еси подъслнчную зарѧющихъ тѣхь млтвами Хе Бе в мирѣ свѣршенѣ тебе сла,,"‘Как бла­го­че­стия про­воз­вест­ни­ков и нече­стия обуз­да­те­лей, сонм бо­го­нос­цев Ты укра­сил, все под солн­цем оза­ря­ю­щий, их молитвами, Христе Боже, в мире совершенном тебя сла[вящих]’",кириллица,резьба по металлу,"оборотная сторона, внешняя надпись ( )",целая (100%),"«Письмо литургических надписей на серебряном мощевике из Благовещенского собора близко по начеркам букв к “манерному” уставу конца XIѴ в., но отличается от него более вытянутыми пропорциями. Большинство начертаний букв нейтрально, т. е. может встречаться как в русских почерках, восходящих к традиции XIѴ в., так и в южнославянских. Явные графические новации, характерные бесспорно уже для XѴ в., отсутствуют. <...> В качестве косвенной палеографической приметы круговых надписей на этом мощевике, позволяющей датировать памятник в пределах первой трети XѴ в., следует дополнительно указать на общий простой рисунок прямых букв». ( )",,"В надписи цитируется кондак, глас 8, на утрени субботы сырной. Видимо, в результате описки или ошибочного понимания структуры фразы эпитет озарѧющиi , относящийся к Христу, поставлен в форму Р.п., мн.ч."
937,https://epigraphica.ru/epigraphy/inscription/show/937,[1400–1430],Надпись с цитатой из тропаря празднику,Круглый медальон-мощевик (золотой),реликварий,Церковь Благовещения Пресвятой Богородицы в Московском Кремле,+ рожество вое Хе Бе нашь восиѧ всему міру свѣть разумнꙑ в онъ бо служащі звѣздамъ зведю,,"‘Рождество Твое, Христе Боже наш, озарило мир светом разума, ибо через него звездам служащие звездою...’",кириллица,резьба по металлу,лицевая сторона ( ),целая (100%),"«Литургические круговые надписи на нем [мощевике] выполнены не слишком каллиграфическим гибридным почерком довольно приземистых пропорций, совмещающим в себе признаки старшего <...> и младшего <...> полуустава с явным преобладанием первых. Орфография без выраженных следов “второго южнославянского влияния” <...>. Подобные почерки (и даже с большим числом примет младшего полуустава и среднеболгарской орфографии) характерны для книг, переписанных в Северо-Восточной Руси в первой четверти — трети XѴ в.» ( )",,В надписи цитируется начало тропаря празднику ( ). отмечает описки в словах вое (вм. твое ) и зведю (вм. звездю ).
938,https://epigraphica.ru/epigraphy/inscription/show/938,[1400–1430],Надпись с цитатой из кондака самогласна,Круглый медальон-мощевик (золотой),реликварий,Церковь Благовещения Пресвятой Богородицы в Московском Кремле,оутробу двчю ѡсти ржтвомъ своімь и руцѣ,,"‘Утробу девичью освятил рождеством Своим, и руки...’",кириллица,резьба по металлу,"оборотная сторона, внутренняя надпись ( )",целая (100%),"«Литургические круговые надписи на нем [мощевике] выполнены не слишком каллиграфическим гибридным почерком довольно приземистых пропорций, совмещающим в себе признаки старшего <...> и младшего <...> полуустава с явным преобладанием первых. Орфография без выраженных следов “второго южнославянского влияния” <...>. Подобные почерки (и даже с большим числом примет младшего полуустава и среднеболгарской орфографии) характерны для книг, переписанных в Северо-Восточной Руси в первой четверти — трети XѴ в.» ( )",,"В надписи цитируется начало кондака самогласна, глас 1-й, который поется на Сретение 2 февраля, на утрени, по 6-й песни канона ( )."
939,https://epigraphica.ru/epigraphy/inscription/show/939,[1400–1430],Надпись с цитатой из тропаря субботы,Круглый медальон-мощевик (золотой),реликварий,Церковь Благовещения Пресвятой Богородицы в Московском Кремле,+ апли мчнци пррци ерарьси прпдоблиі праведни іже добрѣ подвигь скончавше і вѣру сб,,"‘Апостолы, мученики, пророки, иерархи, преподобные, праведники, которые доблестно подвиг совершили и веру [сохранили]’",кириллица,резьба по металлу,"оборотная сторона, внешняя надпись ( )",целая (100%),"«Литургические круговые надписи на нем [мощевике] выполнены не слишком каллиграфическим гибридным почерком довольно приземистых пропорций, совмещающим в себе признаки старшего <...> и младшего <...> полуустава с явным преобладанием первых. Орфография без выраженных следов “второго южнославянского влияния” <...>. Подобные почерки (и даже с большим числом примет младшего полуустава и среднеболгарской орфографии) характерны для книг, переписанных в Северо-Восточной Руси в первой четверти — трети XѴ в.» ( )",,В надписи цитируется начало тропаря субботы ( ).
940,https://epigraphica.ru/epigraphy/inscription/show/940,1100-1260,<Текст 1> Монограмма Иисуса Христа. <Текст 2> Надпись о поставлении креста Комлятой по матери,Ростиславльский крест,крест,Городище Ростиславль Рязанский,Текст 1:Текст 2:крс҃тъ по[с]…Комлѧта [п]…по мат[ѣр](и) (…),,‘Крест поставил Комлята... по матери’.,кириллица,резьба по камню,"Монограмма Христа: на краях перекладины. Основная надпись: перекладина креста, начало текста на левой лопасти. ( )",фрагмент (15-50%),"Согласно таблицам А. А. Зализняка, наличие покрытия у буквы о позволяет датировать почерк писавшего временем до 1260 года. Если в третьей строке представлена форма мат [ ѣр ]( и ), то в надписи использовалась бытовая орфографическая замена е и ѣ , что говорит в пользу датировки креста XII–XIII вв., предпочтительно концом XII — серединой XIII в. (примерно к тому же времени относится горшок с надписью, выполненной по сырой глине, найденный в Ростиславле в 2011 году). ( )",,"После Комлѧта виден фрагмент буквы п или г , в конце третьей строки — верхний левый уголок от буквы, вероятно, имевшей левую вертикаль и верхнюю горизонталь. Лакуна в конце второй строки могла содержать прозвище Комляты, его отчество или, к примеру, слова [ п ]( о оц҃у и ) ( )."
941,https://epigraphica.ru/epigraphy/inscription/show/941,1148,<Текст 1> Надпись об освящении антиминса для церкви св. Георгия архиепископом Нифонтом 1 сентября 1148 г. <Текст 2> Подпись к изображению креста,Антиминс Нифонта,антиминс,Николо-Дворищенский собор,Текст 1:ти|вѣ|мь| кнѧ|зи |Геѡ̈|рги·|и · |сн҃оу |Мо|но|ма|хо|воу |мс҇цѧ |се|птѧ|брѧ въ ·а҃· въ · лѣт҇·҂ѕ҃х҃(н҃)з҃· инд҇кта в(ъ) [в҃](і҃)Текст 2:Іс҃|im.|Хс҃ни҃|im.|ка҃,,"Жертвенник святого мученика Георгия освящен Нифонтом, архиепископом новгородским, повелением епископа ростовского Нестера, при богочестивом князе Георгии, сыне Мономахове, 1 сентября 6657 года, в 12-й год индикта.",кириллица,надпись чернилами,"По краям антиминса, слева и справа в виде колончатых надписей шириной в 2–3 буквы, сверху и снизу в строку. Подпись к изображению креста – по сторонам креста выше перекладины",с небольшими утратами (>85%),,,
942,https://epigraphica.ru/epigraphy/inscription/show/942,1080–1100,Молитва о сохранении благоприятной погоды для сушки плинфы,Плинфа Спасского храма-усыпальницы в Переяславе,плинфа,Спасский храм-усыпальница,Ги҃ [т]...,Ги҃ [т](оу ве)⸗ дро [о](уста)⸗ ви [и] (не да)⸗ ж[ь] (дъжѧ) ( ),,кириллица,граффито,,с утратами (50-85%),,Датировка по стратиграфии,"По мнению А. А. Гиппиуса, надпись на плинфе сохранилась чуть меньше, чем наполовину, и в ней может содержаться молитва о сохранении благоприятного вёдра, т.е. ясной погоды, необходимой для сушки глиняной плинфы под открытым небом."
943,https://epigraphica.ru/epigraphy/inscription/show/943,[1140–1240],Молитва об Игнате,Первоначальная фресковая штукатурка киевского Софийского собора,стена церкви,Собор св. Софии,Ги҃ помози рабу своему Игнато⸗,,"‘Господи, помоги рабу своему Игнату’.",кириллица,граффито,на разгранке между фресками на северной стене апсиды придела арх. Михаила ( ),целая (100%),"в IIб½ (<1340) <1400, р Iа (<1320) <1360, з Iб (<1300), в 3б½ (<1220) <1320, р 4 (<1200) <1240; в V~½ 1140> (<1320); итог: [1140–1240], предпочт. [1140–1200].",,
944,https://epigraphica.ru/epigraphy/inscription/show/944,1409–1410,Надпись с цитатой из тропаря Вознесению Господню,Ковчег-мощевик княгини Марии,реликварий,Церковь Благовещения Пресвятой Богородицы в Московском Кремле,воꙁнееꙑсѧ въ славѣ Хе Бе нашь радость створи оученикомъ своимъ обѣто,,"‘Вознесся ты в славе, Христе Боже наш, радость створил ученикам своим обето(ванием Святого Духа)’",кириллица,резьба по металлу,на лицевой стороне по краю ( ),целая (100%),,Во вкладной надписи назван 6918 год без указания индикта.,
945,https://epigraphica.ru/epigraphy/inscription/show/945,1409–1410,Надпись с перечнем реликвий,Ковчег-мощевик княгини Марии,реликварий,Церковь Благовещения Пресвятой Богородицы в Московском Кремле,стꙑꙗ Бцаощестꙑ · Ивана Пре⸗дтчи · апс҇ла Павлавеликаго ВасильꙗІвана Златаоуста Гри⸗горьꙗ Чюдтворца · Ивана М⸗л҃остиваго · Николꙑ ДмитриꙗДанила Столпнка Федора Страти⸗лата · Ермоласвꙑ · Козмꙑ · и Де⸗мьꙗна · м҃ мч҃нкъ Федосидв҃ци · стꙑхоц҃ь засурьскиВарварꙑ · Маринꙑ · Анаста⸗сьи · купина неопалимаꙗгуба · древо животворѧщдре раиское · древо масли⸗чное · землѧ Ерданьскаꙗжезлъ МосѣевВалфромѣепечать гроба Гнꙗ,,"‘Святой Богородицы молоко, и риза, и пряслице. Мощи святого Иоанна Предтечи, апостола Павла, Великого Василия, Иоанна Златоуста, Григория Чудотворца, Иоанна Милостивого, Николы, Дмитрия, Даниила Столпника, Федора Стратилата, Ермолаевы, Козьмы и Демьяна, Сорока мучеников, Феодосии девицы, святых отцов Засурских, Варвары, Марины, Анастасии. Купина Неопалимая, губа, древо животворящее, древо райское, древо масличное, земля Иорданская, жезл Моисеев, Варфоломеевы, печать Гроба Господня’",кириллица,резьба по металлу,на оборотной стороне ( ),целая (100%),,Во вкладной надписи назван 6918 год без указания индикта.,
946,https://epigraphica.ru/epigraphy/inscription/show/946,1409–1410,Надпись о создании иконы по заказу княгини Марии,Ковчег-мощевик княгини Марии,реликварий,Церковь Благовещения Пресвятой Богородицы в Московском Кремле,Текст 1:ана бꙑикона си при блговѣрно велико кнѧзи Данилѣ Борисовблговѣрною великою кнѧинеюМарьею своего дѣлѧ ꙁравьꙗ і спньꙗТекст 2:+ Взнье Га Ба и Спа +,,‘В лето 6918 создана была икона сия при благоверном великом князе Даниле Борисовиче благоверной великой княгиней Марьей своего ради здравия и спасения. Вознесение Господа Бога и Спасителя’,кириллица,резьба по металлу,"начало надписи на боковой стороне, продолжение - на оборотной ( )",целая (100%),,Во вкладной надписи назван 6918 год без указания индикта.,
947,https://epigraphica.ru/epigraphy/inscription/show/947,1413–1414,Надпись с перечнем реликвий,Ковчег-мощевик князя Ивана Даниловича,реликварий,Церковь Спаса Нерукотворного Образа,губадчноПртчемщ҃ириз Бгрд⸗чнꙑѲеѡдрвꙑ мщ҃иДмт҃рвов. мр҃ом҃ · мч҃· Пн҃теле⸗мнвꙑ · Ермол⸗евꙑ Днла Сто⸗лновоѧвлнхьлт҃вскхъ · стрсть⸗тр҃пцьмщ҃и · гх· ст҃ль всел⸗нскихНиколꙑгхпрд҃бнхь за⸗ср҃скихъѲеодосидв҃циВарва⸗рꙑ,,"‘Губа с уксусом, молоко Богородицы, Предтечи мощи, риза Богородицы, Феодоровы мощи, Дмитрово миро, сорока мучеников, Пантелеймоновы, Ермолаевы, Данила Столпника, новоявленных литовских страстотерпцев мощи, трех святителей вселенских, Николы, трех преподобных засурских, Феодосии девицы, Варвары’",кириллица,резьба по металлу,На обороте ковчега ( ),целая (100%),,Во вкладной надписи назван 6922 год без указания индикта.,
958,https://epigraphica.ru/epigraphy/inscription/show/958,1413–1414,Надпись о создании раки для частицы Животворящего Креста по заказу князя Ивана Даниловича,Ковчег-мощевик князя Ивана Даниловича,реликварий,Церковь Спаса Нерукотворного Образа,в лѣто ҂ѕ҃ ное ѳ сотъ ·к҃в·е · созданасту при блговрно кнѧзі велкомъДанилѣ Боривч ново⸗гордко и суздл҃скмъ и городе⸗скомъ рабомъ Биімь кнѧзмъИваномъ Даниловча,,,кириллица,резьба по металлу,,целая (100%),,,
959,https://epigraphica.ru/epigraphy/inscription/show/959,[1100–1200],Молитва о Константине,Стены киевского Софийского собора,стена церкви,Собор св. Софии,Ги҃ помози рабу своему Костант---,,"‘Господи, помоги рабу своему Константину’. ( )",кириллица,граффито,на разгранке между фресками на северной стене апсиды придела арх. Михаила ( ),с небольшими утратами (>85%),"а 2 «верхняя засечка» (1160>) (<1380); а 7 «удлиненная спинка» <1200 1420>; р Iа «округлая петля (прямая мачта)» (<1320) <1360, а 2 «верхняя засечка» (<1320) (<1380), в IIб «перелом не касается мачты» (<1340) <1400; (?) у 2 ½ «буква целиком в строке» (1140>) (<1300); итог: [1100–1200], предпочтительно [1160–1200]",,
960,https://epigraphica.ru/epigraphy/inscription/show/960,[1037–1300],Автограф Перемила,Стены киевского Софийского собора,стена церкви,Собор св. Софии,Пьремило ѱл҃ъ,,‘Перемил писал’.,кириллица,граффито,на разгранке между фресками на северной стене апсиды придела арх. Михаила ( ),целая (100%),"п 1 «Выступ вверху» (<1200) <1300, ь IIа «Наклонная мачта» (<1400) <1410",,Об имени Перемилъ см. комментарий к надписи из церкви Спаса на Нередице .
961,https://epigraphica.ru/epigraphy/inscription/show/961,1161,"Вкладная надпись Евфросинии Полоцкой с описанием стоимости оклада креста, распоряжением вечно хранить крест в монастыре и проклятием тем, кто нарушит ее волю",Крест Евфросинии Полоцкой,"крест, реликварий",Спасо-Евфросиниевский монастырь,+ в лѣт·ѕ҃· и ·х҃ ѯ ѳ҃ покладаѥть Ѡфросиньѧ чьсть⸗,,"‘В лето 6000 и 669 возлагает Евфросиния честной крест в монастыре своем, в церкви Святого Спаса. Честно́е древо – бесценно, а кованье его: золото, и серебро, и каменья, и жемчуг – в 100 гривен. А ... – 40 гривен. Да не будет [он] вынесен из монастыря никогда: ни на продажу, ни в подарок! Если же кто ослушается, вынесет из монастыря, да не будет ему помощником честной крест ни в этот век, ни в будущий. И да будет [он] проклят святой животворящей Троицей и тремястами восемнадцатью святыми отцами, и семью соборами святых отцов. И будет ему [одна] участь с Иудою, который предал Христа. Кто же дерзнет это совершить: ... властелин, или князь, или епископ, или игуменья, или любой другой человек – да будет ему проклятье это. Евфросинья же, раба Божия, стяжавшая этот крест, примет вечную жизнь [со всеми святыми]’",кириллица,резьба по металлу,на боковых сторонах (надпись идет по спирали в два ряда) ( ),с небольшими утратами (>85%),"«Надпись на пластинках креста по своим палеографическим признакам весьма характерна для первой половины XII в., и особенно для его середины. Общий характер ее ближе всего к Галицкому Евангелию 1144 г., также происходящему из западнорусских земель и, как считает М. В. Щепкина, к Новгородским Минеям XII в. К XI в. не позволяет отнести ее не только форма очертаний отдельных букв, но и характер их в целом, так как буквы того времени изображались более квадратными (см., например, Остромирово евангелие 1057 г. и др.)» ( )",Указанная во вкладной надписи дата (6669) подтверждается палеографическими особенностями надписей ( ).,"Б. А. Рыбаков предлагает реконструировать на месте первого пропуска слово лаженьѥ , которое могло бы означать «украшение эмалью» ( )."
962,https://epigraphica.ru/epigraphy/inscription/show/962,1380–1420,Надпись афористического характера о предпочтительности аскетического образа жизни общению со множеством грешников,Первоначальные стены Собора Успения Пресвятой Богородицы на Городке,стена церкви,Собор Успения Пресвятой Богородицы на Городке,лутъш҇жити с тр-ми в пустынсо звермихБж҃иѧв ср҃цѣ,,"‘Лучше жить с тремя в пустыне со зверями, нежели с тьмою тысяч, не имеющих страха божьего в сердце’ ( )",кириллица,граффито,"«Надпись расположена на северной плоскости арочного проема западного входа, на высоте 1 м 66 см от пола. Она состоит из четырех строк (22,7 см, 20 см, 18,9 см, 5,3 см), которые имеют незначительный наклон вверх. Чтобы вместить текст первой строки, автор был вынужден в заключительной части вынести сразу четыре буквы (без титла). Ниже он предусмотрительно осуществлял переход на новую строку, что привело к последовательному сокращению длины строк. Высота букв надписи колеблется от 0,5 см до 2,2». ( )",с небольшими утратами (>85%),"« а – петля с изломом основного вида, островерхое (Iа). б – петля с изломом (II). в – нижняя петля с изломом, верхняя косая к основанию правее угла (VIа). е – левонаклонное, язычок вверх (III; 5). ж – в три взмаха, звезда (Iа). з – левонаклонное, перелом (IIIа). и – диагональ (наклонная перекладина) (III). л – основного вида, острое (Iа). м – основного вида, острое (Iа). н – основного вида, диагональ (перемычка) (Iа). о – основного вида (I). п – основного вида (I). р – петля с изломом углом вниз, прямолинейное (IVб). с – основного вида (I). т – основного вида (I). у – основного вида, простое (Iа). х – прямолинейное, без засечек (I; 4). ц – основного вида (I). ш – платформа по низу строки (II). ъ – петля с изломом, наклонная мачта (IIа). ы – без перемычки (II). ь – петля с изломом, наклонная мачта (IIа). ѣ – петля с изломом, наклонная мачта, петля касается коромысла (IIа; 9). ю – основного вида (I). ѧ – упрощенное, без перекладины (IIа)». итог: [1340–1420], предпочтительно [1340–1400] ( )","Надпись обнаружена на белом камне, с которого ранее была сбита штукатурка с фресками XV в., т.е. граффито было сделано в короткий промежуток времени между постройкой храма и его росписью ( : 128). Дата строительства храма, возведенного на рубеже XIV–XV в. по инициативе удельного князя Юрия Дмитриевича (1389–1434), точно неизвестна. Верхняя граница датировки надписи определяется на основе палеографического анализа, выполненного Ю. А. Артамоновым ( : 99–100).","«Смысл надписи состоит в противопоставлении уединенного жития ('в пустыне со зверями') житию в обществе людей, 'не имеющих страха Божьего в сердце'. Близкую аналогию этому находим у Исаака Сирина (Слово 89. О вреде неразумной ревности, прикрывающейся личиною ревности Божественной, и о помощи, какая бывает от кротости и других нравственных качеств): 'Лучше жить со зверями, нежели с людьми худого поведения'. Удаление в пустыню было присуще христианским подвижникам, которые искали личного спасения через уединение и воздержание. В агиографической литературе неоднократно встречается утверждение о том, что праведнику лучше жить со зверями в пустыне, чем в селениях грешников (см., например, жития Маманта Кесарийского, Зосимы Киликийского). Упоминание о трех пустынниках должно быть поставлено в связь с традицией основания христианских монастырей. Поэтому в призыве жить в пустыне с тремя отшельниками следует видеть не просто указание на спасительность уединения как такового, но призыв к усвоению христианских аскетических идеалов» ( : 100–101)"
963,https://epigraphica.ru/epigraphy/inscription/show/963,1380–1420,Незаконченная надпись о поставлении церкви,Первоначальные стены Собора Успения Пресвятой Богородицы на Городке,стена церкви,Собор Успения Пресвятой Богородицы на Городке,сиѧ цр҃квь по...,,,кириллица,граффито,"На южной стороне юго-восточного пилона надписи-граффити на белом камне, с которого ранее была сбита штукатурка с фресками XV в. ( )",целая (100%),,"Надпись обнаружена на белом камне, с которого ранее была сбита штукатурка с фресками XV в., т.е. граффито было сделано в короткий промежуток времени между постройкой храма и его росписью ( : 128). Дата строительства храма, возведенного на рубеже XIV–XV в. по инициативе удельного князя Юрия Дмитриевича (1389–1434), точно неизвестна.","Граффито обнаружено рядом с двумя другими надписями, упоминающими церковь ( Надпись с упоминанием церкви , Надпись о поставлении церкви ), и выполнена той же рукой, что и вторая из них. По всей видимости все они так или иначе сообщают о строительстве храма и были сделаны вскоре после его окончания."
964,https://epigraphica.ru/epigraphy/inscription/show/964,1100-1140,"Молитва к Богородице и к свв. мученикам Гурию, Самону и Авиву",Первоначальная штукатурка новгородского Софийского Собора,стена церкви,Собор св. Софии,ст҃аꙗ Бц҃(е) [по]мози ми,,"‘Святая Богородица, помоги мне грешному, припадающему к тебе, под твое святое покровительство. Гурий, Самон и Авив, …’ ( )",кириллица,граффито,"Надпись известна по фотографии И. А. Шляпкина. Местоположение – южная галерея на хорах, точнее не установлено.",с небольшими утратами (>85%),"Палеограф. до [1180], предпочт. [1100–1140]. Е 3 «засечка на язычке» (1120–1400), к 4б «нижние засечки (короткие)» (1120>), ц 5 «платформа по низу строки» (<1200 или 1300>), ѣ 5 «верхняя засечка» <1400 (<1200 или 1280–1400), « б , в , г , п обычно с выступом» <1180 (<1120). Дополнительным подтверждением ранней датировки надписи является использование в ней йотированного большого юса. ( )",,"Надпись не дописана. Имена святых Гурия, Самона и Авива в последней строке прочтены Э. С. Смирновой. Особое почитание этих мучеников началось на Руси с чудесного знамения от их иконы, произошедшего 21 декабря 1410 г. в Софийском соборе. По мнению Э. С. Смирновой, надпись свидетельствует о том, что в Софийском соборе и в более раннее время был придел или икона, посвященные Гурию, Самону и Авиву."
965,https://epigraphica.ru/epigraphy/inscription/show/965,1380–1420,Надпись с упоминанием церкви,Первоначальные стены Собора Успения Пресвятой Богородицы на Городке,стена церкви,Собор Успения Пресвятой Богородицы на Городке,а се цр҃квь Бж҃ьѧ свѧ... р...,,,кириллица,граффито,"На южной стороне юго-восточного пилона надписи-граффити на белом камне, с которого ранее была сбита штукатурка с фресками XV в. ( )",с утратами (50-85%),конец XIV в. ( ),"Надпись обнаружена на белом камне, с которого ранее была сбита штукатурка с фресками XV в., т.е. граффито было сделано в короткий промежуток времени между постройкой храма и его росписью ( : 128). Дата строительства храма, возведенного на рубеже XIV–XV в. по инициативе удельного князя Юрия Дмитриевича (1389–1434), точно неизвестна.","По мнению Ю. А. Артамонова, сохранившиеся буквы в конце надписи «дают возможность уверенно реконструировать данную надпись в следующем виде: 'А се ц(е)рк(о)вь Б(о)жьѧ свѧ(того) Р(ождества)'. Такое прочтение дает право предположить, что собор на Городке в Звенигороде первоначально был посвящен не Успению Богородицы, а Ее Рождеству» ( : 263). Граффито обнаружено рядом с двумя другими надписями, упоминающими церковь ( Незаконченная надпись о поставлении церкви , Надпись о поставлении церкви ). По всей видимости все они так или иначе сообщают о строительстве храма и были сделаны вскоре после его окончания."
966,https://epigraphica.ru/epigraphy/inscription/show/966,1380–1420,Надпись о поставлении церкви,Первоначальные стены Собора Успения Пресвятой Богородицы на Городке,стена церкви,Собор Успения Пресвятой Богородицы на Городке,сиꙗ Бж҃иа црквь поставлен(а) н(-) м...,сиꙗ Бж҃иа црквь поставлен(а) н(а) м(ѣсте)... ( ),,кириллица,граффито,"На южной стороне юго-восточного пилона надписи-граффити на белом камне, с которого ранее была сбита штукатурка с фресками XV в. ( )",с утратами (50-85%),,"Надпись обнаружена на белом камне, с которого ранее была сбита штукатурка с фресками XV в., т.е. граффито было сделано в короткий промежуток времени между постройкой храма и его росписью ( : 128). Дата строительства храма, возведенного на рубеже XIV–XV в. по инициативе удельного князя Юрия Дмитриевича (1389–1434), точно неизвестна.","«Возможен и другой вариант реконструкции: если допустить возможность ошибочного написания двух букв «н» в слове «поставлена» , тогда текст надписи может быть реконструирован следующим образом: «Сия Б(о)жиа ц(е)рк(о)вь поставленн(а) м(ѣсяца)…» . В этом случае речь должна идти о намерении автора указать время окончания строительства храма»( : 263). Граффито обнаружено рядом с двумя другими надписями, упоминающими церковь ( Незаконченная надпись о поставлении церкви , Надпись с упоминанием церкви ), и выполнена той же рукой, что и первая из них. По всей видимости все они так или иначе сообщают о строительстве храма и были сделаны вскоре после его окончания."
967,https://epigraphica.ru/epigraphy/inscription/show/967,1158,Запись о приходе епископа Аркадия из Киева 11 сентября 1158 г.,Первоначальная штукатурка новгородского Софийского Собора,стена церкви,Собор св. Софии,(… ·)ѕ҃· и ·[х҃]· и ·ѯ҃· и ·ѕ҃·,(въ лѣт҇ ·҂)ѕ҃· и ·[х҃]· и ·ѯ҃· и ·ѕ҃· (индик҇ л)ѣт҇ ·ѕ҃· слън[ьцѧ] (… лѣт҇ ·в ҃)· а (л)о(у)н[ꙑ] ѕı҃ … [з]ı҃ (-) (приде Ор)[ка]дъ [ис Кꙑ]ева … (ст҃ꙑ)е [Ѳе]дор[ꙑ] …а… (…) ( ),"‘В год 6666-ой, в шестой год индикта (?), во второй (?) год солнца (солнечного круга), а луны – в 16-ый, 17-ый …, пришел (?) Оркад из Киева в день ( или : на память) святой (?) Феодоры …’ ( )",кириллица,граффито,"Надпись известна по фотографии И. А. Шляпкина. Местоположение – южная галерея на хорах, точнее не установлено.",с утратами (50-85%),,"Судя по всему, надпись сделана по горячим следам прибытия архиепископа Аркадия в Новгород, день которого указан в самом тексте.","По обилию календарных подробностей надпись о приходе Аркадия из Киева на стене Софийского собора не знает себе равных в древнерусской эпиграфике и может быть сопоставлена со столь же уникальным в древнерусском летописании известием статьи 6644 г. Новгородской I летописи о приходе Святослава Ольговича из Чернигова: «Въ то ж (е) · лѣ т (о) приде Новоугородоу кн(я)зь С(вя)тославъ · Олговиць ис Цернигова · ѿ бра т (а) Всеволодка · м(ѣ) с (я)цѧ июлѧ · въ 14 пре ж (е) 14 каланда · авгоу с (та) · въ · не д (ѣлю) · на сборъ с(вя)тыꙗ Еоуфимие · въ 3 ча с · дне · а лоу н (ы) · н(е)б(е) с нѣи въ 19 д(е)нь» Статьи новгородской летописи за 6640–6664 гг., когда епископом был Нифонт, А. А. Шахматов атрибутировал Кирику, автору «Учения о числах всех лет», в котором он проявил себя как один из крупнейших знатоков хронометрии того времени В послесловии «Учения» время создания этого произведения обозначено годом от Адама (6644, то есть 1136-ым), годами индикта, солнечного и лунного кругов; указан греческий император и год княжения новгородского князя и т. д. Весьма вероятно, что рассматриваемая надпись-граффито о приходе Аркадия из Киева была выполнена кем-то из учеников Кирика и читателей «Учения».( )"
968,https://epigraphica.ru/epigraphy/inscription/show/968,1380–1420,Надпись с призывом воздерживаться от употребления алкоголя на следующий после праздничного застолья день,Первоначальные стены Собора Успения Пресвятой Богородицы на Городке,стена церкви,Собор Успения Пресвятой Богородицы на Городке,ноне пеи,,"'Нынче пей, завтра не пей' ( )",кириллица,граффито,"На южной части внешней стороны арки западного входа, на расстоянии 1,53 м от пола. Расстояние до арочного проема слева составляет 1 см, до полуколонны справа – 8,5. ( )",с небольшими утратами (>85%),конец XIV – начало XV в. ( ),,"«Близкую аналогию данной надписи представляет народная поговорка: 'Пей за столом, не пей за столбом'. Таким образом, граффито представляет собой призыв воздерживаться от употребления алкоголя на следующий после праздничного застолья день. В данном случае мы имеем дело с попыткой ограничения употребления спиртного, своеобразной пропагандой трезвого образа жизни» ( : 201)"
969,https://epigraphica.ru/epigraphy/inscription/show/969,1161,Надпись о создании креста мастером Лазарем Богшей,Крест Евфросинии Полоцкой,"крест, реликварий",Спасо-Евфросиниевский монастырь,+ Г҃и помози ра⸗,,"‘Господи, помоги рабу своему Лазарю по прозвищу Богша, сделавшему этот крест [для] церкви Святого Спаса и Евфросинии’",кириллица,резьба по металлу,внизу обратной стороны креста ( ),целая (100%),,Указанная во вкладной надписи дата (6669) подтверждается палеографическими особенностями надписей ( ).,
970,https://epigraphica.ru/epigraphy/inscription/show/970,1160–1200,Обращение к олицетворенному Голоду-истукану и инвективы антагонисту,Первоначальная штукатурка новгородского Софийского Собора,стена церкви,Собор св. Софии,голоде железньчь,,"‘Голод-Железнец, каменная грудь, медная голова, липовая челюсть. Совокупляющийся с козой, ехидна, враг, бес, сатана, грабитель, мытарь, иуда беззаконная! {Финал надписи надежной интерпретации не имеет} Аминь (?)’",кириллица,граффито,"Лестничная башня, выше хор, столб, над 5-ой ступенью, 84 см над ступенью, напротив окна",с небольшими утратами (>85%),"Палеограф. [1140–1300], предпочт. [1160–1200]: А 4 «широко раскрытые» 1120> (1140>), а 5 «зеркальные» 1140–1380 (1160–1380), з 2а «ъ‑образные (правонакл.)» 1120–1300, « и , н , к сверху засечены, снизу нет» (<1200 и <1300). Следует отметить, что относительно поздняя нижняя граница данной палеографической датировки основана на использовании в надписи зеркального начертания буквы а . Если исключить ее из рассмотрения, то датировка была бы такой: [1120–1300], предпочт. [1140–1200]. ( )",,
971,https://epigraphica.ru/epigraphy/inscription/show/971,1160-1260,"Перечнень книг из библиотеки Софийского собора, выданных разным людям для переписывания",Первоначальная штукатурка новгородского Софийского Собора,стена церкви,Собор св. Софии,оу Іо҃-на|vac.|триод҇·ѱ· а оу Илта|vac.|пррчс҇та|vac.|оу прот҇дьꙗ҇на|vac.|Злат҇ста[г҇](-)|vac.|прол҇[гъ]-҇]рь,,"‘У Иоанна триодь для переписки (?), а у Илта (?) – пророчества, у протодьякона – Златоуст [и] пролог; у Яковца – стихирарь’ ( )",кириллица,граффито,"Лестничная башня, столб, над 6-ой площадкой, 50 см от левого края площадки, 174 см над площадкой",с небольшими утратами (>85%),"Внестратиграф. [1160–1300], предпочт. [1160–1260]. В IIа «перелом при мачте» <1320 (<1220), п 1 «выступ вверху» <1300 (<1200), р IVа «углом вниз (криволинейные)» 1160> (1240>), оу Iб «обычное о ( о и у сближены)» (<1300), ч Iа «чаша / бокальчик» <1420 (<1380); язык: редуцированные пали 1120> (1160>) (1×). ( )",,
972,https://epigraphica.ru/epigraphy/inscription/show/972,1100-1200,Ламентация и молитва об Иване (?) с упоминанием Лбистка,Первоначальная штукатурка новгородского Софийского Собора,стена церкви,Собор св. Софии,ох[ъ т]ъ[щь]н=о=хъ тън[о и]⸗,,"‘Ох, тяжко, ох, тяжко ( букв .: тошно)! Иван (?) в беде. Богородица, помогай! О, ты, Христе и святой Микула! С Лбистком … сидели вдвоем’. ( )",кириллица,граффито,"Лестничная башня, стена, над нижней площадкой, 250 см левее двери в юго-западное помещение (ризницу), 55 см выше современного пола",с утратами (50-85%),"Внестратиграф. до [1200], предпочт. [1100–1200]. Б 3 «выступ вверху» (<1200), д 3 «длинные ножки (обычн.)» <1200 или 1280>; язык: редуцированные сохранены <1220, язык: - мъ из - мь 1100> (?). ( )",,
973,https://epigraphica.ru/epigraphy/inscription/show/973,1045-1060,Молитва об архиепископе с пожеланием ему спасения «на многих местах»,Стены новгородского Софийского собора,стена церкви,Собор св. Софии,(ст҃)ꙑ Н[и]кол[а и] с[в]та(ѧ) [Тро]иц[а] (с)пси (по),(ст҃)ꙑ Н[и]кол[а и] с[в]та(ѧ) [Тро]иц[а] (с)пси (по) многа (м)ѣста (н)[аше]го владꙑ(коу Лоу) к(о)[у] ст҃а(ѧ С)оф(и)ѧ Моудрость (Би҃ѧ съ ст҃ꙑми) Мми з[а]р----[и]--оу(…) ( ),"‘Святой Никола и святая Троица, спаси на многих местах нашего владыку Луку (?); святая София-Мудрость Божья, со святыми Сорока [мучениками], …’ ( )",кириллица,граффито,"Надпись известна только по кальке, точное расположение неизвестно",с утратами (50-85%),,,"А. А. Гиппиус связал это граффито с обвинениями, выдвинутыми против новгородского епископа Луки Жидяты, который находился в 1055–1057 гг. в заключении."
974,https://epigraphica.ru/epigraphy/inscription/show/974,1109,"Молитвенный автограф Стефана, сделанный во время росписи собора",Первоначальная штукатурка новгородского Софийского Собора,стена церкви,Собор св. Софии,Ги҃ помози ра⸗ти сеѧ,,"‘Господи, помоги рабу своему. Стефан писал, когда расписывали святую Софию. О, Господи, избавь меня от этой напасти!’ ( )",кириллица,граффито,"Второй этаж, окно на западной стороне собора",с небольшими утратами (>85%),"Совокупная внестратиграфическая датировка надписей Стефана: до [1120]. Графика: ѫ <1240; б I «округлая петля» <1120, б 3 «выступ вверху» (<1200), г 1 «выступ вверху» (<1200), ъ I «округлая петля» <1160, ъ 3 «выступ вправо вверху» (<1200). ( )","Надпись выполнена, по-видимому, во время росписи 1109 г.",
975,https://epigraphica.ru/epigraphy/inscription/show/975,1109,"Автограф Стефана, сделанный во время росписи собора",Первоначальная штукатурка новгородского Софийского Собора,стена церкви,Собор св. Софии,(С)тефанъ ѱ҃лъ егдъ(-),,"‘Стефан писал, когда расписывали святую Софию’ ( )",кириллица,граффито,"Лестничная башня, окно на уровне хор, левый откос, у левого края, 95 см от подоконника.",с небольшими утратами (>85%),"Совокупная внестратиграфическая датировка надписей Стефана: до [1120]. Графика: ѫ <1240; б I «округлая петля» <1120, б 3 «выступ вверху» (<1200), г 1 «выступ вверху» (<1200), ъ I «округлая петля» <1160, ъ 3 «выступ вправо вверху» (<1200). ( )","Надпись выполнена, по-видимому, во время росписи 1109 г.",
976,https://epigraphica.ru/epigraphy/inscription/show/976,1100-1220,Покаянная молитва Захарии,Первоначальная штукатурка новгородского Софийского Собора,стена церкви,Собор св. Софии,Ги пом(о)зи|im.|раб(о)у сво|im.|(е)моу|im.|весьхъ съ|im.|грѣши[в](…)Ги҃ Ги҃ ѿдаже|im.|[м]и ---[о]ст|im.|(-)нъ[мо]…своем[о]у,Ги пом(о)зи раб(о)у сво(е)моу Зр҃ьи паче весьхъ съгрѣши[в](ъшоу) Ги҃ Ги҃ ѿдаже [м]и [п](ак)[о]cт(‑)нъм[о](у) своем[о]у ( ),"‘Господи, помоги рабу своему Захарье, больше всех согрешившему. Господи, Господи, прости мне пакостному (?) своему’. ( )",кириллица,граффито,"Второй этаж, южная галерея, центральное помещение, западная стена, справа от двери в западное помещение галереи, 126 см от правого края, 137 см от пола.",с небольшими утратами (>85%),"Внестратиграф. [1100–1280], предпочт. [1100–1220]. А 1 «покрытие» <1320 (<1280), г 2 «нижняя засечка» 1100–1400 (1100–1380), д 1 «покрытие» <1360 (<1280), ч Iа «чаша / бокальчик» <1420 (<1380); язык: редуцированные сохранены <1220 (1×). ( )",,
977,https://epigraphica.ru/epigraphy/inscription/show/977,1144-1199,Молитва о Григории ко святому Петру,Фресковая штукатурка 1144 года новгородского Софийского собора,стена церкви,Собор св. Софии,о ст҃ꙑ,,,кириллица,граффито,"Южная паперть, северная стена, западная лопатка. Восточная грань, у правого края, 136 см от пола.",с небольшими утратами (>85%),,,
978,https://epigraphica.ru/epigraphy/inscription/show/978,1144-1199,Молитва о Михаиле ко святому Петру,Фресковая штукатурка 1144 года новгородского Софийского собора,стена церкви,Собор св. Софии,о ст҃ꙑ Петре,,"‘О, святой Петр, прости и отпусти своему рабу Михаилу всё, чем я согрешил пред тобою. Аминь’ ( )",кириллица,граффито,"Южная паперть, северная стена, проем между лопатками, 7 см от левого края, 134 см от пола",с небольшими утратами (>85%),,,
979,https://epigraphica.ru/epigraphy/inscription/show/979,1120-1200,Надпись о необычном стихийном явлении и сентенция о Божьем промысле,Стены новгородского Софийского собора,стена церкви,Собор св. Софии,[з]-----летѣ съ,[з]-----летѣ съ нб҃с(е т)ѫ(ч)[ѫ] р[а]звѣдръ [в](ъ)⸗ зд[о](ус)и потрѧсо⸗ шѧ облаци рече Бъ҃ то сътвори ( ),"‘… летел (?) с неба (?), разогнав тучу (?). Воздух (ветер?) потряс облака. Сказал: «Это сделал Бог»’ ( )",кириллица,граффито,"Надпись известна только по фото со слепка, точное расположение неизвестно",с утратами (50-85%),"Внестратиграф. до [1240], предпочт. [1120–1200]. Графика: ѫ <1240; б 3 «выступ вверху» (<1200), д 1 «покрытие» <1360 (<1280), е 3 «засечка на язычке» (1120–1400), н 1а «верхние засечки (длинные)» <1320 (<1300), р 3 «выступ вверху» <1280, ъ 3 «выступ вправо вверху» (<1200); язык: редуцированные сохранены <1220 (1×). ( )",,
980,https://epigraphica.ru/epigraphy/inscription/show/980,1045-1120,Молитва за Климята и автограф Сватонега (?),Первоначальная штукатурка новгородского Софийского Собора,стена церкви,Собор св. Софии,Ги҃ помози раб(оу с)во-[мо]у Кли[м]ѧтоу а Сват(---------),Ги҃ помози раб(оу с)во-[мо]у Кли[м]ѧтоу а Сват(онѣгъ ѱл҃ъ) грѣшъникъ рабъ [б]ожи о[х]ъ мънѣ Ги҃ ( ),"‘Господи, помоги рабу своему Климяту, а Сват[онег писал (?)]. Грешник, раб Божий, увы мне, Господи’.",кириллица,граффито,"Южная паперть, северная стена, восточная лопатка, южная грань, 50 см от правого края, 149 см от пола",с небольшими утратами (>85%),"Палеограф. до [1200], предпочт. до [1120]. Б 3 «выступ вверху» (<1200), г 1 «выступ вверху» (<1200), ж Iа1 «прямая звезда» <1200 (<1120). ( )",,
981,https://epigraphica.ru/epigraphy/inscription/show/981,1068-1078,"Молитва о Фарьмане, отроке князя Глеба",Первоначальная штукатурка новгородского Софийского Собора,стена церкви,Собор св. Софии,Го҃ помози рабоу своемоу,,"‘Господи, помоги рабу твоему Фарьману, отроку Глеба’.",кириллица,граффито,"Южная паперть, северная стена, восточная лопатка, южная грань,37 см от правого края, 141 см от пола",целая (100%),"Внестратиграф. до [1200]. Б 3 «выступ вверху» (<1200), г 1 «выступ вверху» (<1200); язык: отрокъ (должностное лицо) <1200. ( )","Под Глебом, очевидно, подразумевается Глеб Святославич, который вокняжился в Новгороде в конце 1060-х гг. и, судя по всему, оставался новгородским князем до 1078 г. А. А. Медынцева не исключала возможности идентификации Глеба с Глебом Ольговичем, бывшим в Новгороде в 1137 г. по вызову своего брата, новгородского князя Святослава Ольговича. Между тем поверхность стены, где была нанесена надпись, была перекрыта фресковой штукатуркой в 1144 г., а надпись находится посреди лопатки на удобной высоте и поверх нее прорезано несколько более поздних рисунков крестов. Если бы надпись наносилась незадолго до оштукатуривания данной стены, то ее автор вынужден был бы избегать многочисленных более ранних граффити. ( )",
982,https://epigraphica.ru/epigraphy/inscription/show/982,1045-1100,Молитвенный автограф Хотёна,Первоначальная штукатурка новгородского Софийского Собора,стена церкви,Собор св. Софии,Хотънъ пл҃ъдѣсто о ст҃а⸗ѧ Софъе избави ма бѣдꙑ се[ѧ],,"‘Хотён писал в беде … О святая София, избавь меня от этой беды!’ ( )",кириллица,граффито,"Лестничная башня, окно на уровне хор, левый откос, 14 см от левого края, 87 см от подоконника",с небольшими утратами (>85%),,"Граффито предшествует надписям Радила (1119 или 1120 г.) и Гаги с Сежиром, датируемой приблизительно временем росписи 1109 г.",Смысл буквосочетания сто не ясен. Вместо мя ‘меня’ стоит ма .
983,https://epigraphica.ru/epigraphy/inscription/show/983,1045-1300,Пожелание удостоиться вечной жизни,Стены новгородского Софийского собора,стена церкви,Собор св. Софии,(ж)и[во]у ми бꙑти,,‘Удостоиться бы мне вечной жизни!’ ( ),кириллица,граффито,"Надпись известна только по слепку, точное расположение неизвестно",с небольшими утратами (>85%),,,
984,https://epigraphica.ru/epigraphy/inscription/show/984,1045-1180,Запись о гибели и погребении Войгостя Гюргевича,Стены новгородского Софийского собора,стена церкви,Собор св. Софии,(…),(…) (мс҇цѧ) [март]а -҃ о]у[б]иенъ Воиго[с](ть) (Гюр)ьгевичь а погр(е)[б]ен[ъ] апри[лѧ въ] ·ѕ҃·. ---[в]о-[т]--ъто(…) ( ),"‘… такого-то марта убит Войгость Гюргевич, а погребен 6 апреля’.",кириллица,граффито,"Надпись известна только по слепку, точное расположение неизвестно.",с утратами (50-85%),"Палеограф. до [1180]. Б 3 «выступ вверху» (<1200), в IIа «перелом при мачте» <1320 (<1220), г 1 «выступ вверху» (<1200), е 3 «засечка на язычке» (1120–1400), п 1 «выступ вверху» <1300 (<1200), ч Iа «чаша / бокальчик» <1420 (<1380), « б , в , г , п обычно с выступом» <1180 (<1120). ( )",,"Войгость Гюргевич предположительно отождествляется с Войгостем, заложившим в 1115 году каменную церковь Фёдора Тирона. Он мог погибнуть в битве с чудью 9 марта следующего года. ( )"
985,https://epigraphica.ru/epigraphy/inscription/show/985,1045-1200,Молитвенный автограф Тудора Угринича,Стены новгородского Софийского собора,стена церкви,Собор св. Софии,(Т)оудор[ъ] (п)с[ъ],,,кириллица,граффито,"На кальке (№ 19 по нумерации В. В. Суслова) была подпись «северо-восточная стена». Судя по наличию калек под тем же 19-ым номером, выполненных в лестничной башне и на втором этаже, надпись происходит не из этих частей собора (то есть с первого этажа?). Ширина стены, оба угла которой обозначены на кальке, составляла немногим более 40 см. Это могла быть боковая грань лопатки или грань восьмигранного столба. ( )",с небольшими утратами (>85%),"Палеограф. до [1200]. Г 1 «выступ вверху» (<1200), м 2 «верхние засечки» (<1280), р 2 «покрытие» <1200, р 4 «маленькая головка» <1240 (<1200). ( )",,
986,https://epigraphica.ru/epigraphy/inscription/show/986,1046-1047,"Молитвенный автограф Кусты, писавшего ногтем",Первоначальная штукатурка новгородского Софийского Собора,стена церкви,Собор св. Софии,Ги҃ помозирабѫ сво[е]⸗,,"‘Господи, помоги рабу своему Кусте. Писал ногтем’ ( )",кириллица,граффито,"Лестничная башня, столб, над 5-ой ступенью после выхода на второй этаж, 78 см левее края площадки у выхода на второй этаж, 21 см правее простенка с дверью в верхнюю часть лестничной башни, 40 см над ступенью",с небольшими утратами (>85%),,Надпись выполнена по сырой штукатурке и относится ко времени строительства собора.,
987,https://epigraphica.ru/epigraphy/inscription/show/987,1045-1200,Молитвенная надпись,Стены новгородского Софийского собора,стена церкви,Собор св. Софии,Ги҃ по[ми]ло(у)и м[е]⸗,,"‘Господи, помилуй меня грешного, ведь ты это можешь, Господи’. ( )",кириллица,граффито,"Второй этаж. На кальке (№ 2 по нумерации В. В. Суслова) запись – «на северной стене». Внизу на кальке было указано расстояние до пола хор (3 фута 11 дюймов, то есть ок. 120 см). Судя по указаниям расстояний до углов, ширина стены составляла ок. 60 см. Вероятно, это была боковая грань одной из лопаток. ( )",с небольшими утратами (>85%),,"Надпись, вероятно, следует датировать XI–XII вв., так как в ней представлена нестяженная адъективная флексия - ааго .",
988,https://epigraphica.ru/epigraphy/inscription/show/988,1140-1220,Автограф Домаслава Угинича (Югинича) на Яковлев день,Первоначальная штукатурка новгородского Софийского Собора,стена церкви,Собор св. Софии,Домаславе Ѫгинич-,,‘Домаслав Угинич ( или : Югинич) писал в день святого Якова. Аминь’. ( ),кириллица,граффито,"Лестничная башня, столб, над 1-ой ступенью, 126 см от ступени.",с небольшими утратами (>85%),,,
989,https://epigraphica.ru/epigraphy/inscription/show/989,1045-1060,"Автограф Петра, дьяка посадника Остромира",Первоначальная штукатурка новгородского Софийского Собора,стена церкви,Собор св. Софии,(Пе)тръ псалъ,,"‘Петр писал, дьяк Остромира. …’. ( )",кириллица,граффито,"Лестничная башня, стена, над левым краем 6-ой площадки, 123 см над площадкой.",с утратами (50-85%),,"Не позднее конца 1050-х гг., когда погиб посадник Остромир.",
990,https://epigraphica.ru/epigraphy/inscription/show/990,1160-1220,Молитва о Германе,Первоначальная штукатурка новгородского Софийского Собора,стена церкви,Собор св. Софии,Ги помози рабоу своѥмоу Гѣрьма⸗,,"“Господи, помоги рабу своему Герману”",кириллица,граффито,"Помещение под северной палаткой на хорах, северная стена, 78 см от левого края, 163 см от пола.",целая (100%),"Палеограф. [1100–1220], предпочт. [1160–1220]. А IIа «выпуклые (острые)» 1100>, а 2 «верхняя засечка» (<1320 и <1380), б 2 «открытая петля» <1380 (<1240), з IIа «вертикальные (перелом)» (<1320), м 2 «верхние засечки» (<1280), м 3 «нижние засечки» (1160–1380), р 7 «сильный изгиб мачты» <1220. ( )",,"По предположению А. А. Медынцевой, надпись могла быть оставлена епископом Германом, занимавших новгородскую кафедру примерно с 1078 по 1095 г. Более поздняя предпочтительная палеографическая датировка надписи и находящийся рядом на той же высоте книжный инициал позволяют предложить другой вариант идентификации: возможно, перед нами автограф священника церкви св. Иакова на Добрыне улице Германа Вояты (рукоположен в 1144 г., умер в 1188 г.), ведавшего владычным летописанием при архиепископе Илье. ( )"
991,https://epigraphica.ru/epigraphy/inscription/show/991,[1200‒1400→],Покаянная молитва с воздыханием,Стены киевского Софийского собора,стена церкви,Собор св. Софии,што створю,,"‘Что створю, не знаю. Ох мне, к кому приближусь (или: прибегну?)’. ( )",кириллица,граффито,"в приделе арх. Михаила, на фреске с изображением Честного креста, в северо-западном углу вимы на южной грани западной лопатки первого от алтаря крещатого столба ( )",с небольшими утратами (>85%),"ж IVа «Сомкнутые» (1120>) (<1360), и 1б «Верхние засечки (короткие)» (<1400), и 2а «Нижние засечки (длинные)» 1120> (1140>) (<1300) <1400, м 2 ½ «Верхние засечки» (<1280), р IVа «Углом вниз, криволин.» 1160> (1240>), ѡ IIIв2 «Узкий верх, чистые» 1200>, ъ IIб «Вертикальная мачта» (1320>), ю IIв ½ «Перемычка: наклон вниз» 1320>; редуцированные пали ( што , створю , мне ) 1120> (1160>); диссимиляция после падения ред. ( што ‘что’; в бер. гр. № 311 [1400‒1410] и № 352 [1420‒1430]); результат: [1200‒1400], предпочт. [1320‒1400→].",,"«Текст явно имеет литературное происхождение, возможно, это отрывок покаянной (?) молитвы. Можно привести близкие аналогии: тропарь на утрени во вторник в шестом гласе Октоиха ( Что створю Ги҃ мои Ги҃ не вѣдѣ кому сѧ приближю ) и молитву Кирилла Туровского Иоанну Предтече тоже на утрени во вторник ( да что створю не вѣдѣ и къ комꙋ прибѣгнꙋ ). Чтение нѣ веде не бесспорно, гласные буквы повреждены, особенно предполагаемая ѣ » ( )."
992,https://epigraphica.ru/epigraphy/inscription/show/992,[1120–1320],Молитва о Даниле,Стены киевского Софийского собора,стена церкви,Собор св. Софии,Ги҃ помозивое⸗му Данило⸗ви грѣшьному,,"‘Господи, помоги рабу своему Данилу, грешному’.",кириллица,граффито,"в приделе арх. Михаила, на фреске с изображением Честного креста, в северо-западном углу вимы на южной грани западной лопатки первого от алтаря крещатого столба ( )",целая (100%),"б 3 «выступ вверху» (<1200), в IIа «перемычка при мачте» (<1220) <1320, д 2 «верхняя засечка» <1400, з IIа «вертикальные, перелом» (<1320), р II «углом вверх» (<1280) <1380, р 11 «целиком в строке» (1120>) (<1320) <1410, у 4 ½ «целиком в строке» (1140>) (<1300) <1400, ꙑ Ιа «высокая перемычка» (<1280) <1400, ѣ 9 «петля касается коромысла» (1260>); результат: [1120–1320], предпочт. [1260–1280]",,
994,https://epigraphica.ru/epigraphy/inscription/show/994,1161,Монограммы Иисуса Христа и подпись к реликвии – крови Христа,Крест Евфросинии Полоцкой,"крест, реликварий",Спасо-Евфросиниевский монастырь,Текст 1 (у верхней эмали):Текст 2: (на верхнем перекрестье):кровь Хв҃аІс҃ Хс҃ни,,‘Иисус Христос Кровь Христова Иисус Христос побеждает’,кириллица,резьба по металлу,на лицевой стороне,целая (100%),,Указанная во вкладной надписи дата (6669) подтверждается палеографическими особенностями надписей ( ).,
995,https://epigraphica.ru/epigraphy/inscription/show/995,1161,Подписи к изображениям Иоанна Златоуста и Василия Великого,Крест Евфросинии Полоцкой,"крест, реликварий",Спасо-Евфросиниевский монастырь,Текст 1:|im.|Хр|с|то|мТекст 2:а⃝ | Ва|си|im.|л|и|и,,‘Святой Иоанн Хризостом Святой Василий’,кириллица,резьба по металлу,"на обратной стороне, у верхней эмали",с небольшими утратами (>85%),,Указанная во вкладной надписи дата (6669) подтверждается палеографическими особенностями надписей ( ).,
996,https://epigraphica.ru/epigraphy/inscription/show/996,1161,Подписи к изображениям евангелистов и частице Истинного Древа,Крест Евфросинии Полоцкой,"крест, реликварий",Спасо-Евфросиниевский монастырь,Текст 1:|im.|ІѡТекст 2:а⃝|im.|Ма|тѳе|осТекст 3:а⃝|im.|Лꙋ|ка|сТекст 4:а⃝ | Ма|im.|р|ко|сТекст 5:+ дрѣ|im.|во жи⸗воть|im.|ноѥ,,‘Святой Иоанн Святой Матфей Святой Лука Святой Марк Древо Животворящее’,кириллица,резьба по металлу,"на лицевой стороне, на нижнем перекрестье",целая (100%),,Указанная во вкладной надписи дата (6669) подтверждается палеографическими особенностями надписей ( ).,
997,https://epigraphica.ru/epigraphy/inscription/show/997,1161,"Подписи к изображениям святой Евфросинии, святого Георгия и святой Софии",Крест Евфросинии Полоцкой,"крест, реликварий",Спасо-Евфросиниевский монастырь,Текст 1:|im.|Е|ф|ро|си|нТекст 2:а⃝ | Г|ео|im.|р|гі|о|сТекст 3:и|а|гі|а|im.|С|о|фи|ѧ,,‘Святая Евфросиния Святой Георгий Святая София’,кириллица,резьба по металлу,"на лицевой стороне, на нижней части креста",целая (100%),,Указанная во вкладной надписи дата (6669) подтверждается палеографическими особенностями надписей ( ).,
998,https://epigraphica.ru/epigraphy/inscription/show/998,1161,Подпись к частице гроба Пресвятой Богородицы,Крест Евфросинии Полоцкой,"крест, реликварий",Спасо-Евфросиниевский монастырь,+ ѿ | гро|ба | прѣ|свѧ|im.|тꙑ|ѧ Бо|горо|ди|цѧ,,‘От гроба пресвятой Богородицы’,кириллица,резьба по металлу,"на обратной стороне, на верхнем перекрестье",целая (100%),,Указанная во вкладной надписи дата (6669) подтверждается палеографическими особенностями надписей ( ).,
999,https://epigraphica.ru/epigraphy/inscription/show/999,1161,Подписи к изображениям Петра и Павла и к частице Гроба Господня,Крест Евфросинии Полоцкой,"крест, реликварий",Спасо-Евфросиниевский монастырь,Текст 1:|im.|тро|сТекст 2:+ | гро|б(ъ) Го|im.|спо|дь|ньТекст 3:а⃝ | Па|вь|im.|л|о|с,,‘Святой Петр Гроб Господень Святой Павел’,кириллица,резьба по металлу,"нв обратной стороне, на нижнем перекрестье",с небольшими утратами (>85%),,Указанная во вкладной надписи дата (6669) подтверждается палеографическими особенностями надписей ( ).,
1000,https://epigraphica.ru/epigraphy/inscription/show/1000,1161,"Подписи к изображениям и частицам мощей святых Стефана, Дмитрия и Пантелеймона",Крест Евфросинии Полоцкой,"крест, реликварий",Спасо-Евфросиниевский монастырь,Текст 1:|im.|ф|(а)|н|ъ+ мощѣсвт҃гоСте⸗фанаТекст 2:а⃝ | Д|ь|мі|im.|т|р|и|о+ кро⸗вь ст҃гоДьми⸗триꙗТекст 3:а⃝ | П|а|нте|im.|ле|и|м|ѡ|н+ мощѣсвт҃гоПанте⸗лѣимо⸗на,,<Текст 1:> ‘Святой Стефан Мощи святого Стефана’ <Текст 2:> ‘Святой Дмитрий Кровь святого Дмитрия <Текст 3:> ‘Святой Пантелеймон Мощи святого Пантелеймона’,кириллица,резьба по металлу,"на обратной стороне, на нижней части креста",с небольшими утратами (>85%),,Указанная во вкладной надписи дата (6669) подтверждается палеографическими особенностями надписей ( ).,
1001,https://epigraphica.ru/epigraphy/inscription/show/1001,[1376–1410],Надпись с перечнем реликвий,Золотой крест-тельник («филофеевский»),"крест, реликварий",Троице-Сергиева лавра,животводного едокиелъф⸗ерьꙗфедосъ⸗и двциновъхъ мчн⸗къ литовьс⸗кꙑхъ,,"‘Животворящее древо, сорока мучеников, праведного Афанасия, Евдокии, Елевферия, девицы Феодосии, новых мучеников литовских’",кириллица,резьба по металлу,на оборотной стороне по всей поверхности креста,с небольшими утратами (>85%),,"Среди исследователей нет единого мнения о датировке надписи по палеографическим признакам. М. В. Щепкина (в устном сообщении) и Т. В. Николаева (( ) и ( )) относили крест к началу XV века. Т. В. Николаева отрицала связь креста с именем патриарха Филофея и считала крест суздальской реликвией, находя аналогии в составе мощей и начертании букв с надписями на ковчеге суздальско-нижегородской княгини Марии 1410 г. и ковчеге суздальского князя Ивана Даниловича 1414 г. Это мнение было опровергнуто В. А. Кучкиным ( ), который со ссылкой на палеографическую экспертизу А. А. Турилова датировал надпись второй половиной XIV века и настаивал на том, что крест был принесен Сергию Радонежскому с посольством патриарха Филофея зимой 1376/1377 г. Мнение Кучкина поддержала О. А. Белоброва ( ).",
1002,https://epigraphica.ru/epigraphy/inscription/show/1002,[1120–1180],Автограф дьякона Докуда,Стены церкви Спаса на Берестове,стена церкви,Церковь Спаса на Берестове,Докудо ѱло дьѧконо҇свтго Спса,,"‘Докуд писал, дьяк святого Спаса, придя из Иерусалима’.",кириллица,граффито,"Надпись расположена справа от портала церкви. Она выцарапана на древнем растворе стены и вытянута в длинную строку, перед началом которой нарисован шестиконечный крест на одноступенчатой голгофе. ( )",целая (100%),Р Iа «округлая петля (прямая мачта)» <1360 (<1320). 1140–1360 ( ),,
1003,https://epigraphica.ru/epigraphy/inscription/show/1003,[1120–1240],Молитва неизвестного автора,Стены церкви Спаса на Берестове,стена церкви,Церковь Спаса на Берестове,Ги҃ помози…,,"‘Господи, помози (рабу своему)...’ ( )",кириллица,граффито,Надпись расположена справа от портала церкви. ( ),с утратами (50-85%),1060–1200 ( ),,
1004,https://epigraphica.ru/epigraphy/inscription/show/1004,[1110–1140],Молитва об Иване,Стены церкви Спаса на Берестове,стена церкви,Церковь Спаса на Берестове,Ги҃ди помози ра⸗,,"‘Господи, помоги рабу своему Ивану’. ‘Господи, помози рабу своему Ивану’. ( ) Доп. интерпретации",кириллица,граффито,,целая (100%),"<1140. В I «округлая нижняя петля» <1140, В 1 «нижняя петля углом вперед» <1160, В 2 «петля выступает под строку» <1220. 1180–1230 ( ) 1200–1300 ( )",Левая граница датировки обусловлена предполагаемым строительством церкви в правление Владимира Мономаха. Правая граница определяется палеографически.,
1005,https://epigraphica.ru/epigraphy/inscription/show/1005,[1100–1240],Надпись о клевете Иосифа на Варлама,Стены церкви Спаса на Берестове,стена церкви,Церковь Спаса на Берестове,[Ги҃] п(ом)ози Бе҃ [О]си⸗,,"‘Господи, помоги, Боже, Иосифу [в том], что он оклеветал Варлама напрасно’. ( )",кириллица,граффито,,целая (100%),,,
1006,https://epigraphica.ru/epigraphy/inscription/show/1006,[1110–1240],Автограф неизвестного автора,Стены церкви Спаса на Берестове,стена церкви,Церковь Спаса на Берестове,се писалъ ---къ,,‘Это писал …к’.,кириллица,граффито,Справа от западного портала внутри привтора. ( ),с небольшими утратами (>85%),1425–1510 ( ),,
1007,https://epigraphica.ru/epigraphy/inscription/show/1007,[1100–1240],Начало азбуки с пропуском буквы Д,Стены церкви Спаса на Берестове,стена церкви,Церковь Спаса на Берестове,А Б В Г Е,,,кириллица,граффито,Справа от западного портала внутри притвора. ( ),целая (100%),Б III «Петля с двумя изломами» 1320> 1330–1360 ( ),,
1008,https://epigraphica.ru/epigraphy/inscription/show/1008,1140–,«Пойду на …ицу»,Первоначальная штукатурка Кирилловской церкви,стена церкви,Кирилловская церковь,поид[у],,Пойду на …ицу,кириллица,граффито,"Во время реставрационных работ в 1965 г. в барабане главного купола храма, в проеме окна над юго-западным парусом, с правой стороны была обнаружена краткая надпись, с которой был сделан гипсовый слепок. ( )",целая (100%),1140–1160 ( ),,
1009,https://epigraphica.ru/epigraphy/inscription/show/1009,[1160–1200],Молитва о Мартине Семьюновиче,Первоначальная штукатурка Кирилловской церкви,стена церкви,Кирилловская церковь,+ [Ги҃ по]мози рабꙋ своему Март[и]нови Семъюнов(ичу),,"‘Господи, помоги рабу своему Мартину Семьюновичу’.",кириллица,граффито,"Немного выше следующей надписи. В апсиде южного придела Кирилловской церкви открыто значительное количество разнообразных граффити, выцарапанных на фресковой штукатурке, которая частично сохранилась в этом месте на южной стене. На стене апсиды хорошо заметны четкие древнерусские надписи, расположенные одна над другой. Верхняя надпись написана в одну строку длиной в 46,5 см. ( )",с небольшими утратами (>85%),"[1120–1240], предпочт. [1160–1200]. З Ia «правонаклонные (перелом)» <1320 (<1200 (<1120)), Ꙋ II «основной вид» 1120–1420 (1160–1380), Ꙋ 1 «длинные усы» 1100–1240 или 1380–1440 (1160–1200).",,
1010,https://epigraphica.ru/epigraphy/inscription/show/1010,1160–1200,Молитва о Мартине Семьюновиче,Первоначальная штукатурка Кирилловской церкви,стена церкви,Кирилловская церковь,(Ги҃ п)омилꙋи рабa своѥго Мартина Семьюнови[чѧ],,"‘Господи, помилуй раба своего Мартина Семьюновича’.",кириллица,граффито,Немного ниже предыдущей надписи.,с небольшими утратами (>85%),1140–1160 ( ),,
1011,https://epigraphica.ru/epigraphy/inscription/show/1011,1180–1200,Молитва о Феодоре,Первоначальная штукатурка Кирилловской церкви,стена церкви,Кирилловская церковь,Ги҃ помози рабу своѥмоу Ѳеодорови аминъ (…),,"‘Господи, помоги рабу своему Феодору. Аминь’.",кириллица,граффито,На южной стене апсиды. ( ),с небольшими утратами (>85%),1180-1200 или 1280-1300 (предпочтительно первое),"Б 4 'высокая петля': 1180> (1360); Язык: мужеви, Давыдови: <1300 (1220); Д3 'длинные ножки (обычные): <1200, 1280>; Ѳ 1 'без боковых засечек' <(1220); Графика: Ѥ (1240)>; Р II <1380 (1280).",Фотография взята из видеоролика В. В. Корниенко « Графіті Кирилівської церкви: перше знайомство ».
1012,https://epigraphica.ru/epigraphy/inscription/show/1012,[1100–1300],"Молитва о Павле, Семене, Кузьке и др.",Стены киевского Софийского собора,стена церкви,Собор св. Софии,Ги҃ помози,,"‘Господи, помоги рабам своим Павлу, Семену, Кузьке, Фоме Посне’.",кириллица,граффито,"придел арх. Михаила, в северо-западном углу вимы на западной грани северной лопатки первого от алтаря крещатого столба; на фреске с орнаментом ( )",с утратами (50-85%),"в IV≈ «развилка» (1280>) (<1400), в 3а ⅓ «верх шире низа» (<1200) <1260, з IIIв ½ «змея» 1340>, и 1б «верхние засечки (короткие)» (<1400), к 5 «уменьшенный верх» 1100> (1280>), н 1б «верхние засечки (короткие)» (<1400), п 1 «выступ вверху» (<1200) <1300; итог: [1100–1300], предпочт. [1280–1300]",,
1013,https://epigraphica.ru/epigraphy/inscription/show/1013,[1075–1150],Молитва о Феодоре и многолетствование ему,Стены киевского Софийского собора,стена церкви,Собор св. Софии,Ги҃ помози рабу свое⸗,,"‘Господи, помоги рабу своему Федору на многие лета’. ( )",кириллица,граффито,"в Михайловском приделе, в арке-переходе между предалтарной и второй от входа частями собора, на западной грани лопатки стены, на фреске с образом св. Косьмы ( )",целая (100%),"кон. ХІ – сер. ХІІ вв.: б углом вперед, А -образная д , прямолинейная р с округлой или углом вверх петлей ( )",,
1015,https://epigraphica.ru/epigraphy/inscription/show/1015,[1100–1380],"Молитва о Луке, дьяке туровского епископа",Стены киевского Софийского собора,стена церкви,Собор св. Софии,[Ги҃] помози,,"‘Господи, помоги рабу своему Луке, дьяку владыки Туровского’. ( )",кириллица,граффито,"на фреске с изображением неизвестного святого, в арке-переходе между второй от входа частью придела свв. ап. Петра и Павла и центральным нефом, на западной грани западной лопатки второго от алтаря южного крещатого столба ( )",с небольшими утратами (>85%),"в 3а «Верх больше низа» (<1200) <1260, д II≈ « Δ - и А -образные» 1100> <1200, е 5 «Язычок вверх» 1300> (1380>), р II «Углом вверх» (<1280) <1380, р 11 «Буква целиком в строке» (1120>) (<1320) <1410, у 4 «Буква целиком в строке» (1140>) (<1300), ц 4 «Буква целиком в строке» (1160>) (<1300), ч Iа «Обычная чаша или бокальчик» (<1380) <1410; итог: [1100–1380], предпочт. [1260–1280]",,
1018,https://epigraphica.ru/epigraphy/inscription/show/1018,[1260–1280],Молитва о Стефане и Евстратии,Первоначальная штукатурка Кирилловской церкви,стена церкви,Кирилловская церковь,Ги҃ пози раба своемуо,,"‘Господи, помоги рабу своему Стефану-попу и Евстратию’.",кириллица,граффито,Надпись обнаружена под слоем набела и масляной краски конца XIX в. в переходе из южной апсиды в главный алтарь на западной стене. ( ),целая (100%),"Первый почерк [1200–1300], предпочт. [1260–1280]: Р Ia «округлая петля и прямая мачта» <1360 (<1300). В I «округлая нижняя петля» <1260. Ь III «петля с двумя изломами» 1280>. П 1 «с выступом вверху» <1300. Ѳ 1 «без боковых засечек» <1220 или 1300> (!) Второй почерк [1160–1380], предпочт. [1240–1260]: У 8 «С-образно изогнутые» 1160> (1260> (1320>)). В 4 «выступ вверху» <1400 (<1280 (<1200)). Е 2 «Е-образные» <1380 (1240–1260)",,Фотография взята из видеоролика В. В. Корниенко « Графіті Кирилівської церкви: перше знайомство ».
1019,https://epigraphica.ru/epigraphy/inscription/show/1019,[1140–1200],Молитва неизвестного автора,Первоначальная штукатурка Кирилловской церкви,стена церкви,Кирилловская церковь,Ги҃ помози раб[у] своем[у],,"‘Господи, помоги рабу своему’.",кириллица,граффито,,целая (100%),<1260 (предпочт. <1200). Б I «округлая петля» <1120 (!). В 3а «верх больше низа» <1260 (<1200).,,Фотография взята из видеоролика В. В. Корниенко « Графіті Кирилівської церкви: перше знайомство ».
1020,https://epigraphica.ru/epigraphy/inscription/show/1020,[1140–1180],Отдельные числа,Первоначальная штукатурка Кирилловской церкви,стена церкви,Кирилловская церковь,[л҃р] м҃[х]|vac.|полъ трѣтьѧ десет,,‘… двадцать пять’.,кириллица,граффито,,целая (100%),[<1220] (предпочт. <1180) П 1 «выступ вверху» <1300 (<1200). Л 1 «покрытие» <1360 (<1280). Т II «треногое» 1400> (!). Ѣ 5 «верхняя засечка» <1400 (<1200 или 1280–1400). Ѣ 8 «петля выступает под строку» <1220 (<1180) или 1320> (1340>),,
1021,https://epigraphica.ru/epigraphy/inscription/show/1021,[1380–1400],Молитва о Сидоре,Первоначальная штукатурка Кирилловской церкви,стена церкви,Кирилловская церковь,Ги҃ помози рабу,,"‘Господи, помоги рабу своему Сидору’.",кириллица,граффито,"На южной плоскости столба, при входе в северную апсиду церкви ( )",целая (100%),"[1320–1400] (предпочт. [1380–1400]). М 4б «провисающая петля (вертик.)» 1280> (1280>). З II а «вертикальные (перелом)» (<1320, или 1380–1400, или 1440>). Б III «петля с двумя изломами» 1320>. У Iб «основной вид (с перемычкой)» 1140> (1280>). У 8 «С-образно изогнутые» 1280> (1320>). И 1а «Верхние засечки (длинные)» (<1300) (!). Д IVа «на треуг. ножках (острые)» (1280>). Д 2 «верхняя засечка» <1400 (<1320 или 1360–1400).",,
1022,https://epigraphica.ru/epigraphy/inscription/show/1022,[1140–1180],Поминальная надпись о неизвестной,Первоначальная штукатурка Кирилловской церкви,стена церкви,Кирилловская церковь,помьни Ги҃ дш҃ю рабы…,,"‘Помяни, Господи, душу рабы’… ( )",кириллица,граффито,,с небольшими утратами (>85%),"[–1200 или 1280–], предпочт. [–1180]. Д 3 «длинные ножки (обычн.)» <1200 (<1180) или 1280> (1320>). Г 1 «с выступом вверху» (<1200).",,
1023,https://epigraphica.ru/epigraphy/inscription/show/1023,[1140–1180],«Хлудово»,Первоначальная штукатурка Кирилловской церкви,стена церкви,Кирилловская церковь,Хлудово…,,‘Хлудово (или: Хлудов)’.,кириллица,граффито,В южной апсиде на южной стене ( ),целая (100%),"[1100–1200], предпочт. [1100–1180] Д 3 «длинные ножки (обычн.)» <1200 (<1180) или 1280> (1320>). В 2 «петля выступает под строку» <1220(<1220). Г 1 «с выступом вверху» (<1200). Графика: У после согласной 1100> (1220>) (!).",,
1024,https://epigraphica.ru/epigraphy/inscription/show/1024,[1500–1700],"Покаянная надпись, обращенная к св. Кириллу",Первоначальная штукатурка Кирилловской церкви,стена церкви,Кирилловская церковь,ст҃ы Кирило прости мѧ грѣшнаго,,"‘Святой Кирилл, прости меня грешнаго’. ( )",кириллица,граффито,В южной апсиде слева ( ),целая (100%),,,
1029,https://epigraphica.ru/epigraphy/inscription/show/1029,[1180–1280],Молитва Семена,Стены киевского Софийского собора,стена церкви,Собор св. Софии,Ги҃ помилуи,,"‘Господи, помилуй и прости раба своего Семена, потому что много к Тебе я согрешил’.",кириллица,граффито,"в северной части придела Иоакима и Анны, на фреске с изображением орнамента, в северно-восточном углу предалтарной части на западной лопатки первого от алтаря северного крещатого столба ( )",с небольшими утратами (>85%),"а Iб «Острые, плосковерхие» (<1400); б 3 ½ «Выступ вверху» (<1200), б 4 ½ «Высокая петля» 1180> (1360>); в 4 «Выступ вверху» (<1200) <1280; г 1 «С выступом вверху» (<1200); и 1б «Верхние засечки (короткие)» (<1400), и 2б «Нижние засечки (короткие)» (1120>) (<1400); к 3а «Верхняя засечка на мачте (длинная)» (<1300) <1320; л 2 «Верхняя засечка» (<1380); н II ½! «Горизонтальная перекладина» 1420>, н 1б «Засечки вверху (короткие)» (<1400); п 1 «С выступом вверху» (<1200) <1300; р II ½ «Углом вверх» (<1280) <1380; у 4 «Буква целиком в строке» (1140>) (<1300); х 6 «Буква целиком в строке» 1100> (1140>) (<1300); ѣ 9 ? «Петля касается коромысла» (1260>); итог: 1180–1280, предпочт. 1180–1200.",,Надпись взята в рамку.
1033,https://epigraphica.ru/epigraphy/inscription/show/1033,,Монограмма Павла,Корчага Павла,амфора-корчага,"Раскопки на ул. Рейтарской, д. 33",,Павьлъ ПВА ( ) ПВА ( ),‘Павел’.,кириллица,граффито,,,,,
1035,https://epigraphica.ru/epigraphy/inscription/show/1035,[1130–1240],Ламентация попов,Обломок плинфы из Федоровского монастыря,плинфа,Археологические исследования Федоровского монастыря,+ охо намо попомо …,,"‘Ох, нам попам…’ ( )",кириллица,граффито,,целая (100%),"[1100–1300], предпочт. [1100–1200]. Графика: ъ→о (3х) 1100>, П 1 «выступ вверху» <1300 (<1200)",,
1036,https://epigraphica.ru/epigraphy/inscription/show/1036,[1160–1280],Загадка о петухе,Фрагменты первоначальной штукатурки церкви Бориса и Глеба,стена церкви,Церковь Бориса и Глеба,двоичи роженъ въ портъ,,"‘Дважды рожден в теплую одежду; а не учившись, поет по часам’. ( )",кириллица,граффито,"Трехстрочная надпись-граффито на фресковой штукатурке бежевого цвета с вкраплениями цемянки. Третья строка начинается под буквой ѣ второй строки, обходя находящийся здесь инициал.",с небольшими утратами (>85%),"Палеографически значимые начертания по типологии А. А. Зализняка: а 1 «покрытие» <1320 (<1280), р IVа «углом вниз (криволинейные)» 1160> (1240>), л 1 «покрытие» <1360 (<1280), ѧ 1 «покрытие» <1340 (<1280), ѧ 3 «нижние засечки» <1400 (1160–1360). ( )","По методике А. А. Зализняка надпись можно датировать условным отрезком 1160–1300 (предпочтительно: 1160–1280) гг. По оценке издателей, более вероятна датировка второй половиной XII в., чем XIII в.",
1039,https://epigraphica.ru/epigraphy/inscription/show/1039,[1200–1400],Надпись дьяка Стефана,Стены собора св. Софии в Константинополе,стена церкви,Собор св. Софии в Константинополе,Стеѳаносъ,,"‘Дьяк Стефан, уроженец Руси’.",кириллица,граффито,"Восточная часть южной галереи. Надпись выполнена на северо-западной стороне юго-восточной колонны. Высота от пола – 147,7 см. ( )",целая (100%),"Палеография: а – Iа; д – 2, 3; е – II; и – 1а, 4; к – Iб; н – Iб, 1а (верхние засечки только в Стеѳаносъ ), 3; о – I; р – Iа; с – I; т – I; у – Iа; оу – Iб; ѳ – I; ъ – III; ѱ – I.Наиболее вероятным временем выполнения граффито следует считать XIII–XIV вв. (датирующие признаки: и – 1а «длинные верхние засечки», 4 «высокая перекладина»; н – 1а «длинные верхние засечки», 3 «высокая перекладина»; ъ – III «петля с двумя изломами». ( ) ( )",,"А. А. Алексеев предполагал, что автором граффито мог быть Стефан Новгородец – автор хождения в Царьград (1348/1349 г.). На это, по его мнению, указывают палеографические особенности надписи и ее местонахождение. «Надпись находится в том месте хор, – пишет исследователь, – где было выгорожено место для патриарха, который, как известно из описания этого путешествия, принял русских паломников» ( ). Почему же автор не назвался новгородцем? «Называя себя русином, а не новгородцем», Стефан руководствовался представлением «об этническом единстве восточных славян с точки зрения межгосударственных отношений» ( ). По мнению А. П. Толочко, автор надписи был человеком «невысокой грамотности»: «пытаясь грецизировать свое имя, он ошибся, написав его через фиту, а не ферт», а такой ошибки трудно ожидать от «неплохого литератора», каким был Стефан Новгородец ( ). Действительно, серьезных оснований для атрибуции данного автографа Стефану Новгородцу нет: его мог выполнить любой другой выходец из Руси, носивший то же имя. ( )."
1040,https://epigraphica.ru/epigraphy/inscription/show/1040,[1140–1220],Межевой знак Воротька,Воротькова межа,валун,Труворово Городище,левая надпись:правая надпись:насѧ чстьВоротьк[ов]а,,"‘Межа (граница земли). Наша часть, [часть] Воротька’.",кириллица,граффито,,целая (100%),"[1140–1320], предпочт. (1140–1220) Буква в типа IIа «перелом при мачте» <1320 (<1220), з IIа «вертикальные (перелом)» (<1320), р III «углом вперед» 1140>, р 11 «буква целиком в строке» <1420 (1120–1360), ч Iа «чаша / бокальчик» <1420 (<1380) XIV в. ( )",,
1041,https://epigraphica.ru/epigraphy/inscription/show/1041,[1160–1200],Автограф Лазоря Ярышевича,Архитрав собора св. Мартина,стена церкви,Собор св. Мартина,Лазорь псалъ [·] Ѧр-⸗|vac.|ости(сла)⸗вль · -,Лазорь псалъ [·] Ѧр(ꙑ)⸗ шевичь · Рости(сла)⸗ вль · [д] ( ),"[Это] написал Лазорь Яр[ы]шевич, … [князя] Ростислава. ( )",кириллица,резьба по камню,Непосредственно над надписью муромского дьякона .,с небольшими утратами (>85%),"[1160–1200]: а 7 «удлиненная спинка» <1200 или 1420>, р IVа «углом вниз (криволинейные)» 1160> (1240>) (в первом слове надписи), ч Iа «чаша / бокальчик» <1420 (<1380), ъ IIб «вертикальная мачта» (1320>).",,
1043,https://epigraphica.ru/epigraphy/inscription/show/1043,[1380–1450],Ламентация или неоконченная цитата,Стены собора св. Софии в Константинополе,стена церкви,Собор св. Софии в Константинополе,нужно ест,нужно ест[ь] … ( ),,кириллица,граффито,Надпись находится на южной стороне северо-восточной колонны. Высота от пола – 138 см. ( ),целая (100%),"Начертания большинства букв не имеют ярко выраженных датирующих признаков, поскольку встречаются на всем протяжении XI–XV вв. На принадлежность надписи к XI–XII вв. как будто указывает звездообразное ж . В то же время данному периоду не известно начертание «лежащего» е («язычок вверх»), широкое распространение которого приходится на конец XIV – середину XV в. ( ) Возможно, написание архаического ж следует объяснять твердостью мрамора, на котором изобразить три пересекающиеся в одной точке линии было проще, чем другие модели этой буквы. ( )",,
1044,https://epigraphica.ru/epigraphy/inscription/show/1044,[1100–1200],"Подпись к изображению креста, надпись «святая София» и автограф Гречина",Стены собора св. Софии в Константинополе,стена церкви,Собор св. Софии в Константинополе,Текст 1:|im.|Хъ҃Текст 2:свѧтаѧ СофиеТекст 3:Грѣ⸗чинъ ѱлъ,,‘Иисус Христос. Святая София. Гречин писал’.,кириллица,граффито,Надпись выполнена на юго-западной стороне северо-восточной колонны. Высота от пола – 156 см ( ),целая (100%),"Палеографические особенности дают основания относить надпись к XII в. (датирующие признаки: а – Iа «островерхое»; в – IIа «перелом при мачте»; е – I «правонаклонное»; ѣ – 7 «мачта выступает над строкой» ( : 152, 156, 162, 210). Близкое сходство в начертании букв обнаруживается с письмом на кресте Евфросинии Полоцкой 1161 г. (ср. в, е, и, н, р, ф, ч, ъ, ѣ, ѧ ). ( )",,"Слово гречинъ выступает в надписи как антропоним – прозвище русского человека. Из источников XII в., к которому относится надпись, известен один носитель такого прозвища, который вполне мог бы претендовать на авторство граффито. Это знаменитый Олисей Петрович Гречин – новгородский боярин, священник и церковный художник, усадьба которого была исследована в 1970-х гг. на Троицком раскопе. Сопоставление летописных упоминаний с показаниями берестяных грамот позволяет считать его сыном боярина Петра Михалковича, в 1155 г. выдавшего дочь за новгородского князя Мстислава Юрьевича. Предполагается, что свое прозвище и профессию иконописца Олисей Петрович вынес из Византии, куда в 1162 г. направился изгнанный из Руси князем Андреем Боголюбским Мстислав Юрьевич и где его, несомненно, сопровождала жена, сестра будущего Гречина."
1045,https://epigraphica.ru/epigraphy/inscription/show/1045,[1180–1300],Автограф Борислава,Стены собора св. Софии в Константинополе,стена церкви,Собор св. Софии в Константинополе,Бориславо {ѱ}ѱло,,‘Борислав писал’.,кириллица,граффито,Восточная часть южной галереи. Надпись выполнена на юго-восточной стороне северо-западной колонны. ( ),целая (100%),"Палеография: а – Iа, 5; б – 4; в – V; и – I; л – Iа; о – I; р – Iа; с – I. Датировка. Начертания большинства букв не имеют ярко выраженных датирующих признаков. Поэтому время выполнения надписи может быть определено в широком хронологическом диапазоне XII–XV вв. Вместе с тем наличие зеркального а (если это не оплошность писавшего), особенности начертания в («нижняя косая к мачте») позволяют осторожно относить ее к концу XII – XIII в. [ : 152, 154, 155]. Особенностью надписи является использование бытовой системы письма ( ъ – о ). Такое смешение встречается в надписях собора Святой Софии в Новгороде, датируемых XIII в. [ : № 207, 208, 210, 214]. По мнению Т. В. Рождественской, бытовая орфография «в отличие от берестяных грамот, проникает в надписи не ранее второй половины XII в.» [ : 138]. ( )",,"Имя Борислав было известно в Древней Руси. Так, оно фиксируется в Новгородской первой летописи под 6726 (1218) г.22 и в берестяной грамоте № 390 (вторая половина XIII в.)."
1046,https://epigraphica.ru/epigraphy/inscription/show/1046,[1000–1140],Автограф и молитва Домка Безуевича,Стены собора св. Софии в Константинополе,стена церкви,Собор св. Софии в Константинополе,Текст 1:|im.|ѱ҃Безоевич|im.|ъгрѣшънꙑТекст 2:сватаѧ Софиепомилоу мѧ,,,кириллица,граффито,"Центральная часть южной галереи. Надпись выполнена на первой слева мраморной облицовочной плите (верхний ряд) восточной стены. Высота от пола – 155,2 см, от угла слева (стена под углом 90° подходит к северо-восточному пилону) – 42,8 см. ( )",целая (100%),"Палеография: а – Iа; б – I1; в – IIб; г – I; д – IVа; е – II; з – IIб; и – I, II; к – Iб; л – Iа; м – Iа; н – Iв; о – I; п – I; р – II; с – I; т – 2; оу – II; ѳ – I; ч – Iа; ш – II; ъ – IIа; ы – Iб; ѣ – I; ѧ – Iа. Датировка. Палеографические особенности а, б, в, д, и, к, м, н, р, ч, ѣ, ѧ позволяют относить надпись к XI–XII вв. [ ]. Схожие начертания а, в, и, р, ч, ъ встречаем в записи № 18 ( Ѱ(а)лъ Ставъръ Городѧтиничь ) из собора Святой Софии в Киеве, которое издатель склонен датировать началом XII в. [ : с. 56–57, табл. XXIII]. Эта хронология находит свое подтверждение в палеографии берестяных грамот (датирующие признаки: б – «округлая петля»; р – «углом вверх»; оу – «уменьшенное О»; ш – «платформа приподнята; ѣ – «округлая петля» [ , с. 154, 182, 190, 202]. Начертания остальных букв не противоречат предлагаемой датировке. В написании а, в, г, д, е, и, р (см. гривьнѣ ), с, оу, ч, ш, ъ , прослеживается сходство с грамотой № 119 (стратиграфическая дата – середина 10-х – середина 30-х гг. XII в.). С датировкой граффито XI – первой половиной XII в. хорошо согласуется и состояние редуцированных. На графическом уровне датирующим признаком является замена ь → ъ : почти все известные ныне берестяные грамоты, демонстрирующие данный эффект, относятся к XI – первой трети XII в. [( )]. Нужно заметить, впрочем, что оба примера приходятся на позицию после шипящего, в которой, по крайней мере в книжной письменности, мена ь и ъ встречается и в текстах второй половины XII – начала XIII в., например, в Триоди Моисея Киянина. Заменой ь может быть также первый ъ в Дъмъко , но более вероятно, что это «настоящий» ъ. ( )",,"Имя автора – Дъмъко (или Дьмъко , при допущении эффекта ъ → ь ) может быть как гипокористическим производным от Димитрии , так и дохристианским именем, производным от дути , дъму ‘дуть’. Последнее кажется более вероятным, учитывая, что писец новгородской Служебной минеи 1095 г. поп Домка упоминает это имя как мирское ( а мирьскы Дъмъка ). Отчество автора, записанное как Безоевичъ , может быть лишь производным от дохристианского имени Безуи (‘не имеющий дяди [со стороны матери]’). В близкую нашей надписи эпоху это имя выступает в граффито № 102 из собора Святой Софии в Киеве: Ги҃ помози рабоу своемоу Безоуеви Иванѫ отроку Добрынича [ : 25–30], и в виде производного в берестяной грамоте из Старой Руссы № 22 тьри коуне оу Безоуевее [ : 337–339]. Порядок слов, при котором имя отделяется от отчества и других относящихся к нему слов глаголом пьсалъ , обычен для эпиграфики (ср. граффито № 22 Софии Киевской: Воинегъ ѱлъ Журѧговиць полоцанинъ [ : 59], и надпись № 187 Софии Новгородской: Ст[ь]панъ ѱлъ Рожньтиць [ : 125]."
1047,https://epigraphica.ru/epigraphy/inscription/show/1047,[1280–1360],Подпись к кресту и автограф галицкого попа Матфея,Стены собора св. Софии в Константинополе,стена церкви,Собор св. Софии в Константинополе,Текст 1:Текст 2:Матфѣи попъ галичьскии,,"‘Иисус Христос. Матфей, поп галицкий’.",кириллица,граффито,"Центральная часть южной галереи. Надпись выполнена на третьих слева перилах ограждения (парапета) северного контура. Расстояние от колонны слева – 70 см, от колонны справа – 133,2 см. ( )",целая (100%),"Палеография. а – Iа; г – I; и – 4; i – IIа; к – Iб; л – Iа; м – 4б; о – I; п – I; с – I; т – I; ф – 1; х – II, 2; ч – Iа; ъ – IIб; ь – IIб; ѣ – IIб. Датировка. Граффито выполнено уставным письмом: буквы располагаются перпендикулярно к строке, без наклона, имеют правильные прямые и округлые линии. Несомненно, исполнитель был хорошо знаком с книжной графикой, что позволяет датировать его автограф, опираясь на палеографию рукописных книг и актов. Особенности написания ѣ (выступающая над строкой мачта, лежащее в верхнем уровне строки коромысло), и (высокая перекладина), м (провисающая округлая петля) являются новообразованиями, характерными для книжного письма XIII в. [ : 126–128; : 192, 195; : 154–155]. В. Н. Щепкин определял наличие высоких перекладин, «некоторую сжатость» и вытянутость букв (ср. ѣ, и ) как «стильный (манерный) почерк», появление которого в конце XIII в. знаменовало стремление писцов к каллиграфической передаче текста в условиях появления новых начерков, отличных от классического устава XI–XII вв. ( ). Палеография граффито близка Рязанской кормчей 1284 г. (ср. а, и, м, ч, ь, ъ ) и Псалтыри 1296 г. (ср. а, и, м, ч, ь, ъ, ѣ ) [ : № 65, 68]. Вместе с тем нужно отметить, что в эпиграфике указанные особенности письма фиксируются позднее – в XIV в. [ ]. Яркую аналогию написания а, и, к, м представляет шелковая вышивка на омофоре новгородского архиепископа Моисея ( Моисиꙗ архиѥпискупа молитвами свѧтыꙗ Софиꙗ ), занимавшего кафедру в 1326–1330 и 1352–1359 гг. [ ]. На XIV в. указывает и письмо берестяных грамот (датирующие признаки: использование ф, и – «высокая перекладина», м – «провисающая петля»; ъ – «вертикальная мачта»). В то же время особенности написания ч (обычная чаша) более характерны для XII–XIII вв., нежели для XIV в. [ : 171, 179, 202–203, 205]. Учитывая, с одной стороны, характерную для эпиграфики «архаизацию письма» [ : 60–61], а с другой – очевидную ориентацию автора на книжную традицию («стильный почерк»), время выполнения надписи можно отнести к концу XIII – первой половине XIV в. ( )",,"Следует согласиться с мнением А. Горбача, что Матфей был выходцем из Галича Волынского («западно-украинского»), а не Мерьского. Об этом говорят не только традиционно тесные связи Волыни с Византией, но и ориентация автора граффито на уставное письмо – особенность, в большей степени присущая Южной Руси, чем Северной [ ]. ( )"
1048,https://epigraphica.ru/epigraphy/inscription/show/1048,[1300–1450],Автограф Григория,Стены собора св. Софии в Константинополе,стена церкви,Собор св. Софии в Константинополе,+ Григореи -ь,+ Григореи [д]ь(якъ) ( ),"‘Григорий, (дьякон?)’",кириллица,граффито,"Центральная часть южной галереи. Надпись выполнена на четвертых слева (центральных) перилах ограждения (парапета) северного контура. Расстояние от колонны слева – 37 см, от колонны справа – 205 см. ( )",целая (100%),"Палеография: г – I; е – IV, 5; и – II; о – I; р – III, 12; ь – IIб. Датировка. Несмотря на ограниченное количество начерков, граффито можно отнести к XIV – первой половине XV в. Верхняя граница определяется особенностями написания е и и [ ]. Палеография остальных букв не противоречит предлагаемой датировке. Сходные начертания е , и, ь находим в записи № 218 из Софии Киевской ( М(еся)цѧ декабрѧ въ 10 д(е)нь на памѧ(ть) с(вя)т(ы)хъ Мины и Гермогена пр(е)стависѧ рабъ Б(ож)ии Олеζандрос ), которую издатель относит к XIV в. [ , с. 100–101, табл. CVIII, CIX]. Лежащее е встречаем в новгородских граффити XIV–XV вв.: № 49 и 73 из церкви Спаса на Нередице и церкви Федора Стратилата на Ручью соответственно [ , с. 94–95, 112–113]. Эта хронология находит подтверждение в палеографии берестяных грамот (датирующие признаки: е – «язычок вверх»; и – «наклонная перекладина»; р – «петля во всю строку» [ , с. 163, 171, 185]. ( )",,"Восточнославянское или, точнее, великорусское происхождение писавшего выдает прояснение напряженного редуцированного ь в е в исходе имени Григореи ."
1049,https://epigraphica.ru/epigraphy/inscription/show/1049,1381–1404,Молитва о Филиппе,Стены собора св. Софии в Константинополе,стена церкви,Собор св. Софии в Константинополе,+ Ги҃ помози рабу свое⸗,,"‘Господи, помоги рабу своему Филиппу’.",кириллица,граффито,Центральная часть южной галереи. Надпись выполнена на юго-восточной стороне северо-западной колонны. Высота от пола – 146 см. ( ),целая (100%),"Палеография: а – Iа, 7; б – II; в – VIа8; г – 3; е – III, 5; з – IIIа; и – II; л – Iа; м – Iа; о – I; п – I; р – 12; с – I; у – Iа; ф – I. Датировка. Особенности написания е, з , и позволяют относить граффито ко второй половине XIV – первой половине XV в. [ ]. Эта хронология находит подтверждение в палеографии берестяных грамот (датирующие признаки: а – «удлиненная спинка»; в – «косая к основанию в угол»; е – «левонаклонная, язычок вверх»; з – «левонаклонная, перелом»; и – «наклонная перекладина»; р – «петля во всю строку»; ф – «основного вида» [ : 157, 163, 169, 171, 185, 193]). ( )","Судя по почерку, перед нами еще один автограф Филиппа Микитинича, стольника митрополита Киприана (см. № 2 ), правда, здесь без указания на отчество и социальное положение писавшего. Поэтому граффито можно датировать периодом с 1381 г. (первый приезд Киприана в Москву) по 14 июня 1404 г. (упоминание о смерти Филиппа в грамоте Киприана) [ : 122–124].","Восточнославянские черты в надписи отсутствуют, но имеются в другом автографе Филиппа Микитинича."
1050,https://epigraphica.ru/epigraphy/inscription/show/1050,1360–1460,Автограф нижегородца Даниила,Стены собора св. Софии в Константинополе,стена церкви,Собор св. Софии в Константинополе,+ Даниїлос из Нова⸗,+ Даниїлос из Новагорода из Нижн[его] ( ),‘Даниил из Нижнего Новгорода’.,кириллица,граффито,Центральная часть южной галереи. Надпись выполнена на южной стороне северо-западной колонны. Высота от пола – 172 см. ( ),целая (100%),"Палеография. а – Iа, 7; в – III; г – I; д – Iа, 3; ж – IVа, 5а; з – IIIа; и имеет следующие начертания: 1) в Даниїлос – II; 2) в остальных случаях – III; ї – Iа; л – Iа; н – Iб; о – I; р – IVа, 12; с – I. Датировка. По мнению А. А. Алексеева, надпись следует датировать XVI–XVII вв., «поскольку и орфография, и начертания букв не позволяют предполагать большей древности» ( ). С этим мнением трудно согласиться уже потому, что граффито не обнаруживает признаков скорописи, характерной для эпиграфики указанного периода (ср. киевские граффити XVI–XVII вв. № 398, 400, 406 [ : 97–101, табл. LV, LVI, LVIII]). Начертания а, ж, з, и, н, р позволяют определять вторую половину XIV в. в качестве верхней хронологической границы выполнения автографа Даниила [ ]. Приблизительно схожие модели букв обнаруживают надписи № 16 ( а, и, н ) и № 17 ( а, в, н, р ) из Спасо-Преображенской церкви в Полоцке; первая датируется XV в. ( Помѧни Г(оспод)и ерѣꙗ Ивана ), вторая – 1476 г. ( В лѣт(о) 6984 инд(и)ктъ в 9 престави(ся) раба б(о)жъ(ѧ) Оксинѧ ) [ : 117, 218, 219]. Начертание а, в, н, р близко граффито № 74 из церкви Св. Федора Стратилата на Ручью ( Преставися понинарьѧ м(ѣ…н)а октабрѧ на памѧт… ), которое относится к XIV в. [ : 112–113]. Предлагаемая хронология находит подтверждение в палеографии берестяных грамот (датирующие признаки: а – «удлиненная спинка»; д – «длинные ножки»; ж – «умеренно уменьшенный верх»; з – «левонаклонная, перелом»; и – «диагональ»; р – «петля во всю строку» [ : 160–161, 165, 169, 171, 185]. За исключением ї , случаи употребления которой на бересте единичны, начертания остальных букв не противоречат предлагаемой датировке. Палеография сближает граффито с грамотами № 122 ( в, д, з, и, н, р ) и № 358 ( ж, з, и, р ); стратиграфическая дата первой – 10-е – начало 20-х гг. XV в., второй – 10–60-е гг. XV в. [ Древнерусские берестяные грамоты ]. Сказанное позволяет датировать надпись второй половиной XIV – серединой XV в. ( )",,"По мнению Т. Томова, автор граффито, возможно, посетил Константинополь в свите суздальского архиерея Дионисия, который побывал в столице Византии дважды: в 1379–1381 и 1383 гг. Предполагается, что, используя Волжский маршрут, владыка мог начать свой путь из Нижнего Новгорода, одного из городских центров Суздальской епархии. Приводится и другая версия. Автограф мог оставить слуга московского великого князя Дмитрия Ивановича (1359–1389 гг.) по имени Даниил, который в 1371 г. доставил письмо своего патрона константинопольскому патриарху [ ]. К сожалению, эти атрибуции лишены доказательной силы. ( )"
1051,https://epigraphica.ru/epigraphy/inscription/show/1051,1380-1420,Молитва о Елферье Васильевиче,Стены собора св. Софии в Константинополе,стена церкви,Собор св. Софии в Константинополе,Ги҃ помози рабу своему ст҃аѧ Софиѧ,,"‘Господи, помоги рабу своему, Святая София, Елферью Васильевичу’.",кириллица,граффито,Центральная часть южной галереи. Надпись выполнена на северо-восточной стороне северо-западной колонны. Высота от пола – 172 см. ( ),целая (100%),"Палеография: а – Iа, 7; б – II; в имеет следующие начертания: 1) в своему , первая в Васильевичю – III, 2) вторая в Васильевичю – VIа; г – I; е – III, 5; з – IIIа; и имеет следующие начертания: 1) в Г(оспод)и – I, 2) в Софиѧ – II, 3) в помози , Васильевичю – III; л – Iа; м – Iа; о – I; п – I; р – Iб, 12; с – I; т – 2; у – Iа; ф – I; ч – IIб; ь – IIб; ю – IIб; ѧ – Iа. Датировка. Начертания е, з, и указывают на то, что надпись могла быть выполнена не ранее второй половины XIV в. ( ). Схожие модели и и р встречаем в граффито № 397 из Кирилловской церкви в Киеве ( С(вя)ты(и) Кирило, прости мѧ грѣшнаго ), которое датируется XV в. [ , табл. LIV]. Однако наибольшее сходство надпись обнаруживает с автографом Филиппа (ср. в, е, з, и, п, р, у ), выполненным на юго-восточной стороне этой же колонны ( № 13 ). Обращает на себя внимание совпадение ширины и глубины линий букв этих граффити, что наводит на мысль об использовании либо однотипных, либо одного и того же орудия письма. С другим автографом Филиппа, который находится в восточной части южной галереи ( № 2 ), надпись, кроме уже обозначенных букв, сближают начертания ч и ю [ : 122–124]. Очень вероятно, что Елферий Васильевич и Филипп Микитинич вместе посетили Св. Софию, расположив по соседству свои молитвенные обращения. Отнесение граффито к концу XIV – началу XV в. находит подтверждение в палеографии берестяных грамот (датирующие признаки: а – «удлиненная спинка»; в – «верхняя косая к основанию в угол»; е – «левонаклонная, язычок вверх»; з – «левонаклонная, перелом»; и – «диагональ»; р – «петля во всю строку»; ч – «расщеп, У-образное»; ю – «перемычка наклонно вверх» [ : с. 153, 157, 163, 169, 171, 185, 203, 213]). ( )",,"О восточнославянском происхождении автора говорит обозначение через ѧ сочетания [ja] ( с҃таѧ Cофиѧ ). Имея в виду употребление отчества ( Васильевич ) и вероятное сотоварищество с митрополичьим стольником Филиппом Микитиничем, можно думать, что Елферий был человеком высокого социального статуса, близким ко двору князя или митрополита. ( )"
1052,https://epigraphica.ru/epigraphy/inscription/show/1052,[1140]–1187,Молитва о Емельяне и его родственниках,Стены Базилики Рождества Христова,стена церкви,Базилика Рождества Христова,Ги҃ помози рабу св(оему Еми)⸗,Ги҃ помози рабу св(оему Еми)⸗ лиѧнови Михале(ву сꙑну Ива)⸗ нича і с отецеме і (съ материю) і со ве⸗ сею братиею і всегда і ныне і при<сно і во веки векомъ аминь> ( ),"‘Господи, помоги рабу своему [Еме]льяну, сыну Михаля [Ива]нича, с отцом, [и с матерью], и со всей братией, всегда, и ныне, и при[сно, и во веки веков. Аминь]’",кириллица,граффито,"На западной стороне полуколонны, примыкающей к южной стороне пилона, фланкирующего средокрестие базилики с юго-западной стороны. Надпись расположена на высоте 106 см от базы, расстояние до западной полуколонны (слева) составляет 8 см. Окончание трех первых строк надписи в настоящий момент скрыто стеной XIX в., которая вплотную пристроена к полуколонне. Длина первых трех строк граффито в сохранившейся части составляет 9,5; 9,2 и 9,2 см, последующих пяти – соответственно: 2,7; 1,5; 5,8; 8,2; 2,3 см. Причинами сокращения текста в четвертой и пятой строках стали механические выщербины, а в шестой и седьмой – небольшое включение кальцита. Последняя, восьмая строка надписи осталась недописанной. ( )",с утратами (50-85%),"А — зеркальное (5). Б — петля с изломом (тип II). В — округлая нижняя петля (I). Г — основного вида (I). Д — на шечках, острая петля (IIIа). Е — вертикальное (II). З — правонаклонное, развилка (Iб). И — основного вида (I).1 — простое, без засечек (IIа). Л — верхняя засечка (2). М — верхние засечки (2). Н — основного вида, перемычка (Iа). О — основного вида (I). П — основного вида (I). Р — округлая петля, прямая мачта (Iа). С — осповного вида (I). Т — основного вида (I). У — основного вида, простое (Iа). Х — без засечек (4). Ц — зеркальное, целиком в строке (3, 4). Ч — бокальчик (Iа). Ы — высокая перемычка, молоточек (Iа, 1). Ю — основного вида (I). Ѧ — основного вида, острое (Iа). Сохранение неконечного слабого ь в отецеме (<отьцьмь>) и весею (<вьсею>) исключает датировку позже 20-х годов XIII в.: ранним признаком является также сохранение мягкости конечного [м’], отвердение которого, произошедшее после падения редуцированных, постепенно отражается памятниками XII–XIII в. С другой стороны, слабый ь опущен в всегда , а написание с отецеме свидетельствует об утрате слабого редуцированного в предлоге — в берестяных грамотах такой рефлекс сочетания ъ + о встречается со второй половины XII в. Таким образом, по языковым признакам граффито можно отнести ко второй половине XII – началу XIII в. Данная датировка находит подтверждение в палеографии надписи. Особенности начертания букв д («на шечках»), з (правонаклонное), м (с верхними засечками), ц (буква пеликом в строке), ы (высокая перемычка) указывают на ее выполнение в период XII – XIII в. Однако палеография а (зеркальное) и і (без засечек), а также архаическое написание буквы в (округлая нижняя петля) дает основание сузить хронологический интервал до 40–80-х гг. XII в. Начертания остальных букв не противоречат этой датировке. ( )",,
1053,https://epigraphica.ru/epigraphy/inscription/show/1053,[1050–1160],Надпись о сошествии во ад,Стены Базилики Рождества Христова,стена церкви,Базилика Рождества Христова,въ адъ,,‘В ад сошел Христос’.,кириллица,граффито,"На западной стороне колонны (большая часть скрыта стеной ХХ в.), фланкирующей окончание южной колоннады западного нефа и начало трансепта. К северу (слева) от этой колонны находится полуколонна с первой надписью , так что в интерьере храма два граффити соседствуют друг с другом. Надпись состоит из двух строк, длина первой строки составляет 2 см, длина второй – 3,2 см. ( )",целая (100%),"А – основного вида, острое (Iа). В – нижняя петля углом вперед (1). Д – длинные ножки (3). И – основного вида (I). П – основного вида (I). Р – округлая петля, прямая мачта (Iа). С – основного вида (I). Х – без засечек (4). Ъ – округлая петля (I). Палеография надписи позволяет отнести ее ко второй половине XI – середине XII в. На это указывает весьма древнее начертание букв в и ъ . Написание остальных букв не противоречит этому выводу. ( )",,"В отличие от большинства паломнических граффити, имеющих вид «Господи помози рабоу своему...» или «Х писал», она представляет собой законченное богословское высказывание, навеянное, вероятно, пасхальным богослужением."
1054,https://epigraphica.ru/epigraphy/inscription/show/1054,1410–1412,"Надпись о создании возду́ха Огрофеной, женой Константина, для церкви Рождества Богородицы",«Суздальский возду́х»,воздух,Собор Рождества Пресвятой Богородицы,в лѣт · ҂ѕ · ѧ · · при кнꙗженьи · великого кнꙗзꙗ · Васильѧ · Дмитриѥвича · всиꙗРус҇· при архиѥпп҃ѣ · приФоти · митрополитѣ·припс҇пѣ ·Митрофанѣ . созданъ бъстъ вздухъ сии ·рабоюбжьеюКостꙗнтиновою · Ѡгрофѣною · аже пречистѣи ·Мтри Божїи · и честнаго ѥꙗ рождества · да боудеть ·на неи · а кончанъ бꙑсть · мца іоунꙗвъ ·в҃· на памтьс⃝ѡ҃ца Никифора +,,"‘В 69.. году при княжении великого князя Василия Дмитриевича всея Руси, при архиепископе при Фотии, митрополите всея Руси, и при епископе Митрофане создан был этот воздух рабой Божией Огрофеной, женой Константина, а именно – [для церкви] пречистой Матери Божией и честного ее Рождества, чтобы был там. А окончен был второго июня, на память святого отца Никифора’.",кириллица,другое,по периметру вокруг изображения Евхаристии,целая (100%),,"Десятки и единицы даты в летописи на «возду́хе» не дописаны. Широкие рамки датировки – 1410–1425 – определяются упоминанием в надписи трех исторических лиц: великого князя Василия Дмитриевича (1389–1425), митрополита Фотия (1408–1431, прибыл в Москву в 1410) и епископа Владимиро-Суздальского Митрофана (1406–1416 (последнее упоминание в летописи)). В. Н. Щепкин указывал, что место, оставленное в дате для десятков и единиц, могло предназначаться только для дат на рубеже десятков от сотворения мира, и предлагал две возможные датировки: 1410–1413 и 1421–1423, считая при этом вторую менее вероятной, «т. к. епископ Митрофан в эти годы б. м. уже не существовал» ( ). А. А. Турилов соглашается с первой датировкой и сужает ее до 1410–1412, указывая, что именование митрополита Фотия архиепископом было возможно только в короткий период сразу по его прибытии в Москву ( ).",
1055,https://epigraphica.ru/epigraphy/inscription/show/1055,1410–1412,Евхаристическая надпись (Мф. 26:26) и подписи к фигурам Христа и архангелов,«Суздальский возду́х»,воздух,Собор Рождества Пресвятой Богородицы,Текст 1:с҇тѣло мое ломимое за выТекст 2:піите ѿ неꙗ вси се ѥс҇кровьмоꙗ новагѡ завѣта проливаѥТекст 3:Іс҇с Хс҇сТекст 4:Іс҇с Хс҇сТекст 5:оарх҇Мих҇Текст 6:оарх҇Гавріил,,"‘Приимите, ядите, сие есть Тело Мое, преломляемое за вас... Пейте из нее все, сие есть Кровь Моя Нового Завета, проливаемая... Иисус Христос Архангел Михаил Архангел Гавриил’",кириллица,другое,в сцене Евхаристии,целая (100%),,"Десятки и единицы даты в летописи на «возду́хе» не дописаны. Широкие рамки датировки – 1410–1425 – определяются упоминанием в надписи трех исторических лиц: великого князя Василия Дмитриевича (1389–1425), митрополита Фотия (1408–1431, прибыл в Москву в 1410) и епископа Владимиро-Суздальского Митрофана (1406–1416 (последнее упоминание в летописи)). В. Н. Щепкин указывал, что место, оставленное в дате для десятков и единиц, могло предназначаться только для дат на рубеже десятков от сотворения мира, и предлагал две возможные датировки: 1410–1413 и 1421–1423, считая при этом вторую менее вероятной, «т. к. епископ Митрофан в эти годы б. м. уже не существовал» ( ). А. А. Турилов соглашается с первой датировкой и сужает ее до 1410–1412, указывая, что именование митрополита Фотия архиепископом было возможно только в короткий период сразу по его прибытии в Москву ( ).",
1056,https://epigraphica.ru/epigraphy/inscription/show/1056,1485–1486,Надпись о создании возду́ха для Успенской церкви Переяславля Рязанского по повелению великой княгини Анны,«Рязанский возду́х»,воздух,Крестовая церковь архиерейского дома,в лѣт҂ѕ҃ · ц · ч҃г · индикта · г҃ · сии въздꙋхъ созданъ бы҇ въ цр҃квь Ꙋспенье стѣи Бц҃и · в градѣ Переꙗславли Резаньскомъзамышленьемъблгородныꙗ и блговѣрныꙗ и хрстолюбивыꙗиѧкнѧиниАнны ипри ее снѣ блгороднѣмъи блговѣрномъи хрстлюбивомъвелико кнѧ⸗зи Іѡанѣ Васильевичи Резаньскомъи приепискоупѣ Симеонѣ Резаньскомъ и Моуромьскомъ|im.|а кончанъ си в|im.|здꙋхъв лѣтч҃д мца сентѧвріа л҃ на памѧть стго сщ҃нномчнка Григорїꙗ великіа Армениꙗ,,"‘В 6993 (1485) году в 3-й индикт этот возду́х был создан для церкви Успения святой Богородицы Переяславля Рязанского по задумке благородной и благоверной и христолюбивой великой княгини Анны, при ее сыне благородном и благоверном и христолюбивом князе Иване Васильевиче Рязанском и при епископе Симеоне Рязанском и Муромском, а окончен этот возду́х в 94 (1486) году 30 сентября на память святого священномученика Григория, [просветителя] великой Армении’",кириллица,другое,по периметру вокруг изображения Евхаристии,целая (100%),,"Во вкладной надписи указан год «создания» возду́ха, 6993 (1485), и год окончания – 6994 (1486).",
1057,https://epigraphica.ru/epigraphy/inscription/show/1057,1485–1486,Евхаристическая надпись (Мф. 26:26) и подписи к фигурам Христа и ангелов,«Рязанский возду́х»,воздух,Крестовая церковь архиерейского дома,Текст 1:пріимѣте и ꙗдите се есть тѣло мое еже завы ломимоеТекст 2:пиіти ѡ неꙗ вси с есть кровь моꙗноваго завѣтаТекст 3:Іc҃ Хс҃Текст 4:Іc҃ Хс҃Текст 5:англ҃ъ Гс҃ньТекст 6:англ҃ъ Гс҃нь,,"‘Приимите, ядите, сие есть Тело Мое, преломляемое за вас... Пейте из нее все, сие есть Кровь Моя Нового Завета... Иисус Христос Ангел Господень’",кириллица,другое,в сцене Евхаристии,целая (100%),,"Во вкладной надписи указан год «создания» возду́ха, 6993 (1485), и год окончания – 6994 (1486).",
1058,https://epigraphica.ru/epigraphy/inscription/show/1058,1485–1486,Подписи к изображениям в клеймах со сценами из апокрифического первоевангелия Иакова,«Рязанский возду́х»,воздух,Крестовая церковь архиерейского дома,Текст 1:Текст 2:тогда приѧ весь Изрл҃ь крестъ аще азъ бесчаднаТекст 3:Іѡаким҇ грѧдетъ в пустынюТекст 4:Анна плачетсѧТекст 5:ан[г]елъ Гнь блговѣсти[ть] Ан[нѣ]Текст 6:взвещает҇Анне Иакимовъ приход҇Текст 7:анг҃лъ Гн҃ь блвститъ ІѡакимꙋТекст 8:Іѡаким҇грѧдетъ с стадыТекст 9:зачатие ст҃ѣ Бц҃иТекст 10:прин[ѧ]ты дары ІѡакимовыТекст 11:блговеніе рек Іѡакима и АнныТекст 12:Ржс҇тво прсв҇тыѧ Бц҃иТекст 13:постꙋпленіе ст҃ѣи Бц҃иТекст 14:введение в цр҃кв[ь] Гн҃юТекст 15:моленіе ѡ жезлѣхъТекст 16:обрꙋченїе ІосифаТекст 17:блг҃овѣщение стыѧ Бцы,,"‘Возвращение даров. Тогда принял весь Израиль крест, раз я бездетна. Иоаким идет в пустыню. Анна горюет. Ангел Господень сообщает благую весть Анне. Возвещает Анне приход Иоакима. Ангел Господень сообщает благую весть Иоакиму. Иоаким идет со стадами. Зачатие святой Богородицы. Приняты дары Иоакима. Благословение произнес Иоакиму и Анне. Рождество пресвятой Богородицы. Первые шаги святой Богородицы. Введение в церковь Господню. Моление о жезлах. Обручение Иосифа. Благовещение святой Богородицы’.",кириллица,другое,"в клеймах первоевангельского цикла, расположенных по периметру возду́ха",целая (100%),,"Во вкладной надписи указан год «создания» возду́ха, 6993 (1485), и год окончания – 6994 (1486).",
1059,https://epigraphica.ru/epigraphy/inscription/show/1059,1390–1399,Подписи к изображениям святых,Панагия тверского епископа Арсения,панагия,Успенский Желтиков мужской монастырь,Текст 1:Текст 2:Василіи агиосТекст 3:Григории...Текст 4:Іванъ БословъТекст 5:Никол...,,‘Иван. Василий Святой. Григорий. Иван Богослов. Никола’,кириллица,,"на внешней стороне задней створки в центральном круге, рядом с изображениями святых ( )",утрачена,,"«Панагия приписывается епископу тверскому Арсению (1390–1409), основателю Жолтикова монастыря. Судя по палеографии надписей и архаической иконографии Троицы, панагию следует датировать концом XIV – началом XV в. Вполне возможно, что она могла быть заказана Арсением либо при посвящении его в епископы (1390 г.), либо при реставрации им собора Спаса Преображения (1399 г.), в котором он и был посвящен» ( ).",
1067,https://epigraphica.ru/epigraphy/inscription/show/1067,1390–1399,Надпись с цитатой из тропаря Пятидесятницы,Панагия тверского епископа Арсения,панагия,Успенский Желтиков мужской монастырь,блгснъ ѥси Хе Бе нашь ѧви ловцѧ премудрыѧ посла намъ дхъ,,"‘Благословен Ты, Христе Боже наш, сделал рыбарей мудрецами, ниспослал нам Духа’",кириллица,гравировка,на отогнутом кольцевом поле лицевой створки ( ),утрачена,,"«Панагия приписывается епископу тверскому Арсению (1390–1409), основателю Жолтикова монастыря. Судя по палеографии надписей и архаической иконографии Троицы, панагию следует датировать концом XIV – началом XV в. Вполне возможно, что она могла быть заказана Арсением либо при посвящении его в епископы (1390 г.), либо при реставрации им собора Спаса Преображения (1399 г.), в котором он и был посвящен» ( ).",
1068,https://epigraphica.ru/epigraphy/inscription/show/1068,1390–1399,Подпись к изображению святой Троицы,Панагия тверского епископа Арсения,панагия,Успенский Желтиков мужской монастырь,стаѧ Троіца,,‘Святая Троица’,кириллица,гравировка,"на лицевой створке, над изображением ( )",утрачена,,"«Панагия приписывается епископу тверскому Арсению (1390–1409), основателю Жолтикова монастыря. Судя по палеографии надписей и архаической иконографии Троицы, панагию следует датировать концом XIV – началом XV в. Вполне возможно, что она могла быть заказана Арсением либо при посвящении его в епископы (1390 г.), либо при реставрации им собора Спаса Преображения (1399 г.), в котором он и был посвящен» ( ).",
1069,https://epigraphica.ru/epigraphy/inscription/show/1069,1390–1399,Подпись к изображению Богоматери Знамение,Панагия тверского епископа Арсения,панагия,Успенский Желтиков мужской монастырь,понагия стого Спаса,,‘Панагия святого Спаса’,кириллица,,"на второй створке, над изображением Богоматери ( )",утрачена,,"«Панагия приписывается епископу тверскому Арсению (1390–1409), основателю Жолтикова монастыря. Судя по палеографии надписей и архаической иконографии Троицы, панагию следует датировать концом XIV – началом XV в. Вполне возможно, что она могла быть заказана Арсением либо при посвящении его в епископы (1390 г.), либо при реставрации им собора Спаса Преображения (1399 г.), в котором он и был посвящен» ( ).",
1070,https://epigraphica.ru/epigraphy/inscription/show/1070,1390–1399,Надпись с цитатой из Песни Богородицы,Панагия тверского епископа Арсения,панагия,Успенский Желтиков мужской монастырь,чеснѣішю хировимъ і славнѣішю во істину серафимъ безъ,,‘Честнейшую херувим и славнейшую воистину серафим без...’,кириллица,гравировка,,утрачена,,"«Панагия приписывается епископу тверскому Арсению (1390–1409), основателю Жолтикова монастыря. Судя по палеографии надписей и архаической иконографии Троицы, панагию следует датировать концом XIV – началом XV в. Вполне возможно, что она могла быть заказана Арсением либо при посвящении его в епископы (1390 г.), либо при реставрации им собора Спаса Преображения (1399 г.), в котором он и был посвящен» ( ).",
1071,https://epigraphica.ru/epigraphy/inscription/show/1071,1045-1050,Автограф Стефана,Строительный сосуд с автографом Стефана,горшок,Собор св. Софии,Стефанъ ѱ҃лъ,,‘Стефан писал’,кириллица,надпись по сырой глине до обжига,"Надпись выполнена над сделанным той же рукой крупным изображением креста, центр которого приходится на самую широкую часть сосуда (тулово)",целая (100%),,,
1072,https://epigraphica.ru/epigraphy/inscription/show/1072,[1130–1150],Молитва Тита,Стены киевского Софийского собора,стена церкви,Собор св. Софии,Ги҃ поми⸗,,"‘Господи, помилуй меня, грешного Тита, молящегося Тебе’.",кириллица,граффито,на фреске с изображением орнамента в северо-восточном углу предалтарного пространства придела Иоакима и Анны на южной грани западной лопатки первого от алтаря северного крещатого столпа ( ),с небольшими утратами (>85%),"а 5 «Зеркальные» 1140> (1160>) <1380, а 7 «Удлиненная спинка» <1200 1410>; г 1 «С выступом вверху» (<1200); е I ? «Правонаклонные» (<1120) (<1240) <1380; р Iа «Округлая петля, прямая мачта» (<1320) <1360; ѣ I «Округлая петля» <1140; итог: 1130–1150.",,
1073,https://epigraphica.ru/epigraphy/inscription/show/1073,[1150–1180],Список имён на -ище (Петрище и т. д.),Стены киевского Софийского собора,стена церкви,Собор св. Софии,и Потрищ[о] и,,"‘И Петрище, и Микулище, и Полище, и сборщик Томище (?), Петрей’.",кириллица,граффито,на фреске с образом св. Димитрия Солунского в переходе между предалтарными частями центрального нефа и придела свв. Иоакима и Анны на восточной грани восточной лопатки второго от алтаря северного крещатого столпа ( ),с небольшими утратами (>85%),"Вероятно, во время активного перехода е в ’о (втор. пол. XII в.). е I ? «Правонаклонные» (<1120) (<1240) <1380; п 1 «Выступ вверху» (<1200) <1300; р Iа ⅔ «Округлая петля, прямая мачта» (<1320) <1360, р II ⅓ «Углом вверх» (<1280) <1380, р 11 ⅔ «Целиком в строке» (1120>) (<1320) <1410; ч Iа «Обычная чаша или бокальчик» (<1380) <1410; ѣ 2 «Трезубец» 1100> <1180; итог: 1100–1180, предпочт. 1150–1180.",,"С. А. Высоцкий отмечает необычное начертание буквы е «в виде овала с горизонтальной чертой посередине, немного выступающей с правой стороны» ( ). Возможно, причиной «необычных начертаний» стал фонетический переход е в о , т. е. автор надписи исправил этимологически верное написание е на фонетическое о [Н. С.]. А. А. Гиппиус предполагает, что таким образом писец записал звук [’о], ср. берестяную грамоту №1201-2 гоорьг ѳ во ( ), ср. написание ъ в соответствии с [’о] в берестяных грамотах № 252 и № 1167 (из устного сообщения А. А. Гиппиуса)."
1076,https://epigraphica.ru/epigraphy/inscription/show/1076,[1130–1150],Молитва Лазаря,Стены киевского Софийского собора,стена церкви,Собор св. Софии,Ги҃ помози ра⸗милуи мѧ,,"‘Господи, помоги рабу своему грешному и убогому Лазарю! О святая София, помилуй меня!’.",кириллица,граффито,"центральный неф, фреска с изображением неизвестного святого в северо-восточном углу второго от входа компартимента на южной грани западной лопатки второго от алтаря северного крещатого столпа ( )",с небольшими утратами (>85%),"а Iб ⅓ «Основной вид, плосковерхие» (<1400); б I «Округлая петля» <1120; в I «Округлая нижняя петля» <1140; г 3 «Без боковой засечки» (1140>) (<1220); е I «Правонаклонные» (<1120) (<1240) <1380; р Iа ? «Округлая петля, прямая мачта» (<1320) <1360, р 11 ≈ «Буква целиком в строке» (1120>) (<1320) <1410; у 4 «Буква целиком в строке» (1140>) (<1300); оу Iб « О обычная, О и У сближены» (<1300); ѧ Iб ? «Плосковерхие» (<1380); итог: [1130–1150].",,
1077,https://epigraphica.ru/epigraphy/inscription/show/1077,1426–1461,Владельческая надпись великого князя Бориса Александровича на рогатине,Рогатина великого князя Бориса Александровича,оружие и доспехи,Тверь (точное место неизвестно),рогатина великого кнѧзѧ,,‘Рогатина великого князя Бориса Александровича’,кириллица,гравировка,по верхнему краю втулки,целая (100%),,Широкие границы датировки определяются временем правления тверского князя Бориса Александровича.,
1078,https://epigraphica.ru/epigraphy/inscription/show/1078,1483,"Подписи к изображениям Иоанна Златоуста, Василия Святого, Григория Богослова, св. Николая и св. Арсения",Панагия с изображением св. Арсения,панагия,Тверь (точное место неизвестно),Текст 1:н҇|im.|Злат҇Текст 2:Ва|силі|ї|im.|оагс҇Текст 3:Грі|гори|и|im.|Бо҇|слов҇Текст 4:оагс|im.|Ни|ко|лаТекст 5:оаг҃|im.|Ар҇се|ниі,,‘Иоанн Златоуст. Василий Святой. Григорий Богослов. Святой Николай. Святой Арсений’,кириллица,гравировка,"на обороте панагии, в пяти крестообразно расположенных кругах, у изображений святых ( )",целая (100%),,"«Канонизация Арсения в Твери произошла в 1483 г., когда были вскрыты его мощи и гроб поставлен в Успенском соборе Жолтикова монастыря для поклонения. Тогда же “был написан его образ” и составлена служба иноком Феодосием. К этому же периоду может относиться изготовление панагии с изображением св. Арсения» ( ).",
1079,https://epigraphica.ru/epigraphy/inscription/show/1079,1483,Подписи к изображениям Богоматери Знамение и святой Троицы,Панагия с изображением св. Арсения,панагия,Тверь (точное место неизвестно),Текст 1:Ми҃рѲꙋ҃Текст 2:Іс҃ Хс҃Текст 3:ст҃ы Тро҇ицаТекст 4:Іс҃ Хс҃,,‘Матерь Божия. Иисус Христос. Святая Троица. Иисус Христос’,кириллица,гравировка,"на внутренних сторонах створок, у изображений ( )",целая (100%),,"«Канонизация Арсения в Твери произошла в 1483 г., когда были вскрыты его мощи и гроб поставлен в Успенском соборе Жолтикова монастыря для поклонения. Тогда же “был написан его образ” и составлена служба иноком Феодосием. К этому же периоду может относиться изготовление панагии с изображением св. Арсения» ( ).",
1080,https://epigraphica.ru/epigraphy/inscription/show/1080,1483,Надпись с цитатой из Песни Богородицы,Панагия с изображением св. Арсения,панагия,Тверь (точное место неизвестно),+ честнѣшухирувимъ и славнишубезъ расуженьꙗ серафимъ безо истленьꙗ Бьѥ слово рожьшис,,"‘Честнейшую херувим и славнейшую без рассуждения серафим, без истления Божье Слово рождшую, с[ущую]’",кириллица,гравировка,по кольцевому полю створки с изображением Знамения Богоматери ( ),целая (100%),,"«Канонизация Арсения в Твери произошла в 1483 г., когда были вскрыты его мощи и гроб поставлен в Успенском соборе Жолтикова монастыря для поклонения. Тогда же “был написан его образ” и составлена служба иноком Феодосием. К этому же периоду может относиться изготовление панагии с изображением св. Арсения» ( ).",
1081,https://epigraphica.ru/epigraphy/inscription/show/1081,1483,Надпись с цитатой из тропаря Пятидесятницы,Панагия с изображением св. Арсения,панагия,Тверь (точное место неизвестно),блг҃снꙑ ѥси Хе҃ Бе҃ наꙗвлииловца прмудрꙑꙗ пославъимъ Дх҃ъ ст҃ꙑ тѣм иоулови вселеную ч,,"‘Благословен Ты, Христе Боже наш, сделавший рыбарей мудрецами, послав им Духа Святого, и через них уловивший вселенную, ч[еловеколюбец]’",кириллица,гравировка,,целая (100%),,"«Канонизация Арсения в Твери произошла в 1483 г., когда были вскрыты его мощи и гроб поставлен в Успенском соборе Жолтикова монастыря для поклонения. Тогда же “был написан его образ” и составлена служба иноком Феодосием. К этому же периоду может относиться изготовление панагии с изображением св. Арсения» ( ).",
1082,https://epigraphica.ru/epigraphy/inscription/show/1082,[1160–1233],Молитва об Илье,Каменный блок собора св. Мартина,стена церкви,Собор св. Мартина,Ги мози раб⸗,,"Господи, помоги рабу своему Илье. ( )",кириллица,граффито,"В правом нижнем углу квадрата, в который вписан лабиринт, в 53 см от левого края блока. Верхний край надписи отстоит от нижнего края блока на 8 см, а от уровня цоколя пилястра – на 97,5 см.",с небольшими утратами (>85%),"После [1160], предпочтительно – после [1240]: р IVа “углом вниз (криволинейные)”.",,
1083,https://epigraphica.ru/epigraphy/inscription/show/1083,[1160]–1233,Автограф муромского дьяка,Архитрав собора св. Мартина,стена церкви,Собор св. Мартина,дьꙗкон[ъ] моуро⸗,,[Это] написал муромский дьякон. ( ),кириллица,граффито,"Находится непосредственно под надписью Лазоря Ярышевича , как будто продолжая ее.",с небольшими утратами (>85%),"После [1160], предпочтительно – после [1280]: р IVа «углом вниз (криволинейные)» 1160> (1240>), ъ 4 «высокая петля» (1280>).",,
1084,https://epigraphica.ru/epigraphy/inscription/show/1084,[1100]–1233,Автограф брянца Саввы,Архитрав собора св. Мартина,стена церкви,Собор св. Мартина,Сава де[бр]ѧ,,Сава бря[нец] ( ),кириллица,граффито,,с небольшими утратами (>85%),,,
1085,https://epigraphica.ru/epigraphy/inscription/show/1085,[1100]–1233,Автограф полочанина Вискоши,Архитрав собора св. Мартина,стена церкви,Собор св. Мартина,Вискоша полоца(нин)-,,[Это] написал Вискоша полочанин. ( ),кириллица,граффито,,с утратами (50-85%),,,
1086,https://epigraphica.ru/epigraphy/inscription/show/1086,[1220–1240],"Молитва об Иване, богатом (грехом?)",Стены киевского Софийского собора,стена церкви,Собор св. Софии,Ги҃ помзи рабу сво⸗,,"‘Господи, помоги рабу своему Ивану грешному, богатому (грехом?)’.",кириллица,граффито,"в северной части придела Иоакима и Анны, на фреске с образом св. Пантелеймона, в арке-переходе между вторым от входа компартиментом центрального нефа и приделом свв. Иоакима и Анны на восточной грани восточной лопатки третьего от алтаря северного крещатого столпа ( )",с небольшими утратами (>85%),"г 3 «без боковых засечек» 2/4 (1140>) (<1220), е 4 «язычок вниз» 1100> (<1400), р IVб «углом вниз, прямолинейные» ½ 1240> (1300>), р 11 «буква целиком в строке» (1120>) (<1320) <1410, т 2 «без боковых засечек» (1120>) (<1300), у 4 ⅗ «буква целиком в строке» (1140>) (<1300); итог: [1220–1240], но: ъ 4 «высокая петля» (1280>), ь 1 «петля углом вперед» ½ (<1200)",,
1088,https://epigraphica.ru/epigraphy/inscription/show/1088,[1037–1260],Молитва Яноса о благополучии на море и на суше,Стены киевского Софийского собора,стена церкви,Собор св. Софии,Ги҃ помози р[а]боу св⸗,,"‘Господи, помоги рабу своему Яносу, [и] святая София, и на море и на пути’. ( )",кириллица,граффито,в северно-восточном углу западной части северных хоров на южной грани лопатки стены на фреске с изображением неизвестного святого (совр. придел св. Николая Мокрого) ( ),с небольшими утратами (>85%),"а 1 ⅓ «Покрытие» (<1280) <1320, г 1 «Выступ вверху» (<1200), м 2 «Засечки вверху» (<1280), о 1 «Покрытие» <1260, р Iа ½ «Прямая мачта, округлая петля» (<1320) <1360, ѧ Iб ⅓ «Плосковерхие» (<1380), ѧ 1 ⅓ «Покрытие» (<1280) <1340; итог: [1037–1260], предпочт. [1037–1200]",,
1089,https://epigraphica.ru/epigraphy/inscription/show/1089,[1037–1200],Молитва о Константине Станимириче,Стены киевского Софийского собора,стена церкви,Собор св. Софии,Ги҃не помози ра⸗,,"‘Господи, помоги рабу своему Константину Станимиричу’. ( )",кириллица,граффито,"на фреске с изображением неизвестного святого; на южной стороне западной лопатки южного крещатого столпа, открывающего арку-переход между юго-восточным углом западного компартимента и центральным пучковым столпом южных хоров (совр. придела св. ап. Андрея); на высоте123 см отуровня пола, на расстоянии 61 см от левого ребра ( )",целая (100%),"втор. четв. ХІ – кон. ХІІ вв.: в с переломом при мачте, правонаклонная е , правонаклонная з с переломом, п с выступом вверху, прямолинейная р с округлой незамкнутой петлей, ѣ с верхней засечкой ( )",,
1090,https://epigraphica.ru/epigraphy/inscription/show/1090,[1125–1215],Молитва о Макарии,Стены киевского Софийского собора,стена церкви,Собор св. Софии,Ги҃ помози,,"‘Господи, помоги рабу своему Макарию’. ( )",кириллица,граффито,"на фреске с изображением неизвестного святого; в алтарной части северных хоров (совр. придела св. Николая Мокрого), на восточной стороне арки-перехода в верхний ярус придела свв. ап. Петра и Павла; на высоте 133 см от уровня пола и на расстоянии 22 см от правого ребра ( )",целая (100%),"втор. четв. ХІІ – нач. XІІІ вв.: а с покрытием и округлой петлей, б с открытой петлей, вертикальная е , прямолинейная р с округлой петлей, обычная или зеркальная у ( )",,
1091,https://epigraphica.ru/epigraphy/inscription/show/1091,[1150–1215],Проклятие (Пс. 34: 6),Стены киевского Софийского собора,стена церкви,Собор св. Софии,боуди поут(ь) ихъ,,‘Да будет путь их темен и искусителен и Ангел Господень да преследует их’ (Пс. 34: 6).,кириллица,граффито,"на фреске XII в. с образами неизвестных святых; на северной стене алтарной части придела свв. Антония и Феодосия Печерских; на высоте 128 см от пола и на расстоянии 89 см от левого угла В ходе реставрационных работ по раскрытию росписи XI в. фреска была снята и перенесена на южную стену алтаря, где древняя роспись не сохранилась. ( )",с небольшими утратами (>85%),"втор. четв. XIІ – нач. ХІІІ вв.: а с выпуклой петлей и покрытием, б и г с выступом вверху, Δ -образная д , правонаклонная з с переломом, ѧ без перемычки ( )",,
1092,https://epigraphica.ru/epigraphy/inscription/show/1092,[1175–1215],Молитва о Фоме,Стены киевского Софийского собора,стена церкви,Собор св. Софии,Ги҃ помози рабу сво⸗,,"‘Господи, помоги рабу своему Фоме’. ( )",кириллица,граффито,"на фреске XII в. с образами неизвестных святых; на северной стене алтарной части придела свв. Антония и Феодосия Печерских; на высоте 141 см от пола и на расстоянии 152 см от левого угла В ходе реставрационных работ по раскрытию росписи XI в. фреска была снята и перенесена на южную стену алтаря, где древняя роспись не сохранилась. ( )",целая (100%),"посл. четв. XIІ – нач. ХІІІ вв.: а с удлиненной вверх спинкой, б с выступом вверху, з с переломом хвоста, р с петлей углом вниз, ѥ с засечкой на язычке ( )",,
1093,https://epigraphica.ru/epigraphy/inscription/show/1093,[1037–1120],Молитва о Путьке-Евстратии,Стены киевского Софийского собора,стена церкви,Собор св. Софии,Ги҃ помози рабуоним[ь] Евстратиевисвѧтаѧ Софие и свѧтꙑ⸗и Онуофрие і свт҃ꙑи [Влас]иеи свѧти Лазор- (-)----- [П]-[ть]⸗(ни)цѧ + (-)----- и поми⸗луи же отьцѧ моего ду[о]⸗ховьнаго и брата его поп⸗па Василиѧ и ма[т]ер-,Ги҃ помози рабуо своемуо мирьнимь имень⸗ мъ Пуотькови а хрьс⸗ ть*ни*м[ъ] Евстратиеви свѧтаѧ Софие и свѧтꙑ⸗ и Онуофрие і свт҃ꙑи [Влас]ие и свѧти Лазор- (і свт҃аѧ) [П](ѧ)[ть]⸗ (ни)цѧ + (-)----- и поми⸗ луи же отъцѧ моего ду[о]⸗ ховьнаго и брата его поп⸗ па Василиѧ и ма[т]ер- ( ),"‘Господи, помоги рабу своему мирским именем Путьку, а хрестианским Евстратию. Святая София, и святой Онуфрий, и святой Власий, и святой Лазорь, и (святая Пятница). (Спаси) и помилуй отца мого духовного и брата его, попа Василия, и мать (?)...’.",кириллица,граффито,"в северно-восточно углу предалтарной части Апостольского придела (совр. южной внешней галереи), на фреске с образом св. Онуфрия; на высоте 125 см от уровня пола и на расстоянии 65 см от левого ребра ( )",с утратами (50-85%),"до 1180 (предпочтительно до 1120). б , в , п с выступом вверху: <(1120)<1180 втор. четв. XI – кон. ХІІ в. ( )",,
1095,https://epigraphica.ru/epigraphy/inscription/show/1095,[1180–1300],Молитва об Илии,Стены киевского Софийского собора,стена церкви,Собор св. Софии,Ги҃ помъзи рабу своему,,"‘Господи, помоги рабу своему Илье’. ( )",кириллица,граффито,на фреске с изображением орнамента; на западной стороне арки-перевода из Апостольского придела (совр. южная внешняя галеря) в западную внутреннюю галерю; на высоте 140 см от уровня пола и на расстоянии 15 см от правого угла ( ),целая (100%),"а IVа «Округлая петля (простая)» <1300, б 4 «Высокакя петля» 1180> (1360>), з 1 «Выступ вправо вверху» (<1340), и 1б «Верхние засечки (короткие)» (<1400), р Iа «Округлая петля (прямая мачта)» (<1320) <1360, р 11 «Буква целиком в строке» (1120>) (<1320) <1410, ъ 3 «Выступ вправо вверху» (<1200); итог: [1180–1300], предпочт.: [1180–1200]",,
1096,https://epigraphica.ru/epigraphy/inscription/show/1096,[1125–1225],Молитва о Матвее,Стены киевского Софийского собора,стена церкви,Собор св. Софии,Ги҃ помози рабу своему Матве{ве}ѣ(ви),,"‘Господи, помоги рабу своему Матвею’. ( )",кириллица,граффито,на фреске с изображением орнамента; на западной стороне арки-перевода из Апостольского придела (совр. южная внешняя галеря) в западную внутреннюю галерю; на высоте 140 см от уровня пола и на расстоянии 15 см от правого угла ( ),с небольшими утратами (>85%),"втор. четв. ХІІ – перв. четв. XІІІ вв.: з с переломом хвоста, в с большой нижней петлей, прямолинейная р углом вверх ( )",,
1097,https://epigraphica.ru/epigraphy/inscription/show/1097,[1037–1215],Молитва о Георгии,Стены киевского Софийского собора,стена церкви,Собор св. Софии,Ги҃ помози рабу своему Георгеви,,"‘Господи, помоги рабу своему Георгию’. ( )",кириллица,граффито,"на фреске с изображением орнамента; на западной стороне арки-перевода из Апостольского придела (совр. южная внешняя галеря) в западную внутреннюю галерю; на высоте 135,5 см от уровня пола и на расстоянии 16 см от правого угла ( )",целая (100%),"втор. четв. ХІ – нач. XІІІ вв.: б с выступом вверху, в с большой нижней петлей, прямолинейная р углом вверх ( )",,
1098,https://epigraphica.ru/epigraphy/inscription/show/1098,[1120–1380],Молитва о Даниле,Стены киевского Софийского собора,стена церкви,Собор св. Софии,Ги҃ пози рабу сво⸗,,"‘Господи, помоги рабу своему Данилу’.",кириллица,граффито,"на фреске с изображением орнамента; на западной стороне арки-перевода из Апостольского придела (совр. южная внешняя галеря) в западную внутреннюю галерю; на высоте 135,5 см от уровня пола и на расстоянии 16 см от правого угла ( )",целая (100%),"г 1 «Выступ вверху» (<1200), е 2 «Е-образная» <1380, и 1а ¼ «Засечки вверху (длинные)» (<1300), и 2б ¼ «Засечки внизу (короткие)» (1120>) (<1400), р II «Головка углом вверх» (<1280) <1380, р 11 «Буква целиком в строке» (1120>) (<1320) <1410; итог: [1120–1380], предпочт.: [1120–1280]",,
1099,https://epigraphica.ru/epigraphy/inscription/show/1099,[1050–1200],Надпись «Благослови Бог»,Стены киевского Софийского собора,стена церкви,Собор св. Софии,Благослови Бъ҃,,‘Благослови Бог’. ( ),кириллица,граффито,"западная внутренняя галерея, фреска с образами свв. Феопистии, Агапия и Евстафия; на южной стене второго с юга компартимента; на высоте 79 см от уровня современного пола и на расстоянии 36 см от левого угла ( )",целая (100%),"сер. ХІ – кон. ХІІ вв.: а с удлиненной вверх спинкой, в с переломом при мачте, и и л с верхними засечками ( )",,
1102,https://epigraphica.ru/epigraphy/inscription/show/1102,1253–1261 гг.,"Надпись, содержащая дату",Стены киевского Софийского собора,стена церкви,Собор св. Софии,в лѣт҇҂ѕ҃ѱ҃ѯ-҃с҇ца априлѧ въ ·ѕ҃· в п-----------и-ѧдобр-д,,‘В лето 676- месяца апреля в 6 в п(амять ?)…’.,кириллица,граффито,придел Петра и Павла; на фреске на северной стороне апсиды ( ),фрагмент (15-50%),"в IIб ½ «Перелом не касается мачты» (<1340) <1400, м 1 ? «Покрытие» <1200, р IVа «Углом вниз (криволинейные)» 1160> (1240>), ц 5 «Платформа по низу строки» (<1200) (1300>), ѧ IIIа «V-образный язычок (острые)» 1280> (1340>)",,
1103,https://epigraphica.ru/epigraphy/inscription/show/1103,[1160–1200],Надпись о смерти Бориса на память Евпла диакона,Стены киевского Софийского собора,стена церкви,Собор св. Софии,мс҇ц[ѧ],,‘Месяца августа в 11 день преставился раб божий Борис ... Евпла диа(кона)’.,кириллица,граффито,"южная стена апсиды придела свв. апп. Петра и Павла; на фреске с орнаментом, рядом изображение, видимо, из жития св. ап. Петра ( )",с небольшими утратами (>85%),"а 7 «Удлиненная спинка» <1200 1410>, б 2 «Открытая петля» (<1240) <1380, б 3 «Выступ вверху» (<1200), в IIа ⅓ «Перелом при мачте» (<1220) <1320, в IIб «Перелом не касается мачты» (<1340) <1400, в 4 «Выступ вверху» (<1200) <1280, г 1 «Выступ вверху» (<1200), д II « Δ - и А -образные» 1100> <1200, е 2 « Е -образные» <1380, ж III «Звездоподобные в 4 взмаха» (<1220) <1320, п 1 «Выступ вверху» (<1200) <1300, р IVа «Углом вниз (криволинейные)» 1160> (1240>), у 2 «Маленькая головка» (<1200) <1220 итог: [1160–1200]",,
1104,https://epigraphica.ru/epigraphy/inscription/show/1104,[1100–1200],Надпись о смерти Иоанна Слепка,Стены киевского Софийского собора,стена церкви,Собор св. Софии,(мс҇)ѧ марта въ ·д҃· дн҃ь пристависѧ,,‘Месяца марта в 4-й день скончался раб божий Иоанн Слепко’. ( ),кириллица,граффито,"Михайловский придел, на фреске с изображением Честнаго креста, в северо-восточном углу солеи на южной грани восточной лопатки первого от алтаря крещатого столпа ( )",с небольшими утратами (>85%),"в IIа «Перелом при мачте» (<1220) <1320, д II « Δ- и А - образные» 1100> <1200, р Iа «Округлая петля (прямая мачта)» (<1320) <1360, ь 1 «Петля углом вперед» (<1200) итог: [1100–1200]",,
1105,https://epigraphica.ru/epigraphy/inscription/show/1105,[1140–1280],Вторая надпись об Иоанне Слепке,Стены киевского Софийского собора,стена церкви,Собор св. Софии,мс҇цѧ фе[врарѧ],,‘Месяца февраля [...] марта в 4-е [...] Иоанн Слепко’. ( ),кириллица,граффито,"в приделе великомученника Георгия, в северо-западном углу солеи на спуске от арки-перехода к алтарной части придела свв. апостолов Петра и Павла ( )",с утратами (50-85%),"р III «Углом вперед» 1140>, ѡ IIIа «Угловатые, W -образные» (1100>) <1280, ъ 3 «Выступ вправо вверху» (<1200); итог: [1140–1280], предпочт. [1140–1200]",,
1106,https://epigraphica.ru/epigraphy/inscription/show/1106,[1160–1200],Надпись о смерти Марфы,Стены киевского Софийского собора,стена церкви,Собор св. Софии,мсцѧ ок[т]ѧм[б]рѧ,,‘Месяца октября в 5-ый день преставилась раба Божия Марфа’.,кириллица,граффито,в центральном приделе на фреске в северо-восточном углу алтарного возвышения ( ),с небольшими утратами (>85%),"а 7 «Удлиненная спинка» <1200 1410>, б 3 «Выступ вверху» (<1200), в IIб «Перелом не касается мачты» (<1340) <1400, д II « Δ- и А -образные» 1100> <1200, ж IVб «Основной вид (разомкнутые)» (1120>), р IVа «Углом вниз (криволинейные)» 1160> (1240>), ѧ 2 «Верхняя засечка» (1100>) (<1220) <1400; итог: [1160–1200]",,
1108,https://epigraphica.ru/epigraphy/inscription/show/1108,[1160–1200],Неоконченная надпись о смерти в августе,Стены киевского Софийского собора,стена церкви,Собор св. Софии,мс҇ца авъгуста пристави,,‘Месяца августа скончался’. ( ),кириллица,граффито,"в центральном нефе, в северо-западном углу солеи на восточной грани южной лопатки первого от алтаря северного крещатого столба ( )",целая (100%),"а IIа «Выпуклые (острые)» 1100>, г 1 «Выступ вверху» (<1200), и II~ «Наклонная перекладина» 1320> [наклон слева направо нехарактерен для данной графемы], р IVa «Углом вниз (криволинейные)» 1160> (1240>), ъ III «Петля с двумя изломами» 1320> [ввиду недавних находок берестяных грамот XII в. с таким начерком ъ , этой границей можно пренебречь (например, грамота №1186 сер. XII в.)]; итог: [1160–], предпочт. [1160–1200], но есть и вероятность более поздней датировки [после 1320]. ср. написание ъ и ꙑ с петлей с двумя углами в надписи на пряслице «Чепура пыта Пыпна рекла». ( )",,
1109,https://epigraphica.ru/epigraphy/inscription/show/1109,[после 1320],Надпись о смерти Александра на память Мины и Гермогена,Стены киевского Софийского собора,стена церкви,Собор св. Софии,мс҇цѧ декабрѧ въ [і҃] дн҃ьт҇ст҃хъ мч҃нк[ъ М]и⸗н(ꙑ и) Ермогена пр[е]ста⸗висѧ рабъ Би҃иѺлеѯандро ~,,"‘Месяца декабря в 10-й день, на память святых мучеников Мины и Гермогена, скончался раб Божий Александр’.",кириллица,граффито,"придел Петра и Павла, на южной стене апсиды ( )",с небольшими утратами (>85%),"б III «Петля с двумя изломами» 1320>, б 3! «Выступ вверху» (<1200), в 4! «Выступ вверху» (<1200) <1280, г 1 «Выступ вверху» (<1200), е 5 «Язычок вверх» 1300> (1380>), и 4 «Высокая перекладина» 1300>, м 4б «Провисающая петля (вертик.)» 1280>, х 7~ «Маленький верх и широкий низ» (1340>); итог [после 1320], предпочт. [после 1380] Широкое о в начале имени и ѯ указывают, возможно, уже на XV в. ( )",,
1110,https://epigraphica.ru/epigraphy/inscription/show/1110,[1120–1200],Молитва белгородского попа Аврама,Стены киевского Софийского собора,стена церкви,Собор св. Софии,ст҃ыи Оноуѳриѡс [п]омилоу⸗,,"‘Святой Онуфрий, помилуй меня раба своего священничка Аврама по(па) белгородского [церкви] святого Иоанна Златоустого’.",кириллица,граффито,на фреске с образом св. Онуфрия; в северо-восточном углу предалтарной части Апостольского придела (нынешней южной внешней галереи) ( ),с небольшими утратами (>85%),"а IVа «Округлая петля (простая)» <1300, а 1 «Покрытие» (<1280) <1320, в 4 «Выступ вверху» (<1200) <1280, г 1 «Выступ вверху» (<1200), д 1 «Покрытие» (<1280) <1360, е 1 «Покрытие или отворот влево» <1280, з Iа «Правонаклонные (перелом)» (<1120) (<1200) <1340, з 1 «Выступ вправо вверху» (<1340), и 1а «Верхние засечки (длинные)» (<1300), и 2а «Нижние засечки (длинные)» 1120> (1140>) (<1300) <1400, л 1 «Покрытие» (<1280) <1360, н 1а «Верхние засечки (длинные)» (<1300) <1320, н 2а «Нижние засечки (длинные)» (1140>) (<1300) <1400, о 2 «Плоский верх» <1360, п 1 «Выступ вверху» (<1200), р II «Углом вверх» (<1280) <1380, с 1 «Покрытие или отворот влево» (<1300) <1380, ѡ I «Единая дуга» <1200, ц 1 «Верхние засечки» (<1400), ц 4 «Буква целиком в строке» (1160>) (<1300), ъ 3 «Выступ вправо вверху» (<1200), ѣ 5 «Верхняя засечка» (<1200) (1280>) <1400, ѧ 1 «Покрытие» (<1280) <1340; итог: [1120–1200], предпочт. [1160–1200]",,
1112,https://epigraphica.ru/epigraphy/inscription/show/1112,[1280–1320],Цитата из 117 псалма (Господь мне помощник...),Стены киевского Софийского собора,стена церкви,Собор св. Софии,п҃ Гд мнѣ помощникът҇мнѣ чл҃вкъ,,"‘50 Господь мне помощник, не устрашусь, что может сделать мне человек’.",кириллица,граффито,в приделе свв. Иоакима и Анны; на фреске с изображением св. Мины; в северо-западном углу предалтарного пространства на северной грани восточной лопатки второго от алтаря северного крещатого столпа ( ),с небольшими утратами (>85%),"е 5 «Язычок вверх» 1300>, м 4б (1/3) «Провисающая петля (вертик.)» 1280>, п 1 (1/2) «Выступ вверху» (<1200) <1300, у 3 «Пересечка» 1100> (<1280), у 8 «С-образно изогнутые» 1280>, ѣ (1/2?) «Трезубец» 1100> <1180; итог: [1280–1320]",,Надпись «воспроизводит текст 117 псалма» ( ).
1114,https://epigraphica.ru/epigraphy/inscription/show/1114,[1260–1300],Надпись с именами Семион и Феодор,Стены киевского Софийского собора,стена церкви,Собор св. Софии,Семеонъ,,‘Семион Феодор писал’.,кириллица,граффито,"на фреске с изображением св. Елены, в арке-переходе между западными частями приделов свв. Иоакима и Анны и Михайловского на западной грани западной лопатки третьего от алтаря южного крещатого столпа ( )",целая (100%),"м 2 «Верхние засечки» (<1280), р Iа «Округлая петля (прямая мачта)» (<1320) <1360, ъ III ⅓ «Петля с двумя изломами» 1320> [ввиду недавних находок берестяных грамот XII в. с таким начерком ъ , этой границей можно пренебречь (например, грамота №1186 сер. XII в.)], ъ 3~ ⅓ «Выступ вправо вверху» (<1200), ъ 4 ⅓ «Высокая петля» (1280>) итог: [1260–1300]. Из-за малого количества букв и неустойчивого почерка палеографическая датировка затруднена (Н. С.).",,
1115,https://epigraphica.ru/epigraphy/inscription/show/1115,[1100–1240],Молитва о Георгии к 40 Севастийским мученикам,Стены киевского Софийского собора,стена церкви,Собор св. Софии,сти :м҃[:] мчкъ м⸗,,"‘Святые 40 мучеников, молите (Бога) за раба своего Георгия’. ( )",кириллица,граффито,"на фреске с изображением сорока севастийских мучеников; на южной стене крещальни; на высоте 132 см от уровня современного пола, на расстоянии 65 см от левого угла ( )",целая (100%),"Правонаклонный почерк <1200. в IIа «Перелом при мачте» (<1220) <1320, з с вертикальным плавным хвостом, к 5 «Уменьшенный верх» 1100> (1280>), р 4 «Маленькая головка» (<1200) <1240; Итог: [1100–1200].",,
1116,https://epigraphica.ru/epigraphy/inscription/show/1116,[1220–1260],Надпись с именем «Христина»,Стены киевского Софийского собора,стена церкви,Собор св. Софии,Христина,,‘Христина’. ( ),кириллица,граффито,на фреске с изображением св. Христины; на северной грани западной лопатки северо-западного подкупольного крещатого столба в юго-восточном углу северных хоров (современный придел св. Николы Мокрого); на высоте 157 см от уровня современного пола и на расстоянии 7 см от правого ребра ( ),целая (100%),"а IVб «Округлая петля (капля)» 1240>, а 7 «Удлиненная спинка» <1200 1400> (!), р Iа «Округлая петля (прямая мачта)» (<1300) <1360, р 4 «Маленькая головка» (<1200) <1240, т 2 «Без боковых засечек» (1120>) (<1300); итог: [1220–1260].",,
1117,https://epigraphica.ru/epigraphy/inscription/show/1117,[1140–1220],Молитва о Григории-воре к неизвестному святому,Стены киевского Софийского собора,стена церкви,Собор св. Софии,ст҃ы,,‘Святой ... помилуй раба своего Григория-вора’.,кириллица,граффито,"в приделе Иоакима и Анны, на фреске с образом св. Ипполита Римского; в переходе между предлатарным пространством и солеей на южной грани южной лопатки первого от алтаря северного крещатого столба ( )",с небольшими утратами (>85%),"а 1 «Покрытие» (<1280) <1320, л 1 «Покрытие» (<1280) <1360, м 2 «Верхние засечки» (<1280), р III ⅓ ​«Углом вперед» 1140>, р 7 «Сильный изгиб мачты» <1220, ꙑ Iа «Высокая перемычка» (<1280) <1400, ѧ 1 «Покрытие» (<1280) <1340 итог: [1140–1220]",,
1121,https://epigraphica.ru/epigraphy/inscription/show/1121,1279,Надпись о смерти Кюрила и жены его Оксении,Стены церкви Спаса Преображения на Нередице,стена церкви,Церковь Спаса Преображения на Нередице,В лѣт҇ ·҂ѕ·(ѱ)с҇цаѡктѧб҇ з҃прѣста⸗висѧ ра(бъ)Бж҃ииКюри⸗лъ напмѧтсвт҇гоСергиꙗа де[вѧ]⸗тꙑи д(н҇ь)жена [ѥ]⸗го прѣ⸗став(и)⸗сѧ Ѡ(ксе⸗)ниꙗг҃и пом⸗ози ра⸗боу сво⸗ѥмоу Кю⸗рилоу иѠксен⸗иі,,"‘В год 6787 (1279) месяца октября, 7-го, преставился раб Божий Кирил на память святого Сергия, а (в) девятый день жена его преставилась Оксения. Господи, помоги рабу своему Кирилу и Оксении’. ( )",кириллица,граффито,"Южная грань юго-восточного столба. У самого края столба по красному фресковому слою, концы строк частично утрачены. Высота от пола 192 см, от правого края столба 7 см, длина строк 5,5 см, высота надписи 48,5 см. ( )",с небольшими утратами (>85%),1300–1340 ( ),,
1122,https://epigraphica.ru/epigraphy/inscription/show/1122,1255,Надпись о смерти Кузьмы Ивановича,Стены церкви Спаса Преображения на Нередице,стена церкви,Церковь Спаса Преображения на Нередице,въ лѣт҇ ·҂ѕ·ѱ҃·ѯв҃· мс҇ца генварѧкѳпрѣвисѧ рабъ би҃и [·] Коузма · Ивановичь,,‘В год 1255 29 января преставился раб Божий Кузьма Иванович’. ( ),кириллица,граффито,"Южная грань юго-западного столба. Высота от пола 140 см, длина 25 см, ширина 1–1,5 см. В настоящее время начало надписи полностью утрачено, сохранились лишь части имени: ... би҃и коу... маивановичь. Среди иллюстраций к труду И. А. Шляпкина «Русская эпиграфика» (ИИМК РАН, Научный архив, Рукописный отдел, ф. 35, оп. 2) имеется фотография прориси с эстампажа этой надписи. ( )",целая (100%),,,"Воспроизведение текста И. И. Срезневским с точностью до небуквенных знаков (точки и титла) совпадает с первой фиксацией текста архим. Макарием (1857). Последний неверно передает имя усопшего ( Козма вм. Коузма ), принимает за д҇ надстрочную букву ѳ и безоговорочно 'исправляет' пропущенный автором надписи слог ста . Сам И. И. Срезневский, вероятно, не изучал надпись de visu."
1123,https://epigraphica.ru/epigraphy/inscription/show/1123,1246,Надпись о смерти Севастияна-Перемила,Стены церкви Спаса Преображения на Нередице,стена церкви,Церковь Спаса Преображения на Нередице,Въ лѣт҇ ҂ѕ҃ѱ҃н҃д генва(рѧ въ -҃)ѳ҃ прѣстависѧ рабъ би҃и Севастиꙗнъ,,"‘В год 6754 (1246) января 29-го преставился раб Божий Севастьян, черноризец в схиме, а в миру Перемил’. ( )",кириллица,граффито,"Южная грань юго-западного столба. Длина сохранившихся фрагментов первой строки 11 см, второй строки — 10 см, высота букв 1–1,1 см, ширина 0,5–0,7 см. Текст сохранился полностью, см. фотографию по прориси с эстампажа И. А. Шляпкина (ИИМК РАН, Научный архив, Рукописный отдел, ф. 35, оп. 2). ( )",с небольшими утратами (>85%),,,
1124,https://epigraphica.ru/epigraphy/inscription/show/1124,[1340–1380],Молитва Василия,Стены церкви Спаса Преображения на Нередице,стена церкви,Церковь Спаса Преображения на Нередице,г҃и,,"‘Г(оспод)и, Г(оспод)и, помоги рабу своему Васил(и)ю’. ( )",кириллица,граффито,"Южная грань юго-восточного столба. Местоположение: непосредственно под надписью 1 о смерти Кирила и Оксинии , процарапана более мелким почерком по красному фресковому слою у самого края столба. ( )",с небольшими утратами (>85%),"1340–1400, предпочтительно 1340–1380. А 6 'вогнутая перемычка' 1340>, У 9 'Ч-образные' 1280>. Ю IIa или IIв 'высокая перемычка' или 'перемычка наклонно вниз' 1320>. Г 2 'Нижняя засечка' 1100–1400 (<1380). Палеографически надпись может быть датирована временем, для которого характерны з с хвостом, идущим вправо [Зализняк 2000: 169], у с левым отростком и перемычкой [Там же: 189], м с прямыми плечиками. Датировка — начало XIV в. ( )",,
1125,https://epigraphica.ru/epigraphy/inscription/show/1125,[1300–1320],Молитва Андроника,Стены церкви Спаса Преображения на Нередице,стена церкви,Церковь Спаса Преображения на Нередице,ги҃ по[мо]зи рабу своѥму,,"‘Господи, помоги рабу своему Андронику грешному, отпусти, Господи, грех, исправь (приведи в порядок), Господи, душу мою грешную’. ( )",кириллица,граффито,"Южная сторона юго-восточного столба. На фресковом фоне, справа от фигуры мученицы (Н. В. Пивоварова определяет эту фигуру как изображение святой Февронии или Матроны [Пивоварова 2002: 241, 213]), слева от надписи о смерти Кирила и «жены его Оксении» . Высота от пола 159,5 см, расстояние от правого края 18 см, длина граффити 9,5 см, высота букв 3 см. ( )",с небольшими утратами (>85%),"Б III 'Петля с двумя изломами' 1320>, Ѣ III 'Петля с двумя изломами' 1320>, Р V 'Петля с двумя изломами' 1280>, У 2 'Маленькая головка' <(1200)<1220 (!), Д 3 'Длинные ножки в типе I' <1200+1280>. Язык: редуцированные двояко ( Андронику, грешьному ) <1300. Итого 1300–1320. Почерк мелкий, узкий; а «плосковерхая», петля с изломом [Зализняк 2000: 153], ѣ с коромыслом на уровне верхней границы строки, х с уменьшенным верхом и закругленными размашистыми хвостами [Там же: 195]. В слове своему ѥ после гласного. Надпись датируется в пределах второй половины XIV в. ( )",,
1126,https://epigraphica.ru/epigraphy/inscription/show/1126,[1280–1300],Многолетствование новобрачным (Хомуту и дочери Андрея),Стены церкви Спаса Преображения на Нередице,стена церкви,Церковь Спаса Преображения на Нередице,Хомуть ожениль⸗,,‘Хомут женился на дочери Андрея. Многая лета!’ ‘Хомуть женился на дочери Андрея. Многа(я) лета!’ ( ) Доп. интерпретации,кириллица,граффито,"Южная сторона юго-восточного столба, на синем фресковом фоне. Высота от пола 140 см, расстояние от правого края столба 27 см, длина 19 см, высота 6,5 см. ( )",с небольшими утратами (>85%),"Ж 5б 'Плечо у верха мачты' 1240>, Ѧ IIIб 'V-образный язычок (плосковерхие)' 1280-1400, Р IVб 'Углом вниз (прямолинейные)', Графика: Ѣ →Е 1100–1380. Язык: редуцированные двояко ( О нд рьею, м о но|га ) <1300. Итого 1280–1300.",,
1127,https://epigraphica.ru/epigraphy/inscription/show/1127,[1280–1360],Автограф Лазоря,Стены церкви Спаса Преображения на Нередице,стена церкви,Церковь Спаса Преображения на Нередице,Лазо⸗,,,кириллица,граффито,"Южная сторона юго-восточного столба. Расположена ниже слева от надписи 6 . Высота от пола 135 см, расстояние от правого края столба 28 см, длина 5 см, высота 1–1,2 см. ( )",целая (100%),"З 2а 'Ъ-образные (вертикальные или левонаклонные)' 1120-1380, З IIIб 'Левонаклонные (развилка)' (1280)>, Р Iб 'Округлая петля (прямая мачта) <1360, П 2 'Нижние засечки' 1120-1410. Палеографическая датировка — вторая половина XIII — первая половина XIV в. ( )",,
1128,https://epigraphica.ru/epigraphy/inscription/show/1128,[1280–1360],Автограф Лазоря («Лазорь писал грамоту»),Стены церкви Спаса Преображения на Нередице,стена церкви,Церковь Спаса Преображения на Нередице,Лазорь,,‘Лазарь писал грамоту’. ( ),кириллица,граффито,"На зеленом фресковом фоне, слева от предыдущей надписи Лазоря . Высота от пола 130 см, расстояние от правого края столба 35 см, длина 9–10см, высота 1,5 см. ( )",целая (100%),"З 2а 'Ъ-образные (вертикальные или левонаклонные)' 1120-1380, З IIIб 'Левонаклонные (развилка)' (1280)>, Р II 'Углом вверх' <(1280) <1380. Если надпись действительно выполнена тем же Лазорем, что и надпись №1127 , то предпочтительная датировка – после 1280 и до 1360. Из палеографических особенностей отмечу форму диграфа оу с уменьшенным о , изогнутым хвостом у , характерную для берестяного письма в пределах 1260–1320-х гг. [Зализняк 2000: 190–191]. ( )",,
1129,https://epigraphica.ru/epigraphy/inscription/show/1129,[1380–1500],Надпись об Адаме,Стены церкви Спаса Преображения на Нередице,стена церкви,Церковь Спаса Преображения на Нередице,(Ад)амъ первыи чв҃къ,,,кириллица,граффито,"Северная стена. На поверхности северной стены, в ее западной части, на уровне северо-западного столба, выше человеческого роста. Около 160 см от пола, длина 20,5 см, ширина 4,5 см, высота букв 1 см. Сохранилась не полностью; начала строк закрыты реставраторской вычинкой, процарапана очень тонкой иглой в три строки, справа перекрыта рисунком птицы с хохолком на голове в виде четырех черточек и с отростком под клювом, напоминающим петушиный гребень, ниже похожий рисунок еще одной птицы с хохолком и пышным хвостом. ( )",с утратами (50-85%),"Ъ 4 'Высокая петля' (1280)>, Е 4 'Лежащие' 1380>, Ч IIа 'Y-образные' 1280>, Ю IIв 'Перемычка наклонно вверх' 1320>, Р 13 'Наклонная мачта' 1360>, Р IVб 'Углом вниз (прямолинейные) 1240> (1300)>, В 5 'Высокая нижняя петля' 1340> (1360)>, И III 'Диагональ' 1340>. Итоговая датировка: после 1380 ( ). Позднее XV в. Y-образная Ч не встречается (Е. Ф. Карский. Славянская кирилловская палеография, 1928. С. 202). Палеографические характеристики надписи позволяют датировать ее первой половиной — серединой XV в.: буквы ъ и ы с высокими треугольными петлями, доходящими до верхней точки косой мачты [Зализняк 2000: 205], е якорная, лежащая на строке, ч с расщепом, V-образная, с отсечками [Там же: 203], ю с косой перекладиной, р с наклонной вправо мачтой и треугольной петлей основанием вниз, в с высокой нижней петлей. Над словом м(е)ртвыхъ короткая черта — подобие титла. Титло похожего вида и над словом чв҃къ. Датировке не противоречит и орфография: в слове первыи буква е из исконного ь. ( )",,
1130,https://epigraphica.ru/epigraphy/inscription/show/1130,[1400–1450],Покаянная надпись,Стены церкви Спаса Преображения на Нередице,стена церкви,Церковь Спаса Преображения на Нередице,…Ѡ горе ти дш҃е моѧ,,,кириллица,граффито,"Северная грань северо-западного столба. Высота от пола 160 см, длина строк 13,5 см и 13 см, высота букв 1,2 – 1,5 см. ( )",с утратами (50-85%),"Палеографические характеристики: д с выходящей за вершину треугольника правой частью, с длинными ножками платформы [Зализняк 2000: 161], широкая ѧ , с треугольным язычком, вытянутая и с косой перекладиной — датируют надпись первой половиной XV в. ( )",,
1131,https://epigraphica.ru/epigraphy/inscription/show/1131,[1280–1320],Надпись о смерти неизвестного на память св. Авраамия Арвильского,Фрагменты фресковой штукатурки 1120-х гг. Георгиевского собора Юрьева монастыря,стена церкви,Георгиевский собор Юрьева монастыря,…[ви]сѧ р…,(прѣста)[в]исѧ р(абъ Бж҃ии) - - - - -[и]не мц҃а фе(врарѧ) (въ пѧ)[т]ꙑ дн҃ь н(а ст҃го Авра)⸗ (миѧ Ар)[вильска](го) ( ),‘Преставился раб божий имярек месяца февраля в 5‑й день на [память] святого Авраамия Арвильского’. ( ),кириллица,граффито,"Фрагмент 2846 найден в южной апсиде Георгиевского собора Юрьева монастыря. «Фрагмент светло-бежевого (белого) цвета с синей изогнутой полосой посередине. Направление кисти ярко выражено и левому краю совпадает с изгибом полосы. В правой части движение диагональное. Повреждений красочного слоя нет. Он, однако, неоднороден – где-то гладкий, где-то более шершавый». ( )",фрагмент (15-50%),"«Буквы хорошо прочерчены, угловаты. Почерк, скорее всего, тот же, что в S24. Палеографическая датировка – после [1280], предпочт. до [1320] (вкупе с S24 ): Р V «петля с двумя изломами» 1280>». ( )",,"«Память Авраамия, епископа Арвильского, празднуется 5 февраля. Имя умершего не поддается восстановлению. Буква перед н имеет вид е с большим язычком, заканчивающимся очень длинной засечкой (при этом у следующего е такой язычок отсутствует). Это начертание можно понять как е , исправленное на и . Такое исправление находим в берестяной грамоте № 1149 (в слове шурина ). В этом случае имя заканчивалось на - ине , т. е. было записано с диалектным окончанием (ср., например, Къснятине в Синодальном списке Новгородской первой летописи под 1191 г. ( )». ( )"
1132,https://epigraphica.ru/epigraphy/inscription/show/1132,[1280–1320],Надпись о смерти Ульяны,Фрагменты фресковой штукатурки 1120-х гг. Георгиевского собора Юрьева монастыря,стена церкви,Георгиевский собор Юрьева монастыря,…рѧ ѕ ҃ дн҃ъ н[а] пам(ѧть) …,,‘Месяца …ря в 6‑й день на память святого … преставилась раба Божия Ульяна (?)…’. ( ),кириллица,граффито,"Фрагмент 2848* найден в южной апсиде Георгиевского собора Юрьева монастыря. «Блок из трех кусков штукатурки светлобежевого (светлосерого) цвета. Направление кисти ярко выраженное, вертикальное, очень заметное. В нижней части поверхность сглаживается, становится почти ровной». ( )",фрагмент (15-50%),"«Почерк, скорее всего, тот же, что в S23 . Палеографически – после [1280], предпочт. до [1320]: Р V «петля с двумя изломами» 1280>». ( )",,"«Надпись, скорее всего, сообщала о смерти женщины по имени Ульяна. Сохранившиеся буквы в конце второй строки допускают разные варианты реконструкции: с [ л ] е [ п ] аѧ …, с [ д ] е ( положена )… и др. Отметим написание д҃нъ с необозначенной мягкостью н или отражением его отвердения, ср. д҃нь в написанной тем же почерком S23 . В верхней части фрагмента 2848* читается начало последней строки другой надписи, сделанной сходным почерком; сохранились буквы свꙩ … ( рабу своему ?) и неопределяемая буква в предыдущей строке. В последовательности свꙩ , сохранившейся от верхней надписи, представлен редкий случай использования буквы ꙩ после согласного». ( )"
1133,https://epigraphica.ru/epigraphy/inscription/show/1133,[1340–1400],Инципиты возгласов священника,Фрагменты фресковой штукатурки 1120-х гг. Георгиевского собора Юрьева монастыря,стена церкви,Георгиевский собор Юрьева монастыря,… [т]ьбѣ под…,(ѧко) [т]ьбѣ под(обаеть) (ѧко) [б]лг҃висѧ ----ѣт[х]---- ( ),,кириллица,граффито,"Фрагмент 2803 был найден в южной апсиде Георгиевского собора Юрьева монастыря. «Фрагмент зеленого цвета с россыпью точечных повреждений красочного слоя и небольшими затертостями. Направление кисти диагональное, справа налево, сверху вниз». ( )",с утратами (50-85%),"«после [1340], предпочт. до [1400]: И III «диагональ» 1340> (1380>); В IV «развилка» (1280–1400)» ( )",,"«Первые две строки содержали инципиты возгласов священника после великой ектении (“ Яко Тебе подобает всякая слава, честь и поклонение …”) и после малой ектеньи (“ Яко благословися имя Твое и прославися царство Твое …”). Последовательность ѣт [ х ] или ѣт [ у ], читаемая в 3‑й строке, в стандартных возгласах не обнаруживается; возможно, здесь читалось начало какого‑то песнопения». ( )"
1134,https://epigraphica.ru/epigraphy/inscription/show/1134,[1200–1360],"Молитва Ивана Обрада, с благопожеланием прочитавшему",Фрагменты фресковой штукатурки 1120-х гг. Георгиевского собора Юрьева монастыря,стена церкви,Георгиевский собор Юрьева монастыря,(Ги҃) по(моз)⸗,,"‘Господи, помоги рабу своему Ивану, а прозвище Обрад. А кто прочтет, пусть подаст (букв. исполнит) ему Бог многие благие годы. А служил у святого Георгия’. Вариант: ‘пусть наполнит ему Бог благом (букв.: добром) многие годы’. ( )",кириллица,граффито,"Фрагмент 3256* найден в Южной апсиде. «Блок-монолит из четырех кусков штукатурки зеленого цвета. Направление кисти переменчивое, но преимущественно диагональное (слева направо, сверху вниз). Есть незначительные повреждения штукатурки – в основном точечные выбоинки, выпавшие соломинки, случайные царапины. В правой части есть два тонких мазка красно-коричневой краской. Возможно, рядом был угол. Здесь же красочный слой чуть истерся». ( )",с утратами (50-85%),"«Внестратигр. [1200–1360], предпочт. [1260–1280]: В V «нижняя косая к мачте» 1140> (1380>), «Е, С регулярно левонаклонны» 1160>, «У в начале слога» 1200> (1260>); Р Ia «округлая петля (прямая мачта)» (<1320) <1360; язык: «редуцированные пали» 1120> (1180>); «Р, У, Ц, Х регулярно в строке» 1160–1380 (1200–1280)». ( )",,"«Надпись помещена в рамку и сохранилась почти полностью. Она читается в левой части блока. Почерк мелкий, убористый. В нижнем правом углу – буквы свѧ ; по-видимому, это начало другой надписи. Чуть выше и правее, слабым почерком – вл . Еще выше, примерно посередине – буква п . Над ней левее непонятный знак (лигатура лт ?). Далее, возможно, продолжалась какая-то надпись». ( ) «В первой публикации надпись, от которой тогда были известны только последние пять строк, была предположительно определена как благопожелание новоизбранному архиепископу Серапиону, бывшему до своего поставления на кафедру дьяконом Юрьева монастыря. Находка новых фрагментов опровергла эту догадку. Оказалось, что благопожелание адресовано тому, кто прочтет молитву и таким образом помолится за ее автора (ключевое слово прочтетъ реконструировано С. М. Михеевым). В дальнейшем были обнаружены еще две надписи, построенные по той же модели ( S27 (№1135 настоящей Базы) , S28 (№1136 настоящей Базы) ). За пределами Новгорода ближайшую параллель представляет граффито № 229 из Софии Киевской: ѡ свѧтаѧ Софьѥ призьри по | мѧни присѣти по [ м ] ѧни и | помилоуи Иг [ н ] ати [ ѧ ] и того | иже прочитаѥть ( , табл. ССХLVІ). <...> На сниженном уровне ту же эксплицитную вовлеченность фигуры читателя в прагматику текста демонстрирует берестяная грамота № 46 (перв. пол. XIV в.) , представляющая собой школьную шутку: “ Невѣжѧ писа, недума каза, а хто се цита …”. <...> Надпись представляет значительный лингвистический интерес использованием диалектного окончания - е , соответствующего наддиалектному - ъ . Оно выступает не только в имени Обраде и перфектном причастии служиле , но и в ранее не фиксировавшейся форме местоимения кетъ , представляющей собой закономерное продолжение – с отпадением конечного безударного гласного – раннедревненовгородского кето , известного из берестяных грамот № 891 и Ст. Р. 12 (обе XII в.). Ориентация автора на разговорную речь проявляется также в последовательном использовании союза а в начале фраз. Разговорной чертой может быть и дублирование местоимения ему во фразе: многа ему лѣта исполни ему Бг҃ъ добра . Ср. аналогичный повтор наречия сѣмо в берестяной грамоте № 558 (кон. XII в.) : а боуди семо ко Петровоу дени съ икоунами семо . В зависимости от выбранного варианта перевода добра трактуется как форма винительного падежа множественного числа или родительного падежа единственного числа. Имя Обрадъ известно из новгородских и псковских письменных источников и топонимики; его носил, в частности, отец рушанина Павла Обрадича, убитого при набеге Литвы в 1234 г. ( )» ( )."
1135,https://epigraphica.ru/epigraphy/inscription/show/1135,[1140–1220],Молитва Олексы/Олекши,Фрагменты фресковой штукатурки 1120-х гг. Георгиевского собора Юрьева монастыря,стена церкви,Георгиевский собор Юрьева монастыря,раб…,(Ги҃ помози) раб(уо своемуо) Оль(къши и къ)⸗ то про[ч](ьтеть) [а] cлуожи(лъ) … (----)[к]ос… ( ),"‘Господи, помоги рабу своему Олекше и тому, кто прочтет. А служил …’. ( )",кириллица,граффито,"Фрагмент 2873 обнаружен в южной апсиде. «Фрагмент салатового цвета с зеленой полосой, изгибающейся дугой в верхнем левом углу. Направление кисти: на салатовом фоне – ярко выраженное, как бы ребристое, вертикальное; на зеленом фоне – по линии изгиба. Надпись читается по всему полю фрагмента. Значительных повреждений красочного слоя нет. Скорее всего, надпись читалась на мраморировке». ( )",фрагмент (15-50%),"«Палеогр. [1140–1220], предпочт. [1140–1200]: А 1, Л 1 «покрытие» (<1280) <1360, Б 3 «выступ вверху» (<1200), Ж III «звездоподобные в 4 взмаха» (<1200) <1320, Р 9б «широкие открытые (округлые)» 1140–1300, ОУ II «уменьшенное О» (<1200) <1220». ( )",,"«Реконструкция исходит из допущения, что надпись начиналась стандартной инвокацией, а строки были примерно равной длины. Имя восстанавливается условно, однако маловероятно, чтобы писавшего звали Ольксандръ – вплоть до начала XIV в. это имя на Руси в некняжеской среде распространено не было, ср. комментарий к № 84 . В последней строке читалось название церкви, в которой служил автор граффито. Возможные варианты: ( уо ст҃ою ) [ К ] ос ( тѧнтина и Елены ) и ( уо ст҃ою ) [ К ] ос ( мы и Дамиана ). Штрихи перед [ к ] в эти реконструкции не вписываются, но они находятся выше уровня строки и могут не относиться к надписи. Структурно надпись аналогична S26 , с той разницей, что благопожелание читателю оформлено в виде относительного придаточного, не составляя самостоятельного предложения. Для эллиптического къто (= и тому, кто …) ср. параллель в грамоте князя Ярослава Ярославича 1266–1269 гг.: “ От князя Ярослава ко рижаномъ, и к болшимъ и к молодымъ, и кто гоститъ, и ко всѣмъ ” ( , № 30)». ( )"
1136,https://epigraphica.ru/epigraphy/inscription/show/1136,[1127–1220],Надпись с благопожеланием прочитавшему,Фрагменты фресковой штукатурки 1120-х гг. Георгиевского собора Юрьева монастыря,стена церкви,Георгиевский собор Юрьева монастыря,…роцьт…,… (а кто п)роцьт(еть того Бг҃ъ) (блг҃ослов)и на вьс(ѧ вѣкы) ( ),"‘… А кто прочтет, того Бог да благословит вовеки’. ( )",кириллица,граффито,"Фрагмент 2799 обнаружен в южной апсиде. «Фрагмент охрового цвета. Поверхность шершавая, направление кисти вертикальное». ( )",неизвестно,"«Внестратигр. до [1220]: В IIа «перелом при мачте» (<1220) <1320, Р II «углом вверх» (<1280) <1380, язык: «редуцированные сохранены» <1220». ( )",,"«Под второй строкой видна тонкая линия рамки (вероятно, другой надписи)» ( ). «Надпись аналогична молитвам и благопожеланиям Ивана Обрада и “Олекши”. Ср. S26 , S27 . Реконструкция носит примерный характер, возможны варианты» ( )."
1137,https://epigraphica.ru/epigraphy/inscription/show/1137,[1140–1200],Фрагмент надписи с упоминанием новгородцев,Фрагменты фресковой штукатурки 1120-х гг. Георгиевского собора Юрьева монастыря,стена церкви,Георгиевский собор Юрьева монастыря,…|…[д]ьци,…|… (новъгоро)[д]ьци | …ишас(ѧ) |… ( ),,кириллица,граффито,Фрагмент 3171 обнаружен в южной апсиде. ( ),неизвестно,"«До [1340], предпочт. [1140–1200]: И 2а «нижние засечки (длинные)» 1120–1400 (1140–1300), Ь 2 «открытая петля» (<1200) <1340». ( )",,"«Надпись явно содержала летописное сообщение, в котором действующим лицом были новгородцы. В сочетании с аористом 3‑го лица мн. числа слово с исходом на - дьци может быть только формой именительного падежа мн. числа; вероятность же того, что в надписи упоминались не новгородцы, а, например, вышегородцы, пренебрежимо мала. Вместе с надписью S3b, в которой также действуют новгородцы, граффито является важнейшим свидетельством того, что на стенах собора делались записи не только поминального, но и исторического содержания» ( )."
1138,https://epigraphica.ru/epigraphy/inscription/show/1138,[1260–1300],Фрагмент надписи с упоминанием Иерусалима,Фрагменты фресковой штукатурки 1120-х гг. Георгиевского собора Юрьева монастыря,стена церкви,Георгиевский собор Юрьева монастыря,… (Ие)рслм[ъ] …,,‘... Иерусалим ...’.,кириллица,граффито,"Фрагмент 2859 был найден в южной апсиде. «Фрагмент трехцветный, находился на границе красного и зеленого фонов, разделенных белой вертикальной линией разгранки. Надпись начиналась на красном фоне и заканчивалась на зеленом». ( )",неизвестно,"«Палеогр. предпочт. [1260–1300]: М 2 «верхние засечки» (<1280), Ъ 4 «высокая петля» (1280>)». ( )",,"«Надпись содержала название Иерусалима. В принципе, она могла представлять собой цитату из какого‑то богослужебного текста. Нужно заметить, однако, что оба упоминания Иерусалима в эпиграфике древнего Киева приходятся на надписи, связанные с паломничествами в Святую землю. Это, во‑первых, надпись дьякона церкви Спаса на Берестове Докуда, сделанная по возвращении из Иерусалима ( Корнієнко, 2013а. С. 58, № 206 (358); № 1002 настоящей Базы ), и, во‑вторых, недавно обнаруженная Т. А. Бобровским на фрагменте фресковой штукатурки Софии Киевской надпись, сделанная, по‑видимому, перед отправлением в Иерусалим: ( Ги҃ помози ) | ( рабу свое )[ му ] | ( грѣшно ) му Оль |( късѣ ид ) ущъму | ( въ Иер ) усалим . Подобное происхождение могло иметь и комментируемое граффито» ( )."
1139,https://epigraphica.ru/epigraphy/inscription/show/1139,[1127–1280],Надпись с упоминанием Мартирия,Фрагменты фресковой штукатурки 1120-х гг. Георгиевского собора Юрьева монастыря,стена церкви,Георгиевский собор Юрьева монастыря,…анатв[ꙋ]рьѧ возал,… (ꙋ) [М]анатв[ꙋ]рьѧ возал ( ),‘… у Манатвурья (Мартирия) взял’. ( ),кириллица,граффито,"Надпись расположена на блоке из четырёх фрагментов (2824, 2968, 3238, 3243), которые были найдены в южной апсиде. «Трехцветный блок, находился на границе красного и зеленого фонов, разделенных белой вертикальной линией разгранки. Окончание надписи пересекает линию разгранки и заходит на красный фон». ( )",малый фрагмент (<15%),"«предпочт. до [1280]: А 1 «покрытие» (<1280); В V «нижняя косая к мачте» 1140> (1380>), З 2а «ъ-образные (правонаклонные)» 1120–1300, Р III «углом вперед» (<1280)» ( )",,"Настоящая надпись и граффито S31b (№1140 настоящей Базы) «сделаны одна под другой, по-видимому, одним почерком» ( ). Почерк и графика некнижные: используется зеркальное а (наряду с обычным), з имеет ъ ‑образное начертание, в слове возал не обозначена мягкость срединного согласного, отсутствует конечный ъ , а в приставке ъ заменен на о . На фоне этих отклонений от книжного стандарта интерпретируется загадочное [ м ] анатв [ ꙋ ] рьѧ . Перед нами, по‑видимому, двойное искажение формы Мант ( о ) урьѧ – разговорного варианта канонического имени Мартирий, с межслоговой диссимиляцией р ~ р > н ~ р . В Синодальном списке НПЛ основа имени последовательно записывается как Мартоури ‑, на епископской печати находим Мартури - ( ), в надписи о смерти и погребении сыновей Ярослава Владимировича ( S1a (№ 255 настоящей Базы) ) – Мартꙋри ‑. Между тем в списках младшего извода НПЛ встречается лишь форма Мантурии. Надпись показывает, что вариант с н существовал уже в конце XII в. Второе а после н выступает на месте вставного ъ ( Манът ‑), ср. варианты мантия (из манът ‑), манотия , манатия ; ср. также Канадратоу в берестяной грамоте № 1073 (сер. XIII в.) . Вставка в между т и у имеет, по‑видимому, ту же природу, что и написание издвушиша вместо издушиша в Синодальном списке Новгородской первой летописи (л. 76, 6746)1, и объясняется фонетической близостью артикуляции билабиального [w] и гласного [у]. Новгородским источникам эпохи независимости известен единственный Мартирий – архиепископ, занимавший кафедру с 1193 по 1199 г. За год до своего избрания, в 1192 г., Мартирий основал в Русе Спасо‑Преображенский монастырь. Соблазнительной выглядит в связи с этим возможность прочтения имени в надписи S31b как Евдокия. Дело в том, что под тем же 1192 г. летопись сообщает о смерти игумении Воскресенского монастыря Марии и поставлении на ее место Евдокии (это событие, скорее всего, зафиксировала надпись S10). Возможное сочетание в надписях имен Евдокии и Мартирия позволяет предположить, кто и что мог взять у новопоставленных игумена и игумении. Речь может идти о так называемой ставленой пошлине, взимавшейся архиереями с возводимых на церковные должности лиц. Против этой практики (точнее, злоупотреблений ею) направлена первая статья постановления собора 1274 г., в которой фиксируется и специальное обозначение пошлины за поставление игуменом – посошное (т. е. мзда за вручение посоха как символа игуменской власти, см.: ): “прочее от сего времени аще кто явиться от святого нашего собора или игумена в игуменство, емля от него что, свящая на мзде, рекомое “посошное” , или постригая мирского попа на мзде в игуменство, или попа поставляет к церкви, емля у него что, да будут извержены” ( ). Хотя взимание ставленых пошлин было, по существу, легальным обычаем, оно, безусловно, вызывало осуждение в монашеской среде. Неслучайно в начале XIV в. выразителем самой бескомпромиссной позиции по данному вопросу выступил инок тверского монастыря Богородицы Акиндин в своем послании к князю Михаилу Ярославичу ( –158). Речь может идти о так называемой ставленой пошлине, взимавшейся архиереями с возводимых на церковные должности лиц. Негативное отношение к взиманию “посошного” могут отражать и юрьевские надписи. В контексте эпиграфического комплекса южной абсиды первую из них проще всего представить как комментарий к надписи о поставлении новой игумении Воскресенского монастыря, которая согласно нашей реконструкции заканчивалась фразой: “и поставил владыка на месте ее Евдокию” (S10). Сделанная другой рукой ремарка могла быть сформулирована как продолжение этой фразы: “[Столько‑то гривен] у Евдокии взял”. Аналогично, и надпись про Мартирия могла комментировать несохранившуюся запись об основании им монастыря» ( )."
1140,https://epigraphica.ru/epigraphy/inscription/show/1140,[1127–1280],Деловая надпись,Фрагменты фресковой штукатурки 1120-х гг. Георгиевского собора Юрьева монастыря,стена церкви,Георгиевский собор Юрьева монастыря,…[в/р]ъд-(-)[н/и]е,,,кириллица,граффито,"Находится на четырёх фрагментах (2824, 2968, 3238, 3243), найденных в южной апсиде. «Трехцветный блок, находился на границе красного и зеленого фонов, разделенных белой вертикальной линией разгранки. <...> Надпись помещалась целиком на зеленом фоне, ее последнее слово (?) написано под окончанием первой строки». ( )",малый фрагмент (<15%),см. № 1139,,"Настоящая надпись и граффито S31a (№1139 настоящей Базы) «сделаны одна под другой, по-видимому, одним почерком» ( ). «По образцу надписи S31a (№ 1139) последнее слово можно предположительно восстановить как в ( ъзѧл ) ъ ; в этом случае предыдущее слово было, скорее всего, именем в родительном падеже. От буквы после д сохранился верх штриха, который может принадлежать буквам ъ (или ы ), ѣ , ꙋ , у . Буква перед е более похожа на н , но в сделанной той же рукой нижней надписи н имеет другое начертание. Между д и [ н/и ] могли находиться две буквы или одна широкая. Эти данные не позволяют предложить реконструкции, которую можно было бы однозначно предпочесть другим. Приходится предполагать или не засвидетельствованные имена на ‑ ына вроде *( Твь )[ р ] ъд [ ын ] е , или, трактуя спорную букву как и , реконструировать ( Е )[ в ] ъд [ ъ ]( к )[ и ] е , с «бытовой» заменой о на ъ » ( )."
1141,https://epigraphica.ru/epigraphy/inscription/show/1141,1103–[1200],Глаголическая азбука с кириллическим ꙉ («гервь»),Стены церкви Благовещения на Городище,стена церкви,Церковь Благовещения на Городище,текст 1:текст 2:Ⰿ,,,"кириллица, глаголица",граффито,,с небольшими утратами (>85%),,"Церковь Благовещения была окончательно разрушена перед закладкой в 1342 г. на ее месте нового каменного храма. Между тем среди граффити на фресках церкви 1103 г. нет надписей с признаками, которые позволили бы однозначно датировать эти тексты XIII или первой половиной XIV в.",
1142,https://epigraphica.ru/epigraphy/inscription/show/1142,1103–[1200],Молитва Стыряты,Стены церкви Благовещения на Городище,стена церкви,Церковь Благовещения на Городище,[ⱁ] Ⰳⰻ҃ Ⰻⱄⱏ҃ Ⱈⰵ҃ [ⰵⰳ]ⰴⰰ ⱄⱑⰴ[ⰵ]ⱎⰻ ⱄ(ⱆ)ⰴⰻⱅ[ⰻ],,"‘О, Господи Исус Христос! Когда сядешь судить мои дела, не осуди меня, грешного раба твоего! Стырята писал’. ( )","кириллица, глаголица",граффито,"Несколько тысяч подобранных стык в стык и частично склеенных фрагментов фресковой штукатурки 1100-х гг. Сведения о местоположении: Церковь Благовещения на Городище, жертвенник, апсида, правый (южный) край, ок. 220 см над полом XII в. Место надписи: Полоса красно-коричневой разгранки над полосой городчатого орнамента, у правого края, у верхнего края. Судя по уровню расположения, граффито моглo быть выполненo только с какого-то возвышения. ( ) Тем же почерком и тем же крупным письмом [ что и надпись № 29 ] выполнена одна из двух больших надписей на разгранке выше полосы ступенчатого орнамента. ( )",с небольшими утратами (>85%),,"Церковь Благовещения была окончательно разрушена перед закладкой в 1342 г. на ее месте нового каменного храма. Между тем среди граффити на фресках церкви 1103 г. нет надписей с признаками, которые позволили бы однозначно датировать эти тексты XIII или первой половиной XIV в.",
1143,https://epigraphica.ru/epigraphy/inscription/show/1143,1103–[1200],Автограф Стыряты,Стены церкви Благовещения на Городище,стена церкви,Церковь Благовещения на Городище,Ⱄ[ⱅⱏⰹ](ⱃⱑ)|[ⱅⰰ] ѱ҃ъ-(--),,‘Стырята писал’. ( ),"кириллица, глаголица",граффито,"Жертвенник, апсида, правая (южная) сторона, ок. 45 см от правого края, ок. 165 см над полом XII в. ( )",с утратами (50-85%),,"Церковь Благовещения была окончательно разрушена перед закладкой в 1342 г. на ее месте нового каменного храма. Между тем среди граффити на фресках церкви 1103 г. нет надписей с признаками, которые позволили бы однозначно датировать эти тексты XIII или первой половиной XIV в.",
1144,https://epigraphica.ru/epigraphy/inscription/show/1144,1103–[1200],«Стырята – баба»,Стены церкви Благовещения на Городище,стена церкви,Церковь Благовещения на Городище,Ⱄⱅⱏ|ⱃ[ⱕ]ⱅⰰ | ⰱ[ⰰⰱ]ⰰ,,‘Стырята – женщина’. ( ),глаголица,граффито,"Церковь Благовещения на Городище, жертвенник, апсида, правая (южная) сторона, ок. 100 см от правого края, ок. 155 см над полом XII в. Прямоугольник бурой мраморировки, 8 см от левого края, 16 см от верхнего края. ( )",с небольшими утратами (>85%),,"Церковь Благовещения была окончательно разрушена перед закладкой в 1342 г. на ее месте нового каменного храма. Между тем среди граффити на фресках церкви 1103 г. нет надписей с признаками, которые позволили бы однозначно датировать эти тексты XIII или первой половиной XIV в.",
1145,https://epigraphica.ru/epigraphy/inscription/show/1145,[1127–1340],Запись большого числа,Фрагменты фресковой штукатурки 1120-х гг. Георгиевского собора Юрьева монастыря,стена церкви,Георгиевский собор Юрьева монастыря,В,,,кириллица,граффито,"Фрагмент 2467 был найден в южной апсиде Георгиевского собора. «Фрагмент зеленого фона, с затертостями». ( )",с небольшими утратами (>85%),"«до [1400], предпочт. до [1340]: В IIб «перелом, не касающийся мачты» (<1340) <1400» ( )",,"«В правой нижней части читается буква В , обведенная дугой, которая могла быть частью кружка или продолговатого закругленного картуша. От дуги отходят, пересекая ее, две наклоненные вправо черточки с засечками на концах, от еще одной черточки (справа) видна только засечка» ( ). «При допущении, что буква была заключена в кружок с черточками, граффито интерпретируется как запись одного из двух чисел – 2×10 в 5-й степени или 2×10 в 6-й степени, в древнерусской системе счисления соответственно два легеона и два леодра . Источники, содержащие кириллические обозначения больших чисел, расходятся в выборе знаков для стотысячного и миллионного разрядов: в одних легеон (10 в 5-й степени) обозначается кружком из точек, а леодр (10 в 6-й степени) – кружком с черточками, в других соотношение знаков является обратным ( –357; ср. рис. 4 и 7). Трактовка надписи в арифметическом ключе представляется тем более вероятной, что рефлексия над обозначением больших чисел нашла отражение и в эпиграфическом комплексе церкви Благовещения на Городище, где рядом находятся запись числа 20000 – в в круге < дъвѣ тьмѣ > и заключенное в овал слово одина , трактуемое как < одина тьма > ( )» ( )."
1146,https://epigraphica.ru/epigraphy/inscription/show/1146,[1127–1200],Дни недели,Фрагменты фресковой штукатурки 1120-х гг. Георгиевского собора Юрьева монастыря,стена церкви,Георгиевский собор Юрьева монастыря,нд҃лѧед(ѣльникъ)(…),,"‘Воскресенье, понедельник...’.",кириллица,граффито,"Фрагмент 2861 был найден в южной апсиде. «Фрагмент находился на границе красного и зеленого фонов, разделенных белой полосой разгранки по вертикали. Строки надписи начинались на красном фоне и заканчивались на зеленом». ( )",фрагмент (15-50%),«XII в.?» ( ),,"«Надпись выполнена изящным беглым почерком с тонкими верхними засечками при отсутствии нижних, что говорит в пользу ранней даты. Судя по началу, она представляла собой записанную в столбик последовательность названий дней недели. Ту же последовательность, но записанную в строку, с сокращением названий дней до начальных слогов, представляет знаменитое граффито не по у се чь пѧ су в церкви Спаса на Нередице ( ) и его вариант в Спасо‑Преображенском соборе Переславля‑Залесского, в котором, в отличие от нередицкой версии, над сокращениями стоят титла ( , № 6). Прагматика текстов такого рода неясна» ( )."
1147,https://epigraphica.ru/epigraphy/inscription/show/1147,[1140–1160],Автограф «убогого»,Фрагменты фресковой штукатурки 1120-х гг. Георгиевского собора Юрьева монастыря,стена церкви,Георгиевский собор Юрьева монастыря,…о писало,,"‘Имярек написал это, грешный (?) и убогий’. ( )",кириллица,граффито,Фрагменты 2875* были обнаружены в южной апсиде. «Блок-монолит из четырех фрагментов. Базовый цвет – салатовый с темнозеленой дугообразной полосой посередине блока. Направление кисти диагональное (слева направо) на светлом фоне и следующее изгибу полосы – на темном. Повреждений красочного слоя практически нет». ( ),с утратами (50-85%),"«[1120 – 1200], предпочт. [1140–1160]: A 1 «покрытие» (<1280) <1320, И 2а «нижние засечки длинные» 1120–1400 (1140–1300), Л 1 «покрытие» (<1280) <1360» ( )",,"«На такой же поверхности читается молитва Ивана (S15)» ( ). « П написано поверх процарапанного тем же почерком оу . Рядом с оу видна брошеная буква: горизонтальная черта с засечкой на левом конце, которая могла принадлежать з , ъ / ы , ѣ или т . Возможно, писавший начал слово “ убогыи ”, но затем решил употребить этот эпитет в конце. Надпись выполнена в бытовой орфографии, с заменами ъ на о ( )."
1148,https://epigraphica.ru/epigraphy/inscription/show/1148,[1420–1500],Надпись о смерти Иоанна,Фрагменты фресковой штукатурки 1120-х гг. Георгиевского собора Юрьева монастыря,стена церкви,Георгиевский собор Юрьева монастыря,прест(а)ви(сѧ) … ... Iѡ(а)[н]ъс҇цѧ iюнѧ … …каЄлѣcиꙗ,прест(а)ви(сѧ рабъ Бж҃ии) Iѡ(а)[н]ъ мс҇\цѧ iюнѧ (въ 14 на память ст҃го пр҃)[р]ка Елѣcиꙗ ( ),‘Преставился раб божий Иоанн месяца июня в 14‑й день на память святого пророка Елисея’. ( ),кириллица,граффито,"Фрагменты 2500*/2962, 2501, 2502, 2561 были найдены в северной апсиде. «Блок из трех кусков штукатурки – монолита и двух отдельных фрагментов в три цвета. Надпись читается посередине, под линией разгранки, разделяющей зеленый и красный фоны; ниже них лежит бежевый, переходящий в белый. К нижнему краю появляется больше затертостей/повреждений красочного слоя (преимущественно, красного с проступающим бежевым)». ( )",с утратами (50-85%),"«после [1420]: И II «наклонная перекладина» 1320>; Т II «треногое» 1420>; Ѧ IIIа «V-образный язычок (острые)» 1280> (1340>), Ю IIг «перемычка по верху» 1360>; Ꙗ IIа «высокая перемычка» 1300>; графика: «є» 1320>» ( )",,"«Буквы крупные, грубоватые» ( ). «Буква ѧ выступает в разных начертаниях в стандартном сокращении и в названии месяца» ( )."
1149,https://epigraphica.ru/epigraphy/inscription/show/1149,[1342–1351],Надпись о смерти Леонтия (чистовая),Фрагменты фресковой штукатурки 1120-х гг. Георгиевского собора Юрьева монастыря,стена церкви,Георгиевский собор Юрьева монастыря,в лѣт҇҂ѕ҃.ѡ҃.н҃.- (мс҇ц)ѧ ма⸗муч҇Алекса[д](ра)…,,‘В 685… году месяца марта 14 преставился раб Божий Леонтий Спы… на память святого мученика Александра’. ( ),кириллица,граффито,"Фрагменты 2518*, 2519*, 2520 (?), 2522, 2523 были найдены в северной апсиде. «Блок из четырех кусков штукатурки – двух монолитов и двух фрагментов. Базовый цвет – темно-зеленый. Фреска покрыта небольшими выбоинками, точками и случайными царапинами/линиями, затертостями, т. е. красочный слой преимущественно поврежден в большей или меньшей степени». Настоящая надпись расположена на фрагментах 2518*, 2519*. ( )",с утратами (50-85%),,,"Поле «Расположение на носителе» содержит информацию о блоке фрагментов, на которых читаются две связанных между собой надписи N2a (настоящая надпись) и N2b (№ 1150 настоящей Базы) . Настоящая (чистовая надпись N2a) выполнена «крупным почерком, расположена над черновой надписью N2b (№1150 настоящей Базы) , наезжая последней строкой на первую строку черновика. <...> Левее и чуть выше надписи читается написанное другим, еще более крупным почерком слово мц҃ѧ – заготовка поминальной надписи. Над годовой датой – инвокация Ги҃ (почерк также другой, более мелкий)» ( ). «Слово мученика сокращено с использованием лигатуры му , такой же, как в черновой надписи, чем подтверждается тождество почерков. Нетипична форма е в имени умершего: она напоминает латинскую Е , хотя в слове преставися та же буква записана совершенно иначе. Начинавшееся на Спꙑ ‑ фамильное прозвище Леонтия надежно не восстанавливается. Начальное Сп ‑ подтверждается черновой надписью. От буквы после ꙑ сохранилась левая вертикаль, подходящая для целого ряда букв. Из мыслимых вариантов наиболее вероятен Спышь , который можно трактовать как гипокористику на ‑ ышь от прозвища Сопъ (< Съпъ ), извлекаемого из названия деревень Сопова и Сопово в Шелонской и Деревской пятинах ( ; ). Возможны также варианты Спынев и Спыревъ » ( )."
1150,https://epigraphica.ru/epigraphy/inscription/show/1150,[1342–1351],Надпись о смерти Леонтия (черновая),Фрагменты фресковой штукатурки 1120-х гг. Георгиевского собора Юрьева монастыря,стена церкви,Георгиевский собор Юрьева монастыря,"на фрагментах 2518, 2522на фрагменте 2520на фрагменте 2523c҇[ц]ѧ марта д м ичь С[п]би҃и (Ле)[ѡ]н[т] [т҃]гомуч҇ѣи",мс҇\[ц]ѧ марта д҃(i престависѧ рабъ) Би҃и (Леѡ)н[т]⸗ ѣи (Мики)[т]ичь С[п]---⸗ (въ на св)[т҃]го *му*ч҇\ (Александра) ( ),‘Месяца марта 14 преставился раб божий Леонтий …тичь Спы… на память святого мученика Александра’. ( ),кириллица,граффито,"Фрагменты 2518*, 2519*, 2520 (?), 2522, 2523 были найдены в северной апсиде. «Блок из четырех кусков штукатурки – двух монолитов и двух фрагментов. Базовый цвет – темно-зеленый. Фреска покрыта небольшими выбоинками, точками и случайными царапинами/линиями, затертостями, т. е. красочный слой преимущественно поврежден в большей или меньшей степени». Настоящая надпись расположена на фрагментах 2518*, 2520 (?), 2522, 2523. ( )",с утратами (50-85%),,Датирована по дате в чистовой надписи [N2a] (№1149 в настоящей Базе) .,"Поле «Расположение на носителе» содержит информацию о блоке фрагментов, на которых читаются две связанных между собой надписи N2a (№1149 настоящей Базы) и настоящая надпись N2b. «Чистовая надпись N2a (№1149 настоящей Базы) , выполненная крупным почерком, расположена над настоящей черновой надписью N2b, наезжая последней строкой на первую строку черновика. Почерк черновой надписи более мелкий и убористый» ( ). «Судя по большому пробелу перед ичь на фрагменте 2519, предыдущая буква могла быть г или т . Буква м в реконструируемом [ М ]( ики )[ т ] ичь находится на отдельном маленьком фрагменте, который может и не относиться к надписи (хотя почерк безусловно тот же); отчество Леонтия могло быть и другим, например Игнатичь. Примечательна трансформация, которой текст подвергся при создании чистовой надписи: добавив годовую дату (что для поминальных надписей большая редкость) и слово “память”, автор убрал отчество умершего, оставив только фамильное прозвище» ( )."
1151,https://epigraphica.ru/epigraphy/inscription/show/1151,[1127–1220],Молитва неизвестного с ламентацией,Фрагменты фресковой штукатурки 1120-х гг. Георгиевского собора Юрьева монастыря,стена церкви,Георгиевский собор Юрьева монастыря,(+) Ги҃ спс҃и грѣ⸗,,"‘Господи, спаси грешного! Ох мне …’. ( )",кириллица,граффито,"Фрагмент 2509* был обнаружен в северной апсиде. «Блок из двух кусков штукатурки – монолит и один фрагмент. Линия разгранки проходит по вертикали справа. Большая часть красочного слоя – дымчатозеленого цвета. На зеленом фоне видны ярко выраженные вертикальные мазки кисти, слегка отклоняющиеся по диагонали. Заметные повреждения красочного слоя отсутствуют». ( )",с утратами (50-85%),"«до [1220]: Язык: «редуцированные сохранены» <1220, архаичное окончание - уму » ( )",,"На блоке N3 читаются две надписи: молитва неизвестного (настоящая надпись) и комментарий к ней ( №1152 настоящей Базы ) ( ). «Надпись помещена в рамку и читается преимущественно на зеленом фоне» ( ). «Поскольку обе фразы молитвы завершаются знаком креста, крест, скорее всего, стоял и в начале текста. Буква ꙋ после н в четвертой строке отражена по вертикали; скорее всего, то же начертание она имела и в следующем слоге. Такое ꙋ дважды употреблено в берестяной грамоте № 1182 (сер. XII в.). В четвертой строке могло быть повторено прилагательное грѣшьныи , но мог стоять и какой‑то другой эпитет» ( )."
1152,https://epigraphica.ru/epigraphy/inscription/show/1152,[1220–1240],Комментарий к N3a (№1151),Фрагменты фресковой штукатурки 1120-х гг. Георгиевского собора Юрьева монастыря,стена церкви,Георгиевский собор Юрьева монастыря,охъ ж⸗,,‘Ох и будет же тебе!’. ( ),кириллица,граффито,"Фрагмент 2509* был обнаружен в северной апсиде. «Блок из двух кусков штукатурки – монолит и один фрагмент. Линия разгранки проходит по вертикали справа. Большая часть красочного слоя – дымчатозеленого цвета. На зеленом фоне видны ярко выраженные вертикальные мазки кисти, слегка отклоняющиеся по диагонали. Заметные повреждения красочного слоя отсутствуют». ( )",целая (100%),"«до 1380 (предпочт. до 1240): Е I «правонаклонные» (<1240) <1380, Х 2 «только правая верхняя засечка» (<1240) или (1360>)» ( )",,"На блоке N3 читаются две надписи: молитва неизвестного ( №1151 настоящей Базы ) и комментарий к ней (настоящая надпись; справа) ( ). Надпись представляет собой комментарий к N3a ( №1151 настоящей Базы ) ( ). Надпись вписана в рамку (верхний правый угол), читается на разгранке белого цвета и красном фоне; почерк мельче, чем у N3a ( №1151 настоящей Базы ). Под рамкой видны буквы гс под титлом от еще одной надписи, сделанной почерком, отличным от почерков в рамке (отсутствуют засечки) ( ). «Комментарии такого рода известны в храмовой эпиграфике Новгорода. Из надписей Софийского собора ср.: а) граффито оусохните ти руки в Мартирьевской паперти ( , № 204), относящееся к зачеркнутому фольклорному стихотворению; б) граффито Чижевъ дроугъ в дьяконнике, реагирующее на надпись о подстреленном Чижом журавле ( ). Хощеть быти – форма “будущего сложного первого”, характеризующая наступающую ситуацию как следствие текущего положения дел (см.: )» ( )."
1153,https://epigraphica.ru/epigraphy/inscription/show/1153,1103–[1200],"Крестные слова Христа (Пс. 21:2, Мф. 27:46, Мк. 15:34)",Стены церкви Благовещения на Городище,стена церкви,Церковь Благовещения на Городище,Ⰱⰶ҃ⰵ (Ⰱ)ⰶ҃ⰵ ⰿ[ⱁ](ⰻ ⰲⱏ)ⱄⰽⱁⱆ(ⱓ),,"‘Боже, Боже мой! Для чего Ты оставил меня?’",глаголица,граффито,"Жертвенник, апсида, правая (южная) сторона, ок. 175 см над полом XII в. Полоса красно-коричневой разгранки под полосой городчатого орнамента, над прямоугольником бурой мраморировки, 19 см от правого края, у верхнего края. 1-ая буква 2-ой строки начиналась правее 3-ей буквы 1-ой строки, то есть 2-ая строка была выровнена почти по центру. ( )",с небольшими утратами (>85%),,"Церковь Благовещения была окончательно разрушена перед закладкой в 1342 г. на ее месте нового каменного храма. Между тем среди граффити на фресках церкви 1103 г. нет надписей с признаками, которые позволили бы однозначно датировать эти тексты XIII или первой половиной XIV в.",
1154,https://epigraphica.ru/epigraphy/inscription/show/1154,[1127–1200],Надпись о смерти архиепископа Спиридона (?),Фрагменты фресковой штукатурки 1120-х гг. Георгиевского собора Юрьева монастыря,стена церкви,Георгиевский собор Юрьева монастыря,октѧ… … :ке … …[с]п…,октѧ(брѧ въ) :ке(: дьнь) … [С]п(иридонъ преста)⸗ висѧ (архепп)ъ҃ н(овгородьскыи) … ‑‑ри… ( ),"‘[Месяца] октября в 25‑й день, в понедельник (?), преставился Спиридон, архиепископ новгородский…’. ( )",кириллица,граффито,"Надпись читается на четырёх фрагментах (2543, 2545*, 2546, 2544 (?)), найденных в северной апсиде. «Блок из четырех кусков штукатурки – монолит и два отдельных фрагмента. Базовый цвет – красный с небольшими вкраплениями зеленого по верхнему краю (2545, 2546). Надпись сделана вдоль края красного фона, сохранились начала двух строк и фрагменты из середины. Фрагмент 2545, по сравнению с остальными, имеет больше затертостей – они идут двумя светлыми полосами сверху вниз, под небольшим наклоном. По левому краю 2545 видно несколько случайных линий». ( )",фрагмент (15-50%),"«до [1280], предпочт. до [1200]: В 4 «выступ наверху» (<1200) <1280, Р 3 «выступ вверху» <1280, Ѧ 1 «покрытие» (<1280) <1340; С 1 «покрытие» (<1300) <1380» ( )",,"«Не вполне ясно, следует ли относить к этой надписи фрагмент 2544, на котором читаются буквы ева | [ в ]( и ): начертание буквы в несколько отличается и не имеет характерного для букв надписи N4 (настоящая надпись) наклона» ( ). «Буквы крупные, аккуратные, с характерными выступами и покрытиями и слабо выраженным правым наклоном. Надпись выполнена профессиональным писцом. Реконструкция носит гипотетический характер и опирается на следующие соображения. Титло в левой части фрагмента 2543 показывает, что за глаголом прѣставися следовало не имя и не сочетание рабъ Божии , а сокращенно записанное слово, заканчивающееся на ъ . Следующее н допускает реконструкцию ‘архиепископ новгородский’, с чем согласуется неординарность графического исполнения надписи. Единственный новгородский епископ, дневная дата кончины которого нам неизвестна, – умерший в 1249 г. Спиридон. Буквы сп , читаемые на фрагменте, безусловно принадлежавшем первой строке, подходят для его имени, при этом заполнить позицию между датой и словом прѣставися чем‑либо, кроме имени, кажется невозможным. Буквы ри в третьей строке могли принадлежать, например, слову наоутриѧ (в сообщении о погребении). Примерное равенство длины 1‑й и 2‑й строк обеспечивается допущением, что помимо числа был указан также день недели – понедельник» ( )."
1155,https://epigraphica.ru/epigraphy/inscription/show/1155,"[1127–1180], 1162 (?)",Надпись о смерти игумена монастыря пресвятой Богородицы,Фрагменты фресковой штукатурки 1120-х гг. Георгиевского собора Юрьева монастыря,стена церкви,Георгиевский собор Юрьева монастыря,(прѣстависѧ) …нь о--(с҇)цаиюлѧ (в)ъ в҃ї а погр(еб)енъ б[ꙑ](с҇)наꙋтриѧ въ гї҃ [д](н҃ь с)ъ чь(стью),(прѣстависѧ) (пасто)[у](хъ гс҇\д)нь О(ль)⸗ [кса] (игуменъ мн҃)сты(рѧ) пр(ѣст҃ы)⸗ ѧ влд҃(чиц)[ѧ] н[а](ше)[ѧ] Бц҃ѧ м(\с҇\)\ца июлѧ (в)ъ в҃ї а погр(еб)енъ б[ꙑ](\с҇\)\ наꙋтриѧ въ гї҃ [д](н҃ь с)ъ чь(стью) ( ),"‘Преставился … Олекса (?), игумен монастыря пресвятой владычицы нашей Богородицы, месяца июля в 12‑й, а погребен был наутро в 13‑й день с честью’. ( )",кириллица,граффито,"Фрагменты 2503*, 2505, 2508, 2801, 3201 были найдены в северной апсиде. «Блок из пяти кусков штукатурки – монолит и четыре фрагмента – в три цвета. Линия разгранки проходит вертикально, по левому краю (2505), разделяя красный фон и зеленый, на котором сделаны надписи. На зеленом фоне видны ярко выраженные вертикальные и диагональные мазки кисти. Заметные повреждения красочного слоя отсутствуют, если не считать нескольких небольших выбоин на линии разгранки. Надпись занимает верхнюю часть блока». ( )",с утратами (50-85%),"«до [1180]: «Б, В, Г, П обычно с выступом» <1180» ( )",,"«Надпись N5a (настоящая надпись) занимает верхнюю часть блока, надписи N5b (№1156 настоящей Базы) и N5с (№1157 настоящей Базы) читаются ниже и правее. Надпись N5b сделана поверх глаголической надписи N5с и частично обходит ее» ( ). Несмотря на сильную фрагментированность, бо́льшая часть надписи восстанавливается с уверенностью. Торжественность формулировок заставляет думать, что речь идет о кончине игумена, а не рядового монаха. На о ‑ в конце 1‑й строки должно было начинаться имя умершего. Весьма вероятно, что им был игумен Антониева монастыря Алекса, о смерти которого летопись сообщает под 1162 (6670 г.): “ Прѣставися игуменъ Олькса святыя Богородиця, и поставиша по немь игуменомь Мануила ” ( ). Алекса был поставлен игуменом в 1157 г. после смерти Андрея, преемника основателя обители св. Антония Римлянина ( ). Для реконструируемого (очень гипотетически) ( пасто )[ у ]( хъ гс҇\д ) нь ср. в Киевской летописи под 1183 (6691) г. о новоизбранном архимандрите Василии: “… и бы(с) игѹменъ и пастѹхъ чер(нор)изьцемь Федосьєва манастырѧ ” ( ). Возможная альтернатива – ( прѣстависѧ въ вѣчьно )[ у ]( ю жиз ) нь – предполагает наличие еще одной строки сверху с нетривиально оформленной годовой датой. Оба варианта отвечают возвышенной стилистике надписи. Необходимая длина второй строки достигается при допущении, что слово монастыря было записано с сокращением ( )."
1156,https://epigraphica.ru/epigraphy/inscription/show/1156,[1130–1160],Инципит возгласа священника в начале служб суточного круга и треб,Фрагменты фресковой штукатурки 1120-х гг. Георгиевского собора Юрьева монастыря,стена церкви,Георгиевский собор Юрьева монастыря,бла(гослове)⸗,,‘Благословен Бог нашь’.,кириллица,граффито,"Фрагменты 2503*, 2505, 2508, 2801, 3201 были найдены в северной апсиде. «Блок из пяти кусков штукатурки – монолит и четыре фрагмента – в три цвета. Линия разгранки проходит вертикально, по левому краю (2505), разделяя красный фон и зеленый, на котором сделаны надписи. На зеленом фоне видны ярко выраженные вертикальные и диагональные мазки кисти. Заметные повреждения красочного слоя отсутствуют, если не считать нескольких небольших выбоин на линии разгранки». ( )",фрагмент (15-50%),"«до [1120]: А 1 «покрытие» (<1280) <1320, Б I «округлая петля» <1120, Л1 «покрытие» (<1280) <1360, Н 2а «нижние засечки (длинные)» <1400 (1140–1300)» ( )",,"«Надпись N5a (№1155 настоящей Базы) занимает верхнюю часть блока, надписи N5b (настоящая надпись) и N5с (№1157 настоящей Базы) читаются ниже и правее» ( ). «Надпись N5b сделана поверх глаголической надписи N5с и частично обходит ее; первая строка, по‑видимому, продолжалась справа от глаголической надписи. Поскольку признак, определяющий основную датировку (круглая петля б ) представлен в берестяных грамотах лишь двумя примерами, эта датировка может указывать на создание надписи в первые десятилетия существования росписи, условно – в интервале [1130–1160]» ( )."
1157,https://epigraphica.ru/epigraphy/inscription/show/1157,[1127–1160],Молитва ко Христу (глаголица),Фрагменты фресковой штукатурки 1120-х гг. Георгиевского собора Юрьева монастыря,стена церкви,Георгиевский собор Юрьева монастыря,ⱁ ⱈⰵ҃,,‘О Христе’. ( ),глаголица,граффито,"Фрагменты 2503*, 2505, 2508, 2801, 3201 были найдены в северной апсиде.«Блок из пяти кусков штукатурки – монолит и четыре фрагмента – в три цвета. Линия разгранки проходит вертикально, по левому краю (2505), разделяя красный фон и зеленый, на котором сделаны надписи. На зеленом фоне видны ярко выраженные вертикальные и диагональные мазки кисти. Заметные повреждения красочного слоя отсутствуют, если не считать нескольких небольших выбоин на линии разгранки». ( )",целая (100%),,,"«Надпись представляла собой молитвенное обращение к Христу: о Х(рист)е … Рядом с глаголическим граффито значительно более крупным почерком нанесена кириллическая надпись бла|нъ б҃… , буква а в котором написана выше линии строки, непосредственно над глаголической буквой ⱁ ( о ), то есть автор кириллической надписи пытался обойти глаголическую надпись стороной» ( ). «Надпись N5a (№1155 настоящей Базы) занимает верхнюю часть блока, надписи N5b (№1156 настоящей Базы) и N5с (настоящая надпись) читаются ниже и правее. Надпись N5b сделана поверх глаголической надписи N5с и частично обходит ее» ( )."
1158,https://epigraphica.ru/epigraphy/inscription/show/1158,[1160–1320],Надпись о смерти неизвестного лица,Фрагменты фресковой штукатурки 1120-х гг. Георгиевского собора Юрьева монастыря,стена церкви,Георгиевский собор Юрьева монастыря,+ мс҇ца · и(юн)ѧ · въ ·е҃i : на (с)[т]аго [прр҃ка] (Амо)[с](а) прѣстав(исѧ) …,,‘Месяца июня в 15‑й день на память святого пророка Амоса преставился…’. ( ),кириллица,граффито,"Фрагменты 2533, 2534*, 2536*, 2538* были найдены в северной апсиде. «Блок из четырех кусков штукатурки – трех монолитов и одного фрагмента. Базовые цвета: синий и дымчато-зеленый. Линия разгранки светло-бежевого цвета проходит горизонтально. Красочный слой в этом месте хрупкий, под разгранкой в нескольких местах видны следы белил. На фрагменте 2533 синий и зеленый фоны явным образом стыкуются с красным, а по левому краю тянется темно-коричневая полоса. Это значит, что блок находился на одной из граней столба. По характеру сохранности красочного слоя можно заключить, что сначала наносилась синяя краска, затем зеленая и только потом делалась разгранка. Видны ярко выраженные мазки кисти. На зеленом фоне вдоль линии разгранки они горизонтальные, ниже – вертикальные. На синем фоне – только вертикальные. Значительных повреждений красочного слоя в обоих случаях нет, если не считать слабого внешнего загрязнения на синем фоне и вспученности краски на зеленом фоне на фрагменте 2534. Надпись читается в верхней части блока». ( )",с утратами (50-85%),"«[1160‑1320]: В IIа «перелом при мачте» <1320, Р «углом вниз» 1160>, графика: «разделительное двоеточие» <1400» ( )",,"На блоке из четырёх фрагментов (2533, 2534*, 2536*, 2538*) расположены две надписи: настоящая и о смерти Митрофана ( N6b, №1159 настоящей Базы ). «Надпись N6a (настоящая надпись) читается в верхней части блока, надпись N6b – в нижней» ( ). «В слове мс҇\цѧ буква ѧ исправлена из а . Хронологические указания совпадают с приведенными в летописном сообщении 1422 г. о смерти новгородского архиепископа Симеона: “ Того же лѣта, мѣсяца июня въ 15, святого пророка Амоса, преставися архиепископъ новгородчкыи Семеон …”. Однако палеография надписи не позволяет датировать ее XV в.» ( )."
1159,https://epigraphica.ru/epigraphy/inscription/show/1159,[1160–1320],Надпись о смерти Митрофана,Фрагменты фресковой штукатурки 1120-х гг. Георгиевского собора Юрьева монастыря,стена церкви,Георгиевский собор Юрьева монастыря,[м](с҇)ца · ма[и](ѧ въ ѕ҃ на памѧ)т҇· ст҃аг(о И)ева · прѣстависѧ ра(бъ Бж҃ии),,‘Месяца мая в 6 день на память святого Иова преставился раб Божий Митрофан’. ( ),кириллица,граффито,"Фрагменты 2533, 2534*, 2536*, 2538* были найдены в северной апсиде. «Блок из четырех кусков штукатурки – трех монолитов и одного фрагмента. Базовые цвета: синий и дымчато-зеленый. Линия разгранки светло-бежевого цвета проходит горизонтально. Красочный слой в этом месте хрупкий, под разгранкой в нескольких местах видны следы белил. На фрагменте 2533 синий и зеленый фоны явным образом стыкуются с красным, а по левому краю тянется темно-коричневая полоса. Это значит, что блок находился на одной из граней столба. По характеру сохранности красочного слоя можно заключить, что сначала наносилась синяя краска, затем зеленая и только потом делалась разгранка. Видны ярко выраженные мазки кисти. На зеленом фоне вдоль линии разгранки они горизонтальные, ниже – вертикальные. На синем фоне – только вертикальные. Значительных повреждений красочного слоя в обоих случаях нет, если не считать слабого внешнего загрязнения на синем фоне и вспученности краски на зеленом фоне на фрагменте 2534». Надпись читается в нижней части блока. ( )",с утратами (50-85%),"«[1160–1320]: В IIа «перелом при мачте» <1320, Р «углом вниз (криволинейные) 1160>» ( )",,"На блоке из четырёх фрагментов (2533, 2534*, 2536*, 2538*) расположены две надписи: N6a (№1158 настоящей Базы) и настоящая надпись ( ). «Под этой надписью, на уровне слова Митроθана видно начало надписи слабым тонким почерком: н [ а ]… Ниже, скорее всего, находился рисунок птицы (два фрагмента из группы 2447)» ( ). «Почерк, возможно, тот же, что и в N6a » ( ). «В первой публикации надпись была трактована как сообщение о смерти посадника Михалка Степанича, умершего, согласно Новгородской первой летописи, 18 мая 1206 г. и принявшего в постриге имя Митрофан (“ Прѣставися рабъ божии Митрофанъ, а мирьскы Михалько, постригься у святѣи Богородици въ Аркажи манастыри маия въ 18, посадникъ новгородьскыи ” ( )). После прочтения святочной даты сохранить эту атрибуцию можно, лишь допуская, что за дату смерти автор надписи принял дату пострига. Более вероятно, однако, что надпись зафиксировала смерть какого‑то другого лица» ( )."
1160,https://epigraphica.ru/epigraphy/inscription/show/1160,"[1140–1220], [1223]?",Надпись о смерти архиепископа Митрофана,Фрагменты фресковой штукатурки 1120-х гг. Георгиевского собора Юрьева монастыря,стена церкви,Георгиевский собор Юрьева монастыря,… .г҃.[и] дн҃ь п(рес)тависѧ,(Въ лѣт҇\ 6731 мц҃ѧ иоулѧ въ) .г҃. [и] дн҃ь п(рес)тависѧ (Митрофанъ) (архепс҃пъ новго)[р]одьскыи [бг҃](олюбивыи и) бла(гов)[ѣ]рьныи (х)[р]ст[иѧ]⸗ (нъ) ( ),"‘В год 6731 (1223)‑й месяца июля в 3‑й день преставился Митрофан, архиепископ новгородский, боголюбивый и благоверный христианин’. ( )",кириллица,граффито,"Фрагменты 2527*/2529, 2532 были найдены в северной апсиде. «Блок из трех кусков штукатурки – монолита и двух отдельных фрагментов. Красный фон занимает большую часть пространства и соседствует с бежевым (белым) в нижней части блока, уходя в небольшой градиент. Линии разгранки как таковой нет. Базовый цвет – красный. Направление кисти едва заметное, горизонтальное. Есть спорадические повреждения красочного слоя: выбоины, царапины, небольшие затертости». ( )",с утратами (50-85%),"«[1140–1220]: И 1а «верхние засечки (длинные)» (<1300), Н 1а «верхние засечки (длинные)» (<1300) <1320, Р III «углом вперед» 1140>, язык: «редуцированные сохранены» <1220» ( )",,"На блоке из фрагментов 2527*/2529, 2532 расположены три надписи: настоящая N7a, автограф N7b (№1161 настоящей Базы) и надпись неопределённого назначения N7c (№1162 настоящей Базы) ( ). «В верхней части блока наблюдается большая концентрация тонких линий, относящихся, повидимому, к рисунку (или рисункам). Часть из них округлой формы, пересекают текст надписи N7c . Воронкообразное завершение надписи N7а обрамлено фигурной рамкой (скобкой), хорошо видной на фрагменте 2527 и обнаруживаемой также на 2529. Справа от нее – незавершенная вертикальная плетенка. На фрагменте 2532 видна штриховка, напоминающая счетные засечки; над ними – какой-то рисунок» ( ). «Последние две буквы слова ( х ) рст [ иѧ ]|( нъ ) были, вероятно, написаны у левого края рамки. Реконструкция основывается на указании дня (3‑е число) в сочетании с титулом “(новго)[р]одский” и эпитетом “благоверный”. О смерти новгородского архиепископа Митрофана Новгородская первая летопись сообщает следующее: “ Въ то же лѣто прѣставися архиепископъ новгородьскыи Митрофанъ, мѣсяця июля въ 3, на святого Уакинфа, понедѣльнику свитающю, и положенъ бысть въ святѣи Софии въ притворе; а даи богъ его святую молитвою князю и всемъ новгородцемъ ” ( ). Согласно младшему изводу, 3 июля скончался также, в 1352 г., архиепископ Василий Калика (в Синодальном списке его смерть датирована 5‑м июля, ср.: , 362), однако палеография позволяет относить ее к домонгольскому периоду. Другие новгородские владыки в этот период не умирали в даты, заканчивающиеся на 3» ( )."
1161,https://epigraphica.ru/epigraphy/inscription/show/1161,[1100–1300],Автограф неизвестного с именем на -ило,Фрагменты фресковой штукатурки 1120-х гг. Георгиевского собора Юрьева монастыря,стена церкви,Георгиевский собор Юрьева монастыря,…[ило] ѱлъ,,‘Имярек написал’. ( ),кириллица,граффито,"Надпись расположена на фрагменте 2527*, являющегося частью блока N7 (фрагменты 2527*/2529, 2532). Фрагменты этого блока были найдены в северной апсиде. «Блок из трех кусков штукатурки – монолита и двух отдельных фрагментов. Красный фон занимает большую часть пространства и соседствует с бежевым (белым) в нижней части блока, уходя в небольшой градиент. Линии разгранки как таковой нет. Базовый цвет – красный. Направление кисти едва заметное, горизонтальное. Есть спорадические повреждения красочного слоя: выбоины, царапины, небольшие затертости». ( )",с утратами (50-85%),«XII–XIII в. (ранний признак – использование ѱ в формуле ‘Х писал’)» ( ),,"«Писавшего, вероятно, звали Данило или Гаврило» ( ). На блоке из фрагментов 2527*/2529, 2532 расположены три надписи: надпись о смерти архиепископа Митрофана N7a (№1160 настоящей Базы) , настоящая надпись N7b и надпись неопределённого назначения N7c (№1162 настоящей Базы) ( ). «В верхней части блока наблюдается большая концентрация тонких линий, относящихся, повидимому, к рисунку (или рисункам). Часть из них округлой формы, пересекают текст надписи N7c . Воронкообразное завершение надписи N7а обрамлено фигурной рамкой (скобкой), хорошо видной на фрагменте 2527 и обнаруживаемой также на 2529. Справа от нее – незавершенная вертикальная плетенка. На фрагменте 2532 видна штриховка, напоминающая счетные засечки; над ними – какой-то рисунок» ( )."
1162,https://epigraphica.ru/epigraphy/inscription/show/1162,[1100–1300],Слово «дивьн»,Фрагменты фресковой штукатурки 1120-х гг. Георгиевского собора Юрьева монастыря,стена церкви,Георгиевский собор Юрьева монастыря,дивьн,,‘дивен …’ ( ),кириллица,граффито,"Надпись расположена на фрагменте 2527*, являющегося частью блока N7 (фрагменты 2527*/2529, 2532). Фрагменты этого блока были найдены в северной апсиде. «Блок из трех кусков штукатурки – монолита и двух отдельных фрагментов. Красный фон занимает большую часть пространства и соседствует с бежевым (белым) в нижней части блока, уходя в небольшой градиент. Линии разгранки как таковой нет. Базовый цвет – красный. Направление кисти едва заметное, горизонтальное. Есть спорадические повреждения красочного слоя: выбоины, царапины, небольшие затертости». ( )",неизвестно,,,"На блоке из фрагментов 2527*/2529, 2532 расположены три надписи: надпись о смерти архиепископа Митрофана N7a (№1160 настоящей Базы) , N7b (№1161 настоящей Базы) и настоящая надпись ( ). «В верхней части блока наблюдается большая концентрация тонких линий, относящихся, повидимому, к рисунку (или рисункам). Часть из них округлой формы, пересекают текст настоящей надписи N7c. Воронкообразное завершение надписи N7а обрамлено фигурной рамкой (скобкой), хорошо видной на фрагменте 2527 и обнаруживаемой также на 2529. Справа от нее – незавершенная вертикальная плетенка. На фрагменте 2532 видна штриховка, напоминающая счетные засечки; над ними – какой-то рисунок» ( ). «Малые интервалы между буквами предполагают, что левее текста не было и надпись начиналась с данного слова. Судя по пустому пространству после н , слово не было дописано. На дивьнъ и дивьныи начинается целый ряд богослужебных текстов, из которых самый известный – 36‑й стих 67‑го псалма: “Дивен Бог во святых своих, Бог Израилев, той даст силу и державу людем своим”. В богослужении этот стих широко используется в качестве прокимена 4‑го гласа. Возможно, граффито зафиксировало его» ( )."
1163,https://epigraphica.ru/epigraphy/inscription/show/1163,[1127–1220],"Надпись о смерти Олексы (?), монаха Юрьева монастыря",Фрагменты фресковой штукатурки 1120-х гг. Георгиевского собора Юрьева монастыря,стена церкви,Георгиевский собор Юрьева монастыря,(мц҃ѧ) …,,"‘Месяца … в … день преставился раб Божий Олекса (Олекша?), монах [монастыря] святого Георгия’. ( )",кириллица,граффито,"Фрагменты 2552, 2609 были найдены в северной апсиде. «Блок из двух кусков штукатурки зеленого цвета с мелкими выбоинками и повреждениями на красочном слое. Мазки кисти ярко выраженные, диагональные (слева направо, снизу вверх)». ( )",фрагмент (15-50%),«до [1220] (сохранение слабого ь в мьнихъ )» ( ),,"«Надпись была помещена в рамку. Левый нижний угол под большим наклоном (по направлению мазков кисти) пересекает буква ш / щ . Возможно, по бокам от нее тоже читаются буквы» ( ). «Первые две строки были, по‑видимому, длиннее 3‑й и 4‑й (если только в конце 3‑й строки не читалось отчество, а в середине 4‑й – слово монастыря ). Отметим замену е на ѣ в Г [ ѣ ] ор ( гиѧ )» ( )."
1164,https://epigraphica.ru/epigraphy/inscription/show/1164,[1280–1320],Молитва о Григории,Фрагменты фресковой штукатурки 1120-х гг. Георгиевского собора Юрьева монастыря,стена церкви,Георгиевский собор Юрьева монастыря,[Ги҃] помоз[и] (ра)⸗,,"‘Господи, помоги рабу своему Григорию…’. ( )",кириллица,граффито,"Фрагмент 2610* был найден в северной апсиде. «Блок из трех кусков штукатурки зеленого цвета с затертостями и небольшими повреждениями красочного слоя. Поверхность шершавая. Направление кисти скорее вертикальное, чем диагональное, под небольшим уклоном вправо». ( )",фрагмент (15-50%),"«[1280–1320]: И 4 «высокая перекладина» 1300>, П 1 «с выступом вверху» <1300, У Iб «основной вид (с перемычкой)» 1140> (1280>), У 8 «С-образно изогнутые» 1280> (1320>)» ( )",,"«Окончание ‑ ю для второй половины XIII в. более вероятно, чем ‑ еви » ( )."
1165,https://epigraphica.ru/epigraphy/inscription/show/1165,[1127–1200],"Начало молитвы «Господи, помоги...»",Фрагменты фресковой штукатурки 1120-х гг. Георгиевского собора Юрьева монастыря,стена церкви,Георгиевский собор Юрьева монастыря,+ Ги҃ (по)⸗,,"‘Господи, помоги …’. ( )",кириллица,граффито,Фрагмент 2615* был найден в северной апсиде. «Фрагмент зеленого цвета с затертостями и небольшими повреждениями красочного слоя. Направление кисти вертикальное. Красочный слой почти полностью истерся в правом нижнем углу». ( ),фрагмент (15-50%),«предпочт. до [1200]: Правонаклонный почерк (<1200)» ( ),,"«Надпись помещена в рамку, от которой сохранился левый верхний угол. Здесь же по левому краю видны две точки. Буквы тоже прочерчены с некоторым нажимом. Надпись предваряет крест с засечками, ср. N3a » ( ). «Допуская, что строки были примерно равной длины, приходится считать, что в тексте отсутствовало сочетание рабу ( своему ), что необычно для молитвенных граффити вида «Господи, помоги». Мыслимы разные варианты продолжения: Ги҃ ( по ) моз [ и ] ми , ( За ) ви ( ду ) Ѧ … [отчество], Ги҃ ( по ) моз [ и ] ми [инфинитив], Ги҃ ( по ) моз [ и ] Ми -- ви --» ( )."
1166,https://epigraphica.ru/epigraphy/inscription/show/1166,[1127–1320],Начало поминальной надписи,Фрагменты фресковой штукатурки 1120-х гг. Георгиевского собора Юрьева монастыря,стена церкви,Георгиевский собор Юрьева монастыря,[мца] (о)[кт](ѧбрѧ) …,,‘Месяца октября...’.,кириллица,граффито,"Надпись находится на фрагментах 2517*, 2557 (?), которые были найдены в северной апсиде. Базовый цвет блока из четырёх фрагментов (2516/2517*, 2557, 2602) – «синий, слева белая вертикальная полоса разгранки и область красного фона, видимо – на ребре лопатки». ( )",,«до [1320]: В IIа «перелом при мачте» <1320» ( ),,"Группа N11* состоит из четырёх надписей: настоящей надписи N11a, надписи о смерти Онсифора N11b , «Помяни Олександра…» N11с , фрагмента поминальной надписи N11d . Группа надписей находится на фрагментах 2516/2517*, 2557 (?), 2602 (?). «Надписи находятся одна под другой в порядке а , b , с , d . <...> Обрывки надписей а и b могут читаться также на фрагменте 2667, но определить его положение относительно блока 2516/2517* затруднительно» ( ). Настоящая надпись N11a «выполнена большими, глубоко прорезанными буквами, что отличает ее от находящейся ниже надписи N11b . В таком же соотношении находятся элементы двух надписей на фрагменте 2557, где в верхней строке читаются буквы ѧбѧ въ , как будто прямо продолжающие слово “октября”, оборванное на фрагменте 2517. Однако соединить фрагменты можно лишь, допуская, что название месяца было записано с ошибкой: ( о )[ кт ]( ѧбр ) ѧбѧ . Поскольку сама последовательность ѧбѧ , несомненно, содержит ошибку, это кажется вполне вероятным» ( )."
1167,https://epigraphica.ru/epigraphy/inscription/show/1167,[1360–1420],Надпись о смерти Онсифора (Онцифора Лукинича?),Фрагменты фресковой штукатурки 1120-х гг. Георгиевского собора Юрьева монастыря,стена церкви,Георгиевский собор Юрьева монастыря,престависѧ Ѡнси[ѳ]…,,‘Преставился Онсифор …’. ( ),кириллица,граффито,"Надпись находится на фрагментах 2516/2517*, 2602 (?), которые были найдены в северной апсиде. Базовый цвет блока из четырёх фрагментов (2516/2517*, 2557, 2602) – «синий, слева белая вертикальная полоса разгранки и область красного фона, видимо – на ребре лопатки». ( )",фрагмент (15-50%),"«после [1360], предпочт. до [1420]: Р а «углом вниз (криволинейные)» 1160> (1240>), Ѡ IV «угловатые с перемычкой» 1360>, графика: «Ѡ» 1240>, графика: «Ѳ» (<1410)» ( )",,"Группа N11* состоит из четырёх надписей: фрагмента поминальной надписи N11a , настоящей надписи N11b, «Помяни Олександра…» N11с , фрагмента поминальной надписи N11d . Группа надписей находится на фрагментах 2516/2517*, 2557 (?), 2602 (?). «Надписи находятся одна под другой в порядке а , b , с , d . <...> Обрывки надписей а и b могут читаться также на фрагменте 2667, но определить его положение относительно блока 2516/2517* затруднительно» ( ). Надпись N11a «выполнена большими, глубоко прорезанными буквами, что отличает ее от находящейся ниже надписи N11b. Самый известный носитель имени Он ( и ) сифор – новгородский посадник Онцифор Лукинич. Сроки его жизни (впервые упоминается в летописи под 1342 г. ( ), умер в 1367 г. ( ; )) хорошо согласуются с внестратиграфической датировкой надписи. Нетипичные для поминальных надписей особенности формуляра – начальная позиция глагола и отсутствие сочетания “раб Божий” – находят соответствие в летописном сообщении: “Преставися Онцифор, посадник новгородский” (Там же). Предполагая в нижней надписи на фрагменте 2557 продолжение данного граффито, можно реконструировать и слово ( п ) о ( с ) а [ д ]( никъ ), хотя и без полной уверенности. Запись имени через с нехарактерна для летописей, но представлена в берестяной грамоте № 98/100 ( )."
1168,https://epigraphica.ru/epigraphy/inscription/show/1168,[1340–1360],Поминание Олександра,Фрагменты фресковой штукатурки 1120-х гг. Георгиевского собора Юрьева монастыря,стена церкви,Георгиевский собор Юрьева монастыря,помѧни …кнсдра,,"‘Помяни, (Господи), … Олександра’. ( )",кириллица,граффито,"Надпись находится на фрагменте 2517*, найденном в северной апсиде. Базовый цвет блока из четырёх фрагментов (2516/2517*, 2557, 2602) – «синий, слева белая вертикальная полоса разгранки и область красного фона, видимо – на ребре лопатки». ( )",фрагмент (15-50%),"«[1320–1360], предпочт. [1340–1360]: Д 1 «покрытие» (<1280) <1360, И II «наклонная перекладина» 1320> (1340)>, графика: «Ѡ» 1240>» ( )",,"Группа N11* состоит из четырёх надписей: фрагмента поминальной надписи N11a , надписи о смерти Онсифора N11b , настоящей надписи N11с, фрагмента поминальной надписи N11d . Группа надписей находится на фрагментах 2516/2517*, 2557 (?), 2602 (?). «Надписи находятся одна под другой в порядке а , b , с , d . Надпись N11c начата с отступом от края, вероятно, для того, чтобы обойти рисунок под началом надписи b (две пересекающиеся по вертикали дуги)» ( ). «Автор граффито сначала пропустил слог кса , а потом вписал к и с над строкой. Формула “Помяни, Господи…” не свойственна эпиграфике XI–XIII в.; она отсутствует в надписях новгородского Софийского собора, а в Киеве представлена только в надписях, датируемых XVI–XVII вв. ( ). То же относится и к имени Александр: как некняжеское оно встречается в Новгороде начиная с 30‑х гг. XIV в. ( )» ( )."
1169,https://epigraphica.ru/epigraphy/inscription/show/1169,[1340–1400],Надпись о смерти неизвестного,Фрагменты фресковой штукатурки 1120-х гг. Георгиевского собора Юрьева монастыря,стена церкви,Георгиевский собор Юрьева монастыря,--уна месѧца се при(стависѧ) …,,"‘… месяца, вот преставился имярек … на память святого мученика Ок…’. ( )",кириллица,граффито,"Надпись находится на фрагментах 2517*, 2602 (?), найденных в северной апсиде. Базовый цвет блока из четырёх фрагментов (2516/2517*, 2557, 2602) – «синий, слева белая вертикальная полоса разгранки и область красного фона, видимо – на ребре лопатки». ( )",фрагмент (15-50%),"«[1300–1400], предпочт. после [1340]: У 8 «С-образно изогнутые 1280> (1320>) (<1410), Ц 2 «нижняя засечка» 1160–1400 (<1300), Ѧ IIIб «V-образный язычок (плосковерхие)» 1300> (1340>) – 1400» ( )",,"Группа N11* состоит из четырёх надписей: фрагмента поминальной надписи N11a , надписи о смерти Онсифора N11b , «Помяни Олександра…» N11с , настоящей надписи N11d. Группа надписей находится на фрагментах 2516/2517*, 2557 (?), 2602 (?). «Надписи находятся одна под другой в порядке а , b , с , d » ( ). «Буква у в первой строке исправлена, вероятно, из о . Почерк некнижный, с чем корреспондируют множественные отклонения от языковых и формульных стандартов: «бытовая» замена е на ь в мучьньника (в сочетании с «лишним» нь ), полная запись слова месѧца (обычно записывается сокращенно), форма преставися с приставкой при ‑, частица се , вставленная между месячной датой и глаголом. Неясно, какой месяц был назван в надписи. Реконструкция ( и ) уна < иунѧ >, с необозначением мягкости н (еще одно нестандартное написание), наталкивается на следующее препятствие: памяти святых, чьи имена могли бы начинаться на Ок ‑, в июне отсутствуют. Возможно, автор граффито спутал июнь с июлем (3 июля – память мученика Иакинфа). Весьма вероятно, что к этой надписи относится фрагмент 2602, на котором читаются буквы оро [ д ] (ср. характерный вид буквы р с разомкнутым верхом, нигде более в надписях Георгиевского собора не встретившийся). Он мог принадлежать первой строке граффито и содержать часть слова новгородскыи . Учитывая соседство с надписью о смерти Онсифора, допустимо предположить, что и эта надпись сообщала о смерти посадника» ( )."
1170,https://epigraphica.ru/epigraphy/inscription/show/1170,[1127–1400],Надпись с упоминанием Максима,Фрагменты фресковой штукатурки 1120-х гг. Георгиевского собора Юрьева монастыря,стена церкви,Георгиевский собор Юрьева монастыря,(…) (Ма)ксимъ,,‘... Максим...’.,кириллица,граффито,"Надпись находится на фрагментах 2504/2515, найденных в северной апсиде. «Базовый цвет – синий, справа белая вертикальная полоса разгранки и область красного фона, видимо – на ребре лопатки». ( )",неизвестно,«предпочт. до [1400]: Графика: «ъ → о» (<1400)» ( ),,"«По всей вероятности, надпись располагалась на той же лопатке, что и группа N11* {надписи 1166 , 1167 , 1168 , 1169 }, симметрично ей» ( ). «Конечный ъ исправлен из о . Вероятное соседство с надписью о смерти Онсифора позволяет допускать, что граффито сообщало о смерти Максима Онцифоровича, сына Онцифора Лукинича, упоминаемого в летописи под 1375 г. ( ) и известного также по берестяным грамотам Неревского раскопа ( )» ( )."
1171,https://epigraphica.ru/epigraphy/inscription/show/1171,[1103]–1200,"Молитва 'Господи, помози рабу своему', записанная глаголицей",Стены церкви Благовещения на Городище,стена церкви,Церковь Благовещения на Городище,Ⰳⰻ҃ ⱂⱁⰿⱁⰸ⸗,,"‘Господи, помоги рабу [своему]’.",глаголица,граффито,"Жертвенник, апсида, правая (южная) сторона, ок. 120 см от правого края, ок. 130 см над полом XII в. Прямоугольник белой мраморировки с зелеными и синевато-серыми прожилками, у правого края (с заходом на левый край прямоугольника бурой мраморировки), 41 см от верхнего края. ( )",с утратами (50-85%),,"Церковь Благовещения была окончательно разрушена перед закладкой в 1342 г. на ее месте нового каменного храма. Между тем среди граффити на фресках церкви 1103 г. нет надписей с признаками, которые позволили бы однозначно датировать эти тексты XIII или первой половиной XIV в.( )",
1172,https://epigraphica.ru/epigraphy/inscription/show/1172,[1300–1320],Пожелание благополучия,Фрагменты фресковой штукатурки 1120-х гг. Георгиевского собора Юрьева монастыря,стена церкви,Георгиевский собор Юрьева монастыря,(…) (б)[у]ди здо[р](овъ) (…),,‘… будь благополучен’ или ‘… пусть будет благополучен’. ( ),кириллица,граффито,"Фрагмент 2521 был найден в северной апсиде. «Фрагмент трехцветный; однострочная надпись начиналась на зеленом фоне, пересекала белую вертикальную полосу разгранки и заходила на красный фон». ( )",малый фрагмент (<15%),"«Палеографически [1300–1360], предпочт. [1300–1320]: И 4 «высокая перекладина» 1300>, Р Ia «округлая петля (прямая мачта)» (<1320) <1360. Поздняя черта в языке – озвончение глухого согласного после утраты слабого ъ в наддиалектном съдоров ‑ (ср. новг. диал. сторов ‑, частое в берестяных грамотах и первой части Синодального списка НПЛ)». ( )",,"«Формула пожелания здоровья, подразумевающая и благополучие в целом (в силу общего значения, какое слово обычно имеет в древнерусских текстах), при ее кажущейся элементарности, встречается в памятниках нечасто. Примечательно, что она совершенно отсутствует в берестяных грамотах, где прилагательные сторов ‑ / сдоров ‑ многократно выступают в сообщениях авторов писем о себе и близких и их вопросах о «здоровье» адресатов (единственное исключение устранено недавней поправкой Д. В. Сичинавы к чтению грамоты № 892 ( –224)). Ближайшая параллель находится в сохранившемся в списках XV в. колофоне Упыря Лихого к рукописи Толковых Пророков 1047 г.: “ Здоровже кн ( я ) же буди, в вѣк живи, но обаче писавшаго не забываи ” ( ). Как условие общего благополучия княжеское «здоровье» упоминается в берестяной грамоте № 852 (вт. четв. XII в.): А бѹде сторовъ кнѧзь, дать да о васъ промыслимъ . Отметим также, что вторая часть пожелания Упыря Лихого находит параллель в одной из надписей Софийского собора, где те же слова относятся к автору: ( Ж ) ивоу ми бꙑти ( в ) ъ вѣкꙑ всѧ ( ; ). Кто был референтом императива в юрьевском граффито, сделанном в более позднюю эпоху, определить невозможно: это мог быть князь или какое‑то другое лицо, но мог быть и сам автор. Ср. граффито в церкви Федора Стратилата на Ручью: Олуферии буди дьяк , в котором автор, скорее всего, имеет в виду себя ( , 364, № 14). Благопожелание могло быть адресовано и потенциальному читателю надписи (ср. S26 , S27 и S28 )» ( )."
1173,https://epigraphica.ru/epigraphy/inscription/show/1173,[1103]–1200,"Молитва 'Господи, помози', записанная глаголицей",Стены церкви Благовещения на Городище,стена церкви,Церковь Благовещения на Городище,Ⰳⰻ҃ [ⱂ]ⱁⰿ[ⱁ]ⰸⰻ,,"‘Господи, помоги’.",глаголица,граффито,"Эпиграфическое поле: Около 100 подобранных стык в стык фрагментов фресковой штукатурки 1100-х гг. (бурая мраморировка). Max. ширина ок. 38 см, max. высота ок. 43 см, толщина ок. 0,5–2 см. Жертвенник, апсида, ок. 100–170 см над полом XII в. ( )",целая (100%),,"Церковь Благовещения была окончательно разрушена перед закладкой в 1342 г. на ее месте нового каменного храма. Между тем среди граффити на фресках церкви 1103 г. нет надписей с признаками, которые позволили бы однозначно датировать эти тексты XIII или первой половиной XIV в.( )",
1174,https://epigraphica.ru/epigraphy/inscription/show/1174,[1160–1500],Надпись «О горе!...»,Фрагменты фресковой штукатурки 1120-х гг. Георгиевского собора Юрьева монастыря,стена церкви,Георгиевский собор Юрьева монастыря,[о] горе н…,[о] горе н[ꙑ] <или:> [о] горе н[ꙑ](нѣ). ( ),‘О горе нам!’ или ‘О горе ныне!’ ( ),кириллица,граффито,Фрагмент 2553 был найден в северной апсиде. «Фрагмент зеленого цвета. Среднюю часть занимает однострочная надпись в скругленной слева рамке». ( ),с утратами (50-85%),«после [1160]: Р IVа «углом вниз (криволинейные)» 1160>» ( ),,"«Теоретически, граффито могло быть записью о пожаре, начинавшейся аористом < огорѣ >. Но в НПЛ данный глагол выступает лишь во фразах, распространяющих сообщения о пожарах, а не как предикат самостоятельного известия. Между тем восклицание “о горе!” встречается в ней неоднократно в описаниях эпидемий и пожаров» ( )."
1175,https://epigraphica.ru/epigraphy/inscription/show/1175,[1127–1140],Надпись о смерти Игоря (?),Фрагменты фресковой штукатурки 1120-х гг. Георгиевского собора Юрьева монастыря,стена церкви,Георгиевский собор Юрьева монастыря,(…)|…авиж…,… (прѣст)ави ж(е сѧ) (рабъ Би҃)и Игор(ь) … ( ),‘Преставился же раб Божий Игорь …’. ( ),кириллица,граффито,"Фрагмент 2506 был найден в северной апсиде. «Фрагмент зеленого фона, направление кисти горизонтальное, имеется несколько царапин. В нижней части читаются обрывки двух строк надписи». ( )",фрагмент (15-50%),"«до [1200], предпочт. до [1120]: В 4 «выступ вверху» (<1200) <1280, Г 1 «выступ вверху» <(1200), Ж Iа1 «прямая звезда» (<1120) <1200, Р 3 «выступ вверху» <1280» ( )",,"Группа N15* состоит из двух надписей: настоящей надписи N15a и глаголического автографа N15b (№117. настоящей Базы) ( ). «Ниже первой строки надписи N15a, у правого края фрагмента, начинается надпись N15b . Последняя буква первой строки надписи N15a приподнята над строкой на половину своей высоты и находится над первой буквой надписи N15b . У верхнего края фрагмента видны остатки букв еще одной строки (уверенно определяется хвост з ), у нижнего края – горизонтальный штрих, который может быть титлом над следующей строкой» ( ). «Характерная последовательность авиж в первой строке заставляет вспомнить концовку известия 6707 (1199) г. Новгородской первой летописи об основании княгиней, женой Ярослава Владимировича, монастыря Рождества Богородицы на Михалице: “ игумению поставиша Завижюю посадника ” ‘поставили игуменией вдову посадника Завида’. Однако при таком прочтении предложить для второй строки отвечающее стереотипам храмовой эпиграфики деление на слова не удается. Более вероятно поэтому, что ави является частью словоформы прѣстави сѧ , в составе которой в надписях собора это буквосочетание выступает десятки раз; в этом случае во второй строке можно реконструировать ( рабъ Бж҃ ) ии Гор … или же ( рабъ Бж҃и ) и Игор ( ь ). Модель прѣстави же сѧ известна: она выступает в нескольких сообщениях Киевской летописи о кончинах князей, в которых указание даты смерти выделено в отдельную фразу, завершающую рассказ о событии. См., например, о кончине Мстислава Ростиславича (1180): “… И тако приказавъ дѣти свои братьѣ своеи и воздѣвъ роуцѣ на н҃бо и воздохноувъ из < г >лоубины срд\ца, прослезивсѧ, и предасть дш҃ю свою в роуцѣ Бж҃иѣ. Престави же сѧ кнѧзь Мьстиславъ, сн҃ъ Ростиславль, вноукъ великаго кн҃зѧ Мьстислава мс҇\ца июнѧ въ 13 ст҃ꙑѩ мч҃нца Анкюлины въ дн҃ь пѧтничны ” ( ). На этом фоне реконструкция во второй строке княжеского имени Игорь выглядит предпочтительнее предположения, что умерший был носителем какого‑то имени на Гор ‑ типа Городиславъ . Возникает подозрение, что граффито представляло собой запись об убийстве киевлянами Игоря Ольговича 19 сентября 1147 г. В Новгородской первой летописи об этом событии сказано кратко: “ Томь же лѣтѣ убиша Игоря князя Олговиця кыянѣ ” ( ). Между тем для появления на стене собора более пространной надписи имелись основания. Активным участником событий был, согласно Киевской летописи, тысяцкий князя Владимира Мстиславича Рагуил Добрынич, имевший, как предполагается, новгородское происхождение и доводившийся родственником погребенному в Георгиевском соборе посаднику Мирошке Несдиничу (см.: ). Местом, где по приказу тысяцкого было положено тело убитого, была новгородская божница св. Михаила, и именно новгородцы сообщили митрополиту о наблюдавшемся над ним чудесном знаменье ( ). Разумеется, такая трактовка граффито может быть высказана только в качестве догадки. Версию с притяжательным Завиж ‑ также нельзя сбрасывать со счетов» ( )."
1176,https://epigraphica.ru/epigraphy/inscription/show/1176,[1103]–1200,Первые три буквы глаголической азбуки,Стены церкви Благовещения на Городище,стена церкви,Церковь Благовещения на Городище,ⰰ ⰱ ⰲ (…),,,глаголица,граффито,,малый фрагмент (<15%),,"Церковь Благовещения была окончательно разрушена перед закладкой в 1342 г. на ее месте нового каменного храма. Между тем среди граффити на фресках церкви 1103 г. нет надписей с признаками, которые позволили бы однозначно датировать эти тексты XIII или первой половиной XIV в.( )",
1177,https://epigraphica.ru/epigraphy/inscription/show/1177,[1103]–1200,"Глаголическая азбука, доведенная до буквы М",Стены церкви Благовещения на Городище,стена церкви,Церковь Благовещения на Городище,ⰰ ⰱ (ⰲ) [ⰳ ⰴ] (ⰵ) ⰶ ћ | ⰸ ⰻ [ⰹ] ⰽ ⰾ ⰿ,,,глаголица,граффито,"Фресковая штукатурка 1100-х гг. (розовая мраморировка): 25 склеенных фрагментов (max. ширина 19,7 см, max. высота 16,7 см, толщина 1–1,9 см) и отдельный соседний фрагмент (max. ширина 3,6 см, max. высота 6,5 см, толщина 1,3 см). Жертвенник, апсида, ок. 200–300 см от правого края, ок. 100–170 см над полом XII в. ( )",целая (100%),,"Церковь Благовещения была окончательно разрушена перед закладкой в 1342 г. на ее месте нового каменного храма. Между тем среди граффити на фресках церкви 1103 г. нет надписей с признаками, которые позволили бы однозначно датировать эти тексты XIII или первой половиной XIV в.( )",
1178,https://epigraphica.ru/epigraphy/inscription/show/1178,[1127–1200],Глаголическая буква [i]д[/i],Фрагменты фресковой штукатурки 1120-х гг. Георгиевского собора Юрьева монастыря,стена церкви,Георгиевский собор Юрьева монастыря,ⰴ,,,глаголица,граффито,"Фрагмент 2506 был найден в северной апсиде. «Фрагмент зеленого фона, направление кисти горизонтальное, имеется несколько царапин». ( ) надпись находится у правого края фрагмента, в 2 см от его нижнего края ( )",неизвестно,,,"Группа N15* состоит из двух надписей: надписи о смерти Игоря (?) N15a (№1175 настоящей Базы) и настоящей надписи N15b ( ). «Ниже первой строки надписи N15a , у правого края фрагмента, начинается надпись N15b. Последняя буква первой строки надписи N15a приподнята над строкой на половину своей высоты и находится над первой буквой надписи N15b. У верхнего края фрагмента видны остатки букв еще одной строки (уверенно определяется хвост з ), у нижнего края – горизонтальный штрих, который может быть титлом над следующей строкой» ( ). «Надпись обнаружена И. Ю. Анкудиновым» ( ). «От второй буквы надписи сохранились только два кружка. Это могли быть левые кружки буквы ⰿ ( м ), процарапанной немного ниже уровня строки, либо левый и нижний кружки ⱁ-образной буквы ⱏ ( ъ )» ( ). «С учетом жанрового спектра древнерусских глаголических надписей, значительную часть которых составляют автографы с именами, наиболее вероятной кажется запись в граффито имени Дъмитръ . Интересно, что автор сделанной позже кириллической надписи стремился обойти глаголическое граффито, подняв букву ж над уровнем строки. Такое же стремление «разойтись» с глаголической надписью демонстрирует взаимное расположение надписей № 71 и 72 » ( )."
1179,https://epigraphica.ru/epigraphy/inscription/show/1179,[1127–1280],Молитва «богатого грехами»,Фрагменты фресковой штукатурки 1120-х гг. Георгиевского собора Юрьева монастыря,стена церкви,Георгиевский собор Юрьева монастыря,…и пом…,(Г҃)и пом(ози рабоу своемоу) … (бо)гатом(оу грѣхы) (…) ( ),"‘Господи, помоги рабу своему имярек, богатому грехами …’. ( )",кириллица,граффито,"Надпись расположена на фрагмента 2651, найденном в центральной апсиде. «Фрагмент зеленого цвета с мелкими точечными выпадениями краски и наложением пигмента (?) другого оттенка. Видно несколько выпавших соломинок и царапину. Направление кисти почти не просматривается, оно, скорее, диагональное». ( )",фрагмент (15-50%),«предпочт. до [1280]: М21 «верхние засечки» (<1280)» ( ),,"«Буквы процарапаны очень тонко и очень слабо» ( ). «Модель “Х богат грехами, но беден добрыми делами” находит ряд параллелей в эпиграфике Киева и Новгорода. Ср. граффити № 24 и 33 в Софии Киевской ( , 85) и № 180 в Софии Новгородской ( –114). В Георгиевском соборе она представлена молитвой Сновида Степанича в лестничной башне ( –71, № 14; ), с ироническим переосмыслением второй части: убогы кунами » ( ). Ср. подпись в Выс. № 307 ."
1180,https://epigraphica.ru/epigraphy/inscription/show/1180,[1127–1200],Молитва о Елизаре (Назаре?),Фрагменты фресковой штукатурки 1120-х гг. Георгиевского собора Юрьева монастыря,стена церкви,Георгиевский собор Юрьева монастыря,…[з]араф…,(Ги҃ спс҃и Ели)[з]ара Ф… <или:> (На)[з]ара Ф… (грѣшьнаго п)аче вьс(ѣхъ члв҃къ) ( ),"‘Господи, спаси Елизара (или: Назара) Ф…, грешного более всех людей’. ( )",кириллица,граффито,"Надпись расположена на фрагменте 2718, найденном в центральной апсиде. «Фрагмент салатового цвета с небольшим вкраплением темно-зеленого по правому краю. Линии разгранки нет. На салатовом фоне в некоторых местах поверхность гладкая, в некоторых – шершавая. ( )",фрагмент (15-50%),"«до [1200]: А 7 'удлиненная спинка' <1200, В II «перелом при мачте» <1320» ( )",,"«Две глубокие черты пересекают первую строку (буква ф ) и вторую (перед буквами р и а ). В остальном значительных повреждений красочного слоя нет. Под первой буквой первой строки – след от выпавшей соломинки. Тонкая почти незаметная линия пересекает надпись по вертикали и тянется сверху (см. букву р ). В нижней части [фрагмента], вероятно, читалась буква или находился рисунок» ( )."
1181,https://epigraphica.ru/epigraphy/inscription/show/1181,[1180–1200],Буквы ВБД,Фрагменты фресковой штукатурки 1120-х гг. Георгиевского собора Юрьева монастыря,стена церкви,Георгиевский собор Юрьева монастыря,вб,,,кириллица,граффито,"Надпись расположена на фрагменте 2657, найденном в центральной апсиде. «Фрагмент красного цвета с небольшим добавлением белого. Линии разгранки нет. Красочный слой в нескольких местах поврежден (выпавшие соломинки, случайные линии, точки), при этом поверхность фрески ровная. Направление кисти ярко выраженное, вертикальное». ( )",целая (100%),"«[1180–1200] или [1280–1320], предпочт. [1180–1200]: 4 «высокая петля» 1180>, В IIа «перелом при мачте» <1320, В 3б «верх шире низа» (<1220) <1320, Д 3 «длинные ножки (обычн.)» <1200 и 1280>» ( )",,"«Слева от надписи проходит ровная вертикальная черта, проведенная, по-видимому, той же рукой» ( ). «Надпись сохранилась полностью. Отсутствие букв а и г и обратный порядок б и в не позволяют видеть в ней просто неудачно записанное начало азбуки. Возможно, перед нами своего рода «азбучное высказывание», использующее названия букв в алфавите: “ вѣдѣ букви добрѣ ” ‘Я хорошо знаю буквы’. Ср. «азбучную» криптограмму при изображении креста на полях Архангельского евангелия 1092 г., читаемую как фраза: « Д < обръ > ѿ < вѣтъ > т < вьрдо > а < зъ > в < ѣдѣ >» ‘Добрый ответ я твердо знаю’ ( –82). При этом может иметься в виду не умение читать, а сакральность самой азбуки» ( )."
1182,https://epigraphica.ru/epigraphy/inscription/show/1182,[1127–1340],Начало азбуки (б–д),Фрагменты фресковой штукатурки 1120-х гг. Георгиевского собора Юрьева монастыря,стена церкви,Георгиевский собор Юрьева монастыря,(а) б в г д,,,кириллица,граффито,"Надпись расположена на фрагменте 2721, найденном в центральной апсиде. «Небольшой фрагмент светло-бежевого цвета. Поверхность бугристая. Ярко выраженное движение кисти по вертикали». ( )",с небольшими утратами (>85%),"«до [1400], предпочт. до [1340]: В IIб «перелом, не касающийся мачты» (<1340) <1400» ( )",,"«То, что азбука доведена только до Д , неслучайно. Та же последовательность из пяти букв выступает в берестяных грамотах № 330 (кон. XIII в.) и 444 (кон. XII в.). На букве Д заканчивается и азбучная часть берестяной грамоты № 1154 (нач. XV в.). Ср. также буквы ВГД в С3 . По‑видимому, последовательность АБВГД воспринималась как представляющая азбуку в целом. Аналогичное восприятие начальных букв латинского алфавита, причем именно до D , выражает слово abecedarium . Ср. также название скандинавских рунических алфавитов футарк , происходящее от «сквозного» чтения первых шести рун ( –20)». ( )"
1183,https://epigraphica.ru/epigraphy/inscription/show/1183,[1127–1220],Инципит возгласа священника после малой ектении,Фрагменты фресковой штукатурки 1120-х гг. Георгиевского собора Юрьева монастыря,стена церкви,Георгиевский собор Юрьева монастыря,(ѧко) [т]во[ѧ],,‘Потому что твоя власть...’.,кириллица,граффито,"Надпись расположена на фрагменте 2662, найденном в центральной апсиде. «Базовый цвет фрагмента – красный. Значительных повреждений нет, кроме нескольких выпавших соломинок, точечных выбоинок и небольшой царапины. Направление кисти ярко выраженное, вертикальное». ( )",с утратами (50-85%),"«до [1320], предпочт. до [1220]: В IIа «перелом при мачте» <1320, Е I «правонаклонные» (<1240) <1380, Ж III «звездоподобные в 4 взмаха» (<1220) <1320, Р II «углом вверх» (<1280)» ( )",,"Группа С5* состоит из двух надписей: настоящая надпись C5a и C5b (№1184 настоящей Базы) ( ). «Надпись C5а читается в верхней части фрагмента; ниже, в третьей строке, заканчивается надпись C5b , сделанная, скорее всего, тем же почерком» ( ). «Почерк уверенный, беглый, толщина линий неодинаковая. Записан инципит возгласа священника после малой ектении: ‘Яко твоя держава (и Твое есть Царство, и сила, и слава Отца и Сына, и Святаго Духа)’. Этот возглас несколько раз встретился среди граффити Софийского собора ( ; ). Запись через е второго редуцированного в дьрьжѧва (с диалектным рефлексом *tьrt) может объясняться как влиянием бытовой графики, так и отражением книжного произношения ь как [е]» ( )."
1184,https://epigraphica.ru/epigraphy/inscription/show/1184,[1160–1200],Возглас «вонмем» (?),Фрагменты фресковой штукатурки 1120-х гг. Георгиевского собора Юрьева монастыря,стена церкви,Георгиевский собор Юрьева монастыря,…мѣ,(вънь)мѣ⸗ (мъ) ( ),‘Будем внимать!’,кириллица,граффито,"Надпись расположена на фрагменте 2662, найденном в центральной апсиде. «Базовый цвет фрагмента – красный. Значительных повреждений нет, кроме нескольких выпавших соломинок, точечных выбоинок и небольшой царапины. Направление кисти ярко выраженное, вертикальное». ( )",фрагмент (15-50%),"«до [1200], предпочт. после [1160]: М 2 «верхние засечки» (1160–1380), Ѣ 3 «открытая петля» <1200» ( )",,"Группа С5* состоит из двух надписей: инципит возгласа священника C5a (№1183 настоящей Базы) и настоящая надпись C5b ( ). «Надпись C5a читается в верхней части фрагмента; ниже, в третьей строке, заканчивается надпись C5b, сделанная, скорее всего, тем же почерком» ( ). «Почерк, по‑видимому, тот же, что в C5a , но более мелкий. Палеографические датировки надписей C5a и C5b пересекаются в зоне [1180–1200]. Реконструкция носит предположительный характер и исходит из того, что надпись начиналась на том же уровне по горизонтали, что и верхняя. Возглас «Вонмем!» (ранн. въньмѣмъ ) несколько раз встречается среди надписей Софийского собора ( )» ( )."
1185,https://epigraphica.ru/epigraphy/inscription/show/1185,[1127–1200],Надпись о смерти игумении,Фрагменты фресковой штукатурки 1120-х гг. Георгиевского собора Юрьева монастыря,стена церкви,Георгиевский собор Юрьева монастыря,… (р)[а]ба Бж҃…,… (прѣстависѧ р)[а]ба Бж҃(иѧ) [i]имярек[/i] (игоумениѧ мана)сты[р](ѧ) … … ~ ( ),"‘… преставилась раба Божия имярек, игумения монастыря … ’. ( )",кириллица,граффито,"Надпись расположена на фрагменте 2654, найденном в центральной апсиде. «Надпись читается на зеленом фоне; направление движения кисти горизонтальное. На красочном слое есть заметные затертости». ( )",фрагмент (15-50%),"«до [1220], предпочт. до [1200]: Б 3 «выступ вверху» (<1200), Р 7 «сильный изгиб мачты» <1220» ( )",,«Сохранились средние части двух строк и росчерк на конце текста в третьей строке» ( ). «Надпись выполнена красивым книжным почерком. Ранняя черта – декоративный росчерк в конце текста» ( ).
1186,https://epigraphica.ru/epigraphy/inscription/show/1186,[1127–1220],Богослужебное указание,Фрагменты фресковой штукатурки 1120-х гг. Георгиевского собора Юрьева монастыря,стена церкви,Георгиевский собор Юрьева монастыря,отъ Л(укы),,"‘[Евангелие] от Луки, 12‑е [зачало]’. ‘[Евангелие] от Луки, 12‑я [неделя]’. ( ) Доп. интерпретации",кириллица,граффито,"Надпись находится на фрагменте 2597, найденном в центральной апсиде. «Надписи C7* читаются на красном фоне и находились справа от ребра лопатки». ( )",целая (100%),"«до [1260], предпочт. до [1220]: Графика: «отъ (ѡтъ)» (<1220) <1260» ( )",,"Группа C7* состоит из двух надписей: настоящей надписи C7a и начала поминальной надписи C7b (№1187 настоящей Базы) ( ). «Записанное чуть более крупным почерком число, скорее всего, обозначает 12‑ю неделю по Пятидесятнице, в которую читается Евангелие от Луки. Запись предлога “от” в виде отъ , а не в виде лигатуры, является датирующим признаком и для книжной письменности; см.: Марков, 1964. С. 13. В то время как в Остромировом (1056–1057) и Архангельском (1092) евангелиях в заголовках чтений представлена только полная запись, в рукописях XII в. – Милятином, Добриловом (1166), Пантелеймоновом евангелиях — используется только лигатура. Показательна картина в Мстиславовом евангелии, где на первых листах (по л. 28) предлог в заголовках записывается только как отъ , на лл. 28 об. – 59 два варианта чередуются, а далее до л. 156 используется только лигатура. На этом фоне надпись выглядит весьма архаично» ( )."
1187,https://epigraphica.ru/epigraphy/inscription/show/1187,[1127–1200],Начало поминальной надписи (?),Фрагменты фресковой штукатурки 1120-х гг. Георгиевского собора Юрьева монастыря,стена церкви,Георгиевский собор Юрьева монастыря,прѣ(стависѧ) …,,,кириллица,граффито,"Надпись находится на фрагменте 2597, найденном в центральной апсиде. «Надписи C7* читаются на красном фоне и находились справа от ребра лопатки». ( )",неизвестно,"«до [1220], предпочт. до [1200]: П 1 «выступ вверху» (<1200) <1300, Р 7 «сильный изгиб мачты» <1220» ( )",,"Группа C7* состоит из двух надписей: богослужебного указания C7a (№1186 настоящей Базы) и настоящей надписи C7b ( ). «Начало надписи, заключеннной в рамку» ( ). «В отличие от большинства поминальных граффити надпись начиналась не с месячной даты, а со слова прѣстависѧ . Такое же начало имела, по видимому, надпись S7а» ( )."
1188,https://epigraphica.ru/epigraphy/inscription/show/1188,[1320–1360],Надпись о смерти архиепископа новгородского,Фрагменты фресковой штукатурки 1120-х гг. Георгиевского собора Юрьева монастыря,стена церкви,Георгиевский собор Юрьева монастыря,… [--],…[пр](естави) (сѧ ар)[х҃]ѣпи(cкупъ) (новго)[р]одьск(ꙑи) … ( ),‘… преставился архиепископ новгородский …’ ( ),кириллица,граффито,"Надпись находится на фрагменте 2649, найденном в центральной апсиде. «Фрагмент зеленого фона, с затертостями, направление кисти вертикальное». ( )",фрагмент (15-50%),"«после [1320–1360]: Д 1 «покрытие» <1360, Ѣ III «петля с двумя изломами» 1320>» ( )",,"«Сохранились средние части трех строк. Почерк и поверхность штукатурки наиболее близки фрагментам с надписями о смерти Леонтия (N2*: 1149 и 1150 ) и молитвой о Кондрате (S16*)» ( ). «Мачта ѣ не выходит за пределы перекладины, что делает букву похожей на б , однако перед вполне отчетливым п такое прочтение невозможно. Ближайшую параллель ѣ с такой мачтой находим в надписи S22 (впрочем, незаконченной). Запись через ѣ слова архиепископъ представлена в надписи S2b (о смерти архиепископа Антония). Над ѣ видна правая часть длинного титла. По‑видимому, надпись отмечала дату кончины одного из новгородских владык XIV в. В пределах, заданных палеографической датировкой, это могут быть архиепископы Давыд (†1325), Василий Калика (†1352) и Моисей (†1359)» ( )."
1189,https://epigraphica.ru/epigraphy/inscription/show/1189,[1100–1500],Надпись о продолжительности княжений,Фрагменты фресковой штукатурки 1120-х гг. Георгиевского собора Юрьева монастыря,стена церкви,Георгиевский собор Юрьева монастыря,Текст 1:Текст 2:…[а/ѧ]жи…,… (кн)ажило [д҃] (лѣта) … (кн)[а]жи(ло) … ( ),‘Х княжил 4 года / месяца… У княжил (столько‑то)’. ( ),кириллица,граффито,"Надпись расположена на фрагментах 2729* и 2910, найденных в центральной апсиде. «Фрагменты охрового фона, направление кисти вертикальное. Первый происходит из зоны амвона, второй – из дьяконника, однако почерк один и тот же, с характерной формой ж . Текст 1 читается на фрагменте 2729*, текст 2 – на фрагменте 2910. ( )",малый фрагмент (<15%),«XII–XIV вв.» ( ),,"«Неясно, имеем ли мы дело с надписями, сделанными одним человеком в разных компартиментах собора, или же два текста находились на стене рядом (возможно, вблизи границы зон раскопа)» ( ). «Альтернативу реконструкции могло бы составить только незасвидетельствованное имя * Нажилъ . Между тем необозначение мягкости н в слове “князь” представлено в надписи XII в. из лестничной башни собора: Коназь бꙑлꙑ на Ѳедорово дьнь Мстисласво ( ), причем, как и в нашем случае, на фоне бытовой орфографии. По‑видимому, перед нами фрагменты записей типа тех, какие составляют статью “Кто колико княжилъ”, дошедшую в составе подборки, предваряющей Комиссионный список Новгородской первой летописи: “ Рюрикъ княжилъ 17 лѣт, Олегъ княжилъ 30 лѣт, Игорь княжилъ 33 лѣта ” ( ). Ср. также граффито № 9 из Софии Киевской о княжении Святослава Ярославича: д҃ лета кънѧжилъ Сватославъ … ( ; )» ( )."
1190,https://epigraphica.ru/epigraphy/inscription/show/1190,[1120–1200],"Автограф Федора, дьякона Иоанновского монастыря на Росткиной улице",Стены юрьевского Георгиевского собора,стена церкви,Георгиевский собор Юрьева монастыря,Федоръ ѱ҃,,"‘Писал Федор, дьякон Росткина монастыря святого Иоанна … А есть …’ ( ) ‘Федор, дьяк, пономарь (?) святого… монастыря… боже… рука черницына’. ( ) Доп. интерпретации",кириллица,граффито,"Лестничная башня, столб, над 10-ой ступенью, 138 см над ступенью. В левой части граффито утрачена поверхность штукатурки, где должны были находиться начальные буквы третьей и четвертой строк, а также верхняя часть начальных букв пятой строки надписи (приблизительно по две буквы в каждой из этих строк). Другое повреждение пришлось на следующие две (?) буквы четвертой строки. Имеются иные незначительные утраты. ( )",с небольшими утратами (>85%),Внестратиграф. [1120–1200]. Датирующие признаки: ж Iа1 «прямая звезда» <1200 (<1120); язык: редуцированные двояко <1300 (1120– 1300) (1 : 1). Здесь и ниже для датировки используется методика А. А. Зализняка (2000; 2015). ( ),,
1191,https://epigraphica.ru/epigraphy/inscription/show/1191,[1160–1200],Автографы Созонта лютого и Сергия 'тативого',Стены юрьевского Георгиевского собора,стена церкви,Георгиевский собор Юрьева монастыря,Текст 1:теѱ҃лъ лютꙑиТекст 2:а се Сьрь[г]и[ı ѱ҃]лъ [т]атив…,,‘А это писал Созонт лютый. А это писал Сергий-грабитель’. ( ),кириллица,граффито,"Лестничная башня, стена, над 24-ой ступенью, 121 см над ступенью. Поверхность штукатурки с правым краем надписи утрачена. Под второй строкой надписи приписаны три или четыре глаголических буквы, не складывающиеся в слова (см.: –86, № 22). ( )",с небольшими утратами (>85%),"Совокупная внестратиграфическая датировка вместе с граффито № 3, выполненным тем же почерком, что и вторая строка рассматриваемой надписи: [1160–1200]. Графика: ь → ъ <1180 (<1140) (?); А IIб «выпуклые (плосковерхие)» 1100> (<1420), Ж Iа1 «прямая звезда» <1200 (<1120), З 4 «хвост мало выступает из строки» 1100> (1100–1340), Л 1 «покрытие» <1360 (<1280), Т 2 «без боковых засечек» (1120–1300), Ꙑ Iв «низкая перемычка» 1160> (1320>). ( )",,
1192,https://epigraphica.ru/epigraphy/inscription/show/1192,[1160–1200],Автограф Созонта-ворюги,Стены юрьевского Георгиевского собора,стена церкви,Георгиевский собор Юрьева монастыря,а се Созонте ѱлъ к[р]ажи,,‘А это писал Созонт-ворюга’. ( ),кириллица,граффито,"Лестничная башня, столб, над 24-ой ступенью, 146 см над ступенью. ( )",целая (100%),См. № 2 . ( ),,
1193,https://epigraphica.ru/epigraphy/inscription/show/1193,1119–[1220],Надпись о кривом дьяке Путиле,Стены юрьевского Георгиевского собора,стена церкви,Георгиевский собор Юрьева монастыря,тъ ти тиво е,,"‘Вот ведь диво — кривой дьяк Путила! О, он знает грамоту, при том что крив!’ ( )",кириллица,граффито,"Лестничная башня, столб, над 35-ой ступенью, 140 см над ступенью. ( )",с небольшими утратами (>85%),"Палеограф. до [1320], предпочт. до [1220]. Б 2 «открытая петля» <1380 (<1240), в 3б «верх шире низа» <1320 (<1220), к 3а «верх. засечка на мачте (длинная)» <1320 (<1300); графика: ѫ <1240 (?). ( )",,
1194,https://epigraphica.ru/epigraphy/inscription/show/1194,[1160–1240],Кириллическая азбука,Стены юрьевского Георгиевского собора,стена церкви,Георгиевский собор Юрьева монастыря,(а б в г) [д] (е) ж (з) и ї к л м н о [п р] с т [у] - х ц ч щ ъ ѣ [ю] ѫ ѧ,,,кириллица,,"Лестничная башня, стена, над 44-ой ступенью, 65 см над ступенью. Начало надписи, выполненной очень неглубокими штрихами, не читается. ( )",с утратами (50-85%),"Внестратиграф. до [1240], предпочт. [1160–1240]. Ц 4 «буква целиком в строке» (1160–1300), ч Iа «чаша / бокальчик» <1420 (<1380); графика: ѫ <1240. ( )",,
1196,https://epigraphica.ru/epigraphy/inscription/show/1196,[1160–1220],Цитата из Разумов сложения Варнавы неподобного,Стены киевского Софийского собора,стена церкви,Собор св. Софии,Мати не хотѧчи дѣтичѧ бѣжѧгет,,"‘Мать не из желания [причинить боль] подвергает ребенка испытаниям, и Бог не из желания [причинить боль] наказывает бедами человека, – [а потому, что] разум, выйдя за свои пределы, приобщается ко всем грехам’. ( )",кириллица,граффито,"София Киевская, северная внутренняя галерея, на фреске с образами св. Димитрия Солунского и св. Мины. На южной стене второго от входа компартимента придела св. Владимира. На высоте 141 см от пола и на расстоянии 290 см от левого угла ( )",целая (100%),"а 1 «Покрытие» <1320; в IIа «Перелом при мачте» (<1220) <1320; ж Iа2 «Извитая звезда» <1260; и 1б «Верхние засечки (короткие)» (<1400); н 1б «Верхние засечки (короткие)» (<1400), н 2б «Нижние засечки (короткие)» <1400; р IVа «Углом вниз (криволинейные)» 1160>; х 3 «Нижние засечки» 1160>; итог: [1160–1260], предпочт. [1160–1220] «орфография со смешением ъ и ь ( бь҃ , но объчь ) исключает датировку надписи временем позже середины XII в.» ( )",,"«Граффито состоит из четырех довольно длинных строк (34 см) <...> Запись имеет сравнительно хорошую сохранность, но чтение и особенно понимание ее довольно затруднено» ( ). Ср. с текстом под 1214 г. в Летописце Переяславля Суздальского ( ): мати убо, не хотящи детии лихыхъ, ранами кажет, тако и Господь, не хотя человека грешна, кажет всякыми напастьми, ратью, огнем, потопом, гладом . Источник обоих текстов – «Разумы сложения Варнавы неподобного» ( ): (69) плѣньникъ на всю бѣдоу прѣдълежить готовь. Тако и оумъ състоупивъ съ свое ( г ) о чиноу на всѣ грѣхы готовь ѥсть <...> (71) мт҃и не хотѧщи дѣтища болна ѣжа [sic!] ѥсть, тако и Бъ҃ не хотѧ чловѣка грѣшна печальми кажеть и казньми ( 149)."
1197,https://epigraphica.ru/epigraphy/inscription/show/1197,[1198]→,"Надпись о смерти Ореста Борисовича, внука Гюряты",Фрагменты фресковой штукатурки 1120-х гг. Георгиевского собора Юрьева монастыря,стена церкви,Георгиевский собор Юрьева монастыря,--ѧнав[е]…,,"‘Во время навечерия, месяца июня в N день преставился раб Божий Орест Борисович, внук Гюряты’. ( )",кириллица,граффито,"западная стена прохода из средней абсиды в южную (восточная грань восточной лопатки юго‑восточного подкупольного столба) «Надпись занимала левый верхний угол области зеленого фона, находясь под полосой разгранки (просматривается сверху). Справа вплотную подходила к выполненной тем же почерком надписи S1а ». ( )",с утратами (50-85%),,,"«Вариант реконструкции (по)ѧ на ве(черни) предполагает, что смерть настигла Ореста Борисовича за исполнением песнопений вечерней службы. В варианте, отраженном переводом, причастный оборот имеет значение общего хронологического указания и лишь формально согласован с именем умершего. Ср. летописный контекст из статьи 1117 г., где эту роль выполняет дательный самостоятельный: “Мѣсяця маия въ 14, въ час 10, вечерню поющимъ , единъ от дьякъ зараженъ бысть от грома” (НПЛ. С. 20); ср. также под 1194 г.: “Зажьжеся пожаръ Новегородѣ въ недѣлю на Всѣхъ святыхъ, в говѣние, идуче въ заутрьнюю ” (НПЛ. С. 41). Особая служба навечерия, в настоящее время совершаемая лишь в канун Рождества Христова, в древности совершалась и в кануны других важных праздников, причем не только двунадесятых <...>. В новгородском списке Студийского устава конца XII в. (ГИМ, Син. 330) упоминается, например, навечерие Федоровой субботы. В июне служба навечерия могла проходить в канун Петрова дня (29 июня). Имя Арестъ соответствует каноническому Орест (память мученика Ореста Тианского празднуется 10 ноября), начальное А - следует объяснять гиперкорректным отталкиванием от О -, воспринимаемого как некнижная черта; ср. Ондрѣи , Онтонъ и др. народные формы канонических имен на А -. В источниках древнерусского периода имя до сих пор не фиксировалось, но встретилось среди поминальных граффити XV в. в церкви Успения на Волотове ( ) Фигура умершего представляет значительный интерес. Гюрята, чьим внуком был Орест Борисович, скорее всего – посадник начала XII в., отец посадника Мирослава Гюрятинича, впервые занявшего этот пост в 1126 г. <...>. До Мирослава посадником был Борис, пришедший в Новгород (очевидно, из Киева) в 1120 г. Не был ли он отцом Ореста и родным братом Мирослава, который, как показывает Ф. Б. Успенский, и сам был связан с Киевом, будучи фигурой общерусского масштаба? Придя в Новгород в 1126 г. вскоре после смерти Владимира Мономаха, Мирослав вполне мог сменить на посадничестве своего младшего брата. В этом случае надпись оказывается еще одним свидетельством аристократического характера Юрьева монастыря, монахом которого был, по всей вероятности, умерший во время вечерней службы Орест Борисович. Поскольку граффито сделано тем же почерком, что и соседняя надпись 1198 г., Оресту на момент смерти должно было быть не менее 75–80 лет. Альтернативная идентификация этой фигуры предложена Е. Ю. Щегольковой. Она исходит из того, что нахождение граффито рядом с выполненной той же рукой надписью о смерти сыновей Ярослава Владимировича не может быть случайным, как и тот факт, что смерть Ореста произошла в июне, когда умер Ростислав Ярославич. Согласно этой версии, Орест был сыном Бориса Мирошкинича, младшего из сыновей посадничавшего в 1198 г. Мирошки Несдинича, и стал “побочной” жертвой отравления своего сверстника Ростислава. В этом случае слово вънукъ в надписи должно трактоваться как обозначение не собственно внука, а более отдаленного потомка, каким Орест мог быть по отношению к Гюряте (в этом значении слово не раз выступает в летописях <...>. Эта версия заслуживает рассмотрения, поскольку почти одновременная смерть сыновей Ярослава Владимировича, умерших один в Новгороде, а второй – в Луках на фоне начатого их отцом строительства, едва ли может быть объяснена естественными причинами, а близость к Ярославу Мирошки Несдинича демонстрируется фактом его погребения в Юрьеве монастыре в 1203 г.» ( )."
1198,https://epigraphica.ru/epigraphy/inscription/show/1198,1432–1435,"Молитва Якова Григорьевича, митрополичьего писаря",Стены собора св. Софии в Константинополе,стена церкви,Собор св. Софии в Константинополе,(Ги҃ пом)ози рабу своему Ꙗкову Григорьевичписарю Герасима митрополита Киевьскаго +,,"‘Господи, помоги рабу своему Якову Григорьевичу, писарю Герасима, митрополита Киевского’",кириллица,граффито,"Западная часть южной галереи. Надпись выполнена последовательно на северо-западной, западной юго-западной сторонах северо-восточной колонны. Высота от пола – 152 см. ( )",с небольшими утратами (>85%),"а – 7; в имеет следующие начертания: 1) в Григорьеви(ч)[у] – VIа, 2) в остальных случаях – III; г – I; е – II; з – IIIа; и – II; к – Iа; л – Iа; м – Iа; о – I; п – I; р имеет следующие начертания: 1) в рабу – Iа, 2) в остальных случаях – Iб; с – I; т – II; у – II; ч – IIв; ь имеет следующие начертания: 1) в Григорьеви(ч)[у] – IIб, 2) в Киевьскаго – III; ꙗ – IIа. Надпись выполнена полууставным письмом. На ее принадлежность второй половине XIV – XV в. указывают особенности начертания а, з, к, р, т, ч, ь [Щепкин, с. 129–131; Черепнин, с. 244–255]. Эта хронология находит свое подтверждение в палеографии берестяных грамот (датирующие признаки: а – «удлиненная спинка»; в – «верхняя косая к основанию в угол»; и – «наклонная перекладина»; т – «треногое»; ч – «расщеп V-образный» [Зализняк, с. 153, 157, 171, 187, 203]). Написание остальных букв не противоречит предлагаемой датировке. ( )",,"Время нахождения Герасима, в прошлом епископа Смоленска, во главе митрополии Киевской и всея Руси, не было продолжительным: обычно его определяют периодом с 1432/1433 по 1435 г. [Тарасов]. Предшественник Герасима – митрополит Фотий – скончался 2 июля 1431 г. В Константинополь для посвящения в сан митрополита смоленский архиерей отправился не позднее 1 сентября 1432 г., когда его покровитель – великий князь литовский Свидригайло (1430–1432 гг.), свергнутый с трона стародубским князем Сигизмундом Кейстутовичем (1406–1432 гг.), – бежал в Полоцк. Здесь Свидригайло начал собирать силы для борьбы за возвращение престола, сохраняя контроль над «литовской Русью»: Полоцкой, Витебской, Смоленской, Черниговской, Киевской и другими землями. Осенью 1433 г. Герасим, поставленный константинопольским патриархом Иосифом II (1416–1439 гг.) на всю Русь, вернулся в Смоленск. В сложившейся ситуации митрополит, по всей видимости, решил примкнуть к сторонникам нового правителя Литвы. Известно, что 12 января 1434 г. специальной грамотой великий князь литовский Сигизмунд (1432–1440 гг.) «признал Герасима митрополитом Киевским и всея Руси во всех его (Сигизмунда – Ю. А., А. Г.) землях», оставив за ним Смоленскую епархию до тех пор, пока вся митрополия не окажется под его властью [ 380–382, 533–534]. В конце марта 1435 г. по распоряжению Свидригайла митрополит, которого обвинили в поддержке Сигизмунда, был арестован и отправлен в Витебск, где в течение четырех месяцев пребывал «в железах», а затем был сожжен на костре в конце июля 1435 г. ( –392). ( )"
1199,https://epigraphica.ru/epigraphy/inscription/show/1199,[1300–1340],Молитва Холуя-беглеца (?),Стены собора св. Софии в Константинополе,стена церкви,Собор св. Софии в Константинополе,г҃и помозиоусвоему х⸗луеви б[ѣ]гл[у],,"‘Господи, помоги рабу своему Холую (?) беглому (?)’",кириллица,граффито,"Западная часть южной галереи. Надпись располагается на белом включении кальцита на западной стороне пятой слева колонны экседры. Высота от перил ограждения составляет 49,7 см. Граффито выполнено в редкой для храмовой эпиграфики технике двойного контура. Надпись – трехстрочная, возможно, неоконченная. Длина первой строки составляет 14,1 см, второй – 16,7 см, третьей – 12,6 см. По центру сверху начертан четырехконечный крест (мачта – 3,5 см, перекладина – 2,3 см), изображение которого содержит следы выскабливания. Высота букв колеблется от 1,2 см (м в своему) до 2,5 см (з). Первая и вторая строки имеют незначительный наклон вверх. Колонна, на которой располагается граффито, изготовлена из фессалийского мрамора зеленого цвета (verde antico). На нем начертанные буквы едва заметны глазу. Сообразуясь с этим, автор решил расположить надпись на белом вкраплении кальцита, где за счет приобретенного коричневатого «загара» она хорошо видна глазу. Поэтому прочтение не вызывает сложностей, за исключением последнего слова ( )",с небольшими утратами (>85%),"а – IIа, 2; б – 4; в – VIа, 5; г – 3; е – II; з – IIIа; и имеет следующие начертания: 1) в Г(оспод)и и помози – I, 2) в Хлуеви – II5 ; л – 2; м – Iб; о – I; п – I; р – IVб, 12; с – I; у – 9; оу – IIIб; ѥ – I. При определении времени выполнения граффито необходимо учитывать стремление автора стилизовать его под уставное письмо XI–XII вв.: буквы начертаны перпендикулярно к строке, имеют правильные прямые и округлые линии. О нарочитой архаизации говорит написание и. В Г(оспод)и и помози эта буква имеет древнюю форму – перекладина расположена горизонтально посередине. Но в Хлуеви автор допустил описку, он изобразил и с наклонной перекладиной – признак полууставного письма6 ; когда же заметил оплошность, то прочертил поверх горизонтальный штрих. О желании автора придать надписи более торжественный книжный вид говорит изображение верхних засечек у а и л (ср. с надписью на потире Юрия Долгорукого [Рыбаков, табл. XXX]7 ). Между тем палеография б, в, и (в Хлуеви), р позволяет уверенно относить граффито ко второй половине XIV – первой половине XV в. В начертании ряда букв оно близко надписям № 43 (ср. б, в, з) и № 49 (ср. в, з, р) из церкви Спаса на Нередице; первая датируется временем «не ранее XIV в.», вторая – концом XIV – началом XV в. [Рождественская, 1992, с. 90, 94]. Определенные параллели обнаруживаются и с надписью № 61 из церкви Николы на Липне (ср. а, б, м, р), которую издатель относит к XIV в. [Рождественская, 1992, с. 104]. Предложенная датировка находит подтверждение в письме берестяных грамот (датирующие признаки: б – «высокая петля», в – «верхняя косая к основанию в угол, высокая нижняя петля», и – «наклонная перекладина», р – «петля с изломом углом вниз, петля во всю строку» [Зализняк, с. 155, 157, 171, 183, 185]). Однако особенности начертания в и р скорее указывают на первую половину XV в. Написание остальных букв не противоречит этой хронологии. ( )",ОУ IIIб 'слитные (неполное У)' 1320>; Р IVб 'Углом вниз (прямолинейные) 1240>; В VIа 'Верхняя косая в угол' 1260>; А 1 'Покрытие' <1320; И II 'Наклонная перекладина' 1320>. В методе А. А. Зализняка такая конфигурация датирующих признаков дает датирующий интервал [1300–1340] ( -287). Делать предположение о датировке 1-ой половиной XV в. и архаизирующих установках авторского почерка излишне.,
1200,https://epigraphica.ru/epigraphy/inscription/show/1200,[1340–1360],Автограф Ивана пришлого (?),Стены собора св. Софии в Константинополе,стена церкви,Собор св. Софии в Константинополе,иванъ писалъ,"Иванъ писалъ (грѣшныи, никимъ) не знамыи, пришлыи ( )","‘Иван писал [грешный, никем не] знаемый, пришлый…’",кириллица,граффито,"Западная часть южной галереи. Надпись выполнена на пятых слева перилах ограждения экседры. Расстояние от колонны слева – 197 см, от колонны справа – 8,2 см. Граффито состоит из трех строк: первая – 21 см, вторая – 33 см, третья – 32,2 см. Первая строка написана с небольшим наклоном вверх; вторая – волнообразно, что объясняется стремлением автора «обойти» строительную маркировку, которая располагается ниже по центру (под з). Высота букв колеблется от 0,9 см (ъ в Иванъ) до 2,1 см (з), интервалы между ними приблизительно равные. Слабо начертанные штрихи букв, сильная истертость поверхности, многочисленные царапины не позволяют уверенно прочесть надпись. На сегодняшний день окончание первой строки, начало второй и почти вся третья утрачены. ( )",фрагмент (15-50%),"а – Iб; в – III; з – IIIа, и – II; л – 1; м – 6; н – Iа; о – I, п – I; р – IVб; c – I; ш – I; ъ – III. Граффито обладает признаками, указывающими на его позднее происхождение. К ним следует отнести палеографию и (наклонная перекладина) и ъ (петля с двумя изломами) [Рыбаков, хронологический график для букв и, ъ ; Высоцкий, 1976, с. 160, 174–175]. Похожие написания з, и, р, н встречаем в граффито № 49 из церкви Спаса на Нередице, которое датируется концом XIV – первой половиной XV в. ( ). Близкую хронологию дает палеография берестяных грамот (датирующие признаки: и – «наклонная перекладина», м – «петля с двумя изломами», р – «петля углом вниз, прямолинейное» ( : 171, 179, 183). За исключением модели л («с покрытием»), сравнительно частое использование которой фиксируется в XI – конце XIII в., написание остальных букв не противоречит указанной датировке. Учитывая, что л «с покрытием» еще встречается в середине XIV в., время выполнения надписи можно скорректировать в пользу середины XIV – начала XV в. Близкую аналогию в начертании з, м, н, р обнаруживает берестяная грамота № 414, стратиграфическая дата которой – 40–60-е гг. XIV в. ( )",Л 1 «Покрытие» <1360; М 6 «Петля с двумя изломами» 1340>; Р IVб «Углом вниз (прямолинейные)» 1240>; Ъ 1 «Петля углом вперед» <1200 (!).,
1201,https://epigraphica.ru/epigraphy/inscription/show/1201,[1198]–[1280]→,Молитва о спасении,Фрагменты фресковой штукатурки 1120-х гг. Георгиевского собора Юрьева монастыря,стена церкви,Георгиевский собор Юрьева монастыря,миромо----,миромо(лимо) <миромъ молимъ> Сп҃са на[ш](его и) сп҃сьни б(у)[д]е⸗ м(о ѧк)о св҃тъ еси ( ),‘В мире молим нашего Спасителя – и будем спасены. Ибо ты свят…’ ( ),кириллица,граффито,западная стена прохода из средней абсиды в южную (восточная грань восточной лопатки юго‑восточного подкупольного столба) ( ),с утратами (50-85%),Р II «углом вверх» <1380 (<1280) ( ),См. датировку по палеографии и языку.,
1202,https://epigraphica.ru/epigraphy/inscription/show/1202,[1320–1360],"Предположительно, молитва сына Яковлева в Преполовение",Стены собора св. Софии в Константинополе,стена церкви,Собор св. Софии в Константинополе,…[в]левуо во,… (сыну Як)овлевоу во | …(средуо Препол)овления ( ),,кириллица,граффито,"Западная часть южной галереи. Надпись выполнена на четвертых слева перилах ограждения экседры. Граффито состоит из двух строк: длина первой – 8,5 см, длина второй – 7,6 см; обе написаны с небольшим наклоном вниз. Высота букв колеблется от 0,5 см (о во второй строке) до 2 см (у), интервалы между ними приблизительно равные. Глубина штрихов букв разнится; во второй строке после ов они выполнены с меньшим нажимом. Судя по сохранившемуся тексту, до нас дошла только правая часть надписи, тогда как левая оказалась полностью затерта. Находящаяся на ее месте фигура, имеющая вид большого юса без вертикального штриха, равно как и видимые левее остатки более мелкой зачеркнутой надписи, к данному граффито отношения не имеют. ( )",фрагмент (15-50%),"в – VIа; е – II; л – I, 3; н – Iб; о – I; у – Iб; ꙗ – I. На позднее выполнение надписи указывает начертание в (верхняя косая к основанию в угол), характерное для полуустава XIV–XV вв. [Щепкин, с. 119; Черепнин, с. 244]. Такая модель фиксируется в граффити № 63 и 217 из собора Святой Софии в Киеве, первая датируется периодом 1328–1352 гг., вторая – XIV столетием [Высоцкий, 1966, с. 101–103, табл. LXI, 1; LXII, 1; Высоцкий, 1976, с. 100, 152–153, табл. CVIII, 2; CIX, 2]. Аналогичные примеры есть и в Софии Новгородской [Медынцева, с. 175, рис. 161]. В берестяных грамотах сравнительно частое использование такой в приходится на середину XIV – середину XV в. [Зализняк, с. 157]. На поздний период появления граффито указывает и начертание у «с перемычкой» [Зализняк, с. 189]. Близкую аналогию находим в грамоте № 580, стратиграфическая дата которой – 40–50-е гг. XIV в. Зеркальное начертание диграфа оу , очень близкое представленному в надписи, обнаруживается в грамоте № 99 середины XIV в. Кроме того, для XI–XIII вв. в целом нехарактерно использование Ꙗ. В берестяных грамотах сравнительно частое употребление этой буквы приходится на вторую половину XIV – середину XV в. [Зализняк, с. 215]. Думаем, что к этому времени и следует относить выполнение надписи. ( )",О 4 «Вместо правой дуги прямая» 1300>; Графика: Ꙗ (1260)>; У после согласной 1100>(1220)>; Л 1 «Покрытие» <(1280)<1360 (?); У 9 «Ч-образные» 1280>; Н 3 «Высокая перекладина» 1320>.,
1203,https://epigraphica.ru/epigraphy/inscription/show/1203,[1198]–,Литургический возглас,Фрагменты фресковой штукатурки 1120-х гг. Георгиевского собора Юрьева монастыря,стена церкви,Георгиевский собор Юрьева монастыря,ѧко Бъ҃,,‘Ибо [Ты] Бог’ ( ),кириллица,граффито,западная стена прохода из средней абсиды в южную (восточная грань восточной лопатки юго‑восточного подкупольного столба) Находится под S1c . ( ),целая (100%),,,"Почерк отличен от S1c . Инципит возгласа после малой ектеньи: «Яко Бог милости и щедрот и человеколюбия еси, и Тебе славу воссылаем…»."
1204,https://epigraphica.ru/epigraphy/inscription/show/1204,[1198]–,Пробы поминальных надписей,Фрагменты фресковой штукатурки 1120-х гг. Георгиевского собора Юрьева монастыря,стена церкви,Георгиевский собор Юрьева монастыря,text 1:аtext 2:мс҇цѧ ию(н)ѧtext 3:м,,,кириллица,граффито,западная стена прохода из средней абсиды в южную (восточная грань восточной лопатки юго‑восточного подкупольного столба) Находится под надписью S1d . ( ),целая (100%),,,"Скорее всего, порядок появления проб был следующий: сначала появилось одиночное м , затем – м с выносным с , затем – название месяца. Отметим сходство почерков в надписях S1e ( мсцѧ ию ( н ) ѧ ) и S1f."
1205,https://epigraphica.ru/epigraphy/inscription/show/1205,[1050–1200],Автограф Иванка-беглеца,Стены собора св. Софии в Константинополе,стена церкви,Собор св. Софии в Константинополе,[Ѱ] Иваново,,‘Писал Иванко-беглец’.,кириллица,граффито,"Западная часть южной галереи. Надпись выполнена на третьих слева перилах ограждения экседры. Расстояние от колонны слева – 186,5 см, от колонны справа – 33 см. Граффито состоит из двух строк: длина первой – 11 см, второй – 10,8 см; обе выполнены с наклоном вверх. Высота букв колеблется от 0,7 см (н в Иваново) до 1,8 см (у в рабу), интервалы между ними приблизительно равные. Несмотря на многочисленные царапины и штрихи иных начерков, надпись уверенно читается благодаря образовавшемуся со временем темно-коричневому «загару». ( )",целая (100%),"а – Iа; б – I; в – III, 3; е – I; ж – IVa; и – I; н – I; о – 4. Для граффито характерны архаические модели а, б (округлая петля), в, е, и (горизонтальная перекладина в середине), н (диагональ) [Рыбаков, хронологический график для букв а, б, в, е, и, н ; Высоцкий, 1976, с. 150, 160]. В начертании а, б, е, и близкую аналогию обнаруживает надпись № 28 из собора Святой Софии в Киеве, которую издатель датирует периодом княжения Святополка Изяславича (1093–1113 гг.) [Высоцкий, 1966, с. 80–81, табл. XXXI, 1]. Схожую модель в использует автор граффито № 65 из Новгородской Софии, время его выполнения – вторая половина XI – первая половина XII в. [Медынцева, с. 69, рис. 49]. Палеография берестяных грамот указывает на XI–XII вв. (датирующие признаки: б – «округлая петля», в – «большой верх» [Зализняк, с. 154, 156]). На первый взгляд, в эту хронологию не встраивается только о («вместо правой дуги прямая»): сравнительно часто такая модель начинает использоваться только в первой половине XV в. Между тем единичные случаи ее применения фиксируются и в XII в. [Зализняк, с. 180–181]. Таким образом, это столетие и следует считать наиболее вероятным временем появления надписи. Сохранение слабых редуцированных в сочетании с эффектами бытовой орфографии хорошо с этим согласуется. По мнению Т. Томова, передача «псал» через ѱ «относит граффито к более позднему времени – второй половине XII в.», что в сочетании с палеографией и бытовой орфографией позволяет датировать надпись «началом XIII в.» [Томов, 2019, с. 71]. Такое сужение датировки не оправдано. Передача «пьсалъ» через ѱ встречается и в надписях более раннего времени. Примером может служить граффито № 72 из собора Святой Софии в Новгороде: Петрило ѱ , стратиграфически датируемое временем до 1109 г. [Медынцева, с. 72, 237]. ( )",,
1206,https://epigraphica.ru/epigraphy/inscription/show/1206,[1140–1260],Молитва Мартина,Стены собора св. Софии в Константинополе,стена церкви,Собор св. Софии в Константинополе,гд҃и помози рабоу с(в)оемоу марти(н)ови,,"‘Господи, помоги рабу своему Мартину’.",кириллица,граффито,"Западная часть южной галереи. Надпись выполнена на первых слева перилах ограждения экседры. Расстояние от колонны слева – 70 см, от колонны справа – 135 см. Граффито – однострочное, его длина составляет 30,8 см. Высота букв колеблется от 0,6 см (второе о в помози ) до 2,1 см ( з, р ), интервалы между ними приблизительно равные. Надпись имеет небольшой наклон верх. Первая часть граффито ( гд҃и помози рабоу с …) выполнена глубоко начертанными буквами и вымарана многочисленными горизонтальными штрихами. Контуры букв второй части ( воему Мартинови ) едва различимы и следов зачеркивания не имеют. Сходство в написании а, и, о, р говорит о принадлежности первого и второго фрагментов одной руке. Вторая часть выполнена существенно более слабым нажимом на инструмент письма, поэтому она с трудом обнаруживается при визуальном осмотре. По этой причине в публикации Т. Томова представлен только первый фрагмент, второй остался незамеченным. ( )",с небольшими утратами (>85%),"а – Iа; б – II; в – I; г – I; д – II, 3, 2; е – I; з – IIб; и – I; м – Iа; о – I; п – I; р – Iа; с – I; т – I; у – Iа. Надпись содержит относительно архаичные начертания в (округлая нижняя петля), д (длинные ножки), и (горизонтальная перекладина в середине), р (округлая петля) [Рыбаков, хронологический график для букв в, д и, р ; Высоцкий, 1976, с. 151–152, 160]. Близкую аналогию обнаруживают граффити № 28 (ср. а, в, и, м, о, р ) и № 29 (ср. б, е, з, и, м, р ) из собора Святой Софии в Киеве, которые датируются периодом киевского княжения Святополка Изяславича (1093–1113 гг.) [Высоцкий, 1966, с. 80–82, табл. XXXI, 1, 2]. Надпись содержит сравнительно редкое для древнерусской эпиграфики начертание д (А-образное). Такую же модель этой буквы встречаем в граффити № 77 из собора Святой Софии в Новгороде и № 136 из Софии Киевской; время выполнения первой – вторая половина XI – первая половина XII в., второй – XII в. [Медынцева, с. 79, 241; Высоцкий, 1976, с. 52–53, табл. XLV, XLVI]. Палеография берестяных грамот также указывает на принадлежность надписи к домонгольскому периоду (датирующие признаки: в – «округлая нижняя петля», д – «А-образное», е – «правонаклонное», у – «основного вида, простое» [Зализняк, с. 156, 158, 162, 188]). Остальные буквы не противоречат этой датировке. Вместе с тем использование моделей в и е указывает скорее на период второй половины XI – первой половины XII в. Близкое сходство в начертании б, д , з, и, м, о, п, р, у обнаруживает грамота № 176, стратиграфическая дата которой – середина 1130-х – 1150-е гг. [Древнерусские берестяные грамоты]. Сказанное позволяет датировать надпись второй половиной XI – XII в. Т. Томов датирует надпись XIV в., основываясь на моделях и («наклонная перекладина») и у («с перемычкой»). В действительности, штрихи, зачеркивающие гд҃и и помози , не позволяют судить о том, с какой перекладиной было написано и . А вот в Мартинови хорошо видно, что и пишется с горизонтальной перекладиной. Что касается модели у в рабу , в которой болгарский коллега видит у «с перемычкой», то это следствие ошибки: за спинку у он принимает следующую букву с . ( )","Р III «Углом вперед» 1140-1400; В 3а «Верх больше низа» <1260; Язык: мужеви, Давыдови <1300; Р I «Округлая петля (прямая мачта)» <1360; ОУ IIIб/IIIв «Слитные (неполное У или от У только спинка)» 1320> (!)",
1207,https://epigraphica.ru/epigraphy/inscription/show/1207,[1300–1450],Начало азбуки с пропуском буквы Д,Стены собора св. Софии в Константинополе,стена церкви,Собор св. Софии в Константинополе,А Б В Г Е Ж,,,кириллица,граффито,"Западная часть южной галереи. Надпись выполнена на третьей слева мраморной облицовочной плите среднего ряда стены, полукругом ограничивающей экседру с северо-западной стороны. Высота от пола – 152 см. Граффито – однострочное, его длина составляет 2,8 см. Высота букв колеблется от 0,3 см ( а ) до 0,6 см ( в ), интервалы между ними приблизительно равные. Надпись имеет наклон вниз. Небольшой размер букв, выполненных, судя по всему, слабо заостренным предметом, а также пористая поверхность камня делают граффито плохо видимым и трудночитаемым. ( )",целая (100%),"а – IIа; б – II, 4; в – III; г – I; е – III; ж – IVа. Несмотря на небольшое количество начерков, есть основания полагать, что граффито появилось не ранее XIV в. На это указывают высокая петля б и левонаклонное е [Рыбаков, хронологический график для букв б, е ; Высоцкий, 1976, с. 150, 156]. Написание а, б, в, е близко граффито № 218 из церкви Святой Софии в Киеве [Высоцкий, 1976, с. 100–101, 381, табл. CVIII, 1; CIX, 1]. С. А. Высоцкий, ссылаясь на работу В. Н. Щепкина «Русская палеография», осторожно датирует его XIII–XIV вв. Между тем для эпиграфики характерно некоторое запаздывание в использовании начерков, которые появляются в книжной письменности [Рождественская, 1991, с. 60–61]. Поэтому можно думать, что надпись № 218 скорее принадлежит XIV в., нежели XIII в. Схожие написания б и в обнаруживаются в азбуке из церкви Спаса на Нередице, выполнение которой издатель относит ко времени «не ранее XIV в.» [Рождественская, 1992, с. 90]. Палеография берестяных грамот, а именно: б (II «высокая петля») и е (III «левонаклонное»), указывает на середину XIV – середину XV в. С другой стороны, модель ж («основного вида, сомкнутое») встречается сравнительно часто в период 1100–1360 гг. [Зализняк, с. 155, 163, 164–165]. Таким образом, наиболее вероятным временем выполнения надписи следует признать XIV столетие. ( )",Е 5 «Язычок вверх» 1300>; отсутствие признаков полуустава не позволяет датировать надпись позднее середины XV в.,
1208,https://epigraphica.ru/epigraphy/inscription/show/1208,[1220–1400],Обращение к патриарху,Стены собора св. Софии в Константинополе,стена церкви,Собор св. Софии в Константинополе,патрѧрхъ,,,кириллица,граффито,"Западная часть южной галереи. Надпись выполнена на третьей слева мраморной облицовочной плите среднего ряда стены, полукругом ограничивающей экседру с северо-западной стороны. Высота от пола – 150 см. Граффито состоит из трех строк: первая – 3,4 см, вторая –3,7 см, третья – 1,8 см. Высота букв колеблется от 0,2 см (вторая о в пожалоуи ) до 0,5 см ( а в патрѧрхъ ), интервалы между ними приблизительно равные. Все три строки расположены под наклоном вниз. Небольшой размер букв, использование слабо заостренного предмета письма, пористая поверхность камня делают граффито плохо видимым и трудночитаемым. Надпись начертана той же рукой, что и предшествующая азбука (№ 22). На это указывают их близкое расположение, одинаково малый размер букв, направление наклона, особенности начертания а, г, е, ж . ( )",целая (100%),"а – IIа; г – I; е – III; ж – IVа; и – II; л – Iа; м – Iа; н – Iб; о – I; п – I; р – Iа, 11; т – I; у – Iа, 4; х – I, 4; ъ – IIа; ѧ – Iа. Особенности написания е и и позволяют относить надпись к XIV–XV вв. [Рыбаков, хронологический график для букв е, и ; Высоцкий, 1976, с. 156, 161]. Эту датировку подтверждает палеография берестяных грамот (датирующие признаки: а – IIа «петля с изломом выпуклая», е – III «левонаклонное»; и – II «наклонная перекладина» [Зализняк, с. 153, 163, 171]). Причем нужно отметить, что сравнительно частое использование такой модели и фиксируется только с 1340-х гг. С другой стороны, надписи присущи некоторые архаические черты: ж («основного вида, сомкнутое») встречается сравнительно часто в 1100–1360 гг., р («округлая петля, прямая мачта») – в 1025–1320 гг., у («буква целиком в строке») – 1140–1300 гг. [Зализняк, с. 164–165, 182–183, 171]. Это позволяет скорректировать время выполнения граффито в пользу XIV в. ( )","1140-1400, предпочтительно после 1220: А 6 «вогнутая перемычка» 1340> (?); Р II «Углом вверх» <(1200)<1380 (?); Р III «Углом вперед» 1140-1400; А 4 «Широко раскрытые» 1120>(1140)>; Графика: У после согласной 1100> (1220)>; Х 6 «Буква целиком в строке» 1100> (1140-1300); Х 7 «Маленький верх и широкий низ» (1320)>.","Западная часть южной галереи в поздневизантийский период была своеобразной приемной, откуда дверь вела во внутренние покои патриарха. В них в XIV в. особенно часто проходили малые патриаршие соборы. Поэтому можно думать, что надпись принадлежит выходцу из Руси, который дожидался высокой аудиенции или решения своего вопроса главой Константинопольской церкви.( )"
1209,https://epigraphica.ru/epigraphy/inscription/show/1209,[1320-1410],Автограф Недомысла-Глеба,Стены собора св. Софии в Константинополе,стена церкви,Собор св. Софии в Константинополе,ѱ недомысл{ѧ}о глеб,,‘Писал Недомысл-Глеб’.,кириллица,граффито,"Западная часть южной галереи. Надпись выполнена на перилах северо-западной лоджии. Расстояние от стены слева – 53 см, от стены справа – 142 см. Граффито – однострочное, по всей видимости, неоконченное (в Глеб отсутствует конечный ъ ). Общая длина сохранившейся части составляет 26 см. Высота букв колеблется от 1,8 см (с) до 3,5 см (м), интервалы между ними разнятся. Надпись выполнена с незначительным наклоном вверх. Справа от ѧ в Недомыслѧ приписано о ; по-видимому, ѧ правилось на о , но не было зачеркнуто. Граффито писалось с разной степенью нажима (ср. д ), что наряду с наличием соскоков и разным уровнем положения букв в строке говорит о небрежности его выполнения. Прочтение затрудняют многочисленные штрихи соседних начерков, а также истертость поверхности перил. ( )",целая (100%),"б – II; г – I; д – IIIа, 2; е – II; л – Iа; м – Iа; н – Iв; о – I; с – I; ы – Iб; ѧ – Iа. Особенности начертания большинства букв надписи не имеют ярко выраженных датирующих признаков. Исключение составляют модели д («на щечках») и ы («средняя перемычка»): первая встречается сравнительно часто в берестяных грамотах второй половины XII – XIII в., а вторая – очень часто во второй половине XII – середине XIII в. Таким образом, наиболее вероятным временем выполнения граффито можно считать вторую половину XII – середину XIII в. Написание остальных букв не противоречит этой хронологии. ( )",Д IIIа «На щечках» (острые) <(1300)<1410; Б III «Петля с двумя изломами» 1320>.,
1210,https://epigraphica.ru/epigraphy/inscription/show/1210,[1350–1450],Автограф Данила-нижегородца,Стены собора св. Софии в Константинополе,стена церкви,Собор св. Софии в Константинополе,данило из новагород-,,‘Данило из Новгорода’.,кириллица,граффито,"Западная часть южной галереи. Надпись выполнена на северо-восточной стороне юго-западной колонны. Высота от пола – 155 см. Граффито – однострочное, неоконченное. Его длина составляет 26 см. Высота букв колеблется от 1,1 см (последняя о в Новагород[а]) до 4,1 см (р); интервалы между ними разнятся. Надпись выполнена под наклоном вверх. Ее прочтение не вызывает трудностей, что объясняется, во-первых, глубоко начертанными линиями букв, а во-вторых, хорошей сохранностью, связанной с удаленностью колонны от основного потока посетителей собора. ( )",целая (100%),"а – Iа; в – III; г – I; д – II; з – IIIа; и имеет следующие начертания: 1) в Данило – III, 2) в из – II; л – Iа; н имеет следующие начертания: 1) в Данило – Iв, 2) в Новагород[а] – Iа; о – I; р – IVб, 12. Модели и и р , представленные в надписи, появляются в эпиграфике XIV в. [Рыбаков, хронологический график для букв и, р ]. Интерес вызывает А-образное начертание д , которое отсутствует в памятниках книжной культуры, но встречается среди граффити. Аналогичную модель находим в молитвенной надписи из Кирилловской церкви в Киеве № 392 [Высоцкий, 1985, с. 96, табл. LII, 3, 4]. Издатель датирует ее «концом XIII – началом XIV в.», хотя петля б с двумя изломами (в рабу ) указывает на более поздний период [Зализняк, с. 155]. Такое же д встречаем в молитвенной надписи № 331, выполненной на южном фасаде Михайловского собора Выдубецкого монастыря в Киеве [Высоцкий, 1985, с. 49–50, табл. ХХII, 2, 3]. Время ее выполнения определяется XV–XVI вв., однако эта датировка небесспорна. Палеография берестяных грамот позволяет датировать надпись второй половиной XIV – первой половиной XV в. (датирующие признаки: и – «диагональ»; р – «петля с изломом углом вниз, прямолинейное» [Зализняк, с. 171, 183]). ( )",,"Сравнение настоящей надписи с граффито № 14 говорит о том, что она выполнялась на скорую руку. Об этом свидетельствуют уменьшенный размер букв, отказ от грецизированной формы передачи имени ( Данило вместо Даниїлос ) и написание д в «три взмаха». Допускаем, что именно это упрощение в исполнении граффито заставило автора прервать свою работу и изобразить на другой колонне неподалеку более презентабельный автограф. Заметим, впрочем, что форма имени – Данило (при возможных вариантах: Данила, Данилъ ) – корреспондирует с его грецизированным написанием во втором граффито.( )"
1211,https://epigraphica.ru/epigraphy/inscription/show/1211,[1320–1450],Автограф (?) Иосифа,Стены собора св. Софии в Константинополе,стена церкви,Собор св. Софии в Константинополе,Иѡсифъ,,‘Иосиф’.,кириллица,граффито,"Западная часть южной галереи. Надпись выполнена на южной стороне юго-западной колонны. Высота от пола – 157 см. Граффито – однострочное, его длина составляет 5,2 см. Высота букв колеблется от 0,5 см (вторая и ) до 1 см ( ф ), интервалы между ними не выдержаны. Складывается впечатление, что автор сначала пропустил букву с , а потом, заметив ошибку, вписал ее между ѡ и и . Граффито имеет незначительный наклон вверх, его прочтение не вызывает вопросов. ( )",целая (100%),"и – I; Небольшой наклон перекладины в первом случае, по всей видимости, является результатом соскока орудия письма (ср. с основанием ъ ). с – I; ф – I; ѡ – IIIв2 ; ъ – III. К сожалению, ограниченное количество начерков не позволяет однозначно определить период выполнения граффито. Датирующими признаками, причем в достаточно широком хронологическом диапазоне, обладают только ѡ («узкий верх») и ъ («петля с двумя изломами»). Начертание петли ъ с двумя изломами появляется в эпиграфике XIV в., хотя в виде исключения такая модель встречается и ранее [Рыбаков, хронологический график для буквы ъ ]. В берестяных грамотах ѡ с узким верхом часто используется с конца XIII в. и вплоть до середины XV в.; ъ с двойным изломом петли фиксируется в период 1320–1340-е гг. и на рубеже XIV–XV в. [Зализняк, с. 197, 205]. Близкое сходство в начертании и, ф, ѡ, ъ обнаруживает грамота № 23, стратиграфическая дата – конец XIV – 1400-е гг. [Древнерусские берестяные грамоты]. Полагаем, что наиболее вероятным временем выполнения надписи следует считать XIV–XV вв. ( )",Ѡ IIIв2 «Узкий верх» (чистые) 1200>; Ъ III «Петля с двумя изломами» 1320>; Отсутствие признаков полуустава позволяет относить граффито к периоду до сер. XV в.,
1212,https://epigraphica.ru/epigraphy/inscription/show/1212,[1160–1180],Надпись о смерти дьякона Нежаты,Стены юрьевского Георгиевского собора,стена церкви,Георгиевский собор Юрьева монастыря,мс҇/цѧ маиѧ,3 дьѧ[к](онъ) или дьѧ[к](ъ). ( ),‘Месяца мая в 4‑й день преставился дьякон Святого Георгия Нежата’. ( ),кириллица,граффито,"западная стена прохода из средней абсиды в южную (восточная грань восточной лопатки юго‑восточного подкупольного столба) Под левым краем S1a , правее S1e . ( )",с утратами (50-85%),"Палеогр. [1140–1280] (предпочт. [1160–1180]) Ж 5а «умеренно уменьшенный верх» 1140> (1160–1180, 1320–1440); Д, А, Ѧ «регулярно с покрытием» <1280 (<1180, 1240–1280). ( )",См. датировку по палеографии и языку,"«Запись основы имени Георгии в виде Герг- , предполагающая произношение [ г’ор’г’ ], встречается в берестяных грамотах № 551 и 552 (2 пол. XII в.); находим ее и в духовной Климента (до 1270‑х гг.). Имена Нѣжата , Нѣжко и другие с корнем нѣг -/ нѣж ‑ частотны среди берестяных грамот Троицкого раскопа в этот период» ( )."
