id,url,date,content,carrier,carrier_category,place,text,reconstruction,translation,alphabet,writing_method,position,preservation,date_details,date_justification,comment,clean_text,start_year,end_year,century
1,https://epigraphica.ru/epigraphy/inscription/show/1,1120-1300,Надпись с упоминанием заутрени на праздник Вознесения,Стены церкви Рождества Богородицы Антониева монастыря,стена церкви,Церковь Рождества Богородицы Антониева монастыря,(…)[ъ на] Возн[ь]с[е]ние,[Такой-то] (писал)ъ на Вознесение (… по за)оутрьнии ( ),,кириллица,граффито,"дияконник, юго-восточный столб, южная грань, 41 см от правого края, 496 см от пола (67 см выше основания креста) ( )",с утратами (50-85%),"З 3 «перелом хвоста» (1140–1340), н 2а «нижние засечки (длинные)» <1400 (1140–1300), у 5 «нижняя засечка» 1180–1400 (1180–1340). Итого: 1180–1400, предпочтительно 1180–1300 гг. ( )",,"«Надпись выделяется своей палеографией. Буква у во второй строке выполнена зеркально, а буква р не имеет нижней части и выглядит как d. Буквы, обозначенные в тексте как [ ь ] и [ е ], в слове Возн[ь]с[е]ние , похожи друг на друга, а буква е на конце слова похожа на [ е ]: конечная е имеет длинную нижнюю засечку, доходящую до язычка буквы; буква [ е ] отличается от е отсутствием верхней засечки; [ ь ] отличается от [ е ] вертикальным верхом и опущенным «язычком» (т. е. верхним штрихом петли, если считать эту букву ерем). По-видимому, автор надписи, использовавший бытовую графическую систему со смешением е и ь , смешивал эти графемы и на уровне начертания. Текст реконструируется: [Такой-то] (писал)ъ на Возньсение | (… по за)оутрьнии , т. е. надпись была выполнена после утренней службы в праздник Вознесения, отмечаемый в 40-й день по Пасхе (ср. № 3). Судя по длине строк, в начале второй строки могло стоять определение Гc҃дне . Выше надписи видна правая часть строки из вертикальных штрихов. Подобные «частоколы» обыкновенно трактуются как обозначения числа заказных поминальных служб по умершим» ( )",[GAP] ъ на Возньсение,1120.0,1300.0,13.0
3,https://epigraphica.ru/epigraphy/inscription/show/3,[1180–1200],Молитва об Олекше Микитиниче,Стены церкви Рождества Богородицы Антониева монастыря,стена церкви,Церковь Рождества Богородицы Антониева монастыря,Ги҃ пом(о)зи ра[б](оу),,"‘Господи, помоги рабу своему Олекше Микитиничу, брату Надеи (или: Надея)! Писал на Рождество святой Богородицы, восьмого [сентября]’. ( )",кириллица,граффито,"диаконник, юго-восточный столб, южная грань, 42 см от правого края, 483 см от пола (54 см выше основания креста) ( )",с небольшими утратами (>85%),"Е 5 «язычок вверх» 1300> (1380>) (!), у 5 «нижняя засечка» 1180–1400 (1180–1340), оу II «уменьшенное о» <1220 (<1200); язык: редуцированные сохранены <1220 (1×). Итого: [1180–1220], предпочт. [1180–1200] гг. ( )",,"«Надпись выполнена 8 сентября, на Рождество Богородицы —престольный праздник монастырского собора. Буква ж в слове Рожь[с](тво) имеет нестандартный облик с очень длинными засечками. Над буквами ста в слове статье <святѣи> ‘святой' могло стоять титло, уничтоженное сколом. Буквы та в этом слове лишние. Возможно, автор надписи начал писать слово ст҃аго <святаго> (святого), но, спохватившись, дописал правильное окончание. Имя Олькошь имеет новгородское диалектное окончание дат. ед. -ѣ (-ь в бытовой орфографии). Справа от первого ь в этом слове находится короткий вертикальный штрих, вероятно объясняющийся выпадением соломинки из фресковой штукатурки. Отчество Олекши восстанавливается в народном варианте с начальным М- , естественном в сочетании с гипокористической (уменьшительной) формой имени. В берестяных грамотах каноническое имя Никита и его производные представлены исключительно в такой форме. Чтение третьей буквы отчества как х ( Михитиничоу ), предложенное в первой публикации, дополнительным изучением оригинала не подтвердилось. Имя брата писавшего, реконструированное в первой публикации как Надѣи , могло быть также Надѣя . Палеографически это даже более вероятно: длинный горизонтальный штрих перед оу в верху строки мог быть засечкой буквы н в На|[д]-(и)[н]оу . Ср. старорусское имя Надѣя , отчество Надѣинъ и совр. топонимы Надеино в Московской, Рязанской и Калужской областях. Буква после ѱ в четвертой строке определяется неоднозначно. В первой публикации она была трактована как е , а последовательность ѱелъ — как результат исправления диалектного окончания - е в < пьсале > на книжное - ъ . В пользу такой интерпретации говорит наличие словоформы писале с тем же диалектным окончанием в находящемся рядом граффито № 9, а также сходный механизм исправления начатого ста на ст҃атье <святѣи> . Нельзя исключать, однако, что эта буква, отличная по начертанию от двух бесспорных е в данной надписи, представляет собой в действительности с с дважды прочерченной по ошибке засечкой; в таком случае перед нами словоформа ѱслъ , с нередким в новгородской эпиграфике избыточным с . В словах в=асьмыи перед нами один из ранних примеров перехода ъо → а . Левее надписи — отдельная буква а » ( ).",Ги҃ помози рабоу,1180.0,1200.0,12.0
6,https://epigraphica.ru/epigraphy/inscription/show/6,1120–1320→,Незаконченная молитвенная надпись,Стены церкви Рождества Богородицы Антониева монастыря,стена церкви,Церковь Рождества Богородицы Антониева монастыря,Ги҃ помози раб,,"‘Господи, помоги рабу...’",кириллица,граффито,"дьяконник, юго-восточный столб, южная грань, 32 см от правого края, 444 см от пола (15 см выше основания креста) ( )",целая (100%),"до [1420], предпочт. [1120–1320] гг. ( )",,,Ги҃ помози раб,1120.0,1320.0,13.0
26,https://epigraphica.ru/epigraphy/inscription/show/26,1740–1920,Цитата из Пс. 103: 18,Стены церкви Рождества Богородицы Антониева монастыря,стена церкви,Церковь Рождества Богородицы Антониева монастыря,камень при[б]ѣжи[щ]е,,‘Камень – прибежище зайцам’ ( ),кириллица ( ),граффито,"Лестничная башня, столб, над третьей площадкой (48-й ступенью), у правого края площадки, 180 см над площадкой. ( )",с небольшими утратами (>85%),,,,камень прибѣжище,1740.0,1920.0,19.0
47,https://epigraphica.ru/epigraphy/inscription/show/47,1190-1225,Подпись к изображению сюжета о свержении Сатаны архангелом Михаилом Монограмма Иисуса Христа на щите в руках у архангела,Южные врата Рождественского собора в Суздале,церковные врата,Собор Рождества Пресвятой Богородицы,text 1с҇сото|im.|на архнгл҇мьМи̇хаилъмь со|im.|остꙋпнꙑ⸗ми ѥ̇го сила·|im.|ми и̇бѣси наре|im.|ченибꙑша ~text 2Іс҃ Хс҃,,,кириллица кириллица ( ),золотая наводка,"левая створка, клеймо 2 ( )",целая (100%),,,,с҇сото [GAP] на архнгл҇мьМи̇хаилъмь со [GAP] остꙋпнꙑми ѥ̇го сила · [GAP] ми и̇бѣси наре [GAP] ченибꙑша ~ Іс҃ Хс҃,1190.0,1225.0,13.0
48,https://epigraphica.ru/epigraphy/inscription/show/48,1190-1225,Подпись к изображению сотворения Адама,Южные врата Рождественского собора в Суздале,церковные врата,Собор Рождества Пресвятой Богородицы,сътвори Бъ҃ · чл҃вка по ѡ̇бра⸗с҇ чл҃вкъ ·въ дш҃ю|im.|живꙋ ~,,,кириллица кириллица ( ),золотая наводка,"правая створка, клеймо 1 ( )",целая (100%),,,,сътвори Бъ҃ · чл҃вка по ѡ̇брас҇ чл҃вкъ · въ дш҃ю [GAP] живꙋ ~,1190.0,1225.0,13.0
50,https://epigraphica.ru/epigraphy/inscription/show/50,1190-1225,Подпись к изображению трудов Адама,Южные врата Рождественского собора в Суздале,церковные врата,Собор Рождества Пресвятой Богородицы,архистратига Михаилатисꙗ о⸗с(ꙋ)женъ бꙑс҇⁘ ~,,,кириллица кириллица ( ),золотая наводка,"левая створка, клеймо 3 ( )",целая (100%),,,,архистратига Михаилатисꙗ осꙋженъ бꙑс҇ ⁘ ~,1190.0,1225.0,13.0
52,https://epigraphica.ru/epigraphy/inscription/show/52,1190-1225,Подпись к изображению убийства Авеля,Южные врата Рождественского собора в Суздале,церковные врата,Собор Рождества Пресвятой Богородицы,ꙋ̇биваѥ̇тъ · Каинъ ·,,,кириллица кириллица ( ),золотая наводка,"правая створка, клеймо 3 ( )",целая (100%),,,,ꙋ̇биваѥ̇тъ · Каинъ ·,1190.0,1225.0,13.0
54,https://epigraphica.ru/epigraphy/inscription/show/54,1190-1225,Подпись к изображению сна Иакова,Южные врата Рождественского собора в Суздале,церковные врата,Собор Рождества Пресвятой Богородицы,видѣ И̇ꙗковъ лѣстви⸗|im.|хожахꙋ по неи̇и Гь҃ ·ꙋ̇кр|im.|ѣплѧшесѧ нанихъ ~,,,кириллица кириллица ( ),золотая наводка,"левая створка, клеймо 5 ( )",целая (100%),,,,видѣ И̇ꙗковъ лѣстви [GAP] хожахꙋ по неи̇и Гь҃ · ꙋ̇кр [GAP] ѣплѧшесѧ нанихъ ~,1190.0,1225.0,13.0
55,https://epigraphica.ru/epigraphy/inscription/show/55,1190-1225,Подпись к изображению борьбы Иакова с ангелом,Южные врата Рождественского собора в Суздале,церковные врата,Собор Рождества Пресвятой Богородицы,архангелъ Гн҃ь борет(сѧ),,,кириллица кириллица ( ),золотая наводка,"левая створка, клеймо 6 ( )",целая (100%),,,,архангелъ Гн҃ь боретсѧ,1190.0,1225.0,13.0
56,https://epigraphica.ru/epigraphy/inscription/show/56,1190-1225,Подпись к изображению явления Троицы Аврааму,Южные врата Рождественского собора в Суздале,церковные врата,Собор Рождества Пресвятой Богородицы,Бъ҃ ꙗ̇висѧ А̇врамꙋ,,,кириллица кириллица ( ),золотая наводка,"правая створка, клеймо 5 ( )",целая (100%),,,,Бъ҃ ꙗ̇висѧ А̇врамꙋ,1190.0,1225.0,13.0
57,https://epigraphica.ru/epigraphy/inscription/show/57,1190-1225,Подпись к изображению чуда архистратига Михаила (чудо в Хонех) Подпись к изображению Архиппа Херотопского,Южные врата Рождественского собора в Суздале,церковные врата,Собор Рождества Пресвятой Богородицы,text 1х҇и·стратигаХв҃а · Михаи̇лаtext 2Архипъ,,,кириллица кириллица ( ),золотая наводка,"правая створка, клеймо 6 ( )",целая (100%),,,,х҇и · стратигаХв҃а · Михаи̇ла Архипъ,1190.0,1225.0,13.0
58,https://epigraphica.ru/epigraphy/inscription/show/58,1190-1225,Подпись к изображению трех отроков в пещи огненной,Южные врата Рождественского собора в Суздале,церковные врата,Собор Рождества Пресвятой Богородицы,архн҇глъни⸗де в пе⸗щь|im.|къ ѡтроко⸗мъ и̇ ѿꙗ̇пламе⸗нь ѿ пе⸗щи,,,кириллица кириллица ( ),золотая наводка,"левая створка, клеймо 7 ( )",целая (100%),,,,архн҇глъниде в пещь [GAP] къ ѡтрокомъ и̇ ѿꙗ̇пламень ѿ пещи,1190.0,1225.0,13.0
59,https://epigraphica.ru/epigraphy/inscription/show/59,1190-1225,Подпись к изображению явления архангела Лоту,Южные врата Рождественского собора в Суздале,церковные врата,Собор Рождества Пресвятой Богородицы,архн҇глъ · Гн҃ъ ꙗ̇висѧ,,,кириллица кириллица ( ),золотая наводка,"левая створка, клеймо 8 ( )",целая (100%),,,,архн҇глъ · Гн҃ъ ꙗ̇висѧ,1190.0,1225.0,13.0
60,https://epigraphica.ru/epigraphy/inscription/show/60,1190-1225,Подпись к изображению царя Давида перед битвой,Южные врата Рождественского собора в Суздале,церковные врата,Собор Рождества Пресвятой Богородицы,Дв҃дъ · цс҇рь · на треплетнꙋ̇ю̇три въвзꙗ камени на брань,,,кириллица кириллица ( ),золотая наводка,"правая створка, клеймо 7 ( )",целая (100%),,,,Дв҃дъ · цс҇рь · на треплетнꙋ̇ю̇три въвзꙗ камени на брань,1190.0,1225.0,13.0
61,https://epigraphica.ru/epigraphy/inscription/show/61,1190-1225,Подпись к изображению Даниила во рву львином,Южные врата Рождественского собора в Суздале,церковные врата,Собор Рождества Пресвятой Богородицы,ар҃нлъ · Гн҃ь · вьсхꙑти А⸗с҇лма · въ Вавꙋлонъ · дапрепитаѥ̇ть Данила ~,,,кириллица кириллица ( ),золотая наводка,"правая створка, клеймо 8 ( )",целая (100%),,,,ар҃нлъ · Гн҃ь · вьсхꙑти Ас҇лма · въ Вавꙋлонъ · дапрепитаѥ̇ть Данила ~,1190.0,1225.0,13.0
62,https://epigraphica.ru/epigraphy/inscription/show/62,1190-1225,Подпись к изображению Силоамской купели,Южные врата Рождественского собора в Суздале,церковные врата,Собор Рождества Пресвятой Богородицы,ар҃хглъ · Гн҃ь · Михаилъ въ⸗|im.|ть кꙋпѣль · да ицѣ⸗лить бо|im.|лѧща⸗ꙗ ·:· ~,,,кириллица кириллица ( ),золотая наводка,"левая створка, клеймо 9 ( )",целая (100%),,,,ар҃хглъ · Гн҃ь · Михаилъ въ [GAP] ть кꙋпѣль · да ицѣлить бо [GAP] лѧщаꙗ · : · ~,1190.0,1225.0,13.0
63,https://epigraphica.ru/epigraphy/inscription/show/63,1190-1225,"Подпись к изображению ангелов, извещающих Лота о гибели Содома Подпись к изображению содомлян",Южные врата Рождественского собора в Суздале,церковные врата,Собор Рождества Пресвятой Богородицы,text1придошаповѣдатъ Лотови · д(а)избѣг|im.|нѣть ѿ Содомаtext 2содомлѧн[е],,,кириллица кириллица ( ),золотая наводка,"левая створка, клеймо 10 ( )",целая (100%),,,,придошаповѣдатъ Лотови · даизбѣг [GAP] нѣть ѿ Содома содомлѧне,1190.0,1225.0,13.0
64,https://epigraphica.ru/epigraphy/inscription/show/64,1190-1225,Подпись к изображению гибели Содома и Гоморры,Южные врата Рождественского собора в Суздале,церковные врата,Собор Рождества Пресвятой Богородицы,а̇н҃глъ · Гн҃ь · пота⸗,,,кириллица кириллица ( ),золотая наводка,"правая створка, клеймо 9 ( )",целая (100%),,,,а̇н҃глъ · Гн҃ь · пота,1190.0,1225.0,13.0
65,https://epigraphica.ru/epigraphy/inscription/show/65,1190-1225,"Подпись к изображению архангела, призывающего Гедеона на борьбу с агарянами",Южные врата Рождественского собора в Суздале,церковные врата,Собор Рождества Пресвятой Богородицы,ꙗ̇висѧ а̇н҃глъ · Гн҃ь · Геде⸗,,,кириллица кириллица ( ),золотая наводка,"правая створка, клеймо 10 ( )",целая (100%),,,,ꙗ̇висѧ а̇н҃глъ · Гн҃ь · Геде,1190.0,1225.0,13.0
66,https://epigraphica.ru/epigraphy/inscription/show/66,1190-1225,"Подпись к изображению архангела Михаила, избивающего полки ассирийские",Южные врата Рождественского собора в Суздале,церковные врата,Собор Рождества Пресвятой Богородицы,и съшедъ · с нб҃и арханге⸗|im.|сто· и̇ ѡ̇смьдесѧтъи̇ пѧть ~,,,кириллица кириллица ( ),золотая наводка,"левая створка, клеймо 11 ( )",целая (100%),,,,и съшедъ · с нб҃и арханге [GAP] сто · и̇ ѡ̇смьдесѧтъи̇ пѧть ~,1190.0,1225.0,13.0
67,https://epigraphica.ru/epigraphy/inscription/show/67,1190-1225,"Подпись к изображению пророка Нафана, обличающего царя Давида",Южные врата Рождественского собора в Суздале,церковные врата,Собор Рождества Пресвятой Богородицы,Нафанъ · пр҃ркъ · ѡбли⸗,,,кириллица кириллица ( ),золотая наводка,"левая створка, клеймо 12 ( )",целая (100%),,,,Нафанъ · пр҃ркъ · ѡбли,1190.0,1225.0,13.0
68,https://epigraphica.ru/epigraphy/inscription/show/68,1190-1225,"Подпись к изображению архангела Михаила, запрещающего Валааму проклинать сынов Израилевых",Южные врата Рождественского собора в Суздале,церковные врата,Собор Рождества Пресвятой Богородицы,арх҇нглъ · Гн҃ь · Михаи⸗,,,кириллица кириллица ( ),золотая наводка,"правая створка, клеймо 11 ( )",целая (100%),,,,арх҇нглъ · Гн҃ь · Михаи,1190.0,1225.0,13.0
69,https://epigraphica.ru/epigraphy/inscription/show/69,1190-1225,Подпись к изображению явления архангела Иисусу Навину,Южные врата Рождественского собора в Суздале,церковные врата,Собор Рождества Пресвятой Богородицы,ꙗ̇висѧ архистратигъгинꙋвъ Ѥ̇рихонѣ ꙋкрѣплѧ⸗ꙗ̇ и̇ на брань ~,,,кириллица кириллица ( ),золотая наводка,"правая створка, клеймо 12 ( )",целая (100%),,,,ꙗ̇висѧ архистратигъгинꙋвъ Ѥ̇рихонѣ ꙋкрѣплѧꙗ̇ и̇ на брань ~,1190.0,1225.0,13.0
75,https://epigraphica.ru/epigraphy/inscription/show/75,1190-1225,Подпись к изображению рождества Богородицы,Западные врата Рождественского собора в Суздале,церковные врата,Собор Рождества Пресвятой Богородицы,ржст҃во ст҃оѣ,,,кириллица кириллица ( ),золотая наводка,"левая створка, клеймо 4 ( )",целая (100%),,,,ржст҃во ст҃оѣ,1190.0,1225.0,13.0
78,https://epigraphica.ru/epigraphy/inscription/show/78,1190-1225,Подпись к изображению Сретения Господня,Западные врата Рождественского собора в Суздале,церковные врата,Собор Рождества Пресвятой Богородицы,устрѣте|im.|ниѥ Гн҃е,,,кириллица,золотая наводка,"левая створка, клеймо 6 ( )",целая (100%),,,,устрѣте [GAP] ниѥ Гн҃е,1190.0,1225.0,13.0
80,https://epigraphica.ru/epigraphy/inscription/show/80,1190-1225,Подпись к изображению Преображения Господня,Западные врата Рождественского собора в Суздале,церковные врата,Собор Рождества Пресвятой Богородицы,преобр|im.|ажениѥ,,,кириллица кириллица ( ),золотая наводка,"правая створка, клеймо 6 ( )",целая (100%),,,,преобр [GAP] ажениѥ,1190.0,1225.0,13.0
82,https://epigraphica.ru/epigraphy/inscription/show/82,1190-1225,Монограмма Иисуса Христа Подпись к изображению Распятия Господня Монограмма Богородицы Подпись к изображению святого Иоанна,Западные врата Рождественского собора в Суздале,церковные врата,Собор Рождества Пресвятой Богородицы,Текст 1:Текст 2:распѧ|im.|тиѥГн҃еТекст 3:[М]р҃ Ѳу҃Текст 4:а⃝|im.|Иѡ̇⸗ан,,,кириллица кириллица ( ),золотая наводка,"правая створка, клеймо 7 ( )",целая (100%),,,,распѧ [GAP] тиѥГн҃е Мр҃ Ѳу҃ а⃝ [GAP] Иѡ̇ан,1190.0,1225.0,13.0
84,https://epigraphica.ru/epigraphy/inscription/show/84,1190-1225,Подпись к изображению Воскресения Господня,Западные врата Рождественского собора в Суздале,церковные врата,Собор Рождества Пресвятой Богородицы,вкр҃сениѥГн҃е,,,кириллица кириллица ( ),золотая наводка,"левая створка, клеймо 9 ( )",целая (100%),,,,вкр҃сениѥГн҃е,1190.0,1225.0,13.0
85,https://epigraphica.ru/epigraphy/inscription/show/85,1190-1225,Подпись к изображению сошествия Святого Духа,Западные врата Рождественского собора в Суздале,церковные врата,Собор Рождества Пресвятой Богородицы,[соше]|im.|стви[е]|im.|[Ст҃]го,,,кириллица,золотая наводка,"левая створка, клеймо 10 ( )",целая (100%),,,,соше [GAP] ствие [GAP] Ст҃го,1190.0,1225.0,13.0
86,https://epigraphica.ru/epigraphy/inscription/show/86,1190-1225,Подпись к изображению Успения Богородицы,Западные врата Рождественского собора в Суздале,церковные врата,Собор Рождества Пресвятой Богородицы,оуспениѥсто҃ѣ Бц҃ѣ ~,,,кириллица кириллица ( ),золотая наводка,"правая створка, клеймо 10 ( )",с утратами (50-85%),,,,оуспениѥсто҃ѣ Бц҃ѣ ~,1190.0,1225.0,13.0
87,https://epigraphica.ru/epigraphy/inscription/show/87,1190-1225,Подпись к изображению Положения честной ризы Пресвятой Богородицы,Западные врата Рождественского собора в Суздале,церковные врата,Собор Рождества Пресвятой Богородицы,text 1иѥчть҃нꙑ[ꙗ]ризꙑtext 2*а*Ѳе⸗ма,,,кириллица кириллица ( ),золотая наводка,"левая створка, клеймо 11 ( )",целая (100%),,,,иѥчть҃нꙑꙗризꙑ *а*Ѳема,1190.0,1225.0,13.0
88,https://epigraphica.ru/epigraphy/inscription/show/88,1190-1225,Подпись к изображению шествия с телом Богородицы к гробу,Западные врата Рождественского собора в Суздале,церковные врата,Собор Рождества Пресвятой Богородицы,стꙑꙗ Бца тѣло не⸗,,,кириллица кириллица ( ),золотая наводка,"левая створка, клеймо 12 ( )",целая (100%),,,,стꙑꙗ Бца тѣло не,1190.0,1225.0,13.0
92,https://epigraphica.ru/epigraphy/inscription/show/92,1190-1225,Подпись к изображению святого Димитрия ( ),Западные врата Рождественского собора в Суздале,церковные врата,Собор Рождества Пресвятой Богородицы,агиос Дмитрии,,,кириллица кириллица ( ),золотая наводка,центральный вал ( ),целая (100%),,,,агиос Дмитрии,1190.0,1225.0,13.0
93,https://epigraphica.ru/epigraphy/inscription/show/93,1190-1225,Подпись к изображению святого Митрофана ( ),Западные врата Рождественского собора в Суздале,церковные врата,Собор Рождества Пресвятой Богородицы,агиос Митрофа[н],,,кириллица кириллица ( ),золотая наводка,центральный вал ( ),целая (100%),,,,агиос Митрофан,1190.0,1225.0,13.0
95,https://epigraphica.ru/epigraphy/inscription/show/95,1190-1225,Подпись к изображению святого Федора ( ),Западные врата Рождественского собора в Суздале,церковные врата,Собор Рождества Пресвятой Богородицы,агиос Ѳеодоръ,,,кириллица кириллица ( ),золотая наводка,центральный вал ( ),целая (100%),,,,агиос Ѳеодоръ,1190.0,1225.0,13.0
96,https://epigraphica.ru/epigraphy/inscription/show/96,[1430-1460],"Подписи к изображениям апостолов, Богородицы и Иисуса Христа",Магдебургские врата Софийского собора в Великом Новгороде,церковные врата,Собор св. Софии,Текст 1ап҃ліТекст 2:Прчт҃аꙗТекст 3:Іс҃ Хс҃Текст 4:апл҃и,,,кириллица,резьба по металлу,"левая створка, клеймо 1",целая (100%),«По совокупности эпиграфических признаков они [русские надписи Софийских дверей] находят больше всего соответствия среди надписей на произведениях прикладного искусства Северо-Восточной Руси 30-х – 60-х годов XV в.» ( ),,,ап҃лі Прчт҃аꙗ Іс҃ Хс҃ апл҃и,1430.0,1460.0,15.0
97,https://epigraphica.ru/epigraphy/inscription/show/97,[1430–1460],Подпись к изображению волхвов,Магдебургские врата Софийского собора в Великом Новгороде,церковные врата,Собор св. Софии,волсви персистї идꙋ къ Хꙋ з дары,,,кириллица,резьба по металлу,"левая створка, ряд 3, левое клеймо",целая (100%),«По совокупности эпиграфических признаков они [русские надписи Софийских дверей] находят больше всего соответствия среди надписей на произведениях прикладного искусства Северо-Восточной Руси 30-х – 60-х годов XV в.» ( ),,,волсви персистї идꙋ къ Хꙋ з дары,1430.0,1460.0,15.0
98,https://epigraphica.ru/epigraphy/inscription/show/98,[1430–1460],Подписи к изображениям Богородицы и Иисуса Христа,Магдебургские врата Софийского собора в Великом Новгороде,церковные врата,Собор св. Софии,Текст 1:Прч҃таТекст 2:Іс҃ Хс҃,,,кириллица,резьба по металлу,"левая створка, ряд 3, левая часть правого клейма",целая (100%),«По совокупности эпиграфических признаков они [русские надписи Софийских дверей] находят больше всего соответствия среди надписей на произведениях прикладного искусства Северо-Восточной Руси 30-х – 60-х годов XV в.» ( ),,,Прч҃та Іс҃ Хс҃,1430.0,1460.0,15.0
100,https://epigraphica.ru/epigraphy/inscription/show/100,[1430–1460],"Подписи к изображениям Иерусалимского храма, Богородицы и Иисуса Христа и обозначение сцены Сретения",Магдебургские врата Софийского собора в Великом Новгороде,церковные врата,Собор св. Софии,Текст 1Текст 2срѣтенїе Гн҃еТекст 3:Прч҃с҇таТекст 4:Іс҃ Хс҃,,,кириллица,резьба по металлу,"левая створка, ряд 4, левое клеймо",целая (100%),«По совокупности эпиграфических признаков они [русские надписи Софийских дверей] находят больше всего соответствия среди надписей на произведениях прикладного искусства Северо-Восточной Руси 30-х – 60-х годов XV в.» ( ),,,срѣтенїе Гн҃е Прч҃с҇та Іс҃ Хс҃,1430.0,1460.0,15.0
102,https://epigraphica.ru/epigraphy/inscription/show/102,[1430–1460],"Подпись к дверной ручке в виде пасти льва, полной голов грешников",Магдебургские врата Софийского собора в Великом Новгороде,церковные врата,Собор св. Софии,адъ пожирае грѣшных,,,кириллица,резьба по металлу,"левая створка, ряд 4, правая часть правого клейма",целая (100%),«По совокупности эпиграфических признаков они [русские надписи Софийских дверей] находят больше всего соответствия среди надписей на произведениях прикладного искусства Северо-Восточной Руси 30-х – 60-х годов XV в.» ( ),,,адъ пожирае грѣшных,1430.0,1460.0,15.0
103,https://epigraphica.ru/epigraphy/inscription/show/103,[1430–1460],Подпись к изображению встречи Марии и Елизаветы,Магдебургские врата Софийского собора в Великом Новгороде,церковные врата,Собор св. Софии,Марїа и Елисавеѳь,,,кириллица,резьба по металлу,"левая створка, ряд 5, левая часть левого клейма",целая (100%),«По совокупности эпиграфических признаков они [русские надписи Софийских дверей] находят больше всего соответствия среди надписей на произведениях прикладного искусства Северо-Восточной Руси 30-х – 60-х годов XV в.» ( ),,Имена являются переводом латинских подписей к соответствующим фигурам.,Марїа и Елисавеѳь,1430.0,1460.0,15.0
104,https://epigraphica.ru/epigraphy/inscription/show/104,[1430–1460],Подпись к изображению бегства Марии и Иосифа в Египет,Магдебургские врата Софийского собора в Великом Новгороде,церковные врата,Собор св. Софии,Марїа мт҃и Їсо҃ва сниде въ Егѵпет҇ со Їѡсифмъ,,,кириллица,резьба по металлу,"левая створка, ряд 5, правая часть левого клейма",целая (100%),«По совокупности эпиграфических признаков они [русские надписи Софийских дверей] находят больше всего соответствия среди надписей на произведениях прикладного искусства Северо-Восточной Руси 30-х – 60-х годов XV в.» ( ),,Дословный перевод латинской надписи: +m*ar*ia mater ih҃u descndit in҇ egiptum҇ cum҇ ioseh.,Марїа мт҃и Їсо҃ва сниде въ Егѵпет҇ со Їѡсифмъ,1430.0,1460.0,15.0
107,https://epigraphica.ru/epigraphy/inscription/show/107,[1430–1460],Подпись к изображению вознесения пророка Илии,Магдебургские врата Софийского собора в Великом Новгороде,церковные врата,Собор св. Софии,взꙗт҇е Илїи про҇рк[а] ѿ землꙗ в раи,,,кириллица,резьба по металлу,"левая створка, ряд 6, левое клеймо",целая (100%),«По совокупности эпиграфических признаков они [русские надписи Софийских дверей] находят больше всего соответствия среди надписей на произведениях прикладного искусства Северо-Восточной Руси 30-х – 60-х годов XV в.» ( ),,,взꙗт҇е Илїи про҇рка ѿ землꙗ в раи,1430.0,1460.0,15.0
109,https://epigraphica.ru/epigraphy/inscription/show/109,[1430–1460],Подпись к изображению мастера Риквина,Магдебургские врата Софийского собора в Великом Новгороде,церковные врата,Собор св. Софии,мастеръ Никви҇нъ [мепеги],,,кириллица,резьба по металлу,"левая створка, ряд 7, правая часть левого клейма",целая (100%),«По совокупности эпиграфических признаков они [русские надписи Софийских дверей] находят больше всего соответствия среди надписей на произведениях прикладного искусства Северо-Восточной Руси 30-х – 60-х годов XV в.» ( ),,"Подпись к изображению мастера, изготовившего врата. Перевод-транслитерация латинской надписи Riquin me fec с заменой некоторых букв (R → Н, F → П, C → Г). Последнее слово в настоящее время скрыто под ограничительной пластиной.",мастеръ Никви҇нъ мепеги,1430.0,1460.0,15.0
110,https://epigraphica.ru/epigraphy/inscription/show/110,[1430–1460],Подписи к изображениям Адама и Евы и комментарий к сцене грехопадения,Магдебургские врата Софийского собора в Великом Новгороде,церковные врата,Собор св. Софии,Текст 1:Текст 2:ЕвгаТекст 3:снѣдоста ѿ плода древꙋ,,,кириллица,резьба по металлу,"левая створка, ряд 7, левая часть левого клейма",целая (100%),«По совокупности эпиграфических признаков они [русские надписи Софийских дверей] находят больше всего соответствия среди надписей на произведениях прикладного искусства Северо-Восточной Руси 30-х – 60-х годов XV в.» ( ),,,Евга снѣдоста ѿ плода древꙋ,1430.0,1460.0,15.0
111,https://epigraphica.ru/epigraphy/inscription/show/111,[1430–1460],Подпись к изображению мастера Аврама Подпись к изображению мастера Аврама ( ),Магдебургские врата Софийского собора в Великом Новгороде,церковные врата,Собор св. Софии,мастеръ Аврамъ,,,кириллица,резьба по металлу,"левая створка, ряд 7, пластина между клеймами",целая (100%),«По совокупности эпиграфических признаков они [русские надписи Софийских дверей] находят больше всего соответствия среди надписей на произведениях прикладного искусства Северо-Восточной Руси 30-х – 60-х годов XV в.» ( ),,"Подпись к изображению мастера Аврама, предположительно, собиравшего врата после их попадания в Новгород и добавившего эту пластину по своему усмотрению. Возможно, однако, что русский мастер нанес свое имя на оригинальную пластину с изображением немецкого мастера, предварительно стесав имя своего предшественника.",мастеръ Аврамъ,1430.0,1460.0,15.0
112,https://epigraphica.ru/epigraphy/inscription/show/112,[1430–1460],Подпись к изображению сотворения Адама и Евы,Магдебургские врата Софийского собора в Великом Новгороде,церковные врата,Собор св. Софии,сотворен[ї]е Адамле и Евгино,,,кириллица,резьба по металлу,"левая створка, ряд 7, левая часть правого клейма",целая (100%),«По совокупности эпиграфических признаков они [русские надписи Софийских дверей] находят больше всего соответствия среди надписей на произведениях прикладного искусства Северо-Восточной Руси 30-х – 60-х годов XV в.» ( ),,,сотворенїе Адамле и Евгино,1430.0,1460.0,15.0
114,https://epigraphica.ru/epigraphy/inscription/show/114,[1430–1460],Подпись к сцене бичевания Христа,Магдебургские врата Софийского собора в Великом Новгороде,церковные врата,Собор св. Софии,беиение Іс҃ Хв҃о у столпа,,,кириллица,резьба по металлу,"правая створка, ряд 3, правое клеймо",целая (100%),«По совокупности эпиграфических признаков они [русские надписи Софийских дверей] находят больше всего соответствия среди надписей на произведениях прикладного искусства Северо-Восточной Руси 30-х – 60-х годов XV в.» ( ),,"Надпись относится к изображению, которое А. Гольдшмидт идентифицирует как «Освобождение святого Петра из темницы». По-видимому, инскриптор спутал два сюжета со схожей иконографией, и надпись должна была пояснять сцену бичевания Христа, которая располагается в следующем ряду.",беиение Іс҃ Хв҃о у столпа,1430.0,1460.0,15.0
116,https://epigraphica.ru/epigraphy/inscription/show/116,[1430–1460],Подписи к фигурам архангелов и Иисуса Христа в сцене Воскресения,Магдебургские врата Софийского собора в Великом Новгороде,церковные врата,Собор св. Софии,Текст 1:Текст 2:Іс҃ Хс҃Текст 3:архн҃глъ,,,кириллица,резьба по металлу,"левая створка, ряд 6, правое клеймо",целая (100%),,,,Іс҃ Хс҃ архн҃глъ,1430.0,1460.0,15.0
117,https://epigraphica.ru/epigraphy/inscription/show/117,1080-1160,"Евхаристическая надпись (Мф. 26:26), вкладная надпись Петрилы и его жены Варвары, молитва и подпись мастера Братила-Флора",Кратир мастера Братилы,евхаристическая чаша,Собор св. Софии,Текст 1:овъТекст 2:Ми҃р Ѳу҃и агіа|im.|о агіоςВарвара|im.|ПетроςИс҃ Хс҃Текст 3:+ сь съсꙋдъ Петриловъ и женъи ѥго ВарварꙑТекст 4:+ Ги҃ помози ра⸗боу своемоуѲълорови ·:·Братило дѣ⸗лалъ,,"Пейте из нее все: это Кровь Моя нового завета, за многих изливаемая во оставление грехов. Матерь Божья, святая Варвара, святой Петр, Иисус Христос. Это сосуд Петрила и его жены Варвары. Господи, помоги рабу своему Флору. Братило сделал.",кириллица,"резьба по металлу чеканка, чернение, гравировка ( )","венец (текст 1), тулово (текст 2), поддон (текст 3), днище (текст 4)",целая (100%),1090-1150 ( ),,,овъ Ми҃р Ѳу҃и агіа [GAP] о агіоВарвара [GAP] ПетроИс҃ Хс҃ + сь съсꙋдъ Петриловъ и женъи ѥго Варварꙑ + Ги҃ помози рабоу своемоуѲълорови · : · Братило дѣлалъ,1080.0,1160.0,12.0
118,https://epigraphica.ru/epigraphy/inscription/show/118,1080-1160,"Евхаристическая надпись (Мф. 26:26), вкладная надпись Петра и его жены Настасьи, молитва и подпись мастера Косты",Кратир мастера Косты,евхаристическая чаша,Собор св. Софии,text 1овъtext 2Мр҃ Ѳу҃о агіѡс|im.|и агіасПетръ~|im.|НастасіаІс҃ Хс҃text 3+ сь съсꙋдъ Петровъ и женꙑ его Марьѣtext 4+ Ги҃ помозирабꙋ свосмоуКостѧньтинꙋКоста дѣлалъамнь+,,"Пейте из нее все: это Кровь Моя нового завета, за многих изливаемая во оставление грехов. Матерь Божья, святой Петр, святая Настасья, Иисус Христос. Это сосуд Петра и его жены Марьи. Господи, помоги рабу своему Константину. Коста сделал. Аминь.",кириллица,"резьба по металлу чеканка, чернение, гравировка ( )",венец тулово поддон днище,целая (100%),1090-1150 ( ),,,овъ Мр҃ Ѳу҃о агіѡс [GAP] и агіасПетръ~ [GAP] НастасіаІс҃ Хс҃ + сь съсꙋдъ Петровъ и женꙑ его Марьѣ + Ги҃ помозирабꙋ свосмоуКостѧньтинꙋКоста дѣлалъамнь +,1080.0,1160.0,12.0
119,https://epigraphica.ru/epigraphy/inscription/show/119,1067-1068,Надпись об измерении князем Глебом Святославичем расстояния между Тмутараканью и Корчевом,Тмутараканский камень,плита,возле станицы Таманская,[☩] ⁙ въ лѣто ·҂ѕ҃·ф҃(·)оѕ҃[·] інді ·ѕ҃(·) Глѣбъ кнѧзь мѣрилъ мо,,"‘В 6576 (1068) году, в 6 [год] индикта князь Глеб мерил море по льду от Тмутаракани до Корчева: 14.000 сажен’.",кириллица,резьба по камню,"«Надпись длиною в 90 см была тщательно высечена в две строки на боковой, вертикальной грани подножья». ( )","с небольшими утратами (>85%), целая (100%)","XI–XII вв.: надпись «выполнена крупным, четким уставом, причем пропорции некоторых букв: М, Н, Т близки к квадрату. Буквы строго вертикальны, некоторые слегка наклонены к началу строки». ( )",,"В /оѕ/ /ѕ/ написано внутри /о/. «Ширина Керченского пролива (“моря”), по данным А. А. Спицына, 23 363 м. При древних саженях в 216 см 14 000 таких саженей дадут расстояние в 30 240 м, что на 6 км превысит истинное расстояние. Очевидно, измерение производилось или в “прямых» саженях (152,7 см), что даст 21 379 м, или в “мерных” саженях (176,4 см), что даст 24 696 м. Учитывая практику больших измерений малой мерой, нужно признать, пожалуй, более вероятным изменение “мерными” саженями, когда ошибка сказалась в преувеличении истинного расстояния на 5%, что было вызвано трудностью трассирования прямой. Отклонения от прямой преувеличили расстояние. Истинная величина 13 244 “мерных” сажени» (Рыбаков 1964а).",☩ ⁙ въ лѣто · ҂ѕ҃ · ф҃ · оѕ҃ · інді · ѕ҃ · Глѣбъ кнѧзь мѣрилъ мо,1067.0,1068.0,11.0
120,https://epigraphica.ru/epigraphy/inscription/show/120,1120-1140,Молитва о князе Борисе Всеславиче,1-й Борисов камень (Борис-Хлебник),валун,"в 5 км ниже Полоцка, на отмели Западной Двины",(Іс)|im.|Хс|im.|каГи҃ по|im.|мозирабю св|im.|оемꙋБорісѹ,,"Господи, помоги рабу своему Борису.",кириллица,резьба по камню,На валуне высечен крест длиною более полутора метров с надписями [ІС] ХС ника в верхней части креста и формулой «господи помози» в середине. ( ),с небольшими утратами (>85%),,,,Іс [GAP] Хс [GAP] каГи҃ по [GAP] мозирабю св [GAP] оемꙋБорісѹ,1120.0,1140.0,12.0
121,https://epigraphica.ru/epigraphy/inscription/show/121,1120-1140,Молитва о князе Борисе Всеславиче,2-й Борисов камень,валун,"в 5 км ниже г. Дисна, в 40 км ниже Полоцка, на отмели Западной Двины",ни|im.|камзі|im.|рабꙋ сво⸗емꙋ Бо|im.|рисѹ,,"Господи, помоги рабу своему Борису.",кириллица,резьба по камню,,утрачена,,,,ни [GAP] камзі [GAP] рабꙋ своемꙋ Бо [GAP] рисѹ,1120.0,1140.0,12.0
122,https://epigraphica.ru/epigraphy/inscription/show/122,1120-1140,Молитва о князе Борисе Всеславиче,3-й Борисов камень,валун,На отмели Западной Двины,Іс҃|im.|Хс҃н҃и|im.|к҃аГи҃ по[м]о⸗|im.|своѥ[м]ꙋзи р(аб)ꙋ|im.|Бор(ис)ꙋ,,"Господи, помоги рабу своему Борису.",кириллица,резьба по камню,,утрачена,,,,Іс҃ [GAP] Хс҃н҃и [GAP] к҃аГи҃ помо [GAP] своѥмꙋзи рабꙋ [GAP] Борисꙋ,1120.0,1140.0,12.0
124,https://epigraphica.ru/epigraphy/inscription/show/124,1120-1140,"Молитва, предположительно, о князе Борисе Всеславиче",5-й Борисов камень,валун,на берегу Западной Двины напротив древней Спасской церкви,Іс҃|im.|Хс҃н҃и|im.|к҃аГи҃ по⸗мози рабѹ(с)воему,,"Господи, помоги рабу своему.",кириллица,резьба по камню,,с утратами (50-85%),,,,Іс҃ [GAP] Хс҃н҃и [GAP] к҃аГи҃ помози рабѹсвоему,1120.0,1140.0,12.0
125,https://epigraphica.ru/epigraphy/inscription/show/125,1120-1140,Надпись с именем заказчика — Воротиши,"6-й Борисов камень, Воротишин крест",валун,На берегу р. Вилии,Іс|im.|Хс|im.|каВоро|im.|тишинъхръ|im.|стъ,,Крест Воротиши.,кириллица,резьба по камню,,целая (100%),,,,Іс [GAP] Хс [GAP] каВоро [GAP] тишинъхръ [GAP] стъ,1120.0,1140.0,12.0
126,https://epigraphica.ru/epigraphy/inscription/show/126,1133,Надпись посадника Иванка Павловича о начале гидротехнических работ по углублению или запруде верховьев Волги,Стерженский крест,крест,Стерженское городище,[вл҃]о ҂ѕ҃х҃м҃и рѣк⸗[ꙋ] сю ѧзъИванкоПавловїцьі крс҃тъ сь п⸗оставхъ,,"В 6641 (1133) году, в 14 день месяца июля я, Иванко Павлович, начал рыть эту реку и поставил этот крест.",кириллица,резьба по камню,,целая (100%),,,Буква ѕ записана зеркально.,вл҃о ҂ѕ҃х҃м҃и рѣкꙋ сю ѧзъИванкоПавловїцьі крс҃тъ сь поставхъ,1133.0,1133.0,12.0
127,https://epigraphica.ru/epigraphy/inscription/show/127,1171,Надпись об изготовлении креста и молитва о князе Рогволоде Борисовиче,"Рогволдов (Оршанский, Борисоглебский) камень",валун,Борисоглебская часовня,въ лѣт[·]ѕ҃[·]х҃[·]о҃[·]ѳ҃[·] мц҃а маиѧ въ ·з҃· дн҃ь доспенъ крс҇ь сиі Ги҃ помози (р)[а]бу своѥму Василию в кр҇щениі іменемь Рогволод[у] сн҃у|im.|Бори⸗|im.|Хс҃н҃и|im.|к҃а,,"В 6679 (1171) году, в 7 день месяца мая изготовлен этот крест. Господи, помоги рабу своему в крещении Василию, именем Рогволоду, Борисову сыну.",кириллица,резьба по камню,"На камне посредине глубоко выбито изображение 6-конечного креста на голгофе, по сторонам которого две монограммы Христа, а вокруг — выбитая двустрочная круговая надпись, конец которой, уже в двух прямых строках, находится по сторонам упомянутого выше креста. ( )",утрачена,,,,въ лѣт · ѕ҃ · х҃ · о҃ · ѳ҃ · мц҃а маиѧ въ · з҃ · дн҃ь доспенъ крс҇ь сиі Ги҃ помози рабу своѥму Василию в кр҇щениі іменемь Рогволоду сн҃у [GAP] Бори [GAP] Хс҃н҃и [GAP] к҃а,1171.0,1171.0,12.0
129,https://epigraphica.ru/epigraphy/inscription/show/129,←1200-1220→,Похвала кресту,Плита из кладки Рождественского собора в Суздале,плита,Собор Рождества Пресвятой Богородицы,кр(с҇)т[ъ] [ѡ]⸗ньникъвсеи вселе(нѣи) ...(цр҃квн)ое ꙋкрашение кр(с҇)тъ…,,Крест — хранитель всей вселенной. Крест — церковное украшение. Крест…,кириллица,резьба по камню,"Надпись была сделана в форме креста: верхние три строки короткие и ровно ограничены по вертикали справа; четвертая — длинная — выступала справа и слева на расстояние, равное вышине первых трех строк. Учитывая весь текст «похвалы кресту», можно быть уверенным, что надпись была расположена крестообразно, образуя фигуру четырехконечного креста. По положению надписи на плите ясно, что это не был отдельно стоящий каменный крест; кроме того, сама плита тонка и приспособлена именно для облицовки; следовательно, эта надпись была сделана непосредственно на стене какого-то здания. ( )",фрагмент (15-50%),,,,крс҇тъ ѡньникъвсеи вселенѣи [GAP] цр҃квное ꙋкрашение крс҇тъ [GAP],1200.0,1220.0,13.0
130,https://epigraphica.ru/epigraphy/inscription/show/130,1220-1240,Надпись об установке креста князем Святославом Всеволодовичем,Постамент под Святославовым крестом,"плита, постамент",Собор св. вмч. Георгия,мс҇ца июнѧ въ ·л· [д](н҃ь на)т҇ст҃го Іѡ҃ · Воин(и)⸗ка поставленъ крс҇тъ [с](ь)Ст҃ославъмь Всево[л](о)⸗дичемь амі[н](ъ),,"В 30 день месяца июня, на память святого Иоанна Воина, этот крест поставлен Святославом Всеволодичем. Аминь.",кириллица,резьба по камню,"[В]опрос о местонахождении надписи и всей композиции Распятие продолжает оставаться нерешенным. <...> [О]кончание надписи заходит на [проходящий по нижнему краю камня обрамляющий] <...> кант, так как резчик не рассчитал место для надписи. Вероятно, надпись находилась в первом ряду кладки, над цоколем. ( )",целая (100%),Надпись отличается типичным для начала XIII в. письмом с несколько удлиненными пропорциями. ( ),,,мс҇ца июнѧ въ · л · дн҃ь нат҇ст҃го Іѡ҃ · Воиника поставленъ крс҇тъ сьСт҃ославъмь Всеволодичемь амінъ,1220.0,1240.0,13.0
131,https://epigraphica.ru/epigraphy/inscription/show/131,1234,Молитва о чернеце Симеоне и запись об установке креста,Крест чернеца Симеона,крест,Владимирская башня Новгородского детинца,Текст 1:Текст 2:[а] поставленъ[Бо](жи ·) [к](р)[с҃]тъ сив лт҃о ·҂ѕ·[ѱ](·)[·мв҃](·)мс҇цѧ · авгꙋста(в)ъ (·)еı҃· на памт(ь)ст҃ꙑѧ · Бц҃ѧ · Ꙋс⸗пение · Влч҃ѧ ·,,"‘Господи, спаси и помилуй своего грешного раба Семеона, монаха Аркажа (т. е. Аркадова) монастыря. Аминь’ (Текст 1). ‘А установлен этот Божий крест 15 августа 6742 года, на память cвятой Богородицы, [на] Успение Владычицы’ (Текст 2). ( )",кириллица,резьба по камню,"Первые 11 строк надписи занимают среднюю и нижнюю части верхней лопасти креста, а конечные три строки находятся в самой верхней части нижней лопасти.",с небольшими утратами (>85%),,,,а поставленъБожи · крс҃тъ сив лт҃о · ҂ѕ · ѱ · · мв҃ · мс҇цѧ · авгꙋставъ · еı҃ · на памтьст҃ꙑѧ · Бц҃ѧ · Ꙋспение · Влч҃ѧ ·,1234.0,1234.0,13.0
132,https://epigraphica.ru/epigraphy/inscription/show/132,1260-1280,Надпись о преставлении черноризца Зиновия,Надгробие монаха Зиновия,"валун, надгробная плита",монастырь свв. Бориса и Глеба на Смядыни,text 1мца іюлѧ ѕ д⸗нь прьставил⸗осѧ рабъ БжиіЗенъвиі чъ⸗рнъризьцьtext 2в҃ і҃ꙩ҃а҃,,В шестой день месяца июля преставился раб Божий черноризец Зеновий. 1271 [год].,кириллица,резьба по камню,"на лицевой стороне (эпитафия), на обороте (дата)",целая (100%),1280–1300 ( ),,,мца іюлѧ ѕ днь прьставилосѧ рабъ БжиіЗенъвиі чърнъризьць в҃ і҃ꙩ҃а҃,1260.0,1280.0,13.0
133,https://epigraphica.ru/epigraphy/inscription/show/133,1360-1388,Надпись о поставлении креста и многолетствование архиепископу новгородскому Алексею; цитаты из Октоиха и канона Успению; подписи к изображениям,Алексеевский крест,крест,"Софийский собор, на западной стене Софийского собора, справа от Магдебургских врат",text 1писанъбы҃ крстъ сеи · в Новѣгородѣобщаго лѣ · повелениѥмьбо҃любиваго ·пресщнгоархиепскпа Олеѯиꙗ·и поставле[н]ъ · на поклонение·правовѣрнымъхрстьꙗномъ·архиепс\кпуОлеѯию· да⸗-Бъ҃многа лѣт· и здравиѥ·и спс\ние · и дѣтемъего всемумируtext 2архангл Гаврил|im.|Мр҃ Ѳу҃прѣбуд⸗еши порж҃твѣдв҃аа посме⸗ртижіваtext 3Іс҃ Хс҃цр҃ь|im.|сл҃выкт҃ъ твоихреаще древо види⸗мо ѥсть но би҃ею силою о⸗дѣно|im.|ѥстьМр҃ Ѳу҃|im.|Иоа҃ Бо҃лв,,"В 68-- году этот крест подписан в Новгороде в невисокосный год повелением боголюбивого пресвященного архиепископа Олексия и поставлен на поклонение правоверным христианам. Архиепископу Олексию пусть подаст Бог многая лета и здравие и спасение и пастве его — всему народу. Родив, останешься дева, а после смерти — жива. Крест твой, Христос, выглядит, как дерево, но одетое Божьей силой.",кириллица,резьба по камню,"по контуру лопастей креста на верхней лопасти креста, в композиции Благовещения в центре креста, над Распятием ( )",с небольшими утратами (>85%),"[1320–1360] Графика: ѻ 'Широкое О' 1300>, И 4 'Высокая перекладина' 1300>, Н 3 'Высокая перекладина' 1300>, Ю IIа 'Высокая перемычка' 1320>, Ꙗ IIа 'Высокая перемычка' 1320>, Ѥ IIа 'Высокая перемычка' 1340>, В IIа (!) 'Перелом при мачте' <1320, Р Iа 'Округлая петля (прямая мачта)' <1360, Р II 'Углом вверх' <1380.",,,писанъбы҃ крстъ сеи · в Новѣгородѣобщаго лѣ · повелениѥмьбо҃любиваго · пресщнгоархиепскпа Олеѯиꙗ · и поставленъ · на поклонение · правовѣрнымъхрстьꙗномъ · архиепс\кпуОлеѯию · да-Бъ҃многа лѣт · и здравиѥ · и спс\ние · и дѣтемъего всемумиру архангл Гаврил [GAP] Мр҃ Ѳу҃прѣбудеши порж҃твѣдв҃аа посмертижіва Іс҃ Хс҃цр҃ь [GAP] сл҃выкт҃ъ твоихреаще древо видимо ѥсть но би҃ею силою одѣно [GAP] ѥстьМр҃ Ѳу҃ [GAP] Иоа҃ Бо҃лв,1360.0,1388.0,14.0
137,https://epigraphica.ru/epigraphy/inscription/show/137,1052,Надпись о переосвящении Софийского собора 4 ноября 1052 г. митрополитом Ефремом,Стены киевского Софийского собора,стена церкви,Собор св. Софии,(въ) лѣ(т)ѕ҃ф҃ѯ҃ свѧ⸗,,‘4 ноября 6560 года освящена святая София митрополитом Ефремом …’.,кириллица,граффито,восточная грань восточной лопатки второго от алтаря южного крестчатого столба ( ),с утратами (50-85%),,,"Надпись является одним из важнейших источников по истории Русской церкви XI в. Из нее следует, что русин Иларион, занявший митрополичий престол в 1051 г., продержался на этом месте менее полутора лет.",въ лѣтѕ҃ф҃ѯ҃ свѧ,1052.0,1052.0,11.0
138,https://epigraphica.ru/epigraphy/inscription/show/138,1000-1200,Владельческая надпись Потворы,Пряслице № 1,пряслице,Усадьба Есикорского,Потворинъ прѧ⸗,,"‘Пряслень (пряслице), принадлежащий Потворе’. ( )",кириллица,граффито,на обеих плоскостях пряслица,целая (100%),,,,Потворинъ прѧ,1000.0,1200.0,11.0
143,https://epigraphica.ru/epigraphy/inscription/show/143,1100-1200,Памятная надпись Иванка с Овдотьей,Пряслице № 6,пряслице,Замок,Іванкъ с=Ъвдътеею о⸗,,‘Иванко с Овдотьею – одна душа’. ( ),кириллица,граффито,Надпись заполняет всю нижнюю грань пряслица и переходит затем на верхнюю ( ),целая (100%),XII в. ( ),,,Іванкъ сЪвдътеею о,1100.0,1200.0,12.0
147,https://epigraphica.ru/epigraphy/inscription/show/147,1100-1200,Владельческая надпись бабушки,Пряслице № 10,пряслице,Витебская губерния (точное место неизвестно),+ бабино прѧсльне,,‘Бабушкино пряслице’. ( ),кириллица,граффито,"Надпись идёт по верхнему ребру, по кругу ( )",целая (100%),"Вероятно, XII в. ( )",,"Графика: ъ → о , е = ь . Точная параллель – новгородское пряслице с надписью < бабине прѧслень >: эта пара демонстрирует диалектное различие окончаний в И. ед.",+ бабино прѧсльне,1100.0,1200.0,12.0
150,https://epigraphica.ru/epigraphy/inscription/show/150,1200-1300,Молитва о Недане,Пряслице Неданы,пряслице,Старый Замок,Ги҃ помози рабе своеи Недан[ѣ],,"'Господи, помоги рабе своей Недане' ( )",кириллица,граффито,Прочерчена по боковой стороне пряслица в два ряда. Надпись начинается на нижней грани пряслица и затем переходит на верхнюю.,целая (100%),XIII в. ( ),,,Ги҃ помози рабе своеи Неданѣ,1200.0,1300.0,13.0
151,https://epigraphica.ru/epigraphy/inscription/show/151,[1150–1200],Владельческая надпись Настасии,Пряслице Настасьи,пряслице,Раскоп Окольного города № 9,Настасино пр(ѧ)слън(е),,'Пряслень Настасии' ( ),кириллица,граффито,Начинается на нижней грани пряслица и переходит на верхнюю.,целая (100%),XII в. ( ),,,Настасино прѧслъне,1150.0,1200.0,12.0
152,https://epigraphica.ru/epigraphy/inscription/show/152,1200-1300,Молитвенная надпись,Пряслице,пряслице,Замчище,Го҃ помози раб[о]у с…,,"'Господи, помоги рабу с(воему)' ( )",кириллица,граффито,Процарапана по верхней грани.,целая (100%),XIII в. ( ),,,Го҃ помози рабоу с [GAP],1200.0,1300.0,13.0
155,https://epigraphica.ru/epigraphy/inscription/show/155,1100-1300,Владельческая надпись Парасии,Пряслице Парасии,пряслице,Борковское селище,прѧслнь Парасии,,пряслень Парасии ( ),кириллица,граффито,,целая (100%),XII-XIII вв. ( ),,,прѧслнь Парасии,1100.0,1300.0,12.0
160,https://epigraphica.ru/epigraphy/inscription/show/160,1100-1200,Владельческая надпись Иванки,Пряслице,пряслице,Неревский раскоп,Иванчинь прѧсл(е)нъ,,Иванкино пряслице.,кириллица,граффито,,с небольшими утратами (>85%),XII в. ( ),,,Иванчинь прѧсленъ,1100.0,1200.0,12.0
162,https://epigraphica.ru/epigraphy/inscription/show/162,[1520–1580],Подпись к изображению моления Анны Надпись на нимбе Анны,Васильевские врата,церковные врата,Собор св. Софии,text 1н҇їно в садꙋtext 2[Ан]на,,,кириллица,золотая наводка,"левая створка, ряд 1 (полукруглое завершение), левое клеймо",целая (100%),,"«Датировка позднейших вставок на вратах варьирует в зависимости от аргументации. на основании анализа стиля отнес новые клейма к 1520–30-м годам, а образ Иоанна Предтечи и умбоны – к 1570-м. связала появление всех дополнений с поновлением Софийского собора в 1550–1560-х годах, а – с переносом врат в Александровскую слободу в 1570-х» ( ).",,н҇їно в садꙋ Анна,1520.0,1580.0,16.0
163,https://epigraphica.ru/epigraphy/inscription/show/163,1100-1200,Молитва о Георгии и Христине,Суздальский змеевик,амулет-филактерий,Собор Рождества Пресвятой Богородицы,+ Ги Исѵсъ Крьсть давые сънъ :з: отрокъ въ сѳѣсьскѣе гърь лажь и --ма рабъма своима,,"Господи, Иисусе Христе, давший сон семерым отрокам в эфесской горе, дай и [этим] рабам твоим, Георгию и Христине, живой и мирный сон и угаси силу огненную. Аминь.",кириллица,резьба по камню,По ободу лицевой стороны.,с небольшими утратами (>85%),1130-1170 ( ),,,+ Ги Исѵсъ Крьсть давые сънъ :з: отрокъ въ сѳѣсьскѣе гърь лажь и [GAP] ма рабъма своима,1100.0,1200.0,12.0
164,https://epigraphica.ru/epigraphy/inscription/show/164,1100-1200,Молитва о Марии и Христине,Суздальский змеевик,амулет-филактерий,Собор Рождества Пресвятой Богородицы,+ Ги пъмъзи ра(бъма св)оима нарьчьныма въ сват{-}мь{ѣ} хрьщьнии Марии,,"Господи, помоги рабам своим, во святом крещении нареченным Мария и Христина, в миру же — жене [или вдове] Моислава со старшей дочерью. Аминь.",кириллица,резьба по камню,По ободу оборотной стороны.,с небольшими утратами (>85%),1130-1170 ( ),,,+ Ги пъмъзи рабъма своима нарьчьныма въ сват-мьѣ хрьщьнии Марии,1100.0,1200.0,12.0
166,https://epigraphica.ru/epigraphy/inscription/show/166,[1520–1580],"Подпись к изображению введения Богородицы во храм Надписи на нимбах Иоакима, Анны, Захарии и Богородицы Надпись на нимбе Богородицы",Васильевские врата,церковные врата,Собор св. Софии,text 1д҇цаtext 2ЇакимАннаЗахаріаБд҇цаtext 3Бд҇ца,,,кириллица,золотая наводка,"левая створка, ряд 1 (полукруглое завершение), правое клеймо",целая (100%),,"«Датировка позднейших вставок на вратах варьирует в зависимости от аргументации. на основании анализа стиля отнес новые клейма к 1520–30-м годам, а образ Иоанна Предтечи и умбоны – к 1570-м. связала появление всех дополнений с поновлением Софийского собора в 1550–1560-х годах, а – с переносом врат в Александровскую слободу в 1570-х» ( ).",,д҇ца ЇакимАннаЗахаріаБд҇ца Бд҇ца,1520.0,1580.0,16.0
170,https://epigraphica.ru/epigraphy/inscription/show/170,←1080-1100,Молитва о Василии (Владимире Мономахе),Черниговская гривна,амулет-филактерий,Чернигов и окрестности (точное место неизвестно),+ Ги помози ра[б]оу своіемꙋ Василигѫ амин,,"‘Господи, помоги рабу своему Василию. Аминь’.",кириллица,литье,по ободу оборотной стороны,целая (100%),,,,+ Ги помози рабоу своіемꙋ Василигѫ амин,1080.0,1100.0,11.0
175,https://epigraphica.ru/epigraphy/inscription/show/175,1335/1336,Подпись к изображению архангела Гавриила Надпись на лабаруме в руках у архангела,Васильевские врата,церковные врата,Собор св. Софии,text 1авоарх҃text 2св {ю}Гс пз Ва⸗сл,,"Гавриил архангел {Свят} Господи, помоги Василию",кириллица,золотая наводка,"Левая створка, ряд 2, левое клеймо",с небольшими утратами (>85%),,,"Можно аккуратно предположить, что автор надписи начал писать традиционные для лабарума слова «свят, свят, свят», однако, не закончив, переключился на молитвенную запись от лица заказчика врат.",авоарх҃ св юГс пз Васл,1335.0,1336.0,14.0
176,https://epigraphica.ru/epigraphy/inscription/show/176,1050–1075,Надпись с согласием Пыпны выйти замуж за Жада,Пряслице Пыпны,пряслице,Вышгородский Детинец,Чепоура пꙑта Пꙑпъна рекла въдатите мѧ за Жад[ъ] хочоу за нъ да мѧ волею сво(ею),,"'Чепура узнавал – Пыпна сказала [своим родным]: выдайте меня за Жада, хочу за него, отдай меня, [батюшка], по моей воле!' ( )",кириллица,граффито,,с небольшими утратами (>85%),,,,Чепоура пꙑта Пꙑпъна рекла въдатите мѧ за Жадъ хочоу за нъ да мѧ волею своею,1050.0,1075.0,11.0
180,https://epigraphica.ru/epigraphy/inscription/show/180,1000-1100,Надпись неизвестного содержания о корчаге,Амфора из Старого города,амфора-корчага,Старый город (точное место неизвестно),...неша плона корцага си...,,,кириллица,граффито надпись по сырой глине до обжига ( ) граффито ( ),"Надпись прочерчена вокруг горлышка на фрагменте корчаги. Сосуд ранее имел две ручки. Наличие ручек мешало писавшему, и в силу этого некоторые части надписи выполнены хуже других. Надпись сделана по кругу, без интервалов между словами.",с утратами (50-85%),XI в. ( ),,"По А. А. Медынцевой, надпись происходит из Причерноморья и свидетельствует о древнерусско-южнославянских языковых контактах. Лингвистические признаки, такие, как о в плона и ц в корцага , этому не противоречат (смешение ч и ц встречается и в болгарских памятниках, включая варианты этого слова).",[GAP] неша плона корцага си [GAP],1000.0,1100.0,11.0
184,https://epigraphica.ru/epigraphy/inscription/show/184,1150-1200,Владельческая надпись Ярополка,Корчага Ярополка,амфора-корчага,"раскопки Замковой горы древнего Пинска (в центре города, неподалеку от р. Пины)",(Ѧ)[р]ополче вино,,"Ярополче вино, т.е. вино Ярополка ( )",кириллица,граффито,,с небольшими утратами (>85%),"По палеографии - XI-XII вв., по фонетическим признакам - не ранее второй половины XII в. ( )",,,Ѧрополче вино,1150.0,1200.0,12.0
185,https://epigraphica.ru/epigraphy/inscription/show/185,1336,"Монограмма Богородицы Подпись к изображению Благовещения Обозначение Иерусалимского храма, для которого Мария прядет завесу",Васильевские врата,церковные врата,Собор св. Софии,text 1М)и҃рtext 2Бла⸗говещ⸗ьниеtext 3Iе|im.|и|im.|мь,,Матерь (Божия) Благовещение Иерусалим,кириллица,золотая наводка,"левая створка, ряд 2, правое клеймо",целая (100%),,,"Вторая часть монограммы Богородицы, по-видимому, расположена справа симметрично и скрыта под креплением",Ми҃р Благовещьние е [GAP] и [GAP] мь,1336.0,1336.0,14.0
187,https://epigraphica.ru/epigraphy/inscription/show/187,1336,"Подпись к изображению Иоанна Крестителя Подпись к изображению сюжета Крещения Подписи к изображениям Христа, архангела Михаила и ангелов",Васильевские врата,церковные врата,Собор св. Софии,text 1text 2Крще⸗ниѥtext 2Іс҃ Хс҃англ҃иМих,,,кириллица,золотая наводка,"левая створка, ряд 3, левое клеймо",с небольшими утратами (>85%),,,,Крщениѥ Іс҃ Хс҃англ҃иМих,1336.0,1336.0,14.0
188,https://epigraphica.ru/epigraphy/inscription/show/188,1336,Надпись на кресте (монограмма Христа) Подпись к изображению Распятия Подписи к изображениям Богородицы и Иоанна,Васильевские врата,церковные врата,Собор св. Софии,Текст 1:Текст 2:Распѧ|im.|тиѥТекст 3:Ми҃рѲꙋ҃Ива⸗нъ,,,кириллица,золотая наводка,"левая створка, ряд 3, правое клеймо",целая (100%),,,,Распѧ [GAP] тиѥ Ми҃рѲꙋ҃Иванъ,1336.0,1336.0,14.0
190,https://epigraphica.ru/epigraphy/inscription/show/190,1336,Подпись к изображению входа в Иерусалим Подпись к изображению Христа,Васильевские врата,церковные врата,Собор св. Софии,text 1|im.|Ѥр҃олмъtext 2Іс҃ Хс҃,,,кириллица,золотая наводка,"левая створка, рял 4, правое клеймо",целая (100%),,,,[GAP] Ѥр҃олмъ Іс҃ Хс҃,1336.0,1336.0,14.0
191,https://epigraphica.ru/epigraphy/inscription/show/191,1336,Подпись к изображению Успения Богородицы Подпись к изображению Христа Подпись к изображению апостолов,Васильевские врата,церковные врата,Собор св. Софии,text 1|im.|ст҃ꙑѧ Бц҃ѧtext 2Іс҃ Хс҃text 3[ап]ли~,,,кириллица,золотая наводка,"левая створка, ряд 5, левое клеймо",с небольшими утратами (>85%),,,,[GAP] ст҃ꙑѧ Бц҃ѧ Іс҃ Хс҃ апли~,1336.0,1336.0,14.0
192,https://epigraphica.ru/epigraphy/inscription/show/192,1336,Подпись к изображению Гроба Господня Подпись к изображению архистратига Михаила Подпись к изображению жен-мироносиц,Васильевские врата,церковные врата,Собор св. Софии,text 1text 2Михаил҇о҃архіс҇text 3мюро⸗носици,,,кириллица,золотая наводка,"левая створка, ряд 5, правое клеймо",целая (100%),,,,Михаил҇о҃архіс҇ мюроносици,1336.0,1336.0,14.0
194,https://epigraphica.ru/epigraphy/inscription/show/194,1336,"Подпись к целому клейму Фраза над головой дьявола Подпись над изображением души и два слова внутри весов, которые следует читать как единую фразу Слова архангела, обращенные к сатане",Васильевские врата,церковные врата,Собор св. Софии,text 1|im.|душе[внаꙗ]text 2ѡ̇кнꙑ ꙗ⸗рма · не (ви)⸗дѣлъ · цм҃ѡ̇тѧну(ти)дбрихъ · і лихиъtext 3душаустра⸗шае⸗тсѣtext 4прѣ⸗вѣтаtext 5грѣх⸗ꙑtext 6аще тѧ ~ѡ̇каньражю тоувидишисобѣ,,"Весы духовные Окаянный не видел, чем оттянуть весы добра и зла. Душа устрашается перевеса грехами. Если поражу тебя, окаянный, то увидишь! ( )",кириллица,золотая наводка,"левая створка, ряд 6, правое клеймо",с небольшими утратами (>85%),,,,[GAP] душевнаꙗ ѡ̇кнꙑ ꙗрма · не видѣлъ · цм҃ѡ̇тѧнутидбрихъ · і лихиъ душаустрашаетсѣ прѣвѣта грѣхꙑ аще тѧ ~ѡ̇каньражю тоувидишисобѣ,1336.0,1336.0,14.0
195,https://epigraphica.ru/epigraphy/inscription/show/195,1336,Подпись к изображению притчи о сладости мира сего Число три – подпись к изображению трех аспидов Число три – подпись к изображению трех аспидов Подпись к изображению черной мыши Подпись к изображению белой мыши,Васильевские врата,церковные врата,Собор св. Софии,text 1text 2·г҃·text 3·г҃·text 4(ноч)ь ч(р҃наꙗ мꙑ)шьtext 5дн҃ь мꙑшь б(л҃аꙗ),,,кириллица,золотая наводка,"левая створка, ряд 7, левое клеймо",с утратами (50-85%),,,,· г҃ · · г҃ · ночь чр҃наꙗ мꙑшь дн҃ь мꙑшь бл҃аꙗ,1336.0,1336.0,14.0
196,https://epigraphica.ru/epigraphy/inscription/show/196,[1520–1580],"Подпись к изображению Рождества Богородицы Надпись на нимбе Анны Надписи на нимбах Анны, Иоакима и Богородицы",Васильевские врата,церковные врата,Собор св. Софии,Текст 1:҇҇ца)Текст 2:А̇нн̇аТекст 3:А̇н̇наІа̇кимМр Ѳꙋ,,,кириллица,золотая наводка,"правая створка, ряд 1 (полукруглое завершение), левое клеймо",целая (100%),,"«Датировка позднейших вставок на вратах варьирует в зависимости от аргументации. на основании анализа стиля отнес новые клейма к 1520–30-м годам, а образ Иоанна Предтечи и умбоны – к 1570-м. связала появление всех дополнений с поновлением Софийского собора в 1550–1560-х годах, а – с переносом врат в Александровскую слободу в 1570-х» ( ).",,҇҇ца А̇нн̇а А̇н̇наІа̇кимМр Ѳꙋ,1520.0,1580.0,16.0
198,https://epigraphica.ru/epigraphy/inscription/show/198,1336,Подпись к изображению Рождества Христова Название Вифлеема (?) Подписи к изображению волхвов Подписи к изображению Богородицы и Христа Подпись к изображению Христа в сюжете Крещения Подпись к изображению святого Иосифа,Васильевские врата,церковные врата,Собор св. Софии,text 1text 2Оѳ(леемъ)text 3Волта⸗саръГас̇ва⸗ръtext 4Мр҃ · Ѳꙋ҃·Іс҃ · Хъ҃text 5Іс҃ Хс҃text 6ат҃и⸗ос ~Еси[пъ],,,кириллица,золотая наводка,"правая створка, ряд 2, левое клеймо",с небольшими утратами (>85%),,,,Оѳлеемъ ВолтасаръГас̇варъ Мр҃ · Ѳꙋ҃ · Іс҃ · Хъ҃ Іс҃ Хс҃ ат҃иос ~Есипъ,1336.0,1336.0,14.0
199,https://epigraphica.ru/epigraphy/inscription/show/199,1336,"Подпись к изображению Сретения Подписи к изображениям Иоакима, Богородицы, Симеона, Христа и Анны",Васильевские врата,церковные врата,Собор св. Софии,text 1|im.|ниѥ Га҃ нашегІс҃ Хс҃text 2ꙖкꙑмъМр҃ Ѳꙋ҃Семеѡ⸗нъІс ХсАньна,,,кириллица,золотая наводка,"правая створка, ряд 2, правое клеймо",целая (100%),,,,[GAP] ниѥ Га҃ нашегІс҃ Хс҃ ꙖкꙑмъМр҃ Ѳꙋ҃СемеѡнъІс ХсАньна,1336.0,1336.0,14.0
200,https://epigraphica.ru/epigraphy/inscription/show/200,1336,Подпись к изображению Христа Подпись к изображению Анны Подпись к изображению снятия с креста Подпись к изображению Никодима,Васильевские врата,церковные врата,Собор св. Софии,Текст 1:Текст 2:Ане⸗на~Текст 3:Ӧсиѳъ снимаѥтьГд҃аТекст 4:Ни⸗код⸗имо,,,кириллица,золотая наводка,"правая створка, ряд 3, левое клеймо",целая (100%),,,,Анена~ Ӧсиѳъ снимаѥтьГд҃а Никодимо,1336.0,1336.0,14.0
202,https://epigraphica.ru/epigraphy/inscription/show/202,1336,Подпись к изображению Преображения Христова Подпись к изображению Моисея Подпись к изображению Иоанна Подпись к изображению Петра,Васильевские врата,церковные врата,Собор св. Софии,text 1|im.|ражени⸗ѥ|im.|Гн҃еtext 2Мо⸗исиtext 3Иѡ⸗анtext 4(Пе)тр,,,кириллица,золотая наводка,"правая створка, ряд 4, левое клеймо",целая (100%),,,,[GAP] ражениѥ [GAP] Гн҃е Моиси Иѡан Петр,1336.0,1336.0,14.0
204,https://epigraphica.ru/epigraphy/inscription/show/204,[1520–1580],"Подпись к изображению Сошествия Святого Духа Надписи на нимбах апостолов (слева направо): Фома, Симеон, Иаков, Лука, Марк, Петр, Павел, Иоанн, Матфей, Андрей, Варфоломей, Филипп",Васильевские врата,церковные врата,Собор св. Софии,Текст 1:Текст 2:ѲоСиꙖкЛꙋМа(Пе)ПаИѡ҃аМаАнВаѲі,,Сошествие Святого Духа. Фома Симеон Иаков Лука Марк Петр Павел Иоанн Матфей Андрей Варфоломей Филипп,кириллица,золотая наводка,"правая створка, ряд 5, левое клеймо",целая (100%),,"«Датировка позднейших вставок на вратах варьирует в зависимости от аргументации. на основании анализа стиля отнес новые клейма к 1520–30-м годам, а образ Иоанна Предтечи и умбоны – к 1570-м. связала появление всех дополнений с поновлением Софийского собора в 1550–1560-х годах, а – с переносом врат в Александровскую слободу в 1570-х» ( ).",,ѲоСиꙖкЛꙋМаПеПаИѡ҃аМаАнВаѲі,1520.0,1580.0,16.0
205,https://epigraphica.ru/epigraphy/inscription/show/205,1336,Подпись к изображению Святой Троицы,Васильевские врата,церковные врата,Собор св. Софии,Троі҃ца|im.|ст҃ваꙗ,,,кириллица,золотая наводка,"правая створка, ряд 5, правое клеймо",целая (100%),,,,Троі҃ца [GAP] ст҃ваꙗ,1336.0,1336.0,14.0
206,https://epigraphica.ru/epigraphy/inscription/show/206,[1520–1580],Подпись к изображению битвы Давида с Голиафом,Васильевские врата,церковные врата,Собор св. Софии,цр҃ь Да|im.|выдпоразї Го(ліаѳа),,,кириллица,золотая наводка,"правая створка, ряд 6, левое клеймо",с небольшими утратами (>85%),,"«Датировка позднейших вставок на вратах варьирует в зависимости от аргументации. на основании анализа стиля отнес новые клейма к 1520–30-м годам, а образ Иоанна Предтечи и умбоны – к 1570-м. связала появление всех дополнений с поновлением Софийского собора в 1550–1560-х годах, а – с переносом врат в Александровскую слободу в 1570-х» ( ).",,цр҃ь Да [GAP] выдпоразї Голіаѳа,1520.0,1580.0,16.0
207,https://epigraphica.ru/epigraphy/inscription/show/207,1336,Подпись-комментарий к изображению Китовраса и Соломона,Васильевские врата,церковные врата,Собор св. Софии,(К)итоврасъ меце братомъ своімъ · Со[ло](мо)⸗,,,кириллица,золотая наводка,"правая створка, ряд 6, правое клеймо",с небольшими утратами (>85%),,,,Китоврасъ меце братомъ своімъ · Соломо,1336.0,1336.0,14.0
211,https://epigraphica.ru/epigraphy/inscription/show/211,1100-1300,Владельческая надпись Мстислава,Корчага Мстислава,амфора-корчага,Метро в районе Подола (точное место неизвестно),Мстслвл крчгь,,Корчага Мстислава ( ),кириллица,граффито,"Надпись расположена в верхней части корчаги, между двумя ручками, в одну строку.",целая (100%),По форме корчаги надпись датируется XII-XIII в. Относительно датировки по палеографии есть два мнения: начало XIII в. и XII в. ( ),,"Особенностью надписи является исключение всех гласных букв кроме конечного «ь». С. А. Высоцкий предполагал, что это можно объяснить просто недостатком места между двумя ручками. Однако А. А. Медынцева склонялась к тому, чтобы считать эту надпись написанной особым «врахиграфским» письмом (в котором обозначались лишь согласные, а гласные передавались черточками и другими знаками), так как писавший мог и по-другому расположить надпись, и написать ее более мелкими буквами.",Мстслвл крчгь,1100.0,1300.0,12.0
216,https://epigraphica.ru/epigraphy/inscription/show/216,1090-1110,"Имена святых, которых нужно изобразить на иконе",Заготовка для иконы,заготовка для иконы,Ильинский раскоп,Лицевая сторона:Текст 1:Ісѹсатоу на⸗писитьТекст 2:Бого⸗роди⸗цѹТекст 3:Онуѳри⸗ютѹ на⸗писи(--)Текст 4:Ѳеодо⸗р Тиро⸗наОборотная сторона:Текст 1:Мих⸗аилаТекст 2:Ева⸗наТекст 3:Клим⸗ѧнтаТекст 4:Мака⸗риѧ,,<Лицевая сторона:> <Текст 1:> Иисуса тут написать <Текст 2:> Богородицу <Текст 3:> Онуфрия тут написать <Текст 4:> Феодора Тирона <Оборотная сторона:> <Текст 1:> Михаила <Текст 2:> Ивана <Текст 3:> Климента <Текст 4:> Макария,кириллица,граффито граффито ( ),"Обе стороны ковчега разделены на четыре равные части, в каждой из образованных таким путем клеток острием ножа прочерчены надписи. ( )",целая (100%) с небольшими утратами (>85%) ( ),XI-XII вв. ( ),,"Имена святых, которых нужно изобразить на иконе. А. А. Медынцева, в отличие от А. В. Арциховского, считает, что их записал не заказчик, а мастер, очевидно, под его диктовку, так как «ь» на конце слова «писить» едва ли могла читаться как «е» до середины XII в. и, соответственно, это слово значит «написать», а не «напишите».",Лицевая сторона: Ісѹсатоу написить Богородицѹ Онуѳриютѹ написи [GAP] Ѳеодор ТиронаОборотная сторона: Михаила Евана Климѧнта Макариѧ,1090.0,1110.0,11.0
227,https://epigraphica.ru/epigraphy/inscription/show/227,[1550–1580],Подпись к изображению евангелиста Матфея,Васильевские врата,церковные врата,Собор св. Софии,оаг҇Мат|im.|ѳеи · еглс҇тъ,,,кириллица,золотая наводка,"второй ряд умбонов, умбон 2",целая (100%),,"«Датировка позднейших вставок на вратах варьирует в зависимости от аргументации. на основании анализа стиля отнес новые клейма к 1520–30-м годам, а образ Иоанна Предтечи и умбоны – к 1570-м. связала появление всех дополнений с поновлением Софийского собора в 1550–1560-х годах, а – с переносом врат в Александровскую слободу в 1570-х» ( ).",,оаг҇Мат [GAP] ѳеи · еглс҇тъ,1550.0,1580.0,16.0
231,https://epigraphica.ru/epigraphy/inscription/show/231,1336,Подпись к изображению Иоанна Златоуста,Васильевские врата,церковные врата,Собор св. Софии,Іва⸗|im.|Зл(а)⸗тъ⸗(ꙋ)ст[ъ],,,кириллица,золотая наводка,"Второй ряд умбонов, умбон 6",с небольшими утратами (>85%),,,,Іва [GAP] Златъꙋстъ,1336.0,1336.0,14.0
244,https://epigraphica.ru/epigraphy/inscription/show/244,1336,Сообщение о времени создания церковных врат и их заказчике,Васильевские врата,церковные врата,Собор св. Софии,text 1икт҇лѣт҇д҃исписаны двери сиꙗ повелѣ[ни]⸗емь бг҇олюбиваго архиепс҇па но[вго]⸗родьского|im.|Василь[ꙗ]при кнѧзи блговѣр[м҇]Иванѣ Данилов[ич҇]при посадничьствѣ Фе[до]⸗ровѣ Данилович҇при т[ы]⸗сѧцьскомь Аврам[ѣ]text 2Іс҃ Хс҇ъ,,"В лето 6844 индикта года 4 украшены эти двери повелением боголюбивого архиепископа новгородского Василья при князе благоверном Иване Даниловиче, при посадничестве Федора Даниловича, при тысяцком Авраме.",кириллица,золотая наводка,"Нащельник, вокруг фигуры Христа",с небольшими утратами (>85%),,,,икт҇лѣт҇д҃исписаны двери сиꙗ повелѣниемь бг҇олюбиваго архиепс҇па новгородьского [GAP] Васильꙗпри кнѧзи блговѣрм҇Иванѣ Данилович҇при посадничьствѣ Федоровѣ Данилович҇при тысѧцьскомь Аврамѣ Іс҃ Хс҇ъ,1336.0,1336.0,14.0
246,https://epigraphica.ru/epigraphy/inscription/show/246,1335/1336,Молитвенная подпись ко ктиторскому портрету архиепископа Василия,Васильевские врата,церковные врата,Собор св. Софии,[мо]литьархиѥ⸗[п]ъ҃ В⸗[а]си⸗лии,,Молит архиепископ Василий,кириллица,золотая наводка,"Нащельник, возле фигуры архиепископа Василия, снизу слева от фигуры Христа",с небольшими утратами (>85%),,,,молитьархиѥпъ҃ Василии,1335.0,1336.0,14.0
248,https://epigraphica.ru/epigraphy/inscription/show/248,1336,"Молитва архиепископа Василия Калики, обращенная к Богородице",Васильевские врата,церковные врата,Собор св. Софии,о Прч҃таꙗ Гж҃е Дв҃о Влд҃чце Бц҃е всѧко въз⸗ньѥ и хо(д)⸗атаицю тѧ имѣꙗ къ сн҃у твоѥму и Бу҃ [с] вѣ[ро]⸗ю притькаꙗ въ бжств҃ьнꙑи храмъ твои (·) чре(с)⸗ь надежю дарование приемлеть тѣмь и азъ смѣр(ен)⸗ꙑ грѣшнꙑи рабъ твои архиѥп҇пъ Васили все оупован(ьѥ)[м]оѥ възложихъ на тѧ Гж҃е Прч҃таꙗ к тебе прибѣгаю [и](пр)[и]падаю грѣшную главу свою прекланѧю и руцѣ недо(сто)⸗инѣ простираюприкасаюсѧпрч҃тꙑмъ твоимъ сто⸗[па]мъ ѿ лица твоего не ѿверзи мѧ да не ѿпаду (ч)а[ꙗ]⸗(ни)[ꙗ] моего оубогꙑи азъ а иже на црк҃вь твою (в)[ъ]ст[а]⸗(ю)ть тѣхъ Вл҃дчице лица посрами и кр҃тмь сн҃а си(по)губи ихъ и людемъ вѣрнымь даи же радост[и](иж)е съблюдают [д](о)[с]тоꙗ(н)[и]ѥ до[м](а) твое[го],,"О Пречистая Госпожа Дева Владычица Богородица, всяк, возлагая надежду на тебя и упование и Ходатаицу тебя имея к сыну твоему и Богу, с верою приходя в божественный храм твой, через надежду дар принимает. Так и я, смиренный грешный раб твой архиепископ Василий, все упование свое возложил на тебя, Госпожа Пречистая, к тебе прибегаю и припадаю, грешную голову свою преклоняю и руки недостойные простираю, прикасаюсь Пречистым твоим стопам. От лица твоего не отвергни меня, да не отступлюсь от чаяния (надежды) моего убогий я. А кто на церковь твою встанет, тех, Владычица, лица покрой стыдом, крестом сына своего погуби их. И людям верующим дай же радости, которые соблюдают достояние дома твоего.",кириллица,золотая наводка,"Нащельник, под изображением Богородицы",с небольшими утратами (>85%),,,,о Прч҃таꙗ Гж҃е Дв҃о Влд҃чце Бц҃е всѧко възньѥ и ходатаицю тѧ имѣꙗ къ сн҃у твоѥму и Бу҃ с вѣрою притькаꙗ въ бжств҃ьнꙑи храмъ твои · чресь надежю дарование приемлеть тѣмь и азъ смѣренꙑ грѣшнꙑи рабъ твои архиѥп҇пъ Васили все оупованьѥмоѥ възложихъ на тѧ Гж҃е Прч҃таꙗ к тебе прибѣгаю иприпадаю грѣшную главу свою прекланѧю и руцѣ недостоинѣ простираюприкасаюсѧпрч҃тꙑмъ твоимъ стопамъ ѿ лица твоего не ѿверзи мѧ да не ѿпаду чаꙗниꙗ моего оубогꙑи азъ а иже на црк҃вь твою въстають тѣхъ Вл҃дчице лица посрами и кр҃тмь сн҃а сипогуби ихъ и людемъ вѣрнымь даи же радостииже съблюдают достоꙗниѥ дома твоего,1336.0,1336.0,14.0
249,https://epigraphica.ru/epigraphy/inscription/show/249,[1550–1580],Подпись к изображению Иоанна Предтечи,Васильевские врата,церковные врата,Собор св. Софии,оаг· Їѡа|im.|Прете[ча],,,кириллица,золотая наводка,"Нащельник, на пластине с изображением Иоанна Предтечи",с небольшими утратами (>85%),,"«Датировка позднейших вставок на вратах варьирует в зависимости от аргументации. на основании анализа стиля отнес новые клейма к 1520–30-м годам, а образ Иоанна Предтечи и умбоны – к 1570-м. связала появление всех дополнений с поновлением Софийского собора в 1550–1560-х годах, а – с переносом врат в Александровскую слободу в 1570-х» ( ).",,оаг · Їѡа [GAP] Претеча,1550.0,1580.0,16.0
250,https://epigraphica.ru/epigraphy/inscription/show/250,[1550–1580],"Подпись к изображению святых мучеников Гурия, Самона и Авива",Васильевские врата,церковные врата,Собор св. Софии,Оагс҇· Самон҇агс҇· мч҇къ Вс҇ъв,,Святой Самон Святой мученик Авив,кириллица,золотая наводка,"Нащельник, на пластине с изображением Гурия, Самона и Авива",с утратами (50-85%),,"«Датировка позднейших вставок на вратах варьирует в зависимости от аргументации. на основании анализа стиля отнес новые клейма к 1520–30-м годам, а образ Иоанна Предтечи и умбоны – к 1570-м. связала появление всех дополнений с поновлением Софийского собора в 1550–1560-х годах, а – с переносом врат в Александровскую слободу в 1570-х» ( ).","Последнее слово, по-видимому, нужно читать как Авивос .",Оагс҇ · Самон҇агс҇ · мч҇къ Вс҇ъв,1550.0,1580.0,16.0
251,https://epigraphica.ru/epigraphy/inscription/show/251,1070–1110,Надпись о покупке «Бояновой земли»,Стены киевского Софийского собора,стена церкви,Собор св. Софии,мc҇цѧ ѥнарѧ въ ·л҃· ст҃го Ип[оли]тахл Данило Марко Сьмьюнъ МихалЕлисавиничь Иванъ ꙖнъчинъТꙋдоръ Тꙋꙋбꙑновъ Ильꙗ Копꙑ⸗ловичь Тꙋдоръ Бързѧтичь а пере⸗дъ тими послꙋхꙑ кꙋпи землю кнѧ⸗гꙑни Боꙗню вьсю а въдала на нѥисемьдесѧтъ гривьнъ соболии а въ томьдраниць семьсътъ гривьнъ,,"‘30 января, в [день] святого Ипполита, княгиня [жена князя Всеволода] купила Боянову землю перед Святой Софией [и] перед попами. А тут были: попин Яким Дмило, Пателей, Стипко, Михалько Неженович, Данило, Марко, Семьюн, Михал Елисавинич, Иван Янчин, Тодор Тубынов, Илья Копылович, Тудоръ Борзятич. А перед этими свидетелями княгиня купила всю Боянову землю, а заплатила за нее семьдесят гривен соболей (или) 700 гривен драниц’",кириллица,граффито,"На фреске с изображением святого Онуфрия в южной галерее собора на высоте 2,1 м от уровня пола XI в. ( )",целая (100%),1100–1200 ( ),,,м҇цѧ ѥнарѧ въ · л҃ · ст҃го Иполитахл Данило Марко Сьмьюнъ МихалЕлисавиничь Иванъ ꙖнъчинъТꙋдоръ Тꙋꙋбꙑновъ Ильꙗ Копꙑловичь Тꙋдоръ Бързѧтичь а передъ тими послꙋхꙑ кꙋпи землю кнѧгꙑни Боꙗню вьсю а въдала на нѥисемьдесѧтъ гривьнъ соболии а въ томьдраниць семьсътъ гривьнъ,1070.0,1110.0,11.0
254,https://epigraphica.ru/epigraphy/inscription/show/254,1093,Надпись о погребении Всеволода (Андрея) Ярославича,Стены киевского Софийского собора,стена церкви,Собор св. Софии,{въ}с҇цааприлѧ в[ъ] і[д҃] а б[ѣ] се⸗(редѣ оу)[м]ърлъ п(о) об[ѣ]⸗(дѣ),,"В великий четверг была положена рака. Это Андрей, русский князь благой. А писал Дмитр, дружинничек его, месяца апреля в 14-й [день]. А умер в среду пополудни. ( )",кириллица,граффито,"В центральном нефе собора, на втором от алтаря южном крещатом столбе, на высоте 1,45 м от пола XI века. ( )",с утратами (50-85%),,,"В граффито сообщается о погребении киевского князя Всеволода Ярославича (ум. в 6601 (1093) г.), в крещении Андрей. О его захоронении в страстной четверг 14 апреля и смерти за день до этого написал дружинник Дмитр.",въс҇цааприлѧ въ ід҃ а бѣ середѣ оумърлъ по обѣдѣ,1093.0,1093.0,11.0
255,https://epigraphica.ru/epigraphy/inscription/show/255,1198,"Надпись о смерти и погребении Изяслава и Ростислава, сыновей князя Ярослава Владимировича",Фрагменты фресковой штукатурки 1120-х гг. Георгиевского собора Юрьева монастыря,стена церкви,Георгиевский собор Юрьева монастыря,(мсц҃ѧ ию)нѧ въ к҃ прѣстависѧ кнѧзь (Р)[ос]тисл(ав)ъскп)[ѣ] б[о]гоцьстивѣмь Мартꙋри [а] вꙐ игоуме[н]ьс[в](о)(богол)юби[в]аг(о) Саватиѧ а даи има Бъ҃ оупо(к)[о]и(въ вѣк)[ъ] (съ) ст҃ми своими и мо[л](и)та Бг҃а [з](а) оц҃аи за м(атерь),9–10: и мо[л](и)та Бг҃а [з](а отьца) | и за м(атерь) ( ),"‘Месяца июня в 20‑й день преставился князь Ростислав, сын богочестивого и боголюбивого князя Ярослава. А брат его Изяслав преставился месяца июля в 9‑й день в своем княжении на Луках, в полусороковины. И привезли, и положили его в гроб у святого Георгия в 15‑й день, при богочестивом епископе Мартирии, а в игуменство боголюбивого Савватия. А дай им Бог вечное упокоение со сво- ими святыми, и пусть молят Бога за отца и за мать’ ( ) ‘Месяца июня в 20‑й день преставился князь Ростислав, сын богочестивого и боголюби‑ вого князя Ярослава. А брат его Изяслав преставился месяца июля в 9‑й день в своем княжении на Луках, в полусороковины. И привезли, и положили его в гроб у святого Георгия в 15‑й день, при богочестивом епископе Мартирии, а в игуменство боголюбивого Савватия. А дай им Бог вечное упокоение со своими святыми, и пусть молят Бога за (отца) и за м(ать)’. ( ) Доп. интерпретации",кириллица,граффито,"южная абсида, западная стена прохода из средней абсиды в южную (восточная грань восточной лопатки юго‑восточного подкупольного столба) ( ) Восточный фас восточной лопатки юго-восточного подкупольного столба храма, на высоте примерно 90-110 см от уровня первоначального пола. ( )",с утратами (50-85%),,,"Сообщение о смерти и погребении двух сыновей новгородского князя Ярослава Владимировича, Изяслава и Ростислава, умерших в 1198 г. и похороненных в Юрьеве монастыре. Орфография стандартная, без смешения «ъ» и «ь» с «о» и «е». Буквы «а йотированное» и «е йотированное» не употребляется («его», «своем[ь]», «Ѧро(слава)», «Саватиѧ»). «Ѣ» пишется в соответствии с этимологией, в том числе в приставке «прѣ-». Слабые редуцированные сохраняются в предлоге и приставке «въ» и в корне «чьст-» и утрачены в корнях «кнѧз-» и «кнѧж-». «Ъ» в предлоге «въ» перед последующим «и» перешел в «ы»: «вы и[г]оуме[н](ьство)». Из новгородских черт представлено только смешение «ц» и «ч»: «(благо)[ц]ьс[т]ивѣ[м]ь». Особенностью граффито является стяжение «-iji» в окончаниях существительных: «въ кнѧ(ж)ени», «при ... Мартури». Единственная описка – пропуск слога «ва» в «боголюбиго» ( ) «Во второй строке боголюбиго – описка (пропуск слога). Надпись сделана тем же почерком, что расположенная левее надпись S1b. Реконструкция основывается на летопис‑ ном известии 6706 (1198) г.: “Тои же весне преставистася у Ярослава сына 2: Изяслав бяше посаженъ на Лукахъ княжити и от Литвы оплечье Новугороду, и тамо преставися; а Ростиславъ Новѣгородѣ; и оба положена у святого Георгия въ манастыри”» ( ).",мсц҃ѧ июнѧ въ к҃ прѣстависѧ кнѧзь Ростиславъскпѣ богоцьстивѣмь Мартꙋри а вꙐ игоуменьсвобоголюбиваго Саватиѧ а даи има Бъ҃ оупокоивъ вѣкъ съ ст҃ми своими и молита Бг҃а за оц҃аи за матерь,1198.0,1198.0,12.0
256,https://epigraphica.ru/epigraphy/inscription/show/256,1138,Надпись о смерти князя Всеволода Мстиславича,Стены церкви Благовещения на Городище,стена церкви,Церковь Благовещения на Городище,въ лѣт҇ ·҂ѕ·х·ме҃ мсѧц҇ца ф[ев]рарѧ въ ·гї҃· пр[ѣ]ста[в](и)сѧ (бл)а[г](о)вѣ(рь)н(ꙑи) (-----) (кнѧзь),,"13 февраля 6645 года преставился благоверный князь Всеволод, а в святом крещении [именем] Гаврило, раб Христов ... сын Мстиславов. И случилось ему тогда быть во Пскове, там он и преставился. И утаивали [его смерть] семь дней. А брат его Святополк был там же. И много рыдала и плакала над ним его дружина. И похоронили его в [церкви] Святой Троицы, которую он сам построил. А дружина его, похоронив его, разошлась кто куда, как скотина, лишившаяся пастуха. И сердце их было в унынии от кручины по своему князю. И упокой, Господи, душу раба своего — усопшего Гаврила, правоверного князя! ( )",кириллица,граффито,северная сторона межапсидной стенки,с утратами (50-85%),,,"Почерк либо идентичен представленному в надписи о смерти Овдокии , либо, во всяком случае, принадлежит писцу той же каллиграфической школы. Различны в двух надписях лишь позиции употребления буквы ꙋ .",въ лѣт҇ · ҂ѕ · х · ме҃ мсѧц҇ца феврарѧ въ · гї҃ · прѣстависѧ благовѣрьнꙑи [GAP] кнѧзь,1138.0,1138.0,12.0
257,https://epigraphica.ru/epigraphy/inscription/show/257,1380-1420,Молитва об Овсии,Стены церкви Николы на Липне,стена церкви,Церковь Николы на Липне,Ги помози р⸗абу : своѥмуОвсию даіо,,"'Господи, помоги рабу своему Овсию, дай о...' ( )",кириллица,граффито,"Южная грань юго-восточного столба храма. Надпись расположена на высоте 135 см, расстояние от левого края столба 27 см, длина 9 см. Надпись обведена рамкой. ( )",с утратами (50-85%),1380-1420 ( ),,"Высота букв 5 см. В начале второй строки лигатура букв «а» и «б» в виде перекладины; в конце строки лигатура букв «м» и «у». Над «ги» (господи) титло отсутствует. «Овсий» — народная форма имени Евсевий/Евсей. Палеография: буквы в надписи несколько вытянуты, «и» с косой перекладиной в верхней части, «м» в слове «помози» с плечиками и круглой петлей, доходящей до нижней строки, «з» с укороченным закругленным вправо хвостом, «е йотированная» и «ю» с высокой, на уровне верхней линии, перемычкой. Все эти признаки в совокупности с наличием йотированного е после гласного позволяют отнести надпись к концу XIV—началу XV в. Некоторая «вытянутость» букв в надписи имеет аналогии в берестяных грамотах этого времени. В слове «даи» (?) «и» — десятеричное. Вероятно, надпись не была закончена — последнее слово «даи» и буква «о» в четвертой строке предполагали какое-то продолжение, типа «дай спасение» и т.п. (Рождественская 2016)",Ги помози рабу : своѥмуОвсию даіо,1380.0,1420.0,14.0
259,https://epigraphica.ru/epigraphy/inscription/show/259,[1100–1140],Надпись о смерти Овдокии,Стены церкви Благовещения на Городище,стена церкви,Церковь Благовещения на Городище,авгꙋс(та) пр-ависѧ,,28 августа преставилась Овдокия ( ),кириллица,граффито,"северная сторона межапсидной стенки, разгранка под полосой городчатого орнамента",с небольшими утратами (>85%),"[1100–1180], предпочт. до 1140. Д II 'А- и Δ-образные' 1100 – 1200; Б, В, Г, П обычно с выступом: <(1140) <1180. Почерк либо идентичен представленному в пространной надписи о смерти Всеволода Мстиславича , либо, во всяком случае, принадлежит писцу той же каллиграфической школы (в двух надписях различна только позиция употребления буквы ꙋ ).",,,авгꙋста пр-ависѧ,1100.0,1140.0,12.0
260,https://epigraphica.ru/epigraphy/inscription/show/260,1103–[1120],Надпись о смерти Огафьи,Стены церкви Благовещения на Городище,стена церкви,Церковь Благовещения на Городище,мс҃ц(а ма)ръта п[р]ѣс(т)ависѧ,,"Месяца марта преставилась раба божья Огафья, а в миру Рогнеда (?) ( )",кириллица,граффито,"северная сторона межапсидной стенки, разгранка под полосой городчатого орнамента",с утратами (50-85%),"До 1120. В VII 'Нижняя петля с двумя изломами' 1320> (!), А 7 'Удлиненная спинка'<1200+1410>, Б 1 <1120, Ъ 1 <1200, Ѣ 1 <1200 (все – 'Петля углом вперед').","Левая граница датировки определяется датой постройки храма, правая – палеографически.",,мс҃ца маръта прѣстависѧ,1103.0,1120.0,12.0
263,https://epigraphica.ru/epigraphy/inscription/show/263,1100-1200,Надпись о кончине Павла,Стены церкви Благовещения на Городище,стена церкви,Церковь Благовещения на Городище,(мс҇)цѧ иꙋлѧ въ ·з҃· дн҃(ь),,7 июля преставился раб божий Павел ( ),кириллица,граффито,,с небольшими утратами (>85%),1100-1200,,,мс҇цѧ иꙋлѧ въ · з҃ · дн҃ь,1100.0,1200.0,12.0
265,https://epigraphica.ru/epigraphy/inscription/show/265,1232,Надпись о смерти архиепископа Антония,Фрагменты фресковой штукатурки 1120-х гг. Георгиевского собора Юрьева монастыря,стена церкви,Георгиевский собор Юрьева монастыря,(въ лѣто) шесть(т)[ы]с(ѧ)[щ]ьное,,В год 6740-й (1232) на память святой Пелагеи преставился архиепископ Антоний.,кириллица,граффито,,с утратами (50-85%),,,,въ лѣто шестьтысѧщьное,1232.0,1232.0,13.0
268,https://epigraphica.ru/epigraphy/inscription/show/268,1100-1150,Надпись о кончине Несдила,Стены церкви Благовещения на Городище,стена церкви,Церковь Благовещения на Городище,(мс҇цѧ --------)- (въ) вı҃ д҃[н]ь,,"месяца <назв. месяца> в 12 день преставился раб божий <имя> а в миру Несдила (или: Несдило), в неделю ... ( )",кириллица,граффито,,малый фрагмент (<15%),,,,мс҇цѧ [GAP] - въ вı҃ д҃нь,1100.0,1150.0,12.0
270,https://epigraphica.ru/epigraphy/inscription/show/270,1100-1200,Надпись о событии в княжеской семье,Стены церкви Благовещения на Городище,стена церкви,Церковь Благовещения на Городище,мс҇цѧ феврар[ѧ] въ ке҃ оу бла(...),,25 февраля у бла[говерного и христолюбивого князя] ( ),кириллица,граффито,,малый фрагмент (<15%),1100-1200,,"Слова из этой надписи фигурируют в пяти сообщениях о рождении и постригах сыновей Всеволода Юрьевича в Лаврентьевской летописи, в статьях 6698-6706 гг. Ср. «Того ж(е) лѣт(а) родисѧ оу бл(а)говѣрнаго и хр(и)с(т)олюби (т)олюбиваго кнѧзѧ Всеволода, с(ы)на Гюргева, внука Володимерѧ Мономаха, с(ы)нъ м(ѣ)с(я)ца ѡктѧб(ря) въ 25, на памѧт(ь) с(вя)т(а)го Маркиана и Мартурьꙗ, в канунъ с(вя)таг(о) Дмитриꙗ. И нареч(е)нъ быс(ть) в с(вя)тѣмь кр(ь)щ(е)ньи Дмитрии» в статье 6702 г.",мс҇цѧ феврарѧ въ ке҃ оу бла [GAP],1100.0,1200.0,12.0
276,https://epigraphica.ru/epigraphy/inscription/show/276,1100-1200,Надпись о покупке вина 29 числа во вторник,Стены церкви Благовещения на Городище,стена церкви,Церковь Благовещения на Городище,(вин)о вьзѧ[т](о) -----ѧ [в]ъ ·кф҃,,"[Вин]о взято 29 <назв. месяца>, во вторник ( )",кириллица,граффито,,с небольшими утратами (>85%),1100-1200,,"трехкратная запись с ь словоформы вьзято, отражающая ассимилятивный переход ъ в ь перед слогом с передней гласной.",вино вьзѧто [GAP] ѧ въ · кф҃,1100.0,1200.0,12.0
295,https://epigraphica.ru/epigraphy/inscription/show/295,1100-1200,Надпись о покупке ладана,Стены церкви Благовещения на Городище,стена церкви,Церковь Благовещения на Городище,(...)ак[ꙋ] (...)аи ѳамиѧна,"... [дь]аку (?) ... [д]аи (?) фемияна, [в]зт[о] ... темьян ( )",,кириллица,граффито,,с небольшими утратами (>85%),1100-1200,,"В этом граффито присутствуют сразу два обозначения ладана — тьмьянъ и фамиянъ. Первый обычен для древнерусских текстов, реализуя одну из фонетических возможностей передачи греч. ѳυμίαμα (ср. фиксируемые словарем И. И. Срезневского варианты на те-, ти-, ть-, фе- и фи-). Вариант фамиянъ встретился впервые и явно носит книжный характер. С точки зрения вокализма тьмьянъ и фамиянъ соотносятся так же, как Дьмьянъ и Дамианъ — с той разницей, что во втором случае вариант с -ами- является канонической формой имени, передающей греч. Δαμιάνος, а вариант с -ьмь- — его народной формой. Можно думать, что фамиянъ возник по данной модели путем гиперкорректного отталкивания от некнижного тьмьянъ.",[GAP] акꙋ [GAP] аи ѳамиѧна,1100.0,1200.0,12.0
297,https://epigraphica.ru/epigraphy/inscription/show/297,1090–1110,Надпись о заключении мира на Желяни,Стены киевского Софийского собора,стена церкви,Собор св. Софии,мс҇цѧ декембрѧтворишамиръ на ЖелѧниСвѧтопълкъ Воло⸗димиръ и Ольгъ,,"4 декабря Святополк, Владимир и Олег заключили мир на Желяни",кириллица,граффито,"В южной внутренней галереи на высоте 2,15 м от уровня пола XI в. ( )",целая (100%),,,"Исследователями считается, что в граффито упоминаются Святополк Изяславич, Владимир Всеволодович Мономах и Олег Святославич. Когда именно между этими князьями был заключен 'мир на Желяни', о котором не упоминается в летописи, вопрос дискуссионный. По версии С.А. Высоцкого – в 1097 г., А.С. Щавелева – в 1093–1094 гг., Б.А. Рыбакова и В.В. Корниенко – в 1104 г.",мс҇цѧ декембрѧтворишамиръ на ЖелѧниСвѧтопълкъ Володимиръ и Ольгъ,1090.0,1110.0,11.0
299,https://epigraphica.ru/epigraphy/inscription/show/299,1050-1100,Надпись о поставлении владыки,Стены киевского Софийского собора,стена церкви,Собор св. Софии,мс҇ца априлѧс҇ влд҃ка,,Месяца апреля в 9 день поставлен был владыка ( ),кириллица,граффито,"Надпись находится в главном трансепте собора на восточной плоскости второго от алтаря южного крещатого столба, на высоте 1,55 м от уровня пола XI в. ( )",целая (100%),,,"С.А. Высоцкий считал, что в граффито речь идет о возведении в сан киевского митрополита и приходит к выводу, что им был, скорее всего, Илларион, поставленный на кафедру в 1051 г.",мс҇ца априлѧс҇ влд҃ка,1050.0,1100.0,11.0
301,https://epigraphica.ru/epigraphy/inscription/show/301,1076,Надпись о княжении Святослава Ярославича и выдаче им руги,Стены киевского Софийского собора,стена церкви,Собор св. Софии,д҃ лета кънѧжилъ Сватославъ,,4 года княжил Святослав. Месяца марта в 19-й день выдана руга. А в пришествие Святослава это [выдача руги] было в пятницу вербной недели. Аминь ( ),кириллица,граффито,"Надпись находится в центральном нефе, на втором от алтаря южном крещатом столбе, на высоте 1,55 м от уровня пола XI в. ( )",с утратами (50-85%),до 1110 г.,,"Вероятно граффито изначально состояло из двух частей: записи о выплате руги духовенству Софийского собора 19 марта 1076 г. и «исторического комментария» об учреждении Святославом Ярославичем руги по случаю его «пришествия» в Киев, случившееся в канун Входа Господня в Иерусалим. Первая строка – запись о четырехлетнем княжении Святослава – была добавлена после его смерти. Ее можно рассматривать как своеобразный эквивалент подсчету выплат руги: с первого дня княжения Святослава Ярославича она ежегодно выплачивалась до его смерти, т.е. всего 4 раза (Гиппиус, Дробышева 2020).",д҃ лета кънѧжилъ Сватославъ,1076.0,1076.0,11.0
302,https://epigraphica.ru/epigraphy/inscription/show/302,1089-1091,"Надпись о смерти Луки, епископа Белгородского",Стены киевского Софийского собора,стена церкви,Собор св. Софии,мс҇цѧ авъгоуста въс҇пъ бл҇же⸗ныи бѣлогородьскыи,,"Месяца августа в 22-й [день] преставился раб Божий Лука, епископ блаженный Белгородский",кириллица,граффито,"Надпись находится в южной галерее на столбе с древним фресковым изображением святого Онуфрия, на высоте 2,55 м от условного уровня пола XI в. ( )",целая (100%),,,"С.А. Высоцкий считал, что в граффито сообщается о смерти белгородского епископа Луки, которая, судя по логике летописных сведений, должна была произойти в период с 1089 по 1091 гг. (Высоцкий 1962). Б.А. Рыбаков больше склонялся к 1091 г. (Рыбаков 1964)",мс҇цѧ авъгоуста въс҇пъ бл҇женыи бѣлогородьскыи,1089.0,1091.0,11.0
305,https://epigraphica.ru/epigraphy/inscription/show/305,1100-1200,"Церковное песнопение, посвященное празднику Преполовения Пятидесятницы",Стены церкви Благовещения на Городище,стена церкви,Церковь Благовещения на Городище,праздьн[ика зако]нь⸗,,,кириллица,граффито,,целая (100%),1100-1200,,,праздьника законь,1100.0,1200.0,12.0
307,https://epigraphica.ru/epigraphy/inscription/show/307,1103–[1200],Подпись к не дописанной Стырятой глаголической азбуке,Стены церкви Благовещения на Городище,стена церкви,Церковь Благовещения на Городище,а с[е] Стр[т]а бꙑло вꙑложи[л](...),,‘А это Стырята было выписал’,кириллица,граффито,,целая (100%),"А, Д, Л, Ѧ регулярно с покрытием: <1240. Правонаклонный почерк: <1200. Р IVб 'Углом вниз (прямолинейные)' 1240> (!).",,,а се Стрта бꙑло вꙑложил [GAP],1103.0,1200.0,12.0
308,https://epigraphica.ru/epigraphy/inscription/show/308,1150,Надпись 1150 г. о сооружении участка некрополя Киево-Печерского монастыря,Стены Ближних пещер Киево-Печерской лавры,стена церкви,Ближние пещеры Киево-Печерской лавры,+ въ лѣ҇т·҂ѕ҃· и ·х҃·н҃и· ископа⸗,,В 6658 (1150) году выкопали это место для положения тел схимников...,кириллица,граффито/дипинто,"Надпись обнаружена перед входом в прямоугольную крипту с тремя лежанками – крайним северным помещением открытой части лабиринта. Вход в крипту, имеющий высоту 1,2 м, оформлен в виде декоративной арочки-нишки шириной в 0,4 м. Сама нишка углублена на 6 см в толщину стены и имеет ширину 0,3 м. В ней на довольно твердом каолинизированном песчанике, хорошо поддающемся обработке, написана надпись. ( )",с утратами (50-85%),1160–1200 ( ),,"Рассматриваемое здесь граффито было расположено в самой дальней от древнего входа части этого сооружения, надо полагать, в помещении, замыкавшем анфиладу погребальных крипт конца XI – первой половины XII вв. Создание помещения, вероятно, было связано с образовавшейся к середине XII в. необходимостью расширить монастырский некрополь. Можно предположить, что и после сооружения нового погребального объема в 1150 г. и была выполнена мемориальная надпись, представленная данным граффито (Бобровский 2013).",+ въ лѣ҇т · ҂ѕ҃ · и · х҃ · н҃и · ископа,1150.0,1150.0,12.0
315,https://epigraphica.ru/epigraphy/inscription/show/315,1050-1110,Покаянная молитва о Феодоре,Первоначальные стены Софийского собора,стена церкви,Собор св. Софии,(Г)и҃ помози рабѫ своем[ѫ],,"‘Господи, помоги рабу своему Феодору грешному. Аминь’.",кириллица,граффито,"Юго-восточный подкупольный столб, южная лопатка, восточная грань. 6 см от левого края, 13 см ниже современного пола.",целая (100%),,,Орфография: ь → ъ (после шипящего).,Ги҃ помози рабѫ своемѫ,1050.0,1110.0,11.0
322,https://epigraphica.ru/epigraphy/inscription/show/322,1050-1110,Покаянная надпись Василя,Первоначальные стены Софийского собора,стена церкви,Собор св. Софии,охъ тъщьно дш҃⸗,,"Ох, тошно грешной душе. Василь писал. ( )",кириллица,граффито,"По подписям на кальке В. В. Суслова надпись локализуется на северной грани северной лопатки восточного столба южного рукава креста, то есть в западной части дьяконника собора.",целая (100%),,,В рамке с прямыми углами. В прилагательном грѣ<шь>нѣ пропущен второй слог.,охъ тъщьно дш҃,1050.0,1110.0,11.0
324,https://epigraphica.ru/epigraphy/inscription/show/324,1050-1110,Молитва и автограф Ката (?),Первоначальные стены Софийского собора,стена церкви,Собор св. Софии,Ги҃ поможи рабꙛ сомѭ,,"Господи, помоги рабу своему. Писал Кат (?).",кириллица,граффито,"Предположительно, восточный столб южного рукава креста.",с небольшими утратами (>85%),,,"Выделяется неаккуратным почерком и содержит целый ряд нарушений графических и языковых стандартов: смешение ѫ и ѭ, пропуск в и е в сомѭ, ж вместо з в поможи.",Ги҃ поможи рабꙛ сомѭ,1050.0,1110.0,11.0
332,https://epigraphica.ru/epigraphy/inscription/show/332,1050-1110,Ламентация варяга (?),Первоначальные стены Софийского собора,стена церкви,Собор св. Софии,охъ тъщъно ст҃ѧ,,"‘Ох, тошно, святая Богородица, варягу ...’",кириллица,граффито,"Юго-восточный подкупольный столб, южная лопатка, южная грань.",целая (100%),,,"По-видимому, граффито не было окончено. Орфография: ь → ъ (после шипящего). Первые четыре буквы 2-ой строки наведены двойным контуром, б – увеличенного размера. Первые две буквы надписи написаны на некотором расстоянии друг от друга из-за начертанной между ними вертикальной черты. 2-ая строка начинается правее 1-ой либо из-за той же вертикальной черты, либо из-за расположенного левее изображения креста.",охъ тъщъно ст҃ѧ,1050.0,1110.0,11.0
333,https://epigraphica.ru/epigraphy/inscription/show/333,1050-1110,Автограф Стефана,Первоначальные стены Софийского собора,стена церкви,Собор св. Софии,Стефанъ пъсалъ,,‘Стефан писал’.,кириллица,граффито,"Юго-восточный подкупольный столб, южная лопатка, южная грань.",целая (100%),,,Для написания 2-ой буквы в слове пъсалъ петля и горизонтальный отворот приписаны к верхней лопасти начертанного здесь ранее креста. Одноеровая орфография: (ь → ъ).,Стефанъ пъсалъ,1050.0,1110.0,11.0
339,https://epigraphica.ru/epigraphy/inscription/show/339,1120-1140,Стихира из службы мчч. Кирику и Иулитте 15 июля,Стены Михайловской церкви,стена церкви,Михайловская церковь (Юрьева божница),трълетънотрꙑ‎да(нии) (...)съ[вꙑш](е) (...)Тво[рит](елъ) (...),,"(Кирик) трехлетний (возможно, переосмыслено как: на протяжении трех лет) Троиц[у проповедовал], кормимый молоком, подкреплял мать (Иулитту): Прекрати, мать [моя], [слезные] рыдания, свыше Творец [смотрит]...",кириллица,граффито,"южная стена апсиды, 43 см от современного пола ( )",с утратами (50-85%),"1100-1180, предпочтительно 1120-1140 ( )",,,трълетънотрꙑ‎дании [GAP] съвꙑше [GAP] Творителъ [GAP],1120.0,1140.0,12.0
348,https://epigraphica.ru/epigraphy/inscription/show/348,1050-1110,"Автограф Тудорка, написанный во время службы Коленопреклонения",Первоначальные стены Софийского собора,стена церкви,Собор св. Софии,на пр[е](кло)нен[ие],,Во время коленопреклонения … писал Тудорко. ( ),кириллица,граффито,"Юго-восточный подкупольный столб, восточная лопатка, восточная грань. 78 см от левого края, 59 см ниже современного пола.",с утратами (50-85%),,,Орфография: Запись через е рефлекса *tert (пре-).,на преклонение,1050.0,1110.0,11.0
349,https://epigraphica.ru/epigraphy/inscription/show/349,1050-1110,Надпись с упоминанием епископа Кипрского Палладия,Первоначальные стены Софийского собора,стена церкви,Собор св. Софии,Паладии епископъ,,"Палладий, епископ Кипрский.",кириллица,граффито,"Юго-восточный подкупольный столб, восточная лопатка, восточная грань. 52 см от левого края, 26 см ниже современного пола.",с небольшими утратами (>85%),,,"Малые инициалы прь (2-ая строка). Описки и исправления: Второе и в слове Паладии – маленькое, приписано к верхней части следующего е (по-видимому, сначала буква была пропущена, т. е. читалось Палади епископъ).",Паладии епископъ,1050.0,1110.0,11.0
354,https://epigraphica.ru/epigraphy/inscription/show/354,1050-1110,"Инципиты стихов из Псалтири с указанием номеров гласов, на которые они должны исполняться",Первоначальные стены Софийского собора,стена церкви,Собор св. Софии,помѧни Ги҃ Д :д҃:,,"Помяни, Господи, Давида... [Пс. 131: 1] — третий. Помяни сынов твоих... [Пс. 73: 2] — первый. Праведник... [Пс. 91: 13] — первый. Услышь, дочь... [Пс. 148: 2] — восьмой. Хвалите... [Пс. 44: 11] — первый. Блаже ...",кириллица,граффито,"Юго-восточный подкупольный столб, восточная лопатка, южная грань. 10 см от левого края, 42 см ниже современного пола.",с небольшими утратами (>85%),,,"Бытовая орфография: ъ → о 3× (или 4×), е → ь 1/2. Описки и исправления: буква т в 5-ой строке выполнена по ошибке вме-сто л.",помѧни Ги҃ Д :д҃:,1050.0,1110.0,11.0
355,https://epigraphica.ru/epigraphy/inscription/show/355,1050-1110,Автограф Петрилы и подпись к изображению креста,Первоначальные стены Софийского собора,стена церкви,Собор св. Софии,text 2|im.|ст҃ъни҃|im.|ка҃text 2Петрило ѱ|im.|пълъ,,Иисус Христос победил. Петрило писал.,кириллица,граффито,"Юго-восточный подкупольный столб, восточная лопатка, южная грань. 34 см от левого края, 47 см ниже современного пола.",целая (100%),,,"Надпись глубоко вырезана. Строки текста 1 приписаны сверху и снизу от перекладины креста, а текст 2 начинается справа от его правой лопасти. В центре текста 1 изображен четырехконечный крест. Между буквами ѱ и п в тексте 2 изображен второй четырехконечный крест, меньшего размера. Оформление: в тексте 1 — четыре длинных титла, которые покрывают все буквы: исхс, стъ, ни и ка. Удвоенная буква с в слове Хсст҃ъ в тексте 1 и странная форма ѱпълъ <пьсалъ> в тексте 2 объясняются расположением и двух с, и ѱ с п по разные стороны от изображений крестов. Данный эффект напоминает удвоение буквы согласного при переносе, отмечаемое в ряде берестяных грамот домонгольского времени.",[GAP] ст҃ъни҃ [GAP] ка҃ Петрило ѱ [GAP] пълъ,1050.0,1110.0,11.0
360,https://epigraphica.ru/epigraphy/inscription/show/360,1050-1110,Молитвенная надпись о спасении христиан и проклятии еретиков,Первоначальные стены Софийского собора,стена церкви,Собор св. Софии,о Ги҃ помилоуи,,"О, Господи, помилуй христиан, а еретиков прокляни. ( )",кириллица,граффито,"Юго-восточный подкупольный столб, восточная лопатка, южная грань. 77 см от левого края, 94 см ниже современного пола.",с небольшими утратами (>85%),,,,о Ги҃ помилоуи,1050.0,1110.0,11.0
363,https://epigraphica.ru/epigraphy/inscription/show/363,1050-1110,Автограф Наслава (?),Первоначальные стены Софийского собора,стена церкви,Собор св. Софии,(-)-[а]с[ла]въ п[ь]салъ,,Писал Наслав (?).,кириллица,граффито,"Северо-восточный подкупольный столб, южная лопатка, южная грань. 11 см от левого края, 70 см ниже современного пола.",с утратами (50-85%),,,"Описки и исправления: 1-ая буква ъ исправлена из е. Буква ь, вероятно, исправлена из а, чем можно объяснить ее как будто зеркальное начертание.",[GAP] -аславъ пьсалъ,1050.0,1110.0,11.0
367,https://epigraphica.ru/epigraphy/inscription/show/367,1050-1110,Автограф Вячеслава,Первоначальные стены Софийского собора,стена церкви,Собор св. Софии,Вѧчеславъ пьсалъ,,Писал Вячеслав.,кириллица,граффито,"Северо-восточный подкупольный столб, южная лопатка, южная грань. 11 см от левого края, 68 см ниже современного пола.",с небольшими утратами (>85%),,,,Вѧчеславъ пьсалъ,1050.0,1110.0,11.0
370,https://epigraphica.ru/epigraphy/inscription/show/370,1050-1110,"Молитва о Бегше, Борьке, Глебке и Безьке",Первоначальные стены Софийского собора,стена церкви,Собор св. Софии,Ги҃ помози рабѫ сво⸗,,"Господи, помоги рабу своему: Бегше, Борьке, Глебку, Безьке.",кириллица,граффито,"Наос, западная стена, центральный продольный неф, севернее центрального входа из западной галереи, 51 см от правого края, 20 см ниже современного пола.",с небольшими утратами (>85%),"До [1180], предпочтительно до [1120]. Графика: ѫ <1240; «петли ъ, ь, б, ѣ обычно маленькие» <1180, «петли ъ, ь, б часто под строкой» <1220 (<1160), «правонаклонный почерк» <1200, к IV «зигзаг» 1380> (!), з Iа «право-наклонные (перелом)» <1340 (<1120 и <1200); р Iа «округлая петля (прямая мачта)» <1360 (<1320); язык: редуцированные сохранены <1220. Зигзагообразный правый нижний штрих буквы к встречен в нашей надписи три раза из трех.",,"В рамке с прямыми углами и скругленным углом слева внизу. Наибольший лингвистический интерес представляет к перед - ѣ в Д. ед. Борькѣ , Безькѣ , а также окончание - ѣ (а не - и ) в Д. ед. мягкого склонения Бѣгъшѣ .",Ги҃ помози рабѫ сво,1050.0,1110.0,11.0
371,https://epigraphica.ru/epigraphy/inscription/show/371,1125-1175,Запись «В среду во второй день»,Стены Михайловской церкви,стена церкви,Михайловская церковь (Юрьева божница),во середоу во в [д],,‘В среду во второй день’ ( ),кириллица,граффито,южная стена апсиды ( ),с небольшими утратами (>85%),Вторая-третья четверти XII в. ( ),,,во середоу во в д,1125.0,1175.0,12.0
373,https://epigraphica.ru/epigraphy/inscription/show/373,1050-1110,Молитва о Михаиле,Первоначальные стены Софийского собора,стена церкви,Собор св. Софии,Ги҃ п[о]мози рабоу,,"Господи, помоги рабу своему Михаилу.",кириллица,граффито,"Наос, южная стена, лопатка напротив западного столба южного рукава креста, северная грань. 50 см от правого края, чуть ниже современного пола.",с небольшими утратами (>85%),"До [1200]. А 7 «удлиненная спинка» <1200 или 1420>, в IIб «перелом, не касающийся мачты» <1400 (<1340), в 3б «верх шире низа» <1320 (<1220), оу Iб «обычное о (о и у сближены)» (<1300), х 2 «только правая верхняя засечка» (<1240 или 1360>), ъ 3 «выступ вправо вверху» (<1200). Р II «углом вверх» <1380 (<1280).",,"Верхняя часть 1-ой строки почти скрыта перекрытиями пола, постеленного в 1993 г.",Ги҃ помози рабоу,1050.0,1110.0,11.0
376,https://epigraphica.ru/epigraphy/inscription/show/376,1050-1110,Автограф Офрема,Первоначальные стены Софийского собора,стена церкви,Собор св. Софии,Офрьмъ пьс[а]л[ъ],,Писал Офрем.,кириллица,граффито,"Западный столб южного рукава креста, южная лопатка, южная грань. 23 см от левого края, чуть ниже современного пола.",с утратами (50-85%),Использование бытовой орфографии делает предпочтительной датировку надписи временем не ранее XII в.,,Бытовая орфография: ѣ → ь.,Офрьмъ пьсалъ,1050.0,1110.0,11.0
377,https://epigraphica.ru/epigraphy/inscription/show/377,1050-1110,Молитва о Петре,Первоначальные стены Софийского собора,стена церкви,Собор св. Софии,Ги҃ [п]ом[о]зи ра своемоу,,"Господи, помоги рабу своему Петру.",кириллица,граффито,"Западный столб южного рукава креста, южная лопатка, южная грань. 16 см от левого края, 6 см ниже современного пола.",с утратами (50-85%),,,"Скрыта перекрытиями пола, постеленного в 1993 г. Вероятно, надпись выполнена тем же, кто изобразил слева от нее равноконечный четырехконечный крест с кружками в средокрестии, на концах лопастей и между лопастями.",Ги҃ помози ра своемоу,1050.0,1110.0,11.0
378,https://epigraphica.ru/epigraphy/inscription/show/378,1050-1110,Надпись о смерти Исая из церкви святого Власия,Первоначальные стены Софийского собора,стена церкви,Собор св. Софии,мс҇цѧ октѧбрѧ ·дї·,,"14 октября преставился раб божий Исай (?), из [клира церкви] святого Власия.",кириллица,граффито,"Западный столб южного рукава креста, южная лопатка, южная грань. Ок. 20 см от левого края, на уровне современного пола.",с небольшими утратами (>85%),До [1180] (предпочт. до [1120]).,,,мс҇цѧ октѧбрѧ · дї ·,1050.0,1110.0,11.0
381,https://epigraphica.ru/epigraphy/inscription/show/381,1050-1110,Автограф Местяты Жабцевича (?),Первоначальные стены Софийского собора,стена церкви,Собор св. Софии,МѣстѧтаЖ[а]бъчевичъ,,Местята Жабцевич (?) писал.,кириллица,граффито,"Западный столб южного рукава креста, южная лопатка, южная грань. 14 см от левого края, 39 см ниже уровня современного пола.",с небольшими утратами (>85%),"До [1180], предпочт. до [1140].",,"Одноеровая орфография: ь → ъ, 2× и 1× – после шипящего.",МѣстѧтаЖабъчевичъ,1050.0,1110.0,11.0
393,https://epigraphica.ru/epigraphy/inscription/show/393,1150-1220,Загадка о Христе и земле,Первоначальные стены Софийского собора,стена церкви,Собор св. Софии,(рече) [в]оноукъ бабе б(аба) ...,,"(Сказал) внук бабке: бабка, (положи меня в себя. Бабка ответила) ему: (ты меня родил (или: ты мой отец); как мне тебя положить?) [Ответ на загадку: внук - Христос, баба - земля]. ( )",кириллица,граффито,"Фрагмент под номером НВ 18528/196 происходит из раскопок А.Л. Монгайта, проводившихся в 1946 г. в южной (Мартирьевской) паперти Новгородского Софийского собора.",фрагмент (15-50%),Не позднее конца XIII в. ( ),,"Фрагмент загадки, входящей в апокрифическую “Беседу трех святителей”, широко распространенную в русских списках начиная с XV в. В наиболее ранней, согласно новейшему исследованию памятника, Троицкой редакции, данная загадка звучит следующим образом: “Василей рече: внук рече бабе своей: “Положи мя у себе”, и рече баба: “Како хощю положити тя, а ты ми отец”? Иоан рече: баба есть земля, а внук Христос”.",рече воноукъ бабе баба [GAP],1150.0,1220.0,12.0
394,https://epigraphica.ru/epigraphy/inscription/show/394,1174,Список убийц князя Андрея Боголюбского. Провозглашается проклятие убийцам и вечная память князю,Стены переславского Спасо-Преображенского собора,стена церкви,Спасо-Преображенский собор,;(левый столбец)Ѳралъвич[ь]: Амбалъ : ꙖкꙑКꙋцковичь (:) [О](ѳ)рѣмъ(Мои)зичь Добр[ꙑ](н)[а М](и)китич[О]ур-[мъ]------- [Ми]китаПетр(ъ) Иванковичь Ѳрольць Ми⸗ръшька Пьтръко Стꙑрѧтаси сꙋть [ꙋ]биїци велика⸗го кнѧзѧ Анъдр[ѣѧ]да бꙋд-[ть] проклѧ⸗ти и въ............ка(...);(правый столбец)мѣс҇цѧ июнѧ [к]ѳоубиенъ бꙑс҇ кн[ѧ]⸗зь Анъдрѣисвоими паробкꙑовомꙋ вѣч[н]аꙗ па⸗мѧт[ь] а симъ вѣчнаѧм[ꙋ]к[а] ачь кто в помꙑ⸗...-[ѣ]---[до]лз[ѣ]...(...),,"Петр (Фралович), Амбал, Яким Кучкович, Офрем Моизич, Добрына Микитич, Ур…, Микита, Петр Иванкович, Фролец, Мирошка, Петрко, Стырята (или: Петрко Стырята) — это убийцы великого князя Андрея. Да будут прокляты и в … Князь Андрей был убит 29 июня своими слугами. Ему — вечная память, а им — вечная мука. Если кто … ( )",кириллица,граффито,"Граффито расположено по центру южной апсиды собора на высоте 110 см над цоколем, т. е. на довольно большой высоте от границы фундамента и цокольной части. На южной апсиде полная высота цоколя, низ которого находится приблизительно в 35 см под современной вымосткой у стен храма, составляла около метра, т. е. нижний край надписи мог возвышаться над уровнем земли времени постройки собора более чем на 190 см, а верхний — приблизительно на 210 см. ( )",с небольшими утратами (>85%),,,,;левый столбецѲралъвичь: Амбалъ : ꙖкꙑКꙋцковичь : ОѳрѣмъМоизичь Добрꙑна МикитичОур-мъ [GAP] МикитаПетръ Иванковичь Ѳрольць Миръшька Пьтръко Стꙑрѧтаси сꙋть ꙋбиїци великаго кнѧзѧ Анъдрѣѧда бꙋд-ть проклѧти и въ [GAP] ка [GAP] ;правый столбецмѣс҇цѧ июнѧ кѳоубиенъ бꙑс҇ кнѧзь Анъдрѣисвоими паробкꙑовомꙋ вѣчнаꙗ памѧть а симъ вѣчнаѧмꙋка ачь кто в помꙑ [GAP] -ѣ [GAP] долзѣ [GAP],1174.0,1174.0,12.0
405,https://epigraphica.ru/epigraphy/inscription/show/405,1050-1110,Покаянная надпись Стевита (?),Первоначальные стены Софийского собора,стена церкви,Собор св. Софии,охъ мън[ѣ] (--) грѣшъ⸗,,"‘Ох мне, грешному. Стевит (?) писал’.",кириллица,граффито,"Юго-восточный подкупольный столб, южная лопатка, южная грань.",целая (100%),"Вероятно, до росписи 1109 г.",,"Орфография: Ь → ъ (после шипящего). Оформление: Левая и правая части надписи – охъмън[ѣ] и грѣшъ в 1-ой строке, н[о](м)[о]ус[т] и еви во 2-ой строке — расположены дистантно.",охъ мънѣ [GAP] грѣшъ,1050.0,1110.0,11.0
408,https://epigraphica.ru/epigraphy/inscription/show/408,1050-1110,Памятная надпись о пребывании монахов на службе (?) на Крестовоздвижение,Первоначальные стены Софийского собора,стена церкви,Собор св. Софии,н[а] Ста[в]р[о]въ дън[ъ],,‘На Крестовоздвижение … монахов’. ( ),кириллица,граффито,"Юго-восточный подкупольный столб, южная лопатка, восточная грань. 5 см от левого края, 18 см ниже современного пола.",с утратами (50-85%),,,"Одноеровая (ь → ъ 6×). Третья строка надписи, возможно, начинается правее первых двух, с букв къ (такой отступ мог бы быть вызван находившейся здесь более ранней надписью, которая сейчас тщательно зачеркнута). Если это так, то окончание рассматриваемой надписи можно реконструировать как с[о]р[о]|къ [б](ꙑ)л[о]. В таком случае ее полный текст имел вид: * На Ставровъ дьнь чьрьньць сорокъ было ‘На Крестовоздвижение [на службе] было сорок монахов’. Эта реконструкция допускает и не меняющее смысл фразы распространение, при котором место в начале третьей строки оказывается заполненным: *чьрьньць соро|(къ чл҃в)къ было ‘было сорок человек монахов’. В такой трактовке надпись оказывается ценным свидетельством участия новгородского черного духовенства в праздничном богослужении кафедрального собора.",на Ставровъ дънъ,1050.0,1110.0,11.0
410,https://epigraphica.ru/epigraphy/inscription/show/410,1050-1110,Молитва о Селяте,Первоначальные стены Софийского собора,стена церкви,Собор св. Софии,Ги҃ помози (р)або(у свое)[моу],,"‘Господи, помоги рабу своему Селяте’.",кириллица,граффито,"Юго-восточный подкупольный столб, южная лопатка, восточная грань. 19 см от левого края, 20 см ниже современного пола.",с небольшими утратами (>85%),,,,Ги҃ помози рабоу своемоу,1050.0,1110.0,11.0
416,https://epigraphica.ru/epigraphy/inscription/show/416,1050-1110,"Перечень имен (Чиж, Петр, Тудор)",Первоначальные стены Софийского собора,стена церкви,Собор св. Софии,[Ч]и[ж :] Петръ [: Т]о[у]доръ : Коу,,"‘Чиж, Петр, Тудор, ...’",кириллица,граффито,"Юго-восточный подкупольный столб, южная лопатка, восточная грань. 18 см от левого края, 32 см ниже современного пола.",целая (100%),,,"Почти ко всем буквам надписи пририсованы длинные вертикальные линии, отходящие от них вниз. Подобные украшения иногда встречаются на нижних полях древнерусских рукописей.",Чиж : Петръ : Тоудоръ : Коу,1050.0,1110.0,11.0
426,https://epigraphica.ru/epigraphy/inscription/show/426,1050-1110,Начало молитвы о Петре (или Дмитре),Первоначальные стены Софийского собора,стена церкви,Собор св. Софии,[Ги҃] пом(ози р)[абоу]………………,,"‘Господи, помоги рабу своему Петру (другой вариант — Дмитру) ...’",кириллица,граффито,"Юго-восточный подкупольный столб, восточная лопатка, южная грань. 27 см от левого края, 13 см ниже современного пола.",фрагмент (15-50%),,,В прямоугольной рамке. В начале восьмистрочной надписи читалась традиционное молитвенное обращение с именем Петръ или Дъмитръ.,Ги҃ помози рабоу [GAP],1050.0,1110.0,11.0
432,https://epigraphica.ru/epigraphy/inscription/show/432,1050-1110,Молитва об Олексее,Первоначальные стены Софийского собора,стена церкви,Собор св. Софии,Ги҃ помози раб⸗,,"‘Господи, помоги рабу своему грешному Олексею. Умоляю тебя, Господи’. ( )",кириллица,граффито,"Юго-восточный подкупольный столб, восточная лопатка, южная грань. 53 см от левого края, 19 см ниже современного пола.",с небольшими утратами (>85%),,,Орфография: Ѫ = <ю> (2×),Ги҃ помози раб,1050.0,1110.0,11.0
438,https://epigraphica.ru/epigraphy/inscription/show/438,1050-1110,Цитата из Апостола (2 Кор. 4: 6),Первоначальные стены Софийского собора,стена церкви,Собор св. Софии,и[ст]---свѣтѫ въ--ѧти,,‘Из тьмы воссиять свету’ (см. комментарий).,кириллица,граффито,"Юго-восточный подкупольный столб, восточная лопатка, южная грань. 64 см от левого края, 20 см ниже современного пола.",с утратами (50-85%),,,"Надпись, по-видимому, является цитатой из Апостола: и[с т](ьмы) свѣтѫ въ(си)ѧти (2 Кор. 4: 6). После въ виден горизонтальный штрих, идущий на уровне верха строки. Возможно, здесь выступал вариант буквы с с покрытием или с отворотом (впрочем, буква с в слове свѣтѫ выглядит иначе).",ист [GAP] свѣтѫ въ [GAP] ѧти,1050.0,1110.0,11.0
441,https://epigraphica.ru/epigraphy/inscription/show/441,1050-1110,Молитва о Павле,Первоначальные стены Софийского собора,стена церкви,Собор св. Софии,Ги҃ помо[зи раб](о)[у св]оемоу [П]а[в]ьл[оу],,"‘Господи, помоги рабу своему Павлу’.",кириллица,граффито,"Юго-восточный подкупольный столб, восточная лопатка, южная грань. 76 см от левого края, 28 см ниже современного пола.",с небольшими утратами (>85%),,,,Ги҃ помози рабоу своемоу Павьлоу,1050.0,1110.0,11.0
444,https://epigraphica.ru/epigraphy/inscription/show/444,1050-1110,Инципит возгласа священника,Первоначальные стены Софийского собора,стена церкви,Собор св. Софии,ѧко благословис,,,кириллица,граффито,"Юго-восточный подкупольный столб, восточная лопатка, южная грань. 75 см от левого края, 15 см ниже современного пола.",целая (100%),,,"Инципит возгласа священника, провозглашаемого после малой ектении (в разных случаях): «Яко благословися и прославися…». Граффито, возможно, не было закончено, так как писавший уперся в находящуюся справа надпись, не поддающуюся прочтению из-за утрат.",ѧко благословис,1050.0,1110.0,11.0
454,https://epigraphica.ru/epigraphy/inscription/show/454,1050-1110,Шуточная надпись (?),Первоначальные стены Софийского собора,стена церкви,Собор св. Софии,Нашьке клюни водꙑ,,"‘Нашко, клюнь воду’ (?). ( )",кириллица,граффито,"Юго-восточный подкупольный столб, восточная лопатка, южная грань. 105 см от левого края, 25 см ниже современного пола.",целая (100%),,,"Нашьке может быть вокативом — тогда перед нами шуточное обращение-дразнилка (см. перевод). Между тем новгородским писцовым книгам конца XV в. известен человек с прозвищем Клюйвода (Тупиков), представляющим собой образование той же структуры, что и фамилии типа рус. и укр. Варивода, укр. Непійвода, Подопригора, Убійвовк, серб. Газивода (‘топчи’ + ‘вода’), Мутивода. Возможно, поэтому, что и в нашем граффито фигурирует прозвище, в составе которого, однако, выступает не застывшая форма И. п. при императиве, а еще обычный Р. п. Отметим наддиалектную форму воды (в отличие от новг. водѣ).",Нашьке клюни водꙑ,1050.0,1110.0,11.0
460,https://epigraphica.ru/epigraphy/inscription/show/460,1157,Памятная надпись о смерти Георгия (Юрия Долгорукого),Стены переславского Спасо-Преображенского собора,стена церкви,Спасо-Преображенский собор,Георгиѧ въ [еı҃] (д-)⸗,,‘(помяни) Георгия в 15 день месяца мая’ ( ),кириллица,граффито,"Надпись была выполнена на восточном уступе лопатки к востоку от южного портала собора, в 5 см от левого края и в 135 см выше цоколя. Данное граффито находится на самой большой высоте из надписей Спасского собора, сделанных с поверхности земли. ( )",целая (100%),,,"Здесь указана дата кончины Юрия Владимировича, который умер в Киеве 15 мая 1157 г. Текст надписи сильно выбивается из древнерусского формуляра записей о смерти: мѣсяца A въ B дьнь прѣставися рабъ божии N. В начале может добавляться годовая дата: въ лѣто C, а дневная дата может дополняться или заменяться указанием на пришедшийся на этот день церковный праздник. В конце могут следовать подробности об усопшем, обстоятельствах его смерти и погребения.",Георгиѧ въ еı҃ д-,1157.0,1157.0,12.0
461,https://epigraphica.ru/epigraphy/inscription/show/461,1180-1200,"Молитва о Федоре Радиловиче (или Радиховиче, или Радославиче)",Стены переславского Спасо-Преображенского собора,стена церкви,Спасо-Преображенский собор,Ги҃ помози рабуо своѥму[о],,"‘Господи помоги рабу своему Федору Радиловичу (или Радиховичу, или Радославичу)’ ( )",кириллица,граффито,"Надпись расположена на уступе южной лопатки западного фасада, у левого края уступа, в 35 см выше цоколя. ( )",с небольшими утратами (>85%),,,,Ги҃ помози рабуо своѥмуо,1180.0,1200.0,12.0
462,https://epigraphica.ru/epigraphy/inscription/show/462,[1160-1220],Поминальная надпись о смерти Варвары с упоминанием особых заслуг усопшей,Стены переславского Спасо-Преображенского собора,стена церкви,Спасо-Преображенский собор,мс҇цѧ [ма]и[ѧ] вътър[ꙑ]⸗,,"‘12 мая преставилась Варвара, милостыней приучившая к [посещению] церкви много вдов’ ( )",кириллица,граффито,"Надпись находится на лопатке к югу от западного портала, у правого края лопатки и в 130 см выше цоколя. ( )",целая (100%),1160-1220 ( ),,"Особенностью надписи, выделяющей ее на фоне обычных для своего времени поминальных граффити, является упоминание особых заслуг усопшей. Варвара, по всей вероятности – боярская вдова, оставила по себе память щедрым попечением о вдовах. Сама по себе такая благотворительность не представляет собой ничего экстраординарного: забота о вдовах – одна из главных форм церковного милосердия, а заповедь о ней – общее место христианской гомилетики. Замечательно, однако, упоминание эффекта от этой деятельности. «Приучить» к Церкви можно лишь того, кто от нее отошел, утратив с ней связь. В этих словах граффито нельзя не увидеть отражение реального состояния женской религиозности в, казалось бы, давно уже крещеном обществе Северо-Восточной Руси.",мс҇цѧ маиѧ вътърꙑ,1160.0,1220.0,12.0
464,https://epigraphica.ru/epigraphy/inscription/show/464,1150-1250,Сокращенная запись названий дней недели,Стены переславского Спасо-Преображенского собора,стена церкви,Спасо-Преображенский собор,не҃ по҃ въ҃ се҃ че҃ пѧ҃ су҃ не҃ (…),,"‘Воскресенье, понедельник, вторник, среда, четверг, пятница, суббота, воскресенье’. ( )",кириллица,граффито,"Надпись расположена на западной стороне восточного прясла северного фасада Спасского собора, на лежащем непосредственно над фундаментной платформой нижнем камне кладки цоколя ( )",целая (100%),,,,не҃ по҃ въ҃ се҃ че҃ пѧ҃ су҃ не҃ [GAP],1150.0,1250.0,12.0
465,https://epigraphica.ru/epigraphy/inscription/show/465,1150-1250,Автограф Игната,Стены переславского Спасо-Преображенского собора,стена церкви,Спасо-Преображенский собор,дезси нъ не всѣмъ ладьно,,,кириллица,граффито,"Расположена на западной стороне восточного прясла северного фасада Спасского собора, на лежащем непосредственно над фундаментной платформой нижнем камне кладки цоколя, на блоке, находящемся через один блок слева от блока с надписью с сокращением дней недели, ниже крупного изображения идущего человека со змееподобным существом на плечах. ( )",целая (100%),,,,дезси нъ не всѣмъ ладьно,1150.0,1250.0,12.0
468,https://epigraphica.ru/epigraphy/inscription/show/468,1221-1227,Акт времени Мстислава Мстиславича об иске к Ляху из-за плотников,Стены церкви Св. Пантелеймона,стена церкви,Церковь св. Пантелеимона,въ кн҃жниѥ М-стис[л]авл[е] въ [д]-⸗,,"'В княжение Мстислава, в управление Игната рассматривался иск к Ляху из-за плотников, и не был удовлетворен; [Лях] уплатил «выкладное». А тому свидетели — попы Святого Пантелеймона: Лазарь, Семьюн, Матвей, Стефан, Дмитр, Богдан. А князь постановил [более по этому делу] никому иска не предъявлять, и пусть [никто] не ослушается!' ( )",кириллица,граффито,"Восточная часть южной фасадной стены, на высоте 140 см от уровня почвы и на расстоянии 330 см от правого угла ( )",с небольшими утратами (>85%),,,,въ кн҃жниѥ М-стиславле въ д-,1221.0,1227.0,13.0
469,https://epigraphica.ru/epigraphy/inscription/show/469,1238-1264,Акт времени Даниила Романовича об иске к Дюдку Имжаковичу,Стены церкви Св. Пантелеймона,стена церкви,Церковь св. Пантелеимона,(при к)[н]зи при Данилѣ при [д](…)[п]· Борзѧта соцкии (·) Иван… … (бо)⸗рзиче · Радославо д[въ]р(е)скаго [·]Степано попСт҃о[и] Трц҃ѣ,,"При князе Даниле, при дворском (или: державце) Давыде подвойский Иван был (или: судил) при сотском Якиме. Рассматривался иск к Дюдку Имжаковичу (?), и не был удовлетворен; и [Дюдко] дал «выход» (или: «выходное»); и пили могорыч пополудни. Этому свидетели — Матвей Ко… рязанец, поп …, сотский Борзята, Иван Милоборзич (?), Радослав, [сын] дворского, Степан, поп Святой Троицы. ( )",кириллица,граффито,"Юго-западная сторона западной стены, на высоте 135 см от пола и на расстоянии 157 см от правого ребра ( )",с небольшими утратами (>85%),,,,при кнзи при Данилѣ при д [GAP] п · Борзѧта соцкии · Иван [GAP] борзиче · Радославо двърескаго · Степано попСт҃ои Трц҃ѣ,1238.0,1264.0,13.0
470,https://epigraphica.ru/epigraphy/inscription/show/470,1227-1233,Акт времени королевича Андраша об иске к Микуле и плотникам,Стены церкви Св. Пантелеймона,стена церкви,Церковь св. Пантелеимона,(п)[риАндр]--вич[и]Андр[ѣи:] а (при Ст)[е]пан[ѣ] ----- (…)анте[лѣ]ѧ -о(-)ч---- (-) ѣ[и в]ꙑходо дал[и] а се послꙋси [м]а⸗[л]ꙑи Андрѣи поп: М(и)кꙋла [н](а)[ь]⸗митъ попМикита Степ[анъ] к[узнь]⸗це а Лазо п[оп] псало ра-о---: - [ле]⸗кса Хотѣнович[е]а при М[ь]стисла[в]ѣ к[нѧзи не] (на)шли же ихъ,,"При Андрее Андреевиче, при Степане … рассматривался иск к Микуле и плотникам (?), и они были оправданы: Микула, ……ына, Пантелей, Бойча (?), Здача (?) — и уплатили «выход». А вот свидетели: поп Андрей Малый, наемный рабочий Микула, поп Микита, кузнец Степан, а поп Лазорь Разгул (?) писал [эту надпись], Олекса Хотенович. А при князе Мстиславе их тоже оправдали. ( )",кириллица,граффито,"Северо-западный участок внутренней стены, на высоте 185 см от пола и на расстоянии 60 см от левого угла ( )",с утратами (50-85%),,,,приАндр [GAP] вичиАндрѣи: а при Степанѣ [GAP] антелѣѧ -о [GAP] ч [GAP] ѣи вꙑходо дали а се послꙋси малꙑи Андрѣи поп: Микꙋла наьмитъ попМикита Степанъ кузньце а Лазо поп псало ра-о [GAP] : - лекса Хотѣновичеа при Мьстиславѣ кнѧзи не нашли же ихъ,1227.0,1233.0,13.0
471,https://epigraphica.ru/epigraphy/inscription/show/471,1221-1227,Актовая запись времени княжения Мстислава Мстиславича с указанием свидетелей,Стены церкви Св. Пантелеймона,стена церкви,Церковь св. Пантелеимона,...нии Мьстиславли...,,,кириллица,граффито,,фрагмент (15-50%),,,,[GAP] нии Мьстиславли [GAP],1221.0,1227.0,13.0
472,https://epigraphica.ru/epigraphy/inscription/show/472,1217,Начало надписи с указанием даты,Стены церкви Св. Пантелеймона,стена церкви,Церковь св. Пантелеимона,въ лѣт҂ꙅѱ[ке][с]ца авгоус⸗т (…),,… августа 6725 года … ( ),кириллица,граффито,"Между западным и центральным пряслами южного фасада, на высоте 192 см от поверхности грунта и на расстоянии 11 см от правого ребра. ( )",с утратами (50-85%),,,,въ лѣт҂ꙅѱкесца авгоуст [GAP],1217.0,1217.0,13.0
473,https://epigraphica.ru/epigraphy/inscription/show/473,1217,Надпись о смерти Ульяны,Стены церкви Св. Пантелеймона,стена церкви,Церковь св. Пантелеимона,въ лѣт҂ꙅѱ҃к҃е҃ прѣ⸗сца маѧ въз҃ı дн҃ь,,17 мая 6725 года преставилась Ульяна ( ),кириллица,граффито,"Северная стена жертвенника, на высоте 170 см от пола и на расстоянии 224 см от правого угла ( )",целая (100%),,,,въ лѣт҂ꙅѱ҃к҃е҃ прѣсца маѧ въз҃ı дн҃ь,1217.0,1217.0,13.0
474,https://epigraphica.ru/epigraphy/inscription/show/474,1229,Надпись о смерти Богдана,Стены церкви Св. Пантелеймона,стена церкви,Церковь св. Пантелеимона,въ лѣт҇҂ѕ҃ѱл҃зс҇(ц)а маѧ въı҃ оумре Богда[нъ],,10 мая 6737 года умер Богдан ( ),кириллица,граффито,"Внешняя стена, восточнее южного портала, на высоте 176 см от поверхности почвы и на расстоянии 156 см от правого ребра ( )",целая (100%),,,,въ лѣт҇҂ѕ҃ѱл҃зс҇ца маѧ въı҃ оумре Богданъ,1229.0,1229.0,13.0
478,https://epigraphica.ru/epigraphy/inscription/show/478,1080–1100,Надпись о вторичном погребении грамматика,Стены киевского Софийского собора,стена церкви,Собор св. Софии,мс҇цѧ [і]ꙋниꙗгр](е)[бо]⸗ш[ѧ] грама⸗тика а въі҃е въдаша к(ъ)Лазор-ю,,"‘Месяца июня в ... день выкопали грамматика [книжника], а в 15-й отдали к Лазорю’. ( )",кириллица,граффито,северная стена южной внешней галереи Софии Киевской (придел свв. Антония и Феодосия) возле сильно попорченного фрескового изображения Стефана ( ),с небольшими утратами (>85%),,,"«В 6-й строке после Лазор <...> фигура вида с , поверх которой проведены два вертикальных штриха. Можно предположить, что писец начал писать букву е (от Лазореви ), но затем решил ее переделать (на ю ?); результат его не устроил и он просто бросил это место и рядом написал ю » ( ). «Не удается получить бесспорного чтения для начала 2-й строки, где указан день, когда производилась эксгумация <...> Место для узкого знака между въ и дн҃ есть, т. е. в принципе можно предположить, что здесь стояло і҃ ‘10’, которое не сохранилось (ср. і в [ і ] ꙋниꙗ ); но это, конечно, ненадежно» ( –271). Видимо, имеется в виду ритуал вторичного погребения: кости эксгумировали и вложили в гроб родственника, хоронимого в той же могиле ( ; об этом обряде см. ).",мс҇цѧ іꙋниꙗгребошѧ граматика а въі҃е въдаша къЛазор-ю,1080.0,1100.0,11.0
479,https://epigraphica.ru/epigraphy/inscription/show/479,1037–[1150],"Молитва о Безуе, отроке Ивана Добрынича",Стены киевского Софийского собора,стена церкви,Собор св. Софии,Ги҃ помози рабоу своемуиМ--еви съ нимъ,,"‘Господи, помоги рабу своему Безую, отроку Ивана Д[о]брынича, и М[ал]ю с ним’.",кириллица,граффито,"на фреске св. Онуфрия, на высоте 132 см от пола и на расстоянии 66 см от левого угла ( ) южная внешняя галерея Софии Киевской в нижней части фрески св. Онуфрия ( )",с небольшими утратами (>85%),,,"«Граффито взято в рамку» ( ). Понимание отрезка Безуеви Иванѫ отроку Д-|брынича как ‘Безую-Ивану, отроку Добрынича’ «несовместимо с древнерусскими правилами выражения принадлежности <...> использование буквы ѫ для передачи [’у] – для XI в. довольно частое явление <...> Тогда Иванѫ – это притяжательное прилагательное и смысл основной части надписи таков: ‘Господи, помоги рабу своему Безую, отроку Ивана Добрынича’ <...> В 3-й строке чтение Мареви принять невозможно: ни от какого древнерусского имени такого Д. ед. быть не может» ( –267). Возможно, последнее имя читается как Малеви (устное сообщение А. А. Гиппиуса).",Ги҃ помози рабоу своемуиМ [GAP] еви съ нимъ,1037.0,1150.0,11.0
480,https://epigraphica.ru/epigraphy/inscription/show/480,1037–1100,Молитва о Коснятине,Стены киевского Софийского собора,стена церкви,Собор св. Софии,Ги҃ пѡмози рабꙋ свѡѥмꙋ,,"‘Господи, помоги рабу своему Коснятину’. ( )",кириллица,граффито,"на южной стене западной внутренней галереи Софии Киевской на фреске с образами св. Евстафия Плакиды, его жены св. Феопистии и их сына св. Агапия; на высоте 120 см от современного пола и в 338 см от левого угла ( )",целая (100%),втор. пол. XI в. ( ),,,Ги҃ пѡмози рабꙋ свѡѥмꙋ,1037.0,1100.0,11.0
482,https://epigraphica.ru/epigraphy/inscription/show/482,1140–1240,"Автограф Ивана Завидовича, направлявшегося в паломничество в Сантьяго-де-Компостела",Saint-Vivien de Pons,стена церкви,Церковь св. Вивиана,Ивано ѱло Зав[и]⸗,,"‘Иван писал Завидович, идя к святому Иакову’ ( )",кириллица,граффито,"На северном плече широкого романского фасада церкви, в четвертом снизу ряду кладки массивного контрфорса, на высоте 83 см от современного пола. ( )",целая (100%),1160–1180 ( ),,"Terminus post quem определяется датой строительства собора в 1140-е гг. Предположительный terminus ante quem связан с монгольским нашествием 1230-х – 1240-х гг. Вопреки издателям, палеография надписи не позволяет уточнить ее датировку.",Ивано ѱло Зави,1140.0,1240.0,12.0
483,https://epigraphica.ru/epigraphy/inscription/show/483,1420-1440,Заздравная надпись на чаре князя Владимира Давыдовича,Чара князя Владимира Давыдовича,"чаша, бытовые предметы",неизвестно,text 1: основная надписьtext 2: черновая надписьа се чара кнѧ[з]ѧ володова дв҃ꙑдови[ча] кто из нее п[ь то]му на здоров[ь]е а хвалѧ бо[га своего ѡспо]дарѧ великого не оупье[тьсѧ],,"{Основная надпись} Это чара князя Владимира Давыдовича. Кто из нее пьет, тому на здоровье, хваля Бога и своего господаря великого князя. {Подготовительная надпись} Это чара князя Владимира Давыдовича, кто из нее пьет, тому на здоровье, хваля Бога [и] своего господаря великого, [пусть] не упьется.",кириллица,"граффито, чеканка","«[Н]а вертикальном, слегка отогнутом ободе двойным контуром вычеканена заздравная надпись» (text 1) Частично сохранившаяся черновая надпись (text 2) ( ) «Круговая надпись резана по серебру двойным контуром. Фон сплошь заштрихован граверным резцом. Рисунками процветшего креста надпись расчленена на четыре части» ( )",целая (100%),"Не ранее второй половины XIII в., скорее всего первая половина XIV в. ( )","Палеографически значимы следующие начертания: а типа 7 «удлиненная спинка» по А. А. Зализняку (указывает либо на время ), е IV «лежащие» 1380>, и II «наклонная перекладина» 1320> (1340>) (?), р IVа «углом вниз (криволинейные)» 1160> (1240>) или р IVб «углом вниз (прямолинейные)» 1240> (1300>), ч IIа «Y-образные» 1280>, ѧ IIIа «V-образный язычок (острые)» 1280> (1340>). Из лингвистических черт существенна особенность «язык: оспод- (без г) (1340>)».",,основная надпись черновая надписьа се чара кнѧзѧ володова дв҃ꙑдовича кто из нее пь тому на здоровье а хвалѧ бога своего ѡсподарѧ великого не оупьетьсѧ,1420.0,1440.0,15.0
532,https://epigraphica.ru/epigraphy/inscription/show/532,1045–1109,Криптограмма имени Затех и заимствованное речение («куни рони»),Первоначальная штукатурка новгородского Софийского Собора,стена церкви,Собор св. Софии,text 1:монограмма имени Затех (см. комментарий)text 2:куни рони,,text 1: ‘Затех’ (см. комментарий),кириллица,граффито,"Юго-восточный подкупольный столб, восточная лопатка, южная грань. 71 см от левого края, 51 см ниже современного пола. Взаимное расположение текстов: Текст 2 находится справа от Текста 1. ( )",с небольшими утратами (>85%) ( ),,,"Т1 – аккуратная монограмма, имеющая вертикальное устройство: сверху располагается миниатюрная буква т без засечек, ее вертикаль служит чуть ниже спинкой буквы а , а еще ниже становится деталью з , к хвосту которой добавлена черточка, делающая его зеркальной буквой е , самый кончик хвоста з перечеркнут, что создает здесь букву х .",монограмма имени Затех см. комментарий куни рони,1045.0,1109.0,11.0
534,https://epigraphica.ru/epigraphy/inscription/show/534,1383,"Подпись к реликвии – ароматам, которыми помазали тело Христа перед погребением",Ковчег Дионисия Суздальского,реликварий,Нижний Новгород (точное место неизвестно),+ ароматꙑ им же помаꙁаша Христа и обивъше пъласщалницею,,"‘Ароматы, которыми помазали Христа, обернув плащаницей’",кириллица,резьба по металлу,"левый верхний квадрат от креста, левая верхняя реликвия",целая (100%),,,,+ ароматꙑ им же помаꙁаша Христа и обивъше пъласщалницею,1383.0,1383.0,14.0
535,https://epigraphica.ru/epigraphy/inscription/show/535,1383,"Подпись к реликвии – губке, с которой Христос был напоен уксусом",Ковчег Дионисия Суздальского,реликварий,Нижний Новгород (точное место неизвестно),+ губа юже омочиша во оцетъ и напоиша Христа на крьстѣ распата,,"‘Губка, которую обмакнули в уксус и напоили Христа, на кресте распятого’",кириллица,резьба по металлу,"левый верхний квадрат от креста, левая нижняя реликвия",целая (100%),,,,+ губа юже омочиша во оцетъ и напоиша Христа на крьстѣ распата,1383.0,1383.0,14.0
536,https://epigraphica.ru/epigraphy/inscription/show/536,1383,Подпись к реликвии – ризе Христа,Ковчег Дионисия Суздальского,реликварий,Нижний Новгород (точное место неизвестно),+ риꙁа Христова нешвенаꙗ юже свѧтаꙗ Богородица съдѣла,,"‘Риза Христова нешвеная [то есть тканая, без швов], которую святая Богородица сделала’",кириллица,резьба по металлу,"левый верхний квадрат от креста, правая верхняя реликвия",целая (100%),,,,+ риꙁа Христова нешвенаꙗ юже свѧтаꙗ Богородица съдѣла,1383.0,1383.0,14.0
537,https://epigraphica.ru/epigraphy/inscription/show/537,1383,"Подпись к реликвии – крови, истекшей из ребер Христа",Ковчег Дионисия Суздальского,реликварий,Нижний Новгород (точное место неизвестно),+ кровь Христова прободеньемь копьꙗ истекшиꙗ ис пречистꙑхъ ребро,,"‘Кровь Христова, от удара копья истекшая из пречистых ребер’",кириллица,резьба по металлу,"левый верхний квадрат от креста, правая нижняя реликвия",целая (100%),,,,+ кровь Христова прободеньемь копьꙗ истекшиꙗ ис пречистꙑхъ ребро,1383.0,1383.0,14.0
538,https://epigraphica.ru/epigraphy/inscription/show/538,1383,Подпись к реликвии – камню от гроба Спасителя,Ковчег Дионисия Суздальского,реликварий,Нижний Новгород (точное место неизвестно),+ камень гробнꙑи в немъ же положиша Христа цьсарѧ небесънаго,,"‘Камень от гроба, в который положили Христа, цесаря небесного’",кириллица,резьба по металлу,"правый верхний квадрат от креста, левая верхняя реликвия",целая (100%),,,,+ камень гробнꙑи в немъ же положиша Христа цьсарѧ небесънаго,1383.0,1383.0,14.0
539,https://epigraphica.ru/epigraphy/inscription/show/539,1383,"Подпись к реликвиям – волосам из бороды Христа и воде, истекшей из его ребер",Ковчег Дионисия Суздальского,реликварий,Нижний Новгород (точное место неизвестно),+ власі історгані брадꙑ Христа Бога и вода істекшiꙗ іꙁ ребро на распѧтьи ∷,,"‘Волосы, вырванные из бороды Христа Бога, и вода, истекшая из ребер на распятии’",кириллица,резьба по металлу,"правый верхний квадрат от креста, левая нижняя реликвия",целая (100%),,,,+ власі історгані брадꙑ Христа Бога и вода істекшꙗ іꙁ ребро на распѧтьи ∷,1383.0,1383.0,14.0
549,https://epigraphica.ru/epigraphy/inscription/show/549,1383,Подпись к реликвии – ризе Богородицы,Ковчег Дионисия Суздальского,реликварий,Нижний Новгород (точное место неизвестно),+ отъ риꙁꙑ свѧтꙑꙗ Богородицi иже носѧше i от чеснаго еꙗ гроба,,"‘От ризы святой Богородицы, которую она носила, и от честного ее гроба’",кириллица,резьба по металлу,"правый верхний квадрат от креста, правая верхняя реликвия",целая (100%),,,,+ отъ риꙁꙑ свѧтꙑꙗ Богородиц иже носѧше от чеснаго еꙗ гроба,1383.0,1383.0,14.0
550,https://epigraphica.ru/epigraphy/inscription/show/550,1383,Подпись к реликвии – камню от столба бичевания,Ковчег Дионисия Суздальского,реликварий,Нижний Новгород (точное место неизвестно),+ камень столъпа к нему же привѧꙁавъше Христа и мучиша и,,"‘Камень столба, к которому привязали Христа и мучали его’",кириллица,резьба по металлу,"правый верхний квадрат от креста, правая нижняя реликвия",целая (100%),,,,+ камень столъпа к нему же привѧꙁавъше Христа и мучиша и,1383.0,1383.0,14.0
551,https://epigraphica.ru/epigraphy/inscription/show/551,1383,Подпись к реликвии – терновому венцу,Ковчег Дионисия Суздальского,реликварий,Нижний Новгород (точное место неизвестно),+ вѣнець терновъ иже въꙁложиша на всѣхъ иьсарѧ Христа,,"‘Венец терновый, который возложили на волосы цесаря Христа’",кириллица,резьба по металлу,"левый нижний квадрат от креста, левая верхняя реликвия",целая (100%),,,В слове цьсаря ошибочная замена ц на и .,+ вѣнець терновъ иже въꙁложиша на всѣхъ иьсарѧ Христа,1383.0,1383.0,14.0
552,https://epigraphica.ru/epigraphy/inscription/show/552,1383,Подпись к реликвии – багрянице Христа,Ковчег Дионисия Суздальского,реликварий,Нижний Новгород (точное место неизвестно),+ лжаꙗ порфира ею же облекоша Христа иже нево облачить облаки,,"‘Ложная порфира, в которую одели Христа, одевающего небо облаками’",кириллица,резьба по металлу,"левый нижний квадрат от креста, правая верхняя реликвия",целая (100%),,,,+ лжаꙗ порфира ею же облекоша Христа иже нево облачить облаки,1383.0,1383.0,14.0
553,https://epigraphica.ru/epigraphy/inscription/show/553,1383,Подпись к реликвии – крови от иконы Христа в Бейруте,Ковчег Дионисия Суздальского,реликварий,Нижний Новгород (точное место неизвестно),+ кровь истекшаꙗ иꙁъ ребръ отъ иконꙑ Христовѣ иже въ Вуритѣ,,"‘Кровь, истекшая из ребер на иконе Христа в Бейруте’",кириллица,резьба по металлу,"левый нижний квадрат от креста, левая нижняя реликвия",целая (100%),,,,+ кровь истекшаꙗ иꙁъ ребръ отъ иконꙑ Христовѣ иже въ Вуритѣ,1383.0,1383.0,14.0
554,https://epigraphica.ru/epigraphy/inscription/show/554,1383,Подпись к реликвии – камню миропомазания,Ковчег Дионисия Суздальского,реликварий,Нижний Новгород (точное место неизвестно),+ камень доски на немь же Христа снемь со креста полов обвиша,,"‘Камень доски, на котором Христа, сняв с креста, обернули плащаницей’",кириллица,резьба по металлу,"левый нижний квадрат от креста, правая нижняя реликвия",целая (100%),,,,+ камень доски на немь же Христа снемь со креста полов обвиша,1383.0,1383.0,14.0
555,https://epigraphica.ru/epigraphy/inscription/show/555,1383,Подпись к реликвии – хитоне Христа,Ковчег Дионисия Суздальского,реликварий,Нижний Новгород (точное место неизвестно),+ хитона Господа нашего Ісусъ Христа еже нарчетсѧ срачица,,"‘Хитон господа нашего Иисуса Христа, который называется срачица’",кириллица,резьба по металлу,"правый нижний квадрат от креста, левая верхняя реликвия",целая (100%),,,,+ хитона Господа нашего Ісусъ Христа еже нарчетсѧ срачица,1383.0,1383.0,14.0
556,https://epigraphica.ru/epigraphy/inscription/show/556,1383,"Подпись к реликвии – трости, которой били Христа",Ковчег Дионисия Суздальского,реликварий,Нижний Новгород (точное место неизвестно),+ трость ею же биша по главѣ Христа на и же и губу вꙁнесоша,,"‘Трость, которой били по голове Христа и на которой ему поднесли губку’",кириллица,резьба по металлу,"правый нижний квадрат от креста, правая верхняя реликвия",целая (100%),,,,+ трость ею же биша по главѣ Христа на и же и губу вꙁнесоша,1383.0,1383.0,14.0
557,https://epigraphica.ru/epigraphy/inscription/show/557,1383,Подпись к реликвии – яслям Христовым,Ковчег Дионисия Суздальского,реликварий,Нижний Новгород (точное место неизвестно),+ камен ꙗслии Хвꙑхъ в нем же обрѣтше волсвиꙗко цьсарю поклонишасѧ,,"‘Камень яслей Христовых, в котором [его] найдя, волхвы как царю поклонились’",кириллица,резьба по металлу,"правый нижний квадрат от креста, левая нижняя реликвия",целая (100%),,,,+ камен ꙗслии Хвꙑхъ в нем же обрѣтше волсвиꙗко цьсарю поклонишасѧ,1383.0,1383.0,14.0
558,https://epigraphica.ru/epigraphy/inscription/show/558,1383,"Подпись к реликвии – ароматам, которыми помазали Христа",Ковчег Дионисия Суздальского,реликварий,Нижний Новгород (точное место неизвестно),+ другое арамо еже принесоша Марфа и Мариꙗ и помаꙁаша Христа,,"‘Другой аромат, который принесли Марфа и Мария и помазали Христа’",кириллица,резьба по металлу,"правый нижний квадрат от креста, правая нижняя реликвия",целая (100%),,,,+ другое арамо еже принесоша Марфа и Мариꙗ и помаꙁаша Христа,1383.0,1383.0,14.0
559,https://epigraphica.ru/epigraphy/inscription/show/559,1383,Подпись к реликвии – частице Истинного креста,Ковчег Дионисия Суздальского,реликварий,Нижний Новгород (точное место неизвестно),Текст 1:Текст 2:на не⸗мжеХъ Бърасп*⸗ѧтсѧ (п)⸗лотьюТекст 3:хотѧі спа⸗сти род че⸗ловѣчь⸗скꙑиТекст 4:ѥмуже кла⸗нѧющесѧ с⸗пасаюмъсѧ,,"'Древо животворящего креста Господня, на котором Христос Бог распял себя плотью, желая спасти род человеческий, и кланяясь которому, спасаемся.'",кириллица,резьба по металлу,по четырем сторонам от креста,с небольшими утратами (>85%),,,Надпись расположена по четырем сторонам от креста и читается в порядке совершения крестного знамения при благословлении (сверху вниз и слева направо).,на немжеХъ Бърасп*ѧтсѧ плотью хотѧі спасти род человѣчьскꙑи ѥмуже кланѧющесѧ спасаюмъсѧ,1383.0,1383.0,14.0
560,https://epigraphica.ru/epigraphy/inscription/show/560,1383,"Тайнопись вокруг креста, содержащая три греческие тетраграммы с параллельными славянскими переводами",Ковчег Дионисия Суздальского,реликварий,Нижний Новгород (точное место неизвестно),Текст 1Текст 2Х(Х)(ПВ)[К]ЛТекст 3Ф҃М҃ППМРТекст 4П҃ϚГ҃ВКБ,,Тайнопись прочитывается в порядке совершения крестного знамения (сверху вниз и слева направо) и представляет собой три греческие тетраграммы с параллельными славянскими версиями. ‘ФХФП: Φῶς Χριστοῦ Фαίνει Пᾶσιν С(Х)ПВ: Свѣтъ Христовъ Просвѣщаетъ Всѣхъ A(П)МС: Ἀρχή Πίστεως Μωσαϊκός Σταυρός Н(В)МК: Начало Вѣрѣ Моисеискии Крестъ T[К]ПГ: Τόπος Кρανίου Παράδεισος Гέγονε МЛРБ: Мѣсто Лобное Раи Бысть’ ( ),"кириллица, греческий",резьба по металлу,по четырем сторонам от креста,с небольшими утратами (>85%),,,,ХХПВКЛ Ф҃М҃ППМР П҃Г҃ВКБ,1383.0,1383.0,14.0
562,https://epigraphica.ru/epigraphy/inscription/show/562,1383,Подпись к изображению ведения на крест,Ковчег Дионисия Суздальского,реликварий,Нижний Новгород (точное место неизвестно),веде⸗црІс҃|im.|Хс҃н⸗а|im.|к|im.|кр҃т,,'Ведение царя Иисуса Христа на крест',кириллица,резьба по металлу,в центре левого верхнего квадрата,целая (100%),,,"Возможно, буквы н и к , несмотря на отсутствие над ними титл, были призваны обозначать аббревиатуру н҃i҃ к҃а҃ , которая дважды возникает на ковчеге: в верхней части крестного древа и на изображении распятия в правом верхнем квадрате. Остальные слова надписи также занимают свое логичное место в крестной композиции: лигатура цр расположена на самом верху, оказываясь на месте слов царь славы , а ниже, по сторонам креста, на своем обычном месте, располагается монограмма Ic҃ Хс҃ .",ведецрІс҃ [GAP] Хс҃на [GAP] к [GAP] кр҃т,1383.0,1383.0,14.0
567,https://epigraphica.ru/epigraphy/inscription/show/567,[1037–1160],Обращение к святому (?),Стены киевского Софийского собора,стена церкви,Собор св. Софии,не видехъ тебе,,‘Я не видел тебя’.,кириллица,граффито,"На фреске с образом неизвестного святого, в арке-переходе между приделом апп. Петра и Павла и центральным нефом; на западной грани западной лопатки второго от алтаря южного крещатого столба. Иконография больше соответствует образу апостола, а не пророка. По предположению Н. Никитенко, на фреске изображен один из семидесяти апостолов, однако имя его не установлено ( ) По данным иконографии и по расположению фрески, вероятно, на ней изображен св. пророк Моисей ( ) северная сторона центрального нефа, западная плоскость второго от главного алтаря крещатого столба ( )",целая (100%),,,"«Немного выше и немного ниже этого фрагмента заметны следы трех коротких поврежденных строк греческой надписи, написанных тою же рукою. Прочесть все остатки граффито не удалось. Весьма вероятно, что запись является обращением к изображенному на фреске святому – патрону автора граффито. Но не исключено, что надпись – часть какого “разговора” автора с Богом, понятного только ему одному» ( ).",не видехъ тебе,1037.0,1160.0,11.0
568,https://epigraphica.ru/epigraphy/inscription/show/568,1383,Подпись к изображению распятия,Ковчег Дионисия Суздальского,реликварий,Нижний Новгород (точное место неизвестно),цр҃ьавІс҃ Хс҃|im.|н҃ик҃распѧ|im.|теХтво,,‘Царь славы Иисус Христос – победитель Распятие Христово’,кириллица,резьба по металлу,в центре правого верхнего квадрата,целая (100%),,,,цр҃ьавІс҃ Хс҃ [GAP] н҃ик҃распѧ [GAP] теХтво,1383.0,1383.0,14.0
571,https://epigraphica.ru/epigraphy/inscription/show/571,1383,Подпись к изображению вознесения Христова,Ковчег Дионисия Суздальского,реликварий,Нижний Новгород (точное место неизвестно),Текст 1:нье|im.|ХристовъТекст 2:Іс҃ Хс҃,,‘Вознесение Христово Иисус Христос’,кириллица,резьба по металлу,верхнее полукружие,целая (100%),,,,нье [GAP] Христовъ Іс҃ Хс҃,1383.0,1383.0,14.0
572,https://epigraphica.ru/epigraphy/inscription/show/572,1383,Подпись к изображению воскресения Христова,Ковчег Дионисия Суздальского,реликварий,Нижний Новгород (точное место неизвестно),Текст 1:|im.|ресенѥ рх҃въТекст 2:Іс҃ Хс,,‘Воскресение Христово Иисус Христос’,кириллица,резьба по металлу,нижнее полукружие,целая (100%),,,,[GAP] ресенѥ рх҃въ Іс҃ Хс,1383.0,1383.0,14.0
574,https://epigraphica.ru/epigraphy/inscription/show/574,1383,Подпись к изображению Гроба Господня,Ковчег Дионисия Суздальского,реликварий,Нижний Новгород (точное место неизвестно),Текст 1:|im.|же|im.|бѣ|im.|полъженоТекст 2:камене,,"‘Это место, в котором [Христос] был положен камень’",кириллица,резьба по металлу,правое полукружие,целая (100%),,,,[GAP] же [GAP] бѣ [GAP] полъжено камене,1383.0,1383.0,14.0
575,https://epigraphica.ru/epigraphy/inscription/show/575,1383,Надпись о перенесении страстных реликвий из Константинополя архиепископом Дионисием и создании для них ковчега по заказу великого князя Дмитрия Константиновича,Ковчег Дионисия Суздальского,реликварий,Нижний Новгород (точное место неизвестно),б(ж҇)твнꙑꙗ стрсті великаго Бога спс҃а нашего Христа пренесенꙑ иꙁоЦр҃ѧграда смѣренымо архіепскпмъ Діӧнисье(м)спью в Суꙁдаль в Новгородо в Г(оро)дець подшаньѥм многім і подвігом і споспѣщніки(ім)[ѣ]ꙗ богоноснꙑꙗ отьца во Цріградѣ равно англмъ житье імуща прі всест҃мь патріарсѣ Нілѣ пр[і] веліком кнѧꙁі Дм[и]⸗[т](р)[и] Костѧнтіновічѣ іже соꙁда раку сію в честь і в славу ст҃мь стрт҃м сімъ Хсвам в лѣ ҂Ѕное Ѡ҃Ч҃А҃е индикта в Ѕ҃тꙑ(и),,"‘Божественные страсти великого Бога Спаса нашего Христа перенесены из Царьграда смиренным архиепископом Дионисием в святую архиепископию в Суздаль, в Новгород, в Городец с помощью усердия большого и подвига, и помощниками имея богоносных отцов в Царьграде, живущих подобно ангелам, при всесвятом патриархе Ниле, при великом князе Дмитрии Константиновиче, который создал эту раку в честь и в славу святым страстям этим Христовым в 6891 (1383) году в 6-й [год] индикта’.",кириллица,резьба по металлу,по периметру основного квадрата,с небольшими утратами (>85%),,,,бж҇твнꙑꙗ стрсті великаго Бога спс҃а нашего Христа пренесенꙑ иꙁоЦр҃ѧграда смѣренымо архіепскпмъ Діӧнисьемспью в Суꙁдаль в Новгородо в Городець подшаньѥм многім і подвігом і споспѣщнікиімѣꙗ богоноснꙑꙗ отьца во Цріградѣ равно англмъ житье імуща прі всест҃мь патріарсѣ Нілѣ прі веліком кнѧꙁі Дмитри Костѧнтіновічѣ іже соꙁда раку сію в честь і в славу ст҃мь стрт҃м сімъ Хсвам в лѣ ҂Ѕное Ѡ҃Ч҃А҃е индикта в Ѕ҃тꙑи,1383.0,1383.0,14.0
576,https://epigraphica.ru/epigraphy/inscription/show/576,[1140–1340],Молитва и автограф Козмы,Фресковая штукатурка 1144 года новгородского Софийского собора,стена церкви,Собор св. Софии,[Ги҃] -(-)(-)ози рабоу [с](в)[о](е)[м]о[уК]о[з]м[е],,"‘Господи, помоги рабу своему Козме. [вероятно, просьба, связанная с болезнью (?)] Козма писал.’",кириллица,граффито,"Южная паперть, западная стена, закладка дверного проема. 10 см правее левого края, 137 см от пола. ( )",с утратами (50-85%),"После [1140], предпочтительно [1140–1340]. З 3 «перелом хвоста» 1140> (<1340), у 1б «зеркальные (вертикальные)» 1140>, х 5 «ножницы» (<1360). ( )",,"Надпись читается плохо. В середине второй строки фигурирует какое-то слово с корнем хвороб-. Вероятно, автор надписи молился Господу о чем-то, связанном со своей болезнью.",Ги҃ - [GAP] ози рабоу своемоуКозме,1140.0,1340.0,13.0
583,https://epigraphica.ru/epigraphy/inscription/show/583,1144–[1320],Незаконченная молитвенная надпись,Фресковая штукатурка 1144 года новгородского Софийского собора,стена церкви,Собор св. Софии,Ги҃ помози раба во,,"‘Господи, помоги рабу своему (?)’",кириллица,граффито,"Южная паперть, северная стена, западная лопатка, южная грань. 31 см от левого края, 82 см от пола. ( )",с утратами (50-85%),"До [1320], предпочтительно до [1280]. А 1 «покрытие» <1320 (<1280), и 1б «верхние засечки (короткие)» (<1400), р II «углом вверх» <1380 (<1280). ( )",,"В недописанном слове своего (или своему ) пропущена 1-ая буква. Надпись, возможно, брошена автором по причине описок.",Ги҃ помози раба во,1144.0,1320.0,13.0
588,https://epigraphica.ru/epigraphy/inscription/show/588,1045–,Подпись к изображению креста,Первоначальные стены Софийского собора,стена церкви,Собор св. Софии,Їс҃|im.|Хс҃ни҃|im.|[к](а҃)(с)н҃ъ|im.|Бж҃(и),,‘Иисус Христос побеждает сын Божий’,кириллица,граффито,"Северная паперть, южная стена, западнее входа в наос. 30 см правее кирпичной арки XIX в., 6 см ниже перекрытия. ( )",с утратами (50-85%),,,Левее и чуть выше изображен отдельный малый инициал а .,Їс҃ [GAP] Хс҃ни҃ [GAP] ка҃сн҃ъ [GAP] Бж҃и,1045.0,1045.0,11.0
607,https://epigraphica.ru/epigraphy/inscription/show/607,1045–1109,Молитвенная надпись,Первоначальная штукатурка новгородского Софийского Собора,стена церкви,Собор св. Софии,о Господи помило⸗,,"‘О Господи, помилуй меня’.",кириллица,граффито,"Юго-восточный подкупольный столб, восточная лопатка, южная грань. 42 см от левого края, 62 см ниже современного пола. ( )",целая (100%),,,"Надпись, вероятно, выполнена профессиональным писцом, так как в ней, во-первых, использован пунктуационный знак конца абзаца, а во-вторых – увеличенная буква г в начале слова Господи .",о Господи помило,1045.0,1109.0,11.0
609,https://epigraphica.ru/epigraphy/inscription/show/609,1045–1109,"Автограф Войгостя с указанием, что он писал новым ножом",Первоначальная штукатурка новгородского Софийского Собора,стена церкви,Собор св. Софии,Воигостъ ѱ҃ нов[ꙑ]⸗,,‘Войгость писал новым ножом’. ( ),кириллица,граффито,"Юго-восточный подкупольный столб, восточная лопатка, южная грань. 50 см от левого края, 66 см ниже современного пола. ( )",целая (100%),,,"Крупная дыра в штукатурке между буквами с и т в первой строке и буквами о и ж во второй, возможно, образовалась при выполнении надписи, автор которой был вынужден повторить уже начертанные буквы тъ .",Воигостъ ѱ҃ новꙑ,1045.0,1109.0,11.0
622,https://epigraphica.ru/epigraphy/inscription/show/622,1037–[1200],"Молитва святому Фоке, покровителю моряков",Стены киевского Софийского собора,стена церкви,Собор св. Софии,ст҃ꙑи Фоко иже пороу⸗,,"‘Святой Фока, порученный от Бога плавающим в море, правитель, направь меня, потопляемого и разбиваемого волнами [ж]итейскими’. ( )",кириллица,граффито,"Находится на восточной стороне выступа стены, формирующей арку-переход из западного нефа придела свв. Антония и Феодосия Печерских к Апостольскому приделу – бывшей южной внешней галерее. Расположено на высоте 135 см от пола и на расстоянии 18 см от правого ребра ( ) «В южной внутренней галерее собора на изображении св. Фоки» ( )",целая (100%),"«Особенности начертания букв надписи не выходят за пределы XI в. Наиболее характерны: звездообразное Ж, написанное в три приема и имеющее наклон к началу строки, тип близкий встреченному в надписи о четырехлетнем княжении Святослава Ярославича (№ 9), М – напоминает начертание, встречающееся в Изборнике Святослава 1073 г., N и Ч – соответствуют начертаниям в Остромировом евангелии. Своеобразное написание имеет буква Ф с боковыми частями в виде острых углов» ( )",,"«Надпись взята в прямоугольную рамку. Ее первые две строки имеют несколько более глубокий рельеф, чем две последующие» (Высоцкий 1976а: 34).",ст҃ꙑи Фоко иже пороу,1037.0,1200.0,12.0
625,https://epigraphica.ru/epigraphy/inscription/show/625,1037-1200,Автограф Воинега Журяговича из Полоцка,Стены киевского Софийского собора,стена церкви,Собор св. Софии,Воинегъ ѱл҃ъ Журѧгови⸗,,'Писал Воинег Журягович из Полоцка',кириллица,граффито,На высоте 158 см от уровня пола ( ) Южная галерея на фреске с изображением св. Онуфрия ( ),целая (100%),вторая четверть XI – конец XII в. ( ),,,Воинегъ ѱл҃ъ Журѧгови,1037.0,1200.0,12.0
626,https://epigraphica.ru/epigraphy/inscription/show/626,1037-1200,Молитва к святому,Стены киевского Софийского собора,стена церкви,Собор св. Софии,съподоби мѧ грѣшьн⸗,,"'Сподоби меня грешного, святче Христов, дабы и мне не повиснуть (чтобы и я не повис) с этими черницами' ( )",кириллица,граффито,На высоте 158 см от уровня пола ( ) Южная галерея собора на фреске с изображением св. Онуфрия ( ),целая (100%),вторая четверть XI – конец XII в. ( ) конец XI – начало XII в. ( ),,,съподоби мѧ грѣшьн,1037.0,1200.0,12.0
627,https://epigraphica.ru/epigraphy/inscription/show/627,1037-1220,Молитва и автограф Михаля,Стены киевского Софийского собора,стена церкви,Собор св. Софии,Михаль оубогъи а грѣх[ꙑ],,"'Михаил убогий, а грехом богатый писал, господи, помози ему' ( )",кириллица,граффито,В центральном нефе собора на втором от главного алтаря крещатом столбе на фреске с изображением св. Николая ( ),целая (100%),вторая четверть XI – начало XIII в. ( ) XI–XII вв. ( ),,,Михаль оубогъи а грѣхꙑ,1037.0,1220.0,12.0
628,https://epigraphica.ru/epigraphy/inscription/show/628,1280-1500,Начало молитвенной надписи ( ),Стены Золотых ворот в Киеве,"стена церкви, элементы зданий",Золотые ворота,Ги҃ помози р[а]б[у] с[воєму],,"Господи, помоги рабу своему.",кириллица,граффито граффито ( ),"В углу, образованном первой с севера пилястрой западной стены ( )",с утратами (50-85%),Не ранее 1270-х гг.,,«Р» с двумя изломами встречается не ранее 1280-х гг.,Ги҃ помози рабу своєму,1280.0,1500.0,14.0
649,https://epigraphica.ru/epigraphy/inscription/show/649,1040–1240,Начало молитвенной надписи,Стены Золотых ворот в Киеве,"стена церкви, элементы зданий",Золотые ворота,Ги҃ помози рабу своєму,,"Господи, помоги рабу своему М...",кириллица,граффито,,с небольшими утратами (>85%),,,,Ги҃ помози рабу своєму,1040.0,1240.0,12.0
650,https://epigraphica.ru/epigraphy/inscription/show/650,1040–1240,Молитва о Дмитре (или Домке),Стены Золотых ворот в Киеве,"стена церкви, элементы зданий",Золотые ворота,Ги҃ по рабу Дъм...,господи помози рабу своему дъм...,"‘Господи, помоги рабу [своему] Домке (или: Дмитру).’",кириллица,граффито,,с небольшими утратами (>85%),,,,Ги҃ по рабу Дъм [GAP],1040.0,1240.0,12.0
651,https://epigraphica.ru/epigraphy/inscription/show/651,[1100–1230],Ламентация больного и вотивная надпись к бессребренникам Киру и Иоанну,Первоначальная фресковая штукатурка киевского Софийского собора,стена церкви,Собор св. Софии,о Ги҃ или ізбꙑ [к]оли сего,о Ги҃ или ізбꙑ<ти е> [к]оли<къ> сего зъла и сеѥ печ(ал)и да сътворѫ ва прино⸗ сеце,"‘О Господи, возможно ли избавиться от колик – этого зла и этой печали! Сделаю-ка я вам [двоим, т.е. свв. Киру и Иоанну] приношеньице’ О Господи, даже и бесы разве страшнее этого зла и этой печали – разгневить владыку! ( ) Доп. интерпретации",кириллица,граффито,,,1100–1125 ( ) 1150–1230 ( ),,,о Ги҃ или ізбꙑ коли сего,1100.0,1230.0,12.0
652,https://epigraphica.ru/epigraphy/inscription/show/652,[1100–1230],Ламентация больного с обращением к святым бессребренникам Киру и Иоанну,Первоначальная фресковая штукатурка киевского Софийского собора,стена церкви,Собор св. Софии,о Ги҃ или избꙑти е кол[и]къ голово[ю],,"‘О Господи, неужели избавиться от колик можно только ценой жизни! Кир и Иоанн, бессребреники!’",кириллица,граффито,В апсидной части придела Антония и Феодосия на северной стене. ( ),,1100–1125 ( ) 1150–1230 ( ) 1100–1200 ( ),,,о Ги҃ или избꙑти е коликъ головою,1100.0,1230.0,12.0
654,https://epigraphica.ru/epigraphy/inscription/show/654,1381–1404,"Молитва о Филиппе Микитиниче, стольнике митрополита Киприана",Стены собора св. Софии в Константинополе,стена церкви,Собор св. Софии в Константинополе,Ги҃ помози рабу сво⸗с҇,,"‘Господи, помоги рабу своему Филиппу Микитиничу, стольнику Киприана, митрополита Киевского и всея Руси’.",кириллица,граффито,"Южная галерея; восточная часть; южная поверхность первого (слева) столба, фланкирующего дверной проем восточной стены, справа от мозаики с изображением императора Иоанна II Комнина и императрицы Ирины перед Богородицей с младенцем. Высота от пола – 58,2 см, расстояние от угла слева – 32,5 см, от стены справа – 23,5 см.",целая (100%),,,"Автора надписи – митрополичьего стольника Филиппа Микитинича – можно идентифицировать с Филиппом, который упоминается в грамоте митрополита Киприана (1375–1406) некой Федосье (от 14 июня 1404 г.), а также в духовной самой Федосьи (от 21 июня 1404 г.). Граффито могло быть выполнено выполнено в период с 1381 г. (первый приезд Киприана в Москву) до 14 июня 1404 г. (упоминание о смерти Филиппа в грамоте Киприана). Публикации надписи, включая работу (Артамонов и Гиппиус, 2022а), не передают различия между ' е -якорным' ( своєму , києвского ) и обычным е ( всеѧ ). См. также другое константинопольское граффито Филиппа.",Ги҃ помози рабу свос҇,1381.0,1404.0,14.0
663,https://epigraphica.ru/epigraphy/inscription/show/663,1045–1200,Незаконченная молитвенная надпись,Фрагменты первоначальной штукатурки новгородского Софийского собора,стена церкви,Собор св. Софии,Ги҃ помози рабѫ свое…,,"'Господи, помоги рабу своему...'",кириллица,граффито,"Придел Иоанна Богослова, западная (прямоугольная в плане) часть, южная стена. 63 см от левого края, 23 см от верхнего края. ( )",с утратами (50-85%),,,"Нельзя исключать, что эта надпись составляет единое целое с надписью Творяты, однако их почерки, вероятно, различны.",Ги҃ помози рабѫ свое [GAP],1045.0,1200.0,12.0
678,https://epigraphica.ru/epigraphy/inscription/show/678,1045–1109,Надпись с литургическими возгласами,Первоначальная штукатурка новгородского Софийского Собора,стена церкви,Собор св. Софии,въньмѣ :по[п҇]миръ вьсѣм¦ ди[а]к҇моудростс: въ{ь}нь[м]ѣммоудроспрости,,,кириллица,граффито,"Юго-восточный подкупольный столб, восточная лопатка, восточная грань (выходит в проход между дьяконником и центральной апсидой). 43 см от левого края, 24 см ниже современного пола. 43 см от левого края, 24 см ниже современного пола. ( )",с небольшими утратами (>85%),,,"Слово по[п҄] вписано над словом миръ в 1-ой строке: таким образом последняя буква [п҄] оказалась надстрочной вдвойне. Лигатуры: ми (1-ая строка), ти (3-я строка). 2-ая и 3-я строки приписаны справа под словом моудрост 1-ой строки . Пунктуационный знак в виде вертикальной черты (1-ая строка). Описки и исправления: Буква ъ в слове въьнь[м]ѣм во 2-ой строке вставлена после написания букв вь (лишний ь не зачеркнут). Данная ошибка была вызвана предвосхищением. Записана последовательность возгласов при чтении Апостола и Евангелия на литургии Иоанна Златоуста: «Въньмѣмъ», «Миръ вьсѣмъ», «Мудрость» (в первой строке); «Мудрость», «Въньмѣмъ» (во второй строке); «Мудрость, прóсти» (в третьей строке). Возгласы «Миръ вьсѣмъ» и «Мудрость, прóсти» принадлежат священнику, остальные – дьякону. Первый возглас священника помечен надписанным над строкой словом попъ. Идентичная последовательность возгласов оформляет чтение ветхозаветных паремий на литургии Преждеосвященных даров. По сравнению с текстами обеих литургий в современном Служебнике в надписи не хватает еще одного возгласа «(Прѣ)мудрость» перед заключительным «(Прѣ)мудрость, прости».",въньмѣ :поп҇миръ вьсѣм диак҇моудростс: въьньмѣммоудроспрости,1045.0,1109.0,11.0
679,https://epigraphica.ru/epigraphy/inscription/show/679,1045–1109,"Шуточная надпись о том, что Чиж подстрелил журавля",Первоначальная штукатурка новгородского Софийского Собора,стена церкви,Собор св. Софии,о(х)[ъ Чиж]--и же[р]авь (о)[ус]т[р]ѣлив(------),о(х)[ъ Чиже](в)и же[р]авь (о)[ус]т[р]ѣлив(ъше) дѣди н[а]г[и] ( ),"‘Ох, [бедный] Чиж, подстреливший журавля. Дети [ходят] нагие’. ( )",кириллица,граффито,"Юго-восточный подкупольный столб, восточная лопатка, восточная грань (выходит в проход между дьяконником и центральной апсидой). 65 см от левого края, 17 см ниже современного пола. ( )",с утратами (50-85%),,,"Надпись находится справа от изображения человека, стреляющего из лука в большую длинноногую птицу, находящуюся левее.",охъ Чиж [GAP] и жеравь оустрѣлив [GAP],1045.0,1109.0,11.0
684,https://epigraphica.ru/epigraphy/inscription/show/684,1045–1109,Надпись с инципитом возгласа священника после малой ектении,Первоначальная штукатурка новгородского Софийского Собора,стена церкви,Собор св. Софии,(ѧк)[о] твоѧ дрьжѧва,,,кириллица,граффито,"Юго-восточный подкупольный столб, восточная лопатка, восточная грань (выходит в проход между дьяконником и центральной апсидой). 75 см от левого края, 7 см ниже современного пола. ( )",с небольшими утратами (>85%),,,"А. А. Медынцевой были прочтены второе и третье слова надписи: твоѧ дрьжѧва . Эта и следующая надписи выполнены одним и тем же характерным почерком (ср. в особенности начертание букв в , д и ж ). В обоих граффити представлен инципит возгласа священника после малой ектении (в разных случаях) «Яко твоя дьржава и твое (есть) цѣсарьство…». И там и там сочетание редуцированного с плавным оформлено южнославянской орфограммой. Между буквами ь и ж начертана крупная буква р. Вероятно, она была процарапана по рассматриваемой надписи. Чуть ниже выполнена отдельная буква в.",ѧко твоѧ дрьжѧва,1045.0,1109.0,11.0
688,https://epigraphica.ru/epigraphy/inscription/show/688,[1350–1450],Начало молитвенной надписи,Стены собора св. Софии в Константинополе,стена церкви,Собор св. Софии в Константинополе,…вс убар изомоп иг҃,Ги҃ помози рабу св(оему) …,"‘Господи, помоги рабу своему ...’",кириллица,граффито,"Южная галерея; восточная часть; южная поверхность третьего (слева) столба восточной стены; высота от пола – 122 см, расстояние от угла слева – 22,7 см, от стены справа – 25,8 см.",с утратами (50-85%),"Вторая половина XIV – первая половина XV в., предпочтительно – конец XIV – первая половина XV в. (датирующие признаки: б – 4 «высокая петля»; в – 5 «высокая нижняя петля»; з – IIIа «левонаклонное, перелом»; р – IVб «петля с изломом углом вниз, прямолинейное» . Близкое начертание б и р в надписи № 49 из церкви Спаса на Нередице (XIV – первая половина XV в. (Рождественская 1992, с. 94–95).",,"Граффито читается справа налево, чему соответствует и последовательное употребление зеркальных начертаний букв. В древнерусской эпиграфике параллель составляет автограф Сандуса в Мартирьевской паперти Софии Новгородской (Гиппиус, Михеев, 2011, с. 44–46).",[GAP] вс убар изомоп иг҃,1350.0,1450.0,14.0
740,https://epigraphica.ru/epigraphy/inscription/show/740,1045–1109,Молитва о Нежате Иваниче,Первоначальная штукатурка новгородского Софийского Собора,стена церкви,Собор св. Софии,Ги҃ помози рабоу с⸗,,"‘Господи, помоги рабу своему Нежате Иваничу’",кириллица,граффито,"Северо-восточный подкупольный столб, южная лопатка, южная грань. 28 см от правого края, 61 см ниже современного пола. ( )",с утратами (50-85%),,,"В рамке с прямыми углами. Над буквой п в первой строке находится миниатюрное изображение зигзага, не имеющее отношения к надписи.",Ги҃ помози рабоу с,1045.0,1109.0,11.0
741,https://epigraphica.ru/epigraphy/inscription/show/741,1045–1466,Надпись неизвестного назначения,Первоначальная штукатурка новгородского Софийского Собора,стена церкви,Собор св. Софии,(…)їко[м]ь иже бо(---)[т]ь по н[ас]ъ,иже бо(удоу)[т]ь (или: бо(уде)[т]ь) по н[ас]ъ (?) ( ),"…, которые будут (или: который будет) после нас’ (?) ( )",кириллица,граффито,"На кальке В. В. Суслова подписано: «Яма № 4, по первым раскопкам у лестницы». Эта яма находилась у лопатки западной стены основного объема собора между центральным нефом и входом в лестничную башню. Сверху на кальке обозначена «линия старого пола», то есть, вероятно, линия пола XIX в., слева и справа обозначены края стены (подпись слева: «край угла», справа: «угол»). Ширина стены составляла ок. 90 см, то есть это была восточная грань данной лопатки. ( )",с утратами (50-85%) ( ),,,,[GAP] їкомь иже бо [GAP] ть по насъ,1045.0,1466.0,13.0
756,https://epigraphica.ru/epigraphy/inscription/show/756,1037–[1180],Надпись Путька с Жаском,Первоначальная фресковая штукатурка киевского Софийского собора,стена церкви,Собор св. Софии,Путько ѱал[ъ] съ Жасъкомь,,‘Путко писал с Жаском’ ( ),кириллица,граффито,На южной стене западного отсека южных хоров (современного придела св. ап. Андрея). Надпись находится на высоте 128 см от уровня пола и на расстоянии 161 см от левого угла ( ),целая (100%),,,,Путько ѱалъ съ Жасъкомь,1037.0,1180.0,12.0
758,https://epigraphica.ru/epigraphy/inscription/show/758,[1410–1500],Надпись Манеила,Первоначальная фресковая штукатурка киевского Софийского собора,стена церкви,Собор св. Софии,а се писалъ Манеил[ъ],,‘А это писал Манеил’ ( ),кириллица,граффито,"центральный неф; южный крещатый столб, третий от главного алтаря; выцарапана по фресковому орнаментальному кругу ( )",с небольшими утратами (>85%),А 7 «Удлиненная спинка» <1200 1410>,,,а се писалъ Манеилъ,1410.0,1500.0,15.0
759,https://epigraphica.ru/epigraphy/inscription/show/759,1037–[1150],"Надпись Пищана, дьяка князя Давыда, о поклонении мощам мучеников",Первоначальная фресковая штукатурка киевского Софийского собора,стена церкви,Собор св. Софии,Пищанъ ѱ҃ Давꙑдо⸗,,"‘Пищан писал, дьяк Давыдов, ходив к мученикам’. ( )",кириллица,граффито,Северо-восточный угол предалтарного пространства Апостольского придела – современной южной внешней галереи; на фреске с образом св. Онуфрия; на высоте 170 см от пола и на расстоянии 76 см от левого ребра ( ),с небольшими утратами (>85%),«Судя по употреблению ѫ надпись следует датировать не позднее первой половины XII в.» ( ),,,Пищанъ ѱ҃ Давꙑдо,1037.0,1150.0,11.0
761,https://epigraphica.ru/epigraphy/inscription/show/761,[1100–1200],Надпись о княжеском месте,Первоначальная фресковая штукатурка киевского Софийского собора,стена церкви,Собор св. Софии,а кнѧже межи мо⸗,,‘Княжеское [место] – между [двумя] мостами’.,кириллица,граффито,"На фреске с изображением неизвестного святого; на западной стороне западной лопатки юго-западного подкупольного крещатого столба, в арке-переходе от западной части южных хоров (современного придела св. ап. Андрея) к центральному нефу; на высоте 153 см от уровня современного пола и на высоте 97 см от левого ребра. ( )",целая (100%),"а IIа «Выпуклые (острые)» 1100>, ѧ «Язычок уголком» (1140>); а 7 «Удлиненная спинка» <1200 1410>, ж Iа1 «Звезда (прямая)» (<1120) <1200, к 1 «Увеличенный верх (короткая ножка)» (<1200) <1280; (!) к IV «Зигзаг» 1380>; результат: [1100–1200], предпочт. [1140–1200]",,,а кнѧже межи мо,1100.0,1200.0,12.0
767,https://epigraphica.ru/epigraphy/inscription/show/767,[1180–1320],Надпись о добродетели послушания,Первоначальная фресковая штукатурка киевского Софийского собора,стена церкви,Собор св. Софии,+ седѧ во послушѧ⸗,,"‘Пребывающий в послушании своему [духовному] отцу лучше [угоднее Богу], чем пустынножитель’.",кириллица,граффито,"северо-восточный угол северных хор (современного придела св. Николы Мокрого), западная грань южной лопатки крещатого столба ( )",целая (100%),"у II «Y-образные» 1100>, у 3 «С пересечкой» 1100> (<1200), ꙑ IIIв «Низкая перемычка» 1180> (1320>); в IIа «Перелом при мачте» (<1220) <1320, ѧ 2 «Верхняя засечка» (<1220) <1400, д IIIа «На щечках (острые)» (<1300) <1410, л 2 «Верхняя засечка» (<1380), д 2 «Верхняя засечка» <1400; результат: [1180–1320], предпочт. [1180–1220]",,"«Это поучение из Скитского патерика <...>, помещаемое обычно в Прологе под 10 апреля как “Слово о послушании”. Текст граффито содержит особую редакцию или пересказ начальных слов поучения (“Рече старець, яко седяи в послушании отца духовнаго, болшу мзду имат, паче седящаго в пустыни”)» ( ).",+ седѧ во послушѧ,1180.0,1320.0,13.0
769,https://epigraphica.ru/epigraphy/inscription/show/769,1037–[1200],Молитва об Антонии,Первоначальная фресковая штукатурка киевского Софийского собора,стена церкви,Собор св. Софии,Ги҃ помози рабю свое⸗,,"‘Господи, помоги рабу своему Антону’. ( )",кириллица,граффито,"северо-восточный угол алтаря придела арх. Михаила, на южной грани восточной лопатки первого от алтаря крещатого столба; на фреске с изображением Честного Креста ( )",с небольшими утратами (>85%),"р 6 «S-образно изогнутая мачта» <1200, п 1 «С выступом вверху» (<1200) <1300, р 4 «Маленькая головка» (<1200) <1240, з Iа «Правонаклонные (перелом)» (<1120) (<1200) <1340, м 2 «Верхние засечки» (<1280), р II «Углом вверх» (<1280) (<1380), н 1а «Верхние засечки (длинные)» (<1300) <1320, а Iб «Основной вид (плосковерхие)» (<1400) результат: [1037–1200], предпочт. [1100–1120]",,"«Граффито взято в прямоугольную рамку, украшенную сверху дугообразными линиями и крестом» ( ). «[у] передается в этой графической системе через ю , а [’у] – через ѫ. Второе не так уж редко в памятниках XI в., встречается также в берестяных грамотах XII в.; первое же представляет собой очень большую редкость» ( ).",Ги҃ помози рабю свое,1037.0,1200.0,12.0
772,https://epigraphica.ru/epigraphy/inscription/show/772,[1100–1120],Молитва о Василии,Первоначальная фресковая штукатурка киевского Софийского собора,стена церкви,Собор св. Софии,(Ги҃) помози рабоу своемоу Василию грѣшьн(омоу),,"‘Господи, помоги рабу своему грешному Василию’. ( )",кириллица,граффито,В апсиде Михайловского придела на северной стене на изображении «честного креста». Несколько ниже лучей фрескового изображения креста. ( ),с небольшими утратами (>85%),[1025–1120] ( ) [1100–1220] ( ),,,Ги҃ помози рабоу своемоу Василию грѣшьномоу,1100.0,1120.0,12.0
774,https://epigraphica.ru/epigraphy/inscription/show/774,[1125–1225],Молитва о Володимире,Первоначальная фресковая штукатурка киевского Софийского собора,стена церкви,Собор св. Софии,Ги҃ помъзи рабу свое⸗суди,,"‘Господи, помоги рабу своему Владимиру на многие лета и [дай] прощение греха на Страшном суде’. ( )",кириллица,граффито,"Западная сторона западной лопатки южного крещатого столпа, начинающего арку-переход между юго-восточным углом западной части и центральным пучковым столбом южных хор (современного придела св. ап. Андрея); на фреске с изображением прор. Иезекииля, на высоте 114 см от уровня современного пола и на расстоянии 68 см от левого ребра ( )",с небольшими утратами (>85%),"втор. четв. ХIІ – перв. четв. ХІІІ в.: а с раскрытой или обычной петлей, в с переломом при мачте, д с покрытием, левонаклонная е , левонаклонная з с развилкой, прямолинейная р с округлой петлей или петлей углом вверх, р целиком в строке, ꙋ с петлей с двумя изломами, щ целиком в строке, ѣ обычного вида с петлей в строке и с петлей, касающейся коромысла ( )",,,Ги҃ помъзи рабу своесуди,1125.0,1225.0,12.0
777,https://epigraphica.ru/epigraphy/inscription/show/777,[1140–1220],Молитва о Гавриле,Первоначальная фресковая штукатурка киевского Софийского собора,стена церкви,Собор св. Софии,Ги҃ пъмзи рабу,,"‘Господи, помоги рабу своему Гавриилу грешному’. ( )",кириллица,граффито,"юго-восточный угол алтаря, южная грань восточной лопатки первого от алтаря крещатого столба, на фреске с изображением Честного Креста ( )",целая (100%),"ш II «Платформа приподнята» (<1240) (<1400), в IIа≈ «Перелом при мачте» (<1220) <1320, ѣ 8 «Петля выступает под строку» (<1180) <1220 1300>; б 4≈ «Высокая петля» 1180> (1360>), р III ⅓ «Углом вперед» 1140>, в V «Нижняя косая к мачте» 1140> (<1380); результат: [1140–1220], предпочт. [1180–1200]",,,Ги҃ пъмзи рабу,1140.0,1220.0,12.0
778,https://epigraphica.ru/epigraphy/inscription/show/778,[1180–1200],Надпись с упоминанием нового чуда,Первоначальная фресковая штукатурка киевского Софийского собора,стена церкви,Собор св. Софии,ꙩнѣмь кто но⸗твою головꙋ в---во...,,"‘...тем, кто новое это чудо ... твою голову...’",кириллица,граффито,"В юго-западной башне собора, при подъеме на второй этаж, на фресковой композиции «Ипподром», справа от окна/ ( )",с утратами (50-85%),[1170–1200] ( ) [1180–1220] ( ),,,ꙩнѣмь кто нотвою головꙋ в [GAP] во [GAP],1180.0,1200.0,12.0
779,https://epigraphica.ru/epigraphy/inscription/show/779,[1100–1200],Молитва священника Козмы,Первоначальная фресковая штукатурка киевского Софийского собора,стена церкви,Собор св. Софии,+ Ги҃ помози рабоу,,"‘Господи, помоги рабу своему Козме, грешному священнику, и прости мне, Владыка, грехи мои, ибо их много. И удостой получить милость от Тебя, Судия Праведный, в день судный’.",кириллица,граффито,"юго-восточный угол алтаря, южная грань восточной лопатки первого от алтаря крещатого столба, на фреске с изображением Честного Креста ( )",с небольшими утратами (>85%),"р Iа «Округлая петля (прямая мачта)» (<1320) <1360, з IIа «Вертикальные (перелом)» (<1320), п 1 «С выступом вверху» (<1200) <1300, б 3 «Выступ вверху» (<1200), г 1 «С выступом вверху» (<1200), ъ 3 «Выступ вправо вверху» (<1200), д 3 «Длинные ножки (обычные)» <1200 1280>; е 3 «Засечка на язычке» (1120>) (<1400), к 5 «Уменьшенный верх» 1100> (1280>); результат: [1100–1200], предпочт. [1120–1200]",,,+ Ги҃ помози рабоу,1100.0,1200.0,12.0
781,https://epigraphica.ru/epigraphy/inscription/show/781,[1150–1220],Начало молитвы,Первоначальная фресковая штукатурка киевского Софийского собора,стена церкви,Собор св. Софии,Ги҃ помози рабоу,,"‘Господи, помоги рабу свое[му]’. ( )",кириллица,граффито,"южная стена западной части придела арх. Михаила, на фреске с образами неизвестных святых ( )",целая (100%),,,,Ги҃ помози рабоу,1150.0,1220.0,12.0
782,https://epigraphica.ru/epigraphy/inscription/show/782,[1150–1220],Молитва о Феодоре,Первоначальная фресковая штукатурка киевского Софийского собора,стена церкви,Собор св. Софии,Ги҃ помози рабоу,,"‘Господи, помоги рабу своему Феодору...’.",кириллица,граффито,на южной стороне арки-перехода между алтарем и предалтарной частью; на фреске с изображением св. Нира ( ),с утратами (50-85%),,,,Ги҃ помози рабоу,1150.0,1220.0,12.0
783,https://epigraphica.ru/epigraphy/inscription/show/783,[1140–1200],"Молитва о Фроле, отправляющемся в дорогу",Первоначальная фресковая штукатурка киевского Софийского собора,стена церкви,Собор св. Софии,Ги҃ помози рабоу своемоу,,"‘Господи, помоги рабу своему Фролу на этом пути’. ( )",кириллица,граффито,на фреске с изображением св. Космы; в арке-переходе между предалтарной и второй от входа частями придела арх. Михаила; на восточной грани лопатки стены ( ),с небольшими утратами (>85%),,,Прочтение предложено В. Б. Крысько ( ).,Ги҃ помози рабоу своемоу,1140.0,1200.0,12.0
784,https://epigraphica.ru/epigraphy/inscription/show/784,1037–[1140],Молитва о мире,Первоначальная фресковая штукатурка киевского Софийского собора,стена церкви,Собор св. Софии,Гд҃и и Бж҃е наш[ъ],,"‘Господи Боже наш, твой мир дай нам’.",кириллица,граффито,на фреске с образом св. Вассиана; юго-восточный угол алтаря придела Иоакима и Анны ( ),с утратами (50-85%),одноеровая орфография: (<1140) <1180,,Надпись взята в рамку ( ).,Гд҃и и Бж҃е нашъ,1037.0,1140.0,11.0
788,https://epigraphica.ru/epigraphy/inscription/show/788,[1140–1200],Молитва об Иване,Первоначальная фресковая штукатурка киевского Софийского собора,стена церкви,Собор св. Софии,Ги҃ помози рабꙋ сво[е]⸗,,"‘Господи, помоги рабу своему Ивану ...’.",кириллица,граффито,юго-восточный угол алтаря центрального нефа ( ),с небольшими утратами (>85%),,,Граффито взято в рамку.,Ги҃ помози рабꙋ свое,1140.0,1200.0,12.0
791,https://epigraphica.ru/epigraphy/inscription/show/791,[1160–1200],Дарственная надпись Юрию,Горшок Юрия,горшок,Городище Ростиславль Рязанский,…[д]алъ гороноць Юрию а кто возмь а даı(…),,"‘… дал горшок Юрию, а кто [его] возьмет, …’",кириллица,надпись по сырой глине до обжига,"Однострочная надпись была нанесена вокруг венчика по сырой глине, то есть до обжига горшка.",фрагмент (15-50%),[1160–1200],,,[GAP] далъ гороноць Юрию а кто возмь а даı [GAP],1160.0,1200.0,12.0
794,https://epigraphica.ru/epigraphy/inscription/show/794,[1120–1160],Молитва о Костянтине,Первоначальная фресковая штукатурка киевского Софийского собора,стена церкви,Собор св. Софии,Ги҃ помози рабоу своемоуномоуКостѧньтиноу и избавиот(ъ) вьсѧкоѧ бѣдꙑ,,"‘Господи, помоги рабу своему Константину грешному, избавь от всякой беды’. ( )",кириллица,граффито,в юго-западном углу второй от входа части центрального нефа на северной грани восточной лопатки третьего от алтаря южного крещатого столба; на фреске с изображением неизвестного святителя ( ),целая (100%),"г 1 ½ «Выступ вверху» (<1200), п 1 «Выступ вверху» (<1200) <1300, оу II «С уменьшенным О» (<1200) <1220, р 6 «S-образно изогнутая мачта» <1200, ѣ 3 ½ «Открытая петля» <1200, ѣ 8 «Петля выступает под строку» (<1180) <1220 1320>, в I ⅓ «Округлая нижняя петля» <1140; з 3 «Перелом хвоста» 1140> (<1340), г 3 ½ «Без боковой засечки» (1140>) (<1220), у II «Y-образные» 1100>; з IIа «Вертикальные (перелом)» (<1320), ꙑ 1 «Молоточек» (<1320), в IIб ⅓ «Перелом не касается мачты» (<1340) <1400; результат: [1120–1160]",,Слово грѣшьномоу пропущено и вставлено над строкой; в нем слог но пропущен и вставлен над строкой.,Ги҃ помози рабоу своемоуномоуКостѧньтиноу и избавиотъ вьсѧкоѧ бѣдꙑ,1120.0,1160.0,12.0
795,https://epigraphica.ru/epigraphy/inscription/show/795,[1150–1220],Молитва Игната Сайгата,Первоначальная фресковая штукатурка киевского Софийского собора,стена церкви,Собор св. Софии,(Ги҃) п[ъ]м(ъ)з(и) рабꙋ свъ(ѥм)ꙋ Игнатъви а пръзъвищь ми [и]ма Саегатъ а Ги҃ нь бъюсѧ съмьти,,"‘Господи, помоги рабу своему Игнату, а прозвище-имя мне – Сайгат; Господи, не боюсь смерти, только трепещет душа моя дня судного, душа моя стонет’.",кириллица,граффито,"северная стена предалтарной части северных хор (современного придела св. Николы Мокрого), слева от перехода к северной внутренней галерее (современному Богоявленского придела); на высота 154,5 см от уровня современного пола и на расстоянии 178 см от правого ребра ( )",с небольшими утратами (>85%),,,,Ги҃ пъмъзи рабꙋ свъѥмꙋ Игнатъви а пръзъвищь ми има Саегатъ а Ги҃ нь бъюсѧ съмьти,1150.0,1220.0,12.0
796,https://epigraphica.ru/epigraphy/inscription/show/796,[1290–1350],Подпись к изображению святого Николая,Ковчег-мощевик наперсный двойной,реликварий,Церковь Благовещения Пресвятой Богородицы в Московском Кремле,ст҃ꙑи|im.|Никол⸗|im.|дѹ⁘ кресть⸗ꙗньс⸗кꙋ~,,"‘Святой Николай, заступник роду христианскому’",кириллица,резьба по металлу,на оборотной стороне внешнего ковчежца,целая (100%),,,,ст҃ꙑи [GAP] Никол [GAP] дѹ ⁘ крестьꙗньскꙋ~,1290.0,1350.0,14.0
797,https://epigraphica.ru/epigraphy/inscription/show/797,[1160–1280],Молитва о Григории,Первоначальная фресковая штукатурка киевского Софийского собора,стена церкви,Собор св. Софии,Ги҃ помъзи рабоу,,"‘Господи, помоги рабу своему Григорию’. ( )",кириллица,граффито,"в западной внешней галерее на фреске с изображением св. Марка; северо-восточный угол крещальни на западной плоскости восточной стены; на высоте 57 см от уровня пола, на расстоянии 56 см от левого угла ( )",целая (100%),"в IIб ½ «Перелом не касается мачты» (<1340) <1400, з IIа «Вертикальные (перелом)» (<1320), и 1а «Верхние засечки (длинные)» (<1300), а 1 «Покрытие» (<1280) <1320, в 4 «Выступ вверху» (<1200) <1280, г 1 «Выступ вверху» (<1200); р IVа «Углом вниз (криволинейные)» 1160> (1240>), м 3 «Нижние засечки» (1160>) (<1380), и 2б «Верхние засечки (короткие)» (1120>) (<1400), у 3 «Пересечка» 1100> (<1280); результат: [1160–1280], предпочт. [1160–1200]",,,Ги҃ помъзи рабоу,1160.0,1280.0,13.0
798,https://epigraphica.ru/epigraphy/inscription/show/798,1037–[1150],Молитва о Дмитре и автограф Гостяты-полочанина,Первоначальная фресковая штукатурка киевского Софийского собора,стена церкви,Собор св. Софии,Ги помози рабу сво[е]му Дъмитру,,"‘Господи, помоги рабу своему Дмитру, и святая София. Гостята писал, полочанин’.",кириллица,граффито,"северо-восточный угол предалтарной части Апостольского придела (современной южной внешней галереи), на фреске с изображением св. Онуфрия; на высоте 171 см от уровня поля и на расстоянии 76 см от левого ребра; под надписью Пищана (№ 120) ( )",целая (100%),"втор. четв. ХІ – сер. ХІІ в.: б с петлей углом вперед, в с округлой нижней петлей, прямолинейная р с петлей углом вверх ( )",,,Ги помози рабу своему Дъмитру,1037.0,1150.0,11.0
799,https://epigraphica.ru/epigraphy/inscription/show/799,1037–[1120],Надпись Дедильца-касожича,Первоначальная фресковая штукатурка киевского Софийского собора,стена церкви,Собор св. Софии,Дѣдильце ѱ касожичь Тъмоуторокан(ю),,"‘Писал Дедилец-касог, в Тмутаракань идя от святых. Ибо я, Господи, надеюсь прийти к тебе на воскрешение. Ох, душа моя!’. ( )",кириллица,граффито,"северо-восточный угол предалтарной части Апостольского придела (современной южной внешней галереи), на фреске с изображением св. Онуфрия; на высоте 174 см от пола и на расстоянии 20 см от левого ребра ( )",с небольшими утратами (>85%),,,"« азъ бо, Господи, чаю прити къ тебѣ на въскрѣшение – очевидная перифраза заключительной формулы христианского Символа веры: Чаю въскрѣшениꙗ мьртвымъ . Тем самым здесь это практически означает ‘ибо я христианин’». Нельзя исключать, что касожичь – прозвище Дедильца, но это маловероятно наименование себя прозвищем в подобной надписи. Слово касожичь можно трактовать как отчество, что не меняет смысла, т. к. ‘касог’ и ‘сын касога’ – реально одно и то же (Зализняк 2004в: 257). «... граффито демонстрирует регулярную ритмическую организацию, распадаясь на пять 'строк'-колонов с тремя фонетическими словами (ударными группами) в каждой и таким образом удовлетворяя сформулированному Р. Пиккио 'изоколическому' принципу построения 'молитвословного стиха': Дѣдильце | пьсалъ | касожичь, Тмутороканю | ида | ѿ свѧтыхъ. Азъ бо, | Господи, | чаю Прити | къ тебѣ | на въскрешение. Охъ, | душе | моѧ!» (Дробышева 2025: 81–82)",Дѣдильце ѱ касожичь Тъмоутороканю,1037.0,1120.0,11.0
800,https://epigraphica.ru/epigraphy/inscription/show/800,1127–1167,Подпись тиуна Степана к тамге Ростислава Мстиславича,Камень с тамгой Ростислава Мстиславича,валун,Церковь монастыря св. Троицы на Кловке,Степанъ|im.|пѧт҇нъРости|im.|славль,,‘Тиун Степан изобразил тамгу Ростислава’.,кириллица,резьба по камню,"Вокруг княжеского знака, в верхней половине плоскости валуна ( )",целая (100%),[1140–1200] ( ),,Датировка по упоминанию князя Ростислава Мстиславича.,Степанъ [GAP] пѧт҇нъРости [GAP] славль,1127.0,1167.0,12.0
801,https://epigraphica.ru/epigraphy/inscription/show/801,[1140–1300],Молитва об Иване,Первоначальная фресковая штукатурка киевского Софийского собора,стена церкви,Собор св. Софии,Ги҃ помози ра[б]оу,,"‘Господи, помоги рабу своему Ивану (грешному)’.",кириллица,граффито,В крещальне собора на фреске «40 севастийских мучеников». ( ),с небольшими утратами (>85%),Сер. XІІ – кон. XІІІ вв. ( ),,,Ги҃ помози рабоу,1140.0,1300.0,13.0
802,https://epigraphica.ru/epigraphy/inscription/show/802,[1140–1260],Молитва о Гавриле и многолетствование ему,Первоначальная фресковая штукатурка киевского Софийского собора,стена церкви,Собор св. Софии,Ги҃ помози рабоу свое⸗,,"‘Господи, помоги рабу своему Гавриилу на многие годы’. ( )",кириллица,граффито,"на фреске с изображением орнамента, на западной стороне арки-перехода из Апостольского придела (современной южной внешней галереи) в западную внутреннюю галерею; на высоте 178 см от пола и на расстоянии 13 см от правого угла ( )",целая (100%),"з IIа «Вертикальные (перелом)» (<1320), р II «Петля с изломом (углом вверх)» (<1280) <1380, б 3 «Выступ вверху» (<1200), г 1 «Выступ вверху» (<1200), в 3б ⅓ «Верх шире низа» (<1220) <1320, п 1 «Выступ вверху» (<1200) <1300, в 3а ⅓ «Верх больше низа» (<1200) <1260, з 3 «Перелом хвоста» 1140> (<1340), у II «Y-образные» 1100>; результат: [1140–1260], предпочт. [1140–1200]",,,Ги҃ помози рабоу свое,1140.0,1260.0,12.0
804,https://epigraphica.ru/epigraphy/inscription/show/804,[1040–1400],Молитва об Илье против его врагов,Первоначальная фресковая штукатурка киевского Софийского собора,стена церкви,Собор св. Софии,Ги҃ помози рабу своему Ил[ье] на прот[ивьнꙑ],,"‘Господи, помоги рабу своему Илье против врагов’.",кириллица,граффито,"Надпись обнаружена в приделе Михаила, справа от южного портала собора. ( )",с небольшими утратами (>85%),,,,Ги҃ помози рабу своему Илье на противьнꙑ,1040.0,1400.0,13.0
805,https://epigraphica.ru/epigraphy/inscription/show/805,[1100–1200],Надпись о смерти Лазоря,Первоначальная фресковая штукатурка киевского Софийского собора,стена церкви,Собор св. Софии,преста⸗с҇цѧиоунѧвъ ·ѳ҃· д[нь],,"‘Скончался раб Божий Лазорь, месяца июня в 9-й день’. ( )",кириллица,граффито,"в западной внешней галерее, на фреске с изображением св. Марка; северо-восточный угол крещальни на западной поверхности восточной стены; на высоте 85 см от современного пола; на расстоянии 4 см от левого угла ( )",целая (100%),,,,престас҇цѧиоунѧвъ · ѳ҃ · днь,1100.0,1200.0,12.0
807,https://epigraphica.ru/epigraphy/inscription/show/807,1037–[1120],Надпись с упоминанием тюркских имен,Первоначальная фресковая штукатурка киевского Софийского собора,стена церкви,Собор св. Софии,м[ц]...ф...тиѧлъти ѧлъбѧ бу ~,м(с҇\цѧ ... ф҃...) Tätük [K]üč попинъ бѣловѣжъсъ⸗ кыи ̴ Bökä Čō[h]asi Иванъ Čōr [р]абы Бо⸗ жие ölti ölti älbä bu ̴ ( ),"‘Тетюк Кюч, старший священник (попин) Белой Вежи [и] сын Бока, Иван Чор, рабы божие, умер [и] умер [т. е. оба умерли]. Это – [их] (сыновняя) почтительность’. ( )",кириллица,граффито,,целая (100%),,,"«Над первой строкой слева видны остатки зачеркнутых слов, сделанных, несомненно тою же рукой двойным контуром. С уверенностью можно сказать, что первой буквой зачеркнутого фрагмента была буква М . Скорее всего, это было начало сокращенного слова “месяца”» ( ). Слева от первой буквы первой строки орнаментированный крест.",мц [GAP] ф [GAP] тиѧлъти ѧлъбѧ бу ~,1037.0,1120.0,11.0
809,https://epigraphica.ru/epigraphy/inscription/show/809,1037–[1280],Надпись с датой 25 июля,Первоначальная фресковая штукатурка киевского Софийского собора,стена церкви,Собор св. Софии,мс҇цѧ июлѧ въ ке,,‘Месяца июля в 25’.,кириллица,граффито,,целая (100%),"втор. четв. ХІ – кон. XІІІ в.: л и ѧ с покрытиями, ц с платформой по низу строки ( )",,"«Надпись осталась недописанной. Немного ниже ее ещё раз повторено “месяца июля”, а еще ниже латинская запись с именем “Иоганус Дв...”» ( ).",мс҇цѧ июлѧ въ ке,1037.0,1280.0,12.0
814,https://epigraphica.ru/epigraphy/inscription/show/814,1074–1094,Покаянная молитва Стефана,Стены Михайловского собора Выдубицкого монастыря,стена церкви,Церковь архангела Михаила Выдубицкого монастыря,(Ги пом)илуи мѧ грѣшънаго раба своего Стефаналмъ и помꙑшле(ниемь),,"‘(Господи, помилуй) меня, грешного раба твоего Стефана, (грешившего) более всех людей словом или (делом или) помышлением’.",кириллица,граффито,,с небольшими утратами (>85%),,,"Согласно Б. А. Рыбакову, автор надписи – преподобный Стефан Печерский, ставший игуменом Киево-Печерского монастыря в 1074 г. и умерший в 1094 г. Эти даты С. А. Высоцкий считает хронологической рамкой, внутри которой могла быть создана надпись.",Ги помилуи мѧ грѣшънаго раба своего Стефаналмъ и помꙑшлениемь,1074.0,1094.0,11.0
816,https://epigraphica.ru/epigraphy/inscription/show/816,[1100–1300],Молитва к сорока севастийским мученикам,Первоначальная фресковая штукатурка киевского Софийского собора,стена церкви,Собор св. Софии,+ ст҃и :м҃: мч҃никъ помилоуите мѧ,+ ст҃и :м҃: мч҃никъ помилоуите мѧ грѣшьнаго даите ми съкон[ь]чати з[а]в[ѣ]тъ + [Г]и (прос)ти да бꙑхъ грѣхꙑ сво(ѧ вьсѧ) о[ч]и(с)тилъ и [б]езоумье отъ[м]е[лъ] + в[ъ]ладꙑко помѧ⸗ [н]и (м)ѧ гр[ѣ]шьнаго въ цесарьстии своем[ъ] амин[ъ],"‘Святые сорок мучеников, помилуйте меня грешного, дайте мне исполнить завет. Господи, прости (?), чтобы я грехи свои все (?) очистил и безумие отмел. Владыка, помяни меня грешного в Царствии своем. Аминь’.",кириллица,граффито,"в западной внешней галерее, на южной стене крещальни, на фреске с изображением сорока севастийских мучеников ( )",с небольшими утратами (>85%),"р 11 «Буква целиком в строке» (1120>) (<1320) <1410, е I≈ «Правонаклонные» (<1120) (<1240) <1380, з Iа «Правонаклонные (перелом)» (<1120) (<1200) <1340, р Iа «Округлая петля (прямая мачта)» (<1320) <1360, в IIа «Перелом при мачте» (<1220) <1320, п 1 «Выступ вверху» (<1200) <1300; ы II «Без перемычки» 1100> (1300>), к 5 «Уменьшенный верх» 1100> (1280>), ц 4 «Буква целиком в строке» (1160>) (<1300), г 3 «Без боковой засечки» (1140>) (<1220), у 4 «Буква целиком в строке» (1140>) (<1300), х 6 «Буква целиком в строке» 1100> (1140>) (<1300), т 2 «Без боковых засечек» (1120>) (<1300); результат: [1100–1300], предпочт. [1160–1200]",,,+ ст҃и :м҃: мч҃никъ помилоуите мѧ,1100.0,1300.0,12.0
817,https://epigraphica.ru/epigraphy/inscription/show/817,1037–[1380],Надпись с именем святого Онуфрия,Первоначальная фресковая штукатурка киевского Софийского собора,стена церкви,Собор св. Софии,ст҃ꙑи Онуѳри[е],,‘Святой Онуфрий’. ( ),кириллица,граффито,"северо-восточный угол предалтарного пространства Апостольского придела (современной южной внешней галереи), на фреске с изображением св. Онуфрия; на высоте 98 см от пола и на расстоянии 38 см от левого ребра ( )",целая (100%),"ы Iб «Средняя перемычка» (<1380) <1400, р II «Углом вверх» (<1280) <1380; у 4≈ «Буква целиком в строке» (1140>) (<1300), р 11≈ «Буква целиком в строке» (1120>) (<1320) <1410; результат: 1037–[1380], предпочт. [1140–1280]",,,ст҃ꙑи Онуѳрие,1037.0,1380.0,13.0
819,https://epigraphica.ru/epigraphy/inscription/show/819,1070–[1120],Молитвенная надпись,Стены Михайловского собора Выдубицкого монастыря,стена церкви,Церковь архангела Михаила Выдубицкого монастыря,[Ги҃] помози рабу ...,,"Господи, помоги рабу (своему)",кириллица,граффито,,с утратами (50-85%),Буква Б с острой петлей вперед характерна для самых ранних надписей (до первого двадцатилетия XII в.),,,Ги҃ помози рабу [GAP],1070.0,1120.0,11.0
820,https://epigraphica.ru/epigraphy/inscription/show/820,[1240]–1500,«Раб Божий Иов»,Стены Михайловского собора Выдубицкого монастыря,стена церкви,Церковь архангела Михаила Выдубицкого монастыря,рб҃ъ Бж҃ии Иов,,‘Раб Божий Иов’. ( ),кириллица,граффито,На северном фасаде церкви ( ),целая (100%),"Вопреки издателю, написание В и И здесь стандартное, встречающееся на протяжении всего древнерусского периода. Однако Ж, имеющее «дуги справа и слева» позволяет указать нижнюю границу датировки: сер. XIII в. Точно такую же нижнюю границу датировки подтверждает прямолинейное Р с треугольной петлёй углом вниз.",,,рб҃ъ Бж҃ии Иов,1240.0,1500.0,14.0
822,https://epigraphica.ru/epigraphy/inscription/show/822,[1140–1320],Надпись «азъ недостоинъ»,Первоначальная фресковая штукатурка киевского Софийского собора,стена церкви,Собор св. Софии,азъ недостоинъ,,‘Я недостоен...’. ( ),кириллица,граффито,"северо-восточный угол предалтарного пространства Апостольского придела (современной южной внешней галереи), на фреске с изображением св. Онуфрия; на высоте 84,5 см от пола и на расстоянии 17 см от левого ребра ( )",целая (100%),"д 2 «Верхняя засечка» <1400, н 2б «Нижние засечки (короткие)» <1400, з 1 «Выступ вправо вверху» (<1340), а 2 «Верхняя засечка» (<1320) (<1380), и 1а «Верхние засечки (длинные)» (<1300), н 1а «Верхние засечки (длинные)» (<1300) <1320, ъ 3 «Выступ вправо вверху» (<1200); з 3 «Перелом хвоста» 1140> (<1340), и 2б «Нижние засечки (короткие)» (1120>) (<1400); результат: [1140–1320], предпочт. [1140–1200]",,,азъ недостоинъ,1140.0,1320.0,13.0
825,https://epigraphica.ru/epigraphy/inscription/show/825,[1100–1140],Молитва о Симеоне к св. Онуфрию,Первоначальная фресковая штукатурка киевского Софийского собора,стена церкви,Собор св. Софии,ст҃ы Оноуѳриосъ,,"‘Святой Онуфрий, моли Бога за раба своего Симеона, грешного’.",кириллица,граффито,"северо-восточный угол предалтарного пространства Апостольского придела (современной южной внешней галереи), на фреске с изображением св. Онуфрия; на высоте 153 см от пола и на расстоянии 66 см от левого ребра ( )",целая (100%),"в 4 «Выступ вверху» (<1200) <1280, б 3 «Выступ вверху» (<1200), г 1 «Выступ вверху» (<1200), ѣ 1 «Петля углом вперед» <1200, «Правонаклонный почерк» <1200, в I «Округлая нижняя петля» <1140, з Iа «Правонаклонные (перелом)» (<1120) (<1200) <1340, б I≈½ «Округлая петля» <1120; т 2 «Без боковых засечек» (1120>) (<1300), ы II «Без перемычки» 1100> (1300>); в 3а «Верх шире низа» (<1220) <1320, м 2 «Верхние засечки» (<1280), ѡ IIа «Округлые (без перемычки)» <1300, р Iа «Округлая петля (прямая мачта)» (<1320) <1360; результат: [1100–1140]",,"«Окончание последнего слова записи совпадает с еще одним фрагментом надписи, который читается “Господи, помоги рабу своему Иосифу, попу”. Слова “Иосифу попу” написаны над начальной частью надписи “помоги рабу”. Кроме того имя “Иосифу” испорчено написанным прямо по нему словом “псалъ”» ( ).",ст҃ы Оноуѳриосъ,1100.0,1140.0,12.0
827,https://epigraphica.ru/epigraphy/inscription/show/827,[1100–1140],Молитва Симеона к св. Онуфрию,Первоначальная фресковая штукатурка киевского Софийского собора,стена церкви,Собор св. Софии,ст҃ъ Оноуфрие помилоу⸗,,"‘Святой Онуфрий, помилуй меня, грешника Симеона, раба своего’.",кириллица,граффито,"северо-восточный угол предалтарного пространства Апостольского придела (современной южной внешней галереи), на фреске с изображением св. Онуфрия; на высоте 136 см от пола и на расстоянии 68 см от левого ребра ( )",целая (100%),"ш II «Платформа приподнята» (<1240) <1400, б 3 «Выступ вверху» (<1200), г 1 ½ «Выступ вверху» (<1200), в 3б «Верх шире низа» (<1220) <1320, у 4 «Буква целиком в строке» (1140>) (<1300), в I «Округлая нижняя петля» <1140; р II≈ «Углом вперед» 1140>, г 3 ½ «Без боковой засечки» (1140>) (<1220), р 11 «Буква целиком в строке» (1120>) (<1320) <1410, к 5 «Уменьшенный верх» 1100> (1280>), у II «Y-образные» 1100>; (!) к 6≈ «Сверхширокие» 1360>, (!) ѣ 9≈ «Петля касается коромысла» (1260>); графика: ь > ъ (<1140) <1180; результат: [1100–1140], предпочт. [1120–1140]",,,ст҃ъ Оноуфрие помилоу,1100.0,1140.0,12.0
829,https://epigraphica.ru/epigraphy/inscription/show/829,[1320]–1500,Надпись о поминовении души игумена Климентия,Стены Зверинецких пещер,стена церкви,Зверинецкие пещеры,помѧни Ги҃ушю раба сво⸗его Климѧнь⸗тьѧ игумена,,"‘Помяни, Господи, душу раба своего Климентия, игумена’. ( )",кириллица,граффито,,с небольшими утратами (>85%),"Ѧ «островерхие с v-образным язычком»: не ранее 1280-х гг. Р «криволинейное углом вниз»: не ранее 1160-х гг. Таким образом, надпись датируется от 1280-х гг. Предпочтительно – от 1320-х, когда вышеозначенная форма Ѧ появляется с ножкой.",,,помѧни Ги҃ушю раба своего Климѧньтьѧ игумена,1320.0,1500.0,15.0
832,https://epigraphica.ru/epigraphy/inscription/show/832,[1160–1180],Молитва Дмитра (нечестивого грешника) к св. Онуфрию,Первоначальная фресковая штукатурка киевского Софийского собора,стена церкви,Собор св. Софии,ст҃ꙑ Ноуѳри(оу) помилоуи,,"‘Святый Онуфрий, помилуй меня, раба своего Дмитра, грешника нечестивого’.",кириллица,граффито,"северо-восточный угол предалтарного пространства Апостольского придела (современной южной внешней галереи), на фреске с изображением св. Онуфрия; на высоте 166 см от пола и на расстоянии 95 см от левого ребра ( )",целая (100%),"р Iб «Округлая петля (прямая мачта)» (<1320) <1360, з 1 «Выступ вверху справа» (<1340), ь 3 ½ «Покрытие» <1300, п 1 «Выступ вверху» (<1200) <1300, в 4 «Выступ вверху» (<1200) <1280, ш II «Платформа приподнята» (<1240) (<1400), б 3 «Выступ вверху» (<1200), г 1 «Выступ вверху» (<1200), ъ 3 «Выступ вправо вверху» (<1200), б , в , г , п обычно с выступом (<1120) <1180; ꙑ Iв «Перемычка (низкая)» 1160> (1320>), д II «Δ- и А-образные» 1100> <1200, к 5 «Уменьшенный верх» 1100> (1280>); (!) в I «Округлая нижняя петля» <1140; результат: [1160–1180]",,,ст҃ꙑ Ноуѳриоу помилоуи,1160.0,1180.0,12.0
833,https://epigraphica.ru/epigraphy/inscription/show/833,[1100–1180],Молитва к св. Онуфрию,Первоначальная фресковая штукатурка киевского Софийского собора,стена церкви,Собор св. Софии,ст҃ꙑиОн[ѫ]фрие помил[ѫи],,"‘Святой Онуфрий, помилуй грешного, аминь’. ( )",кириллица,граффито,"северо-восточный угол предалтарного пространства Апостольского придела (современной южной внешней галереи), на фреске с изображением св. Онуфрия; на высоте 150 см от пола и на расстоянии 94 см от левого ребра ( )",с небольшими утратами (>85%),"ш 2≈ «Верхние засечки» (<1320) (<1400), р Iа «Округлая петля (прямая мачта)» (<1320) <1360, ш II «Платформа приподнята» (<1240) (<1400), г 1 ½ «Выступ вверху» (<1200), ъ 3 ⅓ «Выступ вправо вверху» (<1200), р 6 ½ «S-образно изогнутая мачта» <1200; е 3 «Засечка на язычке» (1120>) (<1400), и 2б «Нижние засечки (короткие)» (1120>) (<1400), г 2 ½ «Нижняя засечка» 1100> (<1380) <1400; н 2б «Нижние засечки (короткие)» <1400, и 1б «Верхние засечки (короткие)» (<1400), н 1б «Верхние засечки (короткие)» (<1400); Графика: ь → ъ (<1140) <1180, ѫ <1240; (!) ъ 4 ⅓ «Высокая петля» (1280>); результат: [1100–1180], предпочт. [1120–1140]",,"«Над этой записью другим почерком написано слово “вакꙑноу” – имя (?) одного из авторов, писавших граффити в этом месте. Начальные буквы имени повреждены замысловатой фигурой, напоминающей лигатуру ОУ с поставленным сверху крестом» ( ).",ст҃ꙑиОнѫфрие помилѫи,1100.0,1180.0,12.0
835,https://epigraphica.ru/epigraphy/inscription/show/835,[1100–1180],"Молитва о Николе, продолженная вариацией на тему Трисвятого",Первоначальная фресковая штукатурка киевского Софийского собора,стена церкви,Собор св. Софии,(Ги҃) поз(и) р(а)боу (с)воѥм(оу) [Ни]кол[е] с…б҇---- ѥго [не]възгоушаꙗ(сѧ) ст҃ꙑ ми[л]о[сти]⸗вꙑ ст҃ꙑ сп҃с{ꙑ}ꙑи ѿ ада родъ чл҃вчъст҃ꙑ крѣпъ{[п]ъ}кꙑ попъравꙑ ада и диѧвола съ[вѧ]...,(Ги҃) поз(и) р(а)боу (с)воѥм(оу) [Ни]кол[е] с[ꙑ](ноу) Ѥ(в)[ъ]cт(афьѥвоу) пр[е]зъри{р} оумъ[нож]ениѥ грехо(въ) ѥ[го съ] из[ъ]бъранꙑми п(ричъти и) съп(аси) о Бе҃ [сего] хлеб҇\(ꙗ)[дьꙗ] ѥго [не] възгоушаꙗ(сѧ) ст҃ꙑ ми[л]о[сти]⸗ вꙑ ст҃ꙑ сп҃с{ꙑ}ꙑи ѿ ада родъ чл҃вчъ ст҃ꙑ крѣпъ{[п]ъ}кꙑ попъравꙑ ада и диѧвола съ[вѧ](завꙑ),"‘Господи, помоги рабу твоему Николе, сыну Евстафия (?). Прости множество грехов его, причти его с избранными и спаси его, о Боже, не отвращаясь его дармоедством. Святой, милостивый; святой, спасший от Ада человеческий род; святой, крепкий, поправший ад и связавший дьявола.’",кириллица,граффито,"в южной части придела свв. Иоакима и Анны, в переходе между вторыми от входа пространствами приделов свв. Иоакима и Анны и арх. Михаила, на западной грани западной лопатки второго от алтаря южного крещатого столба; на фреске с изображением св. Константина Великого ( )",с утратами (50-85%),"а Iа «Основной вид (плосковерхие)» (<1400), ч «Обычная чаша/бокальчик» (<1380) <1410, ꙑ Iб «Перемычка (средняя)» (<1380) <1400, л 2 «Верхняя засечка» (<1380), ѧ Iб «Основной вид (плосковерхие)» (<1380), р Iа «Округлая петля (прямая мачта)» (<1320) <1360, и 1а «Верхние засечки (длинные)» (<1300), ѿ IIа «Округлые (без перемычки)» <1300, п 1 «Выступ вверху» (<1200) <1300, в 2≈ «Нижняя петля выступает под строку» <1220, ъ 3 «Выступ вверху» (<1200), в 4 «Выступ вверху» (<1200) <1280; д II≈ «Δ- и А-образные» 1100> <1200; Графика: ь → ъ (<1140) <1180 результат: [1100–1180], предпочт. [1100–1140]",,,Ги҃ пози рабоу своѥмоу Николе с [GAP] б҇ [GAP] ѥго невъзгоушаꙗсѧ ст҃ꙑ милостивꙑ ст҃ꙑ сп҃сꙑꙑи ѿ ада родъ чл҃вчъст҃ꙑ крѣпъпъкꙑ попъравꙑ ада и диѧвола съвѧ [GAP],1100.0,1180.0,12.0
839,https://epigraphica.ru/epigraphy/inscription/show/839,1400-1500,Надгробная надпись Зиновия Тукало,Стены Ближних пещер Киево-Печерской лавры,стена церкви,Ближние пещеры Киево-Печерской лавры,лежи⸗но]веи-укало,,Лежит Зиновий Тукало (?),кириллица,граффито,,с небольшими утратами (>85%),,,,лежиновеи-укало,1400.0,1500.0,15.0
840,https://epigraphica.ru/epigraphy/inscription/show/840,[1100–1360],Надпись с упоминанием свв. Космы и Дамиана и Чернигова,Первоначальная фресковая штукатурка киевского Софийского собора,стена церкви,Собор св. Софии,се азъ г[р]ѣшьнꙑи ...,,‘Вот я грешный ... святой Косма и Дамиан ... а из Чернигова придя. Аминь’.,кириллица,граффито,на западной плоскости арки-перехода из южной части западной внутренней галереи к южной внешней галерее; на фреске с образом св. Мария ( ),с утратами (50-85%),"ч Iа «Чаша/бокальчик» (<1380) <1410, з 1 «Выступ вправо» (<1340), з IIа «Вертикальные (перелом)» (<1320), р Iа «Округлая петля (прямая мачта)» (<1320) <1360, г 1 «Выступ вверху» (<1200), ъ 3 «Выступ вправо вверху» (<1200); р 11 «Буква целиком в строке» (1120>) (<1320) <1410, ꙑ II «Без перемычки» 1100> (1300>); результат: [1100–1360], предпочт. [1120–1200]",,,се азъ грѣшьнꙑи [GAP],1100.0,1360.0,13.0
849,https://epigraphica.ru/epigraphy/inscription/show/849,1037–[1300],Молитва к святому Меркурию,Первоначальная фресковая штукатурка киевского Софийского собора,стена церкви,Собор св. Софии,ст҃ꙑи Ме[р]коурии помилоуи м[ѧ грѣшь⸗,,"‘Святой Меркурий, помилуй меня, грешника’.",кириллица,граффито,"на южной стороне выступа стены, составляющего арку-переход от второй от входа западной части придела св. Владимира (современной северной внешней галереи); на высоте 142 см от пола и на расстоянии 23 см от левого ребра ( )",с утратами (50-85%),,,"«Немного выше рассмотренного граффито есть еще одна малозаметная надпись. Можно разобрать: “Господи, помоги рабу своему Давыду”» ( ).",ст҃ꙑи Меркоурии помилоуи мѧ грѣшь,1037.0,1300.0,12.0
852,https://epigraphica.ru/epigraphy/inscription/show/852,[1050–1150],Разговор Авраама с Исааком перед жертвоприношением,Первоначальная фресковая штукатурка киевского Софийского собора,стена церкви,Собор св. Софии,рече Исакъ Аврамоу,,"‘Сказал Исаак Аврааму: «Отче!», – сказал Авраам: «Что, чадо?», – «Здесь огонь и дрова, где же ягненок?». Сказал Авраам: «Бог усмотрит ягненка (в жертву себе)»’.",кириллица,граффито,"на южной стене западной части южных хор (современного придела св. ап. Андрея), на фреске «Жертвоприношение Авраама»; на высоте 143 см от уровня пола и на расстоянии 40,5 см от левого угла ( )",с небольшими утратами (>85%),"сер. ХІ – сер. ХІІ в.: а с выпуклой петлей, б с выступом вверху, в обычного вида с увеличенной верхней петлей и нижней петлей углом вперед, вертикальная е , звездообразная ж в три взмаха, м с верхними засечками, прямолинейная р с маленькой округлой петлей, ѿ с высоким т , ч в виде чаши, ь с покрытием ( )",,"Надпись перечеркнута четырьмя линиями. «Надпись № 172 сохранила один из древнейших в славянской традиции отрывков ветхозаветных библейских текстов». Текст надписи ближе к паремийному и четьему вариантам, чем к тексту собственно библейскому ( ).",рече Исакъ Аврамоу,1050.0,1150.0,11.0
861,https://epigraphica.ru/epigraphy/inscription/show/861,1045–1466,Ламентация,Первоначальная штукатурка новгородского Софийского Собора,стена церкви,Собор св. Софии,оувы мнѣ окань,оувы мнѣ окань<номоу> ( ),"‘Увы мне, окаянному’.",кириллица,граффито,"Западный столб южного рукава креста, западная лопатка, западная грань. 9 см от левого края, 9 см ниже современного пола. ( )",с небольшими утратами (>85%) ( ),,,Слово оканьному ‘окаянному’ недописано.,оувы мнѣ окань,1045.0,1466.0,13.0
864,https://epigraphica.ru/epigraphy/inscription/show/864,[1120–1400],Молитвенный автограф неизвестного,Первоначальная фресковая штукатурка киевского Софийского собора,стена церкви,Собор св. Софии,азъѱл҃ъ греш[ьнꙑи поми]⸗,,"‘Я писал, грешный, помилуй меня, Господи’. ( )",кириллица,граффито,"северо-западный угол предалтарной северной части придела свв. Иоакима и Анны, на западной грани южной лопатки первого от алтаря северного крещатого столба; непосредственно под надписью Выс. № 173 ( )",с небольшими утратами (>85%),"е 3 «Засечка на язычке» (1120>) (<1400), ш II «Платформа приподнята» (<1240) (<1400), ъ IIб «Вертикальная мачта» (1320>)",,,азъѱл҃ъ грешьнꙑи поми,1120.0,1400.0,13.0
865,https://epigraphica.ru/epigraphy/inscription/show/865,[1320–1400],"Надпись Григория Юрьевича, старшего из иподиаконов",Первоначальная фресковая штукатурка киевского Софийского собора,стена церкви,Собор св. Софии,сеазъГригори (Ю)рьѥвичь больши ѥсмь в подь⸗(б)лазнима,,"‘Вот я, Григорий Юрьевич – старший среди иподиаконов, а тебя, я считаю, соблазняет бес’.",кириллица,граффито,"на фреске с изображением императора Василия II; на уровне третьей лестничной площадки, справа от южного дверного проема; на высоте 160 см от уровня третьей лестничной площадки и на расстоянии 217 см от пяты восьмой арки от начала лестничного пролета между второй и третьей лестничными площадками ( )",целая (100%),"а 2 «Верхняя засечка» (<1320) (<1380), ѧ Iб «Основной вид (плосковерхие)» (<1380), в IIб «Перелом не касается мачты» (<1340) <1400, з 1 ½ «Выступ вправо» (<1340), з 3 ½ «Перелом хвоста» 1140> (<1340), з IIа ½ «Вертикальные (перелом)» (<1320); б 4 ½ «Высокая петля» 1180> (1360>), х 7 «Маленький верх и широкий низ» (1340>), ч IIб «У-образные» 1320>, ю IIа «Высокая перемычка» 1320>, ѣ 8≈ ½ «Петля выступает под строку» (<1180) <1220 1320>, р IVб «Углом вниз (прямолинейные)» 1240> (1300>); (!) б 3 «Выступ вверху» (<1200), г 1 «Выступ вверху» (<1200), ъ 3 «Выступ вправо вверху» (<1200), г 3 «Без боковой засечки» (1140>) (<1210); графика: ѥ (1240>), ꙗ (1260>); язык: редуцир. пали 1120> (1160>); результат: [1320–1400], предпочт. [1340–1380]",,,сеазъГригори Юрьѥвичь больши ѥсмь в подьблазнима,1320.0,1400.0,14.0
867,https://epigraphica.ru/epigraphy/inscription/show/867,[1200–1400],Автограф Никона; Надпись с упоминанием Спасова дня,Первоначальная фресковая штукатурка киевского Софийского собора,стена церкви,Собор св. Софии,текст 1:текст 2:Въ недѣлу пе(р)е⸗дь Съпасовꙑ⸗(мъ д)ьн(емъ),,<текст 1:> ‘Никон писал’. <текст 2:> ‘В воскресенье перед Преображением’.,кириллица,граффито,"придел арх. Михаила, северо-восточный угол апсиды, на южной грани восточной лопатки первого от алтаря крещатого столба; на фреске с изображением Честного Креста ( )",с небольшими утратами (>85%),,,"А. А. Турилов заметил, что Выс. № 177 представляет собой две разные надписи. «Почерк первой строки (запись Никона) отличается от последующих, что хорошо видно на примере букв н и л . Первая буква второй строки ( в ) явно заглавная, с вертикалью в два контура, начинает новый текст» ( ).",Въ недѣлу передь Съпасовꙑмъ дьнемъ,1200.0,1400.0,13.0
870,https://epigraphica.ru/epigraphy/inscription/show/870,1300-1320,Владельческая надпись Ивана Варфоломеевича,Ложка Ивана Варфоломеевича,ложка,Неревский раскоп,Еванова Олъѳо⸗,,[Ложка] Ивана Варфоломеевича.,кириллица,граффито,"Вырезана на верхней части ручки, на полосе, свободной от узора, возможно, иглой ( )",целая (100%),,,,Еванова Олъѳо,1300.0,1320.0,14.0
874,https://epigraphica.ru/epigraphy/inscription/show/874,1420-1430,Владельческая надпись Семёна Олександровича,Оселок Семёна Олександровича,оселок,Неревский раскоп,+ ѡсла Семен[а] Ѡлксн⸗,,Оселок Семёна Олександровича.,кириллица,граффито,Надпись нацарапана на четырех гранях оселка,целая (100%),,,"По А. А. Зализняку, Семен[а] – бытовая орфографическая запись словоформы имени Сменъ (возможно также, что это стандартная запись формы от Семенъ ).",+ ѡсла Семена Ѡлксн,1420.0,1430.0,15.0
875,https://epigraphica.ru/epigraphy/inscription/show/875,1140-1160,Владельческая надпись Якши и Орины,Чаша Якши и Орины,чаша,Троицкий раскоп,· [Ѧ]къшина · Ѡри·ни(на),,[Чаша] Якши [и] Орины.,кириллица,граффито,,с небольшими утратами (>85%),,,,· Ѧкъшина · Ѡри · нина,1140.0,1160.0,12.0
880,https://epigraphica.ru/epigraphy/inscription/show/880,1390-1410,Запись долгов Прокопьи и Ивана по оброку,Счетная бирка № 2,счетная бирка,Неревский раскоп,въ Глиньски · ꙋ Пръкъпиѣ и ·,,"В Глинске у Прокопьи и Ивана оброка: ржи 2 коробьи, овса 2, денег 11 гривен, мяса полть, ячменя 3 коробьи.",кириллица,граффито,,целая (100%),,,Въ Глиньски – М. ед. от Глиньско или Глинескъ (А. А. Зализняк).,въ Глиньски · ꙋ Пръкъпиѣ и ·,1390.0,1410.0,14.0
885,https://epigraphica.ru/epigraphy/inscription/show/885,1200-1250,Реплики к сцене экзекуции,Плеть с Владычного двора,плеть,Кремлёвский раскоп,кꙋ[р](е) брть что сь,,"<Версия 1:> Братец (букв.: господин брат), знаешь ли, что это [у меня в руке]? <Версия 2:> – Братец! – Что? <Версия 3, при чтении «по кругу»:> – Братец, что? – Секу! <Версия 4, при чтении «по кругу»:> – Братец, что? – Секу ребра!",кириллица,резьба по дереву,,с небольшими утратами (>85%),,,"Возможно, надпись следует читать «по кругу», повторно используя первые буквы после последних (предпололожение Е. А. Рыбиной, развитое Е. Ю. Щегольковой)",кꙋре брть что сь,1200.0,1250.0,13.0
890,https://epigraphica.ru/epigraphy/inscription/show/890,1045-1200,Шуточная надпись о Якиме,Стены новгородского Софийского собора,стена церкви,Собор св. Софии,Ѧкиме стоѧ оусъне,,"‘Яким стоя уснет, а рта и об камень не расшибет’.",кириллица,граффито,,целая (100%),"Внестратиграф. до [1220], предпочт. до [1200]: О 1 «покрытие» <1260, «и, н, к сверху засечены, снизу нет» (<1200 и <1300); язык: редуцированные сохранены <1220. ( )",,"Надпись известна по фотографии В. Н. Щепкина (1902: табл. II: 10) со слепка В. В. Суслова. Морфология диалектная: - е в И. ед. Ѧкиме , отсутствие - ть в оусъне , не ростепе . Графика стандартная. Редуцированные сохранены: оусъне , ръта .",Ѧкиме стоѧ оусъне,1045.0,1200.0,12.0
894,https://epigraphica.ru/epigraphy/inscription/show/894,1160-1180,"Памятная надпись о трапезе Радка, Хотка, Сновида и Витомира и молитва об Угрине",Стены новгородского Софийского собора,стена церкви,Собор св. Софии,Радъке Хотъке,,"‘Радко, Хотко, Сновид и Витомир выпили здесь бочонок (?) по указанию Угрина. Да благословит его Бог, [за то,] что дал нам. И дай ему Бог вечное спасение’ ( )",кириллица,граффито,"Лестничная башня, столб, над 12-й ступенью после 2-й площадки, 120 см над ступенью.",неизвестно,"Внестратиграф. [1160–1180]. Графика: ѫ <1240; в 2 «петля выступает под строку» <1220, о 3 «шириной с и, н» 1160> (1360>), ѣ 8 «петля выступает под строку» <1220 (<1180) или 1320>, «б, в, г, п обычно с выступом» <1180 (<1120); язык: редуцированные сохранены <1220. Нижняя граница датировки может быть не вполне верна, так как определяется только одним параметром: о 3 «шириной с и, н» 1160> (1360>). ( )",,"Все четыре имени в И. ед. o -склонения оформлены при помощи окончания - е , то есть по новгородской диалектной норме.",Радъке Хотъке,1160.0,1180.0,12.0
896,https://epigraphica.ru/epigraphy/inscription/show/896,1144-1220,Фольклорное произведение (заговор или считалка) о пироге,Фресковая штукатурка 1144 года новгородского Софийского собора,стена церкви,Собор св. Софии,Текст 1Текст 2пелеп[е]лъкапар[и] (в)[о] доубро⸗ве пост(ави) ка⸗шоу по(ст)ави пи⸗рог[е] тоу и[д]и,,"Текст 1: ‘… пирог в печи, дружина в корабле’. Текст 2: ‘Перепелка летит в дубраве, поставь кашу, поставь пироги, теперь иди’. ( )",кириллица,граффито,"Южная паперть, северная стена, западная лопатка, западная грань, у левого края, 138 см от пола",с утратами (50-85%),"Внестратиграф. [1120–1360] (предпочт. либо [1120–1220], либо [1320–1360]). Графика: оу после согл. (исключит.) <1360, графика: ѣ → е (фонд ≥ 2×) 1100–1380; е 4 «язычок вниз» 1100> (1100–1400), и 2б «нижние засечки (короткие)» (1120–1400), п 2 «нижние засечки» 1120–1420 (1120–1380), у 7 «разомкнутые» (1320–1420), ч Iа «чаша / бокальчик» <1420 (<1380); язык: редуцированные сохранены <1220 (1×). К сожалению, надпись не содержит узко датирующих внестратиграфических признаков. Ее общий облик и отсутствие на фресках 1144 г. надписей позднее XIII в. склоняют в пользу выбора раннего отрезка предпочтительной датировки, то есть домонгольского времени. ( )",,"Надпись зачеркнута. Вероятно, зачеркнувшим ее «цензором» был автор надписи , расположенной непосредственно под данным граффито.",пелепелъкапари во доуброве постави кашоу постави пироге тоу иди,1144.0,1220.0,12.0
901,https://epigraphica.ru/epigraphy/inscription/show/901,1340,Надпись о громе 13 июля 1340 г.,Кровля Успенского собора во Владимире,кровельный лист,Успенский собор во Владимире,въ лѣт҂ꙅ҃ѡ҃м҃и҃ мс҇цѧ июлѧ въ г҃іс҇ла Акоулꙑ громъбꙑс҇и землѧ потрѧсесѧ,,"13 июля 6848 года, на память святого апостола Акилы, был гром и потряслась земля.",кириллица,граффито,"Надпись находится в правой верхней части листа в три строки, нацарапана острым орудием через позолоту. Надпись повреждена круглым отверстием от гвоздя.",с небольшими утратами (>85%),"1260-1360, предпочт. 1320-1360 ( )",,"Во второй строке в Акоулы начертание «слитное оу » (Лихачёв дает ѵ‎ , Рыбаков у ).",въ лѣт҂ꙅ҃ѡ҃м҃и҃ мс҇цѧ июлѧ въ г҃іс҇ла Акоулꙑ громъбꙑс҇и землѧ потрѧсесѧ,1340.0,1340.0,14.0
906,https://epigraphica.ru/epigraphy/inscription/show/906,1100-1200,"Подпись к реликвиям, связанным с паломничеством в Палестину",Иерусалимский мощевик,реликварий,неизвестно,Текст 1:Текст 2:Прѣобра:⸗же||ни||еГн҃е :Текст 3:Блгвщ⸗ниеТекст 4:ЇевнвоТекст 5:Ро||жьстоБц҃и,,<Текст 1:> ‘[Гора] Ермон’. <Текст 2:> ‘Преображение Господне’. <Текст 3:> ‘Благовещение’. <Текст 4:> ‘Иоанново [рождество?]’ <Текст 5:> ‘Рождество Богородицы’,кириллица,граффито,"Текст 1 – слева от крайнего левого углубления, Текст 2 – над вторым углублением слева, по сторонам и ниже, Текст 3 – под третьим углублением слева, Текст 4 – слева от углубления, расположенного справа сверху, Текст 5 – по сторонам и ниже углубления, расположенного справа снизу",целая (100%),"Предпочтительно XII в. (разделительное двоеточие, начертание букв ї , в , ж , р, ѣ ).",,"Автор аннотации в каталоге «Меч и златник» – Е. Ю. Елькова. Для Їев(а)н(о)во ср. Иевана в берестяной грамоте № 560 со списком имен для поминовения. Пять текстов относятся каждый к своему углублению, которые, вероятно, содержали частички реликвий, собранных паломником в разных местах Святой земли – на горе Ермон и в четырех местах, связанных с евангельскими событиями, прообразами христианских праздников. Возможно, слово ‘Рождество’ относится одновременно к текстам 4 и 5 – так экономно обозначены Рождество Иоанна Предтечи и Рождество Богородицы. Возможно также, что слово ‘Богородицы’ одновременно продолжает текст 3 (‘Благовещение’). В публикации указан XIII век, однако палеография и хронология древнерусских паломничеств в Палестину указывает скорее на более раннюю дату.",Прѣобра:же ни еГн҃е : Блгвщние Їевнво Ро жьстоБц҃и,1100.0,1200.0,12.0
908,https://epigraphica.ru/epigraphy/inscription/show/908,1045-1075,Запись о снеге в пятое воскресенье после Пасхи,Первоначальные стены Софийского собора,стена церкви,Собор св. Софии,по Велицѣ дьнел҇· снѣгъпаде до ко⸗лѣна,,‘В пятое воскресенье после Пасхи выпал снег до колена’.,кириллица,граффито,Западный столб северного рукава креста,целая (100%),"В надписи представлено скопление ранних палеографических особенностей: удлиненные спинки а , д и л , буква ц с платформой, находящейся выше низа строки, буква ѣ с низким (в том числе наклонным) коромыслом и длинными засечками, ум­еньшенные петли ъ , ѣ . Всё это склоняет в пользу датировки надписи сер. – 3-ей четв. XI в. ( )",,В надписи видим палатализованную наддиалектную форму вели цѣ и древнее окончание консонантного склонения в М. ед. дьне . Ср. по Великѣ дни в надписи Луки. Отметим также беспредложный аккузатив во временном значении,по Велицѣ дьнел҇ · снѣгъпаде до колѣна,1045.0,1075.0,11.0
909,https://epigraphica.ru/epigraphy/inscription/show/909,1045-1120,Жалоба женатых дьяков с обращением к владыке,Первоначальные стены Софийского собора,стена церкви,Собор св. Софии,охъ тъщьно влд҃ко нѣтꙋ порѧда дьꙗкомъ,,"‘Ох, тяжко ( букв .: тошно), владыка! Нет положенной платы дьякам! А как же мне не плакать! Увы женатым дьякам!’ ( )",кириллица,граффито,Северный столб западного рукава креста. Надпись выполнена огромными буквами почти на всю ширину грани. Одна из самых больших по размерам древнерусских надписей (80 см),с небольшими утратами (>85%),"Палеограф. до [1140], предпочт. до [1120]. ( )",,"Интерпретация начала второй строки как содержащего частицу дѣи ‘разве, неужели’ принадлежит А. А. Зализняку.",охъ тъщьно влд҃ко нѣтꙋ порѧда дьꙗкомъ,1045.0,1120.0,11.0
910,https://epigraphica.ru/epigraphy/inscription/show/910,1045-1144,Начало псалма 50,Первоначальная штукатурка новгородского Софийского Собора,стена церкви,Собор св. Софии,ⱂⱁⰿⰺⰾⱆ[ⰺ] ⰿⱗ Ⰱ[ⰵ҃ ⱂ]ⱁ,,,глаголица,граффито,"Южная паперть, западная стена, 118 см от левого угла, 140 см от пола",с утратами (50-85%),,,,ⱂⱁⰿⰺⰾⱆⰺ ⰿⱗ Ⰱⰵ҃ ⱂⱁ,1045.0,1144.0,11.0
912,https://epigraphica.ru/epigraphy/inscription/show/912,1144-1199,Молитва и автограф Домашки Мыслятинича,Фресковая штукатурка 1144 года новгородского Софийского собора,стена церкви,Собор св. Софии,ст҃ꙑ · Михала про⸗,,"‘Святой Михаил, прости и отпусти [мои грехи]. Много я тебе (?) согрешил. Аминь. Домашка писал, сын Мысляты-портного ( или : Мысляты Швеца). Аминь’ ( )",кириллица,граффито,"Южная паперть, северная стена, проем между лопатками, 85 см от левого края, 135 см от пола",с небольшими утратами (>85%),,,,ст҃ꙑ · Михала про,1144.0,1199.0,12.0
915,https://epigraphica.ru/epigraphy/inscription/show/915,1045-1054,"Молитва о Николе, пришедшем из Киева от князя Ярослава",Первоначальная штукатурка новгородского Софийского Собора,стена церкви,Собор св. Софии,(с)[в]ѧтаѣ (Со)ѳие : пом(ил)оуи : раба свое[го] : Нико(ло)у,,"‘Святая София, помилуй раба своего Николу, пришельца из города Киева от своего князя Ярослава и от церкви святых безмездников и чудотворцев Козьмы и Демьяна’ ( )",кириллица,граффито,"неизвестно Если судить по номеру, поставленному на кальке, она находилась на лестнице или хорах собора. Не исключено, что это граффито уничтожено, так как именно на хорах многие надписи были залиты цементом или сбиты ( )",неизвестно,,"Terminus post quem определяется временем начала строительства Софийского собора, а terminus ante quem – временем смерти Ярослава Мудрого, который умер 20 февраля 1054 г., вскоре после чего известие о его кончине должно было достичь Новгорода.",,свѧтаѣ Соѳие : помилоуи : раба своего : Николоу,1045.0,1054.0,11.0
916,https://epigraphica.ru/epigraphy/inscription/show/916,1045-1120,Молитва к Богородице (вариант молитвы Петра Черноризца – древнеболгарского литературного текста),Стены новгородского Софийского собора,стена церкви,Собор св. Софии,прс[т]а[ꙗ] (г)же Бце вѣдѣ ꙗко сквь⸗,,"‘Пресвятая госпожа Богородица, я знаю, что я порочен и нечист и недостоин и достоин ( вероятно, написано по ошибке вместо : исполнен) всякого нечистого греха. Ты … избавь раба …’ ( )",кириллица,граффито,,с утратами (50-85%),"Предпочтит. до [1120]. Графика: ѫ <1240; б I «округлая петля» <1120, б 3 «выступ вверху» (<1200), в 4 «выступ вверху» <1280 (<1200), д 3 «длинные ножки (обычн.)» <1200 или 1280>, ж Iа1 «прямая звезда» <1200 (<1120), ъ I «округлая петля» <1160, ѣ I «округлая петля» <1140 (?), ѣ 1 «петля углом вперед» <1200 (?). ( )",,"Первая фраза надписи почти дословно воспроизводит начало Молитвы Богородице Петра Черноризца (предположительно отождествляемого с болгарским царем Петром I), а продолжение заимствует из него отдельные строевые элементы. В софийском граффито мы видим раннее отражение этого древнеболгарского текста, известного по рукописям XIII в. и более позднего времени. Слова нечи [ ст ] а достоинъ ес [ м ] ь стоят вместо правильного нечиста … испълненъ есмь и при этом повторяют, с небольшими отличиями, нечистъ и недостоинъ из предыдущей строки. Вероятно, автор граффито по недосмотру повторил слово достоинъ вместо испълненъ .",прстаꙗ гже Бце вѣдѣ ꙗко сквь,1045.0,1120.0,11.0
917,https://epigraphica.ru/epigraphy/inscription/show/917,[1165–1325],Подписи к изображениям архангелов,Хильдесхаймский крест,реликварий,Собор Вознесения Святой Марии,Текст 1:Текст 2:Га|вр|и|лТекст 3:Ꙋр|im.|[и]лоТекст 4:Ра|im.|ѳа,,"‘Михаил, Гавриил, Уриил, Рафаил’",кириллица,"чернение, резьба по металлу","лицевая сторона, в четырех лепестках квадрифолия, рядом с фигурами",целая (100%),"Палеографический анализ надписей, проведенный А. А. Медынцевой ( ) и уточненный В. Лефельдтом ( ), указывает на вторую половину XIII века – начало XIV, что противоречит гипотезе о том, что заказчиком креста был архиепископ новгородский Илия (+ 1186).",,,Га вр и л Ꙋр [GAP] ило Ра [GAP] ѳа,1165.0,1325.0,13.0
918,https://epigraphica.ru/epigraphy/inscription/show/918,[1165–1325],Подписи к изображениям в сцене распятия с предстоящими,Хильдесхаймский крест,реликварий,Собор Вознесения Святой Марии,Текст 1 (в верхней перекладине креста):Текст 2 (над центральной перекладиной креста):Оц҃ь и Сн҃ и Ст҃ꙑ ДхъТекст 3 (над фигурой слева от креста):(М)ирѲꙋТекст 4 (у фигуры справа от креста):а⃝ Іѡ҃,,"‘Иисус Христос Отец, Сын и Святой Дух Матерь Божия Святой Иоанн’",кириллица,"чернение, резьба по металлу","лицевая сторона, центральный квадрат",целая (100%),"Палеографический анализ надписей, проведенный А. А. Медынцевой ( ) и уточненный В. Лефельдтом ( ), указывает на вторую половину XIII века – начало XIV, что противоречит гипотезе о том, что заказчиком креста был архиепископ новгородский Илия (+ 1186).",,,в верхней перекладине креста: над центральной перекладиной креста:Оц҃ь и Сн҃ и Ст҃ꙑ Дхъ над фигурой слева от креста:МирѲꙋ у фигуры справа от креста:а⃝ Іѡ҃,1165.0,1325.0,13.0
923,https://epigraphica.ru/epigraphy/inscription/show/923,[1165–1325],Подписи к фигурам святых Константина и Елены,Хильдесхаймский крест,реликварий,Собор Вознесения Святой Марии,Текст 1 (у левой фигуры):Текст 2 (у правой фигуры):Елена,,"‘Константин, Елена’",кириллица,"чернение, резьба по металлу","внутренняя сторона задней створки, центральный квадрат, рядом с фигурами",с небольшими утратами (>85%),"Палеографический анализ надписей, проведенный А. А. Медынцевой ( ) и уточненный В. Лефельдтом ( ), указывает на вторую половину XIII века – начало XIV, что противоречит гипотезе о том, что заказчиком креста был архиепископ новгородский Илия (+ 1186).",,"Первую и последнюю буквы имени Елены почти невозможно разобрать. Возможно, первую букву следует читать как О , а не как Е ( ).",у левой фигуры: у правой фигуры:Елена,1165.0,1325.0,13.0
926,https://epigraphica.ru/epigraphy/inscription/show/926,[1165–1325],Подпись к частице мощей святого Лазаря,Хильдесхаймский крест,реликварий,Собор Вознесения Святой Марии,гро|бъ |Лаз|оре|в,,‘Гроб Лазорев’,кириллица,"чернение, резьба по металлу","внутренняя сторона задней створки, в левом нижнем углу центрального квадрата",целая (100%),"Палеографический анализ надписей, проведенный А. А. Медынцевой ( ) и уточненный В. Лефельдтом ( ), указывает на вторую половину XIII века – начало XIV, что противоречит гипотезе о том, что заказчиком креста был архиепископ новгородский Илия (+ 1186).",,,гро бъ Лаз оре в,1165.0,1325.0,13.0
931,https://epigraphica.ru/epigraphy/inscription/show/931,[1165–1325],Вкладная надпись с фрагментом молитвы «Похвала кресту»,Хильдесхаймский крест,реликварий,Собор Вознесения Святой Марии,Текст 1 (по верхнему ободу):Текст 2 (по нижнему ободу):[⁘ Х]се ч[ь]ст[ь]|нꙑ|и пр|ог[о]ни⸗[те]лю [дѣ]|м|он[о]|мъ пом⸗ощьниче | всѣ|мъ | хрьсть⸗аномъ | а|м|инь ⁙,,"‘Господи, помоги рабу своему Илии, стяжавшему сей крест в сей век и в будущий. Честный крест, прогонитель демонам, помощник всем христианам. Аминь’",кириллица,чернение,по ободу верхней и нижней створки,с небольшими утратами (>85%),"Палеографический анализ надписей, проведенный А. А. Медынцевой ( ) и уточненный В. Лефельдтом ( ), указывает на вторую половину XIII века – начало XIV, что противоречит гипотезе о том, что заказчиком креста был архиепископ новгородский Илия (+ 1186).",,"Чтение плохо сохранившегося фрагмента надписи как прог[о]ни[те]лю [дѣ]|мон[о]мъ «подтверждается текстологическим совпадением с одной из строф “похвалы кресту”, записанной на нерльском кресте (XII в.): “крест охранник всей вселенной... крест дѣмономъ прогонитель ”» ( ).",по верхнему ободу: по нижнему ободу: ⁘ Хсе чьсть нꙑ и пр огонителю дѣ м оно мъ помощьниче всѣ мъ хрьстьаномъ а м инь ⁙,1165.0,1325.0,13.0
932,https://epigraphica.ru/epigraphy/inscription/show/932,[1400–1430],Надпись с цитатой из тропаря,Круглый медальон-мощевик (серебряный с позолотой),реликварий,Церковь Благовещения Пресвятой Богородицы в Московском Кремле,· спние здѣю посредѣ землѧ Хе Бе на кртѣ прчтѣ руцѣ свои простеръ сбираꙗ всꙗ,,"‘Спа­се­ние со­вер­шил Ты по­сре­ди зем­ли, Хри­сте Бо­же: на Кре­сте про­стер пре­чи­стые ру­ки Твои, со­би­рая все [на­ро­ды]’",кириллица,резьба по металлу,"лицевая сторона, внутренняя надпись ( )",целая (100%),"«Письмо литургических надписей на серебряном мощевике из Благовещенского собора близко по начеркам букв к “манерному” уставу конца XIѴ в., но отличается от него более вытянутыми пропорциями. Большинство начертаний букв нейтрально, т. е. может встречаться как в русских почерках, восходящих к традиции XIѴ в., так и в южнославянских. Явные графические новации, характерные бесспорно уже для XѴ в., отсутствуют. <...> В качестве косвенной палеографической приметы круговых надписей на этом мощевике, позволяющей датировать памятник в пределах первой трети XѴ в., следует дополнительно указать на общий простой рисунок прямых букв». ( )",,"В надписи цитируется тропарь, глас 2, на 6-м часе, Великой пятницы ( ).",· спние здѣю посредѣ землѧ Хе Бе на кртѣ прчтѣ руцѣ свои простеръ сбираꙗ всꙗ,1400.0,1430.0,15.0
933,https://epigraphica.ru/epigraphy/inscription/show/933,[1400–1430],Надпись с цитатой из кондака,Круглый медальон-мощевик (серебряный с позолотой),реликварий,Церковь Благовещения Пресвятой Богородицы в Московском Кремле,+ твердꙑꙗ и бовѣщаннꙑꙗ проповѣдателѧ верхъ оучнкъ твоихъ Ги приꙗтъ в наслажение блгхъ твоихъ покоꙗ трꙋдꙑ бо ѡпѣхъ и смрть приꙗть паче,,"‘Непоколебимых и богогласных проповедников, высших из учеников Твоих, Господи, Ты принял в наслаждение благ Твоих и покой; ибо труды их и смерть признал Ты [высшими всякой жертвы]’.",кириллица,резьба по металлу,"лицевая сторона, внешняя надпись ( )",целая (100%),"«Письмо литургических надписей на серебряном мощевике из Благовещенского собора близко по начеркам букв к “манерному” уставу конца XIѴ в., но отличается от него более вытянутыми пропорциями. Большинство начертаний букв нейтрально, т. е. может встречаться как в русских почерках, восходящих к традиции XIѴ в., так и в южнославянских. Явные графические новации, характерные бесспорно уже для XѴ в., отсутствуют. <...> В качестве косвенной палеографической приметы круговых надписей на этом мощевике, позволяющей датировать памятник в пределах первой трети XѴ в., следует дополнительно указать на общий простой рисунок прямых букв». ( )",,"В надписи цитируется кондак четверга, глас 2 ( ).",+ твердꙑꙗ и бовѣщаннꙑꙗ проповѣдателѧ верхъ оучнкъ твоихъ Ги приꙗтъ в наслажение блгхъ твоихъ покоꙗ трꙋдꙑ бо ѡпѣхъ и смрть приꙗть паче,1400.0,1430.0,15.0
934,https://epigraphica.ru/epigraphy/inscription/show/934,[1400–1430],Подписи к изображениям апостолов,Круглый медальон-мощевик (серебряный с позолотой),реликварий,Церковь Благовещения Пресвятой Богородицы в Московском Кремле,оаг҃|im.|Па|ꙋлг҃|im.|Iѡ҃оаг҃|im.|Лꙋ|каоаг҃|im.|Си|мо|ноаг҃|im.|Ва|рфо|лоаг҃|im.|Фі|ли|поаг҃|im.|Ѳо|маоаг|im.|Іа|ко|воаг|im.|Ан|дрѣоаг҃|im.|Ма|іѳоаг҃|im.|Ма|ркоаг҃|im.|Пе|тр,,‘Святой Павел Святой Иоанн Святой Лука Святой Симеон Святой Варфоломей Святой Филипп Святой Фома Святой Иаков Святой Андрей Святой Матфей Святой Марк Святой Петр’,кириллица,резьба по металлу,"лицевая сторона, рядом с изображениями апостолов",целая (100%),"«Письмо литургических надписей на серебряном мощевике из Благовещенского собора близко по начеркам букв к “манерному” уставу конца XIѴ в., но отличается от него более вытянутыми пропорциями. Большинство начертаний букв нейтрально, т. е. может встречаться как в русских почерках, восходящих к традиции XIѴ в., так и в южнославянских. Явные графические новации, характерные бесспорно уже для XѴ в., отсутствуют. <...> В качестве косвенной палеографической приметы круговых надписей на этом мощевике, позволяющей датировать памятник в пределах первой трети XѴ в., следует дополнительно указать на общий простой рисунок прямых букв». ( )",,,оаг҃ [GAP] Па ꙋлг҃ [GAP] ѡ҃оаг҃ [GAP] Лꙋ каоаг҃ [GAP] Си мо ноаг҃ [GAP] Ва рфо лоаг҃ [GAP] Фі ли поаг҃ [GAP] Ѳо маоаг [GAP] Іа ко воаг [GAP] Ан дрѣоаг҃ [GAP] Ма іѳоаг҃ [GAP] Ма ркоаг҃ [GAP] Пе тр,1400.0,1430.0,15.0
935,https://epigraphica.ru/epigraphy/inscription/show/935,[1400–1430],Надпись с цитатой из богородична,Круглый медальон-мощевик (серебряный с позолотой),реликварий,Церковь Благовещения Пресвятой Богородицы в Московском Кремле,Мти стаꙗ прчтаго свѣта англьскими пѣсньми чтоуще Тѧ поемъ и велиі,,"‘Мать святая пречистого света, ангельскими песнями чествуя Тебя, поем и вели[чаем]’",кириллица,резьба по металлу,"оборотная сторона, внутренняя надпись ( )",целая (100%),"«Письмо литургических надписей на серебряном мощевике из Благовещенского собора близко по начеркам букв к “манерному” уставу конца XIѴ в., но отличается от него более вытянутыми пропорциями. Большинство начертаний букв нейтрально, т. е. может встречаться как в русских почерках, восходящих к традиции XIѴ в., так и в южнославянских. Явные графические новации, характерные бесспорно уже для XѴ в., отсутствуют. <...> В качестве косвенной палеографической приметы круговых надписей на этом мощевике, позволяющей датировать памятник в пределах первой трети XѴ в., следует дополнительно указать на общий простой рисунок прямых букв». ( )",,"В надписи цитируется тропарь, глас 2, на утрени субботы четвертой Великого поста.",Мти стаꙗ прчтаго свѣта англьскими пѣсньми чтоуще Тѧ поемъ и велиі,1400.0,1430.0,15.0
936,https://epigraphica.ru/epigraphy/inscription/show/936,[1400–1430],Надпись с цитатой из кондака,Круглый медальон-мощевик (серебряный с позолотой),реликварий,Церковь Благовещения Пресвятой Богородицы в Московском Кремле,+ ꙗко блгочтьꙗ проповѣдники и нчтиꙗ обꙋздателѧ боноснꙑхъ сборъ оуꙗснилъ еси подъслнчную зарѧющихъ тѣхь млтвами Хе Бе в мирѣ свѣршенѣ тебе сла,,"‘Как бла­го­че­стия про­воз­вест­ни­ков и нече­стия обуз­да­те­лей, сонм бо­го­нос­цев Ты укра­сил, все под солн­цем оза­ря­ю­щий, их молитвами, Христе Боже, в мире совершенном тебя сла[вящих]’",кириллица,резьба по металлу,"оборотная сторона, внешняя надпись ( )",целая (100%),"«Письмо литургических надписей на серебряном мощевике из Благовещенского собора близко по начеркам букв к “манерному” уставу конца XIѴ в., но отличается от него более вытянутыми пропорциями. Большинство начертаний букв нейтрально, т. е. может встречаться как в русских почерках, восходящих к традиции XIѴ в., так и в южнославянских. Явные графические новации, характерные бесспорно уже для XѴ в., отсутствуют. <...> В качестве косвенной палеографической приметы круговых надписей на этом мощевике, позволяющей датировать памятник в пределах первой трети XѴ в., следует дополнительно указать на общий простой рисунок прямых букв». ( )",,"В надписи цитируется кондак, глас 8, на утрени субботы сырной. Видимо, в результате описки или ошибочного понимания структуры фразы эпитет озарѧющиi , относящийся к Христу, поставлен в форму Р.п., мн.ч.",+ ꙗко блгочтьꙗ проповѣдники и нчтиꙗ обꙋздателѧ боноснꙑхъ сборъ оуꙗснилъ еси подъслнчную зарѧющихъ тѣхь млтвами Хе Бе в мирѣ свѣршенѣ тебе сла,1400.0,1430.0,15.0
937,https://epigraphica.ru/epigraphy/inscription/show/937,[1400–1430],Надпись с цитатой из тропаря празднику,Круглый медальон-мощевик (золотой),реликварий,Церковь Благовещения Пресвятой Богородицы в Московском Кремле,+ рожество вое Хе Бе нашь восиѧ всему міру свѣть разумнꙑ в онъ бо служащі звѣздамъ зведю,,"‘Рождество Твое, Христе Боже наш, озарило мир светом разума, ибо через него звездам служащие звездою...’",кириллица,резьба по металлу,лицевая сторона ( ),целая (100%),"«Литургические круговые надписи на нем [мощевике] выполнены не слишком каллиграфическим гибридным почерком довольно приземистых пропорций, совмещающим в себе признаки старшего <...> и младшего <...> полуустава с явным преобладанием первых. Орфография без выраженных следов “второго южнославянского влияния” <...>. Подобные почерки (и даже с большим числом примет младшего полуустава и среднеболгарской орфографии) характерны для книг, переписанных в Северо-Восточной Руси в первой четверти — трети XѴ в.» ( )",,В надписи цитируется начало тропаря празднику ( ). отмечает описки в словах вое (вм. твое ) и зведю (вм. звездю ).,+ рожество вое Хе Бе нашь восиѧ всему міру свѣть разумнꙑ в онъ бо служащі звѣздамъ зведю,1400.0,1430.0,15.0
938,https://epigraphica.ru/epigraphy/inscription/show/938,[1400–1430],Надпись с цитатой из кондака самогласна,Круглый медальон-мощевик (золотой),реликварий,Церковь Благовещения Пресвятой Богородицы в Московском Кремле,оутробу двчю ѡсти ржтвомъ своімь и руцѣ,,"‘Утробу девичью освятил рождеством Своим, и руки...’",кириллица,резьба по металлу,"оборотная сторона, внутренняя надпись ( )",целая (100%),"«Литургические круговые надписи на нем [мощевике] выполнены не слишком каллиграфическим гибридным почерком довольно приземистых пропорций, совмещающим в себе признаки старшего <...> и младшего <...> полуустава с явным преобладанием первых. Орфография без выраженных следов “второго южнославянского влияния” <...>. Подобные почерки (и даже с большим числом примет младшего полуустава и среднеболгарской орфографии) характерны для книг, переписанных в Северо-Восточной Руси в первой четверти — трети XѴ в.» ( )",,"В надписи цитируется начало кондака самогласна, глас 1-й, который поется на Сретение 2 февраля, на утрени, по 6-й песни канона ( ).",оутробу двчю ѡсти ржтвомъ своімь и руцѣ,1400.0,1430.0,15.0
939,https://epigraphica.ru/epigraphy/inscription/show/939,[1400–1430],Надпись с цитатой из тропаря субботы,Круглый медальон-мощевик (золотой),реликварий,Церковь Благовещения Пресвятой Богородицы в Московском Кремле,+ апли мчнци пррци ерарьси прпдоблиі праведни іже добрѣ подвигь скончавше і вѣру сб,,"‘Апостолы, мученики, пророки, иерархи, преподобные, праведники, которые доблестно подвиг совершили и веру [сохранили]’",кириллица,резьба по металлу,"оборотная сторона, внешняя надпись ( )",целая (100%),"«Литургические круговые надписи на нем [мощевике] выполнены не слишком каллиграфическим гибридным почерком довольно приземистых пропорций, совмещающим в себе признаки старшего <...> и младшего <...> полуустава с явным преобладанием первых. Орфография без выраженных следов “второго южнославянского влияния” <...>. Подобные почерки (и даже с большим числом примет младшего полуустава и среднеболгарской орфографии) характерны для книг, переписанных в Северо-Восточной Руси в первой четверти — трети XѴ в.» ( )",,В надписи цитируется начало тропаря субботы ( ).,+ апли мчнци пррци ерарьси прпдоблиі праведни іже добрѣ подвигь скончавше і вѣру сб,1400.0,1430.0,15.0
940,https://epigraphica.ru/epigraphy/inscription/show/940,1100-1260,<Текст 1> Монограмма Иисуса Христа. <Текст 2> Надпись о поставлении креста Комлятой по матери,Ростиславльский крест,крест,Городище Ростиславль Рязанский,Текст 1:Текст 2:крс҃тъ по[с]…Комлѧта [п]…по мат[ѣр](и) (…),,‘Крест поставил Комлята... по матери’.,кириллица,резьба по камню,"Монограмма Христа: на краях перекладины. Основная надпись: перекладина креста, начало текста на левой лопасти. ( )",фрагмент (15-50%),"Согласно таблицам А. А. Зализняка, наличие покрытия у буквы о позволяет датировать почерк писавшего временем до 1260 года. Если в третьей строке представлена форма мат [ ѣр ]( и ), то в надписи использовалась бытовая орфографическая замена е и ѣ , что говорит в пользу датировки креста XII–XIII вв., предпочтительно концом XII — серединой XIII в. (примерно к тому же времени относится горшок с надписью, выполненной по сырой глине, найденный в Ростиславле в 2011 году). ( )",,"После Комлѧта виден фрагмент буквы п или г , в конце третьей строки — верхний левый уголок от буквы, вероятно, имевшей левую вертикаль и верхнюю горизонталь. Лакуна в конце второй строки могла содержать прозвище Комляты, его отчество или, к примеру, слова [ п ]( о оц҃у и ) ( ).",крс҃тъ пос [GAP] Комлѧта п [GAP] по матѣри [GAP],1100.0,1260.0,12.0
941,https://epigraphica.ru/epigraphy/inscription/show/941,1148,<Текст 1> Надпись об освящении антиминса для церкви св. Георгия архиепископом Нифонтом 1 сентября 1148 г. <Текст 2> Подпись к изображению креста,Антиминс Нифонта,антиминс,Николо-Дворищенский собор,Текст 1:ти|вѣ|мь| кнѧ|зи |Геѡ̈|рги·|и · |сн҃оу |Мо|но|ма|хо|воу |мс҇цѧ |се|птѧ|брѧ въ ·а҃· въ · лѣт҇·҂ѕ҃х҃(н҃)з҃· инд҇кта в(ъ) [в҃](і҃)Текст 2:Іс҃|im.|Хс҃ни҃|im.|ка҃,,"Жертвенник святого мученика Георгия освящен Нифонтом, архиепископом новгородским, повелением епископа ростовского Нестера, при богочестивом князе Георгии, сыне Мономахове, 1 сентября 6657 года, в 12-й год индикта.",кириллица,надпись чернилами,"По краям антиминса, слева и справа в виде колончатых надписей шириной в 2–3 буквы, сверху и снизу в строку. Подпись к изображению креста – по сторонам креста выше перекладины",с небольшими утратами (>85%),,,,ти вѣ мь кнѧ зи Геѡ̈ рги · и · сн҃оу Мо но ма хо воу мс҇цѧ се птѧ брѧ въ · а҃ · въ · лѣт҇ · ҂ѕ҃х҃н҃з҃ · инд҇кта въ в҃і҃ Іс҃ [GAP] Хс҃ни҃ [GAP] ка҃,1148.0,1148.0,12.0
943,https://epigraphica.ru/epigraphy/inscription/show/943,[1140–1240],Молитва об Игнате,Первоначальная фресковая штукатурка киевского Софийского собора,стена церкви,Собор св. Софии,Ги҃ помози рабу своему Игнато⸗,,"‘Господи, помоги рабу своему Игнату’.",кириллица,граффито,на разгранке между фресками на северной стене апсиды придела арх. Михаила ( ),целая (100%),"в IIб½ (<1340) <1400, р Iа (<1320) <1360, з Iб (<1300), в 3б½ (<1220) <1320, р 4 (<1200) <1240; в V~½ 1140> (<1320); итог: [1140–1240], предпочт. [1140–1200].",,,Ги҃ помози рабу своему Игнато,1140.0,1240.0,12.0
944,https://epigraphica.ru/epigraphy/inscription/show/944,1409–1410,Надпись с цитатой из тропаря Вознесению Господню,Ковчег-мощевик княгини Марии,реликварий,Церковь Благовещения Пресвятой Богородицы в Московском Кремле,воꙁнееꙑсѧ въ славѣ Хе Бе нашь радость створи оученикомъ своимъ обѣто,,"‘Вознесся ты в славе, Христе Боже наш, радость створил ученикам своим обето(ванием Святого Духа)’",кириллица,резьба по металлу,на лицевой стороне по краю ( ),целая (100%),,Во вкладной надписи назван 6918 год без указания индикта.,,воꙁнееꙑсѧ въ славѣ Хе Бе нашь радость створи оученикомъ своимъ обѣто,1409.0,1410.0,15.0
945,https://epigraphica.ru/epigraphy/inscription/show/945,1409–1410,Надпись с перечнем реликвий,Ковчег-мощевик княгини Марии,реликварий,Церковь Благовещения Пресвятой Богородицы в Московском Кремле,стꙑꙗ Бцаощестꙑ · Ивана Пре⸗дтчи · апс҇ла Павлавеликаго ВасильꙗІвана Златаоуста Гри⸗горьꙗ Чюдтворца · Ивана М⸗л҃остиваго · Николꙑ ДмитриꙗДанила Столпнка Федора Страти⸗лата · Ермоласвꙑ · Козмꙑ · и Де⸗мьꙗна · м҃ мч҃нкъ Федосидв҃ци · стꙑхоц҃ь засурьскиВарварꙑ · Маринꙑ · Анаста⸗сьи · купина неопалимаꙗгуба · древо животворѧщдре раиское · древо масли⸗чное · землѧ Ерданьскаꙗжезлъ МосѣевВалфромѣепечать гроба Гнꙗ,,"‘Святой Богородицы молоко, и риза, и пряслице. Мощи святого Иоанна Предтечи, апостола Павла, Великого Василия, Иоанна Златоуста, Григория Чудотворца, Иоанна Милостивого, Николы, Дмитрия, Даниила Столпника, Федора Стратилата, Ермолаевы, Козьмы и Демьяна, Сорока мучеников, Феодосии девицы, святых отцов Засурских, Варвары, Марины, Анастасии. Купина Неопалимая, губа, древо животворящее, древо райское, древо масличное, земля Иорданская, жезл Моисеев, Варфоломеевы, печать Гроба Господня’",кириллица,резьба по металлу,на оборотной стороне ( ),целая (100%),,Во вкладной надписи назван 6918 год без указания индикта.,,стꙑꙗ Бцаощестꙑ · Ивана Предтчи · апс҇ла Павлавеликаго ВасильꙗІвана Златаоуста Григорьꙗ Чюдтворца · Ивана Мл҃остиваго · Николꙑ ДмитриꙗДанила Столпнка Федора Стратилата · Ермоласвꙑ · Козмꙑ · и Демьꙗна · м҃ мч҃нкъ Федосидв҃ци · стꙑхоц҃ь засурьскиВарварꙑ · Маринꙑ · Анастасьи · купина неопалимаꙗгуба · древо животворѧщдре раиское · древо масличное · землѧ Ерданьскаꙗжезлъ МосѣевВалфромѣепечать гроба Гнꙗ,1409.0,1410.0,15.0
946,https://epigraphica.ru/epigraphy/inscription/show/946,1409–1410,Надпись о создании иконы по заказу княгини Марии,Ковчег-мощевик княгини Марии,реликварий,Церковь Благовещения Пресвятой Богородицы в Московском Кремле,Текст 1:ана бꙑикона си при блговѣрно велико кнѧзи Данилѣ Борисовблговѣрною великою кнѧинеюМарьею своего дѣлѧ ꙁравьꙗ і спньꙗТекст 2:+ Взнье Га Ба и Спа +,,‘В лето 6918 создана была икона сия при благоверном великом князе Даниле Борисовиче благоверной великой княгиней Марьей своего ради здравия и спасения. Вознесение Господа Бога и Спасителя’,кириллица,резьба по металлу,"начало надписи на боковой стороне, продолжение - на оборотной ( )",целая (100%),,Во вкладной надписи назван 6918 год без указания индикта.,,ана бꙑикона си при блговѣрно велико кнѧзи Данилѣ Борисовблговѣрною великою кнѧинеюМарьею своего дѣлѧ ꙁравьꙗ і спньꙗ + Взнье Га Ба и Спа +,1409.0,1410.0,15.0
947,https://epigraphica.ru/epigraphy/inscription/show/947,1413–1414,Надпись с перечнем реликвий,Ковчег-мощевик князя Ивана Даниловича,реликварий,Церковь Спаса Нерукотворного Образа,губадчноПртчемщ҃ириз Бгрд⸗чнꙑѲеѡдрвꙑ мщ҃иДмт҃рвов. мр҃ом҃ · мч҃· Пн҃теле⸗мнвꙑ · Ермол⸗евꙑ Днла Сто⸗лновоѧвлнхьлт҃вскхъ · стрсть⸗тр҃пцьмщ҃и · гх· ст҃ль всел⸗нскихНиколꙑгхпрд҃бнхь за⸗ср҃скихъѲеодосидв҃циВарва⸗рꙑ,,"‘Губа с уксусом, молоко Богородицы, Предтечи мощи, риза Богородицы, Феодоровы мощи, Дмитрово миро, сорока мучеников, Пантелеймоновы, Ермолаевы, Данила Столпника, новоявленных литовских страстотерпцев мощи, трех святителей вселенских, Николы, трех преподобных засурских, Феодосии девицы, Варвары’",кириллица,резьба по металлу,На обороте ковчега ( ),целая (100%),,Во вкладной надписи назван 6922 год без указания индикта.,,губадчноПртчемщ҃ириз БгрдчнꙑѲеѡдрвꙑ мщ҃иДмт҃рвов. мр҃ом҃ · мч҃ · Пн҃телемнвꙑ · Ермолевꙑ Днла Столновоѧвлнхьлт҃вскхъ · стрстьтр҃пцьмщ҃и · гх · ст҃ль вселнскихНиколꙑгхпрд҃бнхь заср҃скихъѲеодосидв҃циВарварꙑ,1413.0,1414.0,15.0
958,https://epigraphica.ru/epigraphy/inscription/show/958,1413–1414,Надпись о создании раки для частицы Животворящего Креста по заказу князя Ивана Даниловича,Ковчег-мощевик князя Ивана Даниловича,реликварий,Церковь Спаса Нерукотворного Образа,в лѣто ҂ѕ҃ ное ѳ сотъ ·к҃в·е · созданасту при блговрно кнѧзі велкомъДанилѣ Боривч ново⸗гордко и суздл҃скмъ и городе⸗скомъ рабомъ Биімь кнѧзмъИваномъ Даниловча,,,кириллица,резьба по металлу,,целая (100%),,,,в лѣто ҂ѕ҃ ное ѳ сотъ · к҃в · е · созданасту при блговрно кнѧзі велкомъДанилѣ Боривч новогордко и суздл҃скмъ и городескомъ рабомъ Биімь кнѧзмъИваномъ Даниловча,1413.0,1414.0,15.0
959,https://epigraphica.ru/epigraphy/inscription/show/959,[1100–1200],Молитва о Константине,Стены киевского Софийского собора,стена церкви,Собор св. Софии,Ги҃ помози рабу своему Костант---,,"‘Господи, помоги рабу своему Константину’. ( )",кириллица,граффито,на разгранке между фресками на северной стене апсиды придела арх. Михаила ( ),с небольшими утратами (>85%),"а 2 «верхняя засечка» (1160>) (<1380); а 7 «удлиненная спинка» <1200 1420>; р Iа «округлая петля (прямая мачта)» (<1320) <1360, а 2 «верхняя засечка» (<1320) (<1380), в IIб «перелом не касается мачты» (<1340) <1400; (?) у 2 ½ «буква целиком в строке» (1140>) (<1300); итог: [1100–1200], предпочтительно [1160–1200]",,,Ги҃ помози рабу своему Костант [GAP],1100.0,1200.0,12.0
960,https://epigraphica.ru/epigraphy/inscription/show/960,[1037–1300],Автограф Перемила,Стены киевского Софийского собора,стена церкви,Собор св. Софии,Пьремило ѱл҃ъ,,‘Перемил писал’.,кириллица,граффито,на разгранке между фресками на северной стене апсиды придела арх. Михаила ( ),целая (100%),"п 1 «Выступ вверху» (<1200) <1300, ь IIа «Наклонная мачта» (<1400) <1410",,Об имени Перемилъ см. комментарий к надписи из церкви Спаса на Нередице .,Пьремило ѱл҃ъ,1037.0,1300.0,12.0
961,https://epigraphica.ru/epigraphy/inscription/show/961,1161,"Вкладная надпись Евфросинии Полоцкой с описанием стоимости оклада креста, распоряжением вечно хранить крест в монастыре и проклятием тем, кто нарушит ее волю",Крест Евфросинии Полоцкой,"крест, реликварий",Спасо-Евфросиниевский монастырь,+ в лѣт·ѕ҃· и ·х҃ ѯ ѳ҃ покладаѥть Ѡфросиньѧ чьсть⸗,,"‘В лето 6000 и 669 возлагает Евфросиния честной крест в монастыре своем, в церкви Святого Спаса. Честно́е древо – бесценно, а кованье его: золото, и серебро, и каменья, и жемчуг – в 100 гривен. А ... – 40 гривен. Да не будет [он] вынесен из монастыря никогда: ни на продажу, ни в подарок! Если же кто ослушается, вынесет из монастыря, да не будет ему помощником честной крест ни в этот век, ни в будущий. И да будет [он] проклят святой животворящей Троицей и тремястами восемнадцатью святыми отцами, и семью соборами святых отцов. И будет ему [одна] участь с Иудою, который предал Христа. Кто же дерзнет это совершить: ... властелин, или князь, или епископ, или игуменья, или любой другой человек – да будет ему проклятье это. Евфросинья же, раба Божия, стяжавшая этот крест, примет вечную жизнь [со всеми святыми]’",кириллица,резьба по металлу,на боковых сторонах (надпись идет по спирали в два ряда) ( ),с небольшими утратами (>85%),"«Надпись на пластинках креста по своим палеографическим признакам весьма характерна для первой половины XII в., и особенно для его середины. Общий характер ее ближе всего к Галицкому Евангелию 1144 г., также происходящему из западнорусских земель и, как считает М. В. Щепкина, к Новгородским Минеям XII в. К XI в. не позволяет отнести ее не только форма очертаний отдельных букв, но и характер их в целом, так как буквы того времени изображались более квадратными (см., например, Остромирово евангелие 1057 г. и др.)» ( )",Указанная во вкладной надписи дата (6669) подтверждается палеографическими особенностями надписей ( ).,"Б. А. Рыбаков предлагает реконструировать на месте первого пропуска слово лаженьѥ , которое могло бы означать «украшение эмалью» ( ).",+ в лѣт · ѕ҃ · и · х҃ ѯ ѳ҃ покладаѥть Ѡфросиньѧ чьсть,1161.0,1161.0,12.0
962,https://epigraphica.ru/epigraphy/inscription/show/962,1380–1420,Надпись афористического характера о предпочтительности аскетического образа жизни общению со множеством грешников,Первоначальные стены Собора Успения Пресвятой Богородицы на Городке,стена церкви,Собор Успения Пресвятой Богородицы на Городке,лутъш҇жити с тр-ми в пустынсо звермихБж҃иѧв ср҃цѣ,,"‘Лучше жить с тремя в пустыне со зверями, нежели с тьмою тысяч, не имеющих страха божьего в сердце’ ( )",кириллица,граффито,"«Надпись расположена на северной плоскости арочного проема западного входа, на высоте 1 м 66 см от пола. Она состоит из четырех строк (22,7 см, 20 см, 18,9 см, 5,3 см), которые имеют незначительный наклон вверх. Чтобы вместить текст первой строки, автор был вынужден в заключительной части вынести сразу четыре буквы (без титла). Ниже он предусмотрительно осуществлял переход на новую строку, что привело к последовательному сокращению длины строк. Высота букв надписи колеблется от 0,5 см до 2,2». ( )",с небольшими утратами (>85%),"« а – петля с изломом основного вида, островерхое (Iа). б – петля с изломом (II). в – нижняя петля с изломом, верхняя косая к основанию правее угла (VIа). е – левонаклонное, язычок вверх (III; 5). ж – в три взмаха, звезда (Iа). з – левонаклонное, перелом (IIIа). и – диагональ (наклонная перекладина) (III). л – основного вида, острое (Iа). м – основного вида, острое (Iа). н – основного вида, диагональ (перемычка) (Iа). о – основного вида (I). п – основного вида (I). р – петля с изломом углом вниз, прямолинейное (IVб). с – основного вида (I). т – основного вида (I). у – основного вида, простое (Iа). х – прямолинейное, без засечек (I; 4). ц – основного вида (I). ш – платформа по низу строки (II). ъ – петля с изломом, наклонная мачта (IIа). ы – без перемычки (II). ь – петля с изломом, наклонная мачта (IIа). ѣ – петля с изломом, наклонная мачта, петля касается коромысла (IIа; 9). ю – основного вида (I). ѧ – упрощенное, без перекладины (IIа)». итог: [1340–1420], предпочтительно [1340–1400] ( )","Надпись обнаружена на белом камне, с которого ранее была сбита штукатурка с фресками XV в., т.е. граффито было сделано в короткий промежуток времени между постройкой храма и его росписью ( : 128). Дата строительства храма, возведенного на рубеже XIV–XV в. по инициативе удельного князя Юрия Дмитриевича (1389–1434), точно неизвестна. Верхняя граница датировки надписи определяется на основе палеографического анализа, выполненного Ю. А. Артамоновым ( : 99–100).","«Смысл надписи состоит в противопоставлении уединенного жития ('в пустыне со зверями') житию в обществе людей, 'не имеющих страха Божьего в сердце'. Близкую аналогию этому находим у Исаака Сирина (Слово 89. О вреде неразумной ревности, прикрывающейся личиною ревности Божественной, и о помощи, какая бывает от кротости и других нравственных качеств): 'Лучше жить со зверями, нежели с людьми худого поведения'. Удаление в пустыню было присуще христианским подвижникам, которые искали личного спасения через уединение и воздержание. В агиографической литературе неоднократно встречается утверждение о том, что праведнику лучше жить со зверями в пустыне, чем в селениях грешников (см., например, жития Маманта Кесарийского, Зосимы Киликийского). Упоминание о трех пустынниках должно быть поставлено в связь с традицией основания христианских монастырей. Поэтому в призыве жить в пустыне с тремя отшельниками следует видеть не просто указание на спасительность уединения как такового, но призыв к усвоению христианских аскетических идеалов» ( : 100–101)",лутъш҇жити с тр-ми в пустынсо звермихБж҃иѧв ср҃цѣ,1380.0,1420.0,14.0
964,https://epigraphica.ru/epigraphy/inscription/show/964,1100-1140,"Молитва к Богородице и к свв. мученикам Гурию, Самону и Авиву",Первоначальная штукатурка новгородского Софийского Собора,стена церкви,Собор св. Софии,ст҃аꙗ Бц҃(е) [по]мози ми,,"‘Святая Богородица, помоги мне грешному, припадающему к тебе, под твое святое покровительство. Гурий, Самон и Авив, …’ ( )",кириллица,граффито,"Надпись известна по фотографии И. А. Шляпкина. Местоположение – южная галерея на хорах, точнее не установлено.",с небольшими утратами (>85%),"Палеограф. до [1180], предпочт. [1100–1140]. Е 3 «засечка на язычке» (1120–1400), к 4б «нижние засечки (короткие)» (1120>), ц 5 «платформа по низу строки» (<1200 или 1300>), ѣ 5 «верхняя засечка» <1400 (<1200 или 1280–1400), « б , в , г , п обычно с выступом» <1180 (<1120). Дополнительным подтверждением ранней датировки надписи является использование в ней йотированного большого юса. ( )",,"Надпись не дописана. Имена святых Гурия, Самона и Авива в последней строке прочтены Э. С. Смирновой. Особое почитание этих мучеников началось на Руси с чудесного знамения от их иконы, произошедшего 21 декабря 1410 г. в Софийском соборе. По мнению Э. С. Смирновой, надпись свидетельствует о том, что в Софийском соборе и в более раннее время был придел или икона, посвященные Гурию, Самону и Авиву.",ст҃аꙗ Бц҃е помози ми,1100.0,1140.0,12.0
965,https://epigraphica.ru/epigraphy/inscription/show/965,1380–1420,Надпись с упоминанием церкви,Первоначальные стены Собора Успения Пресвятой Богородицы на Городке,стена церкви,Собор Успения Пресвятой Богородицы на Городке,а се цр҃квь Бж҃ьѧ свѧ... р...,,,кириллица,граффито,"На южной стороне юго-восточного пилона надписи-граффити на белом камне, с которого ранее была сбита штукатурка с фресками XV в. ( )",с утратами (50-85%),конец XIV в. ( ),"Надпись обнаружена на белом камне, с которого ранее была сбита штукатурка с фресками XV в., т.е. граффито было сделано в короткий промежуток времени между постройкой храма и его росписью ( : 128). Дата строительства храма, возведенного на рубеже XIV–XV в. по инициативе удельного князя Юрия Дмитриевича (1389–1434), точно неизвестна.","По мнению Ю. А. Артамонова, сохранившиеся буквы в конце надписи «дают возможность уверенно реконструировать данную надпись в следующем виде: 'А се ц(е)рк(о)вь Б(о)жьѧ свѧ(того) Р(ождества)'. Такое прочтение дает право предположить, что собор на Городке в Звенигороде первоначально был посвящен не Успению Богородицы, а Ее Рождеству» ( : 263). Граффито обнаружено рядом с двумя другими надписями, упоминающими церковь ( Незаконченная надпись о поставлении церкви , Надпись о поставлении церкви ). По всей видимости все они так или иначе сообщают о строительстве храма и были сделаны вскоре после его окончания.",а се цр҃квь Бж҃ьѧ свѧ [GAP] р [GAP],1380.0,1420.0,14.0
966,https://epigraphica.ru/epigraphy/inscription/show/966,1380–1420,Надпись о поставлении церкви,Первоначальные стены Собора Успения Пресвятой Богородицы на Городке,стена церкви,Собор Успения Пресвятой Богородицы на Городке,сиꙗ Бж҃иа црквь поставлен(а) н(-) м...,сиꙗ Бж҃иа црквь поставлен(а) н(а) м(ѣсте)... ( ),,кириллица,граффито,"На южной стороне юго-восточного пилона надписи-граффити на белом камне, с которого ранее была сбита штукатурка с фресками XV в. ( )",с утратами (50-85%),,"Надпись обнаружена на белом камне, с которого ранее была сбита штукатурка с фресками XV в., т.е. граффито было сделано в короткий промежуток времени между постройкой храма и его росписью ( : 128). Дата строительства храма, возведенного на рубеже XIV–XV в. по инициативе удельного князя Юрия Дмитриевича (1389–1434), точно неизвестна.","«Возможен и другой вариант реконструкции: если допустить возможность ошибочного написания двух букв «н» в слове «поставлена» , тогда текст надписи может быть реконструирован следующим образом: «Сия Б(о)жиа ц(е)рк(о)вь поставленн(а) м(ѣсяца)…» . В этом случае речь должна идти о намерении автора указать время окончания строительства храма»( : 263). Граффито обнаружено рядом с двумя другими надписями, упоминающими церковь ( Незаконченная надпись о поставлении церкви , Надпись с упоминанием церкви ), и выполнена той же рукой, что и первая из них. По всей видимости все они так или иначе сообщают о строительстве храма и были сделаны вскоре после его окончания.",сиꙗ Бж҃иа црквь поставлена н [GAP] м [GAP],1380.0,1420.0,14.0
970,https://epigraphica.ru/epigraphy/inscription/show/970,1160–1200,Обращение к олицетворенному Голоду-истукану и инвективы антагонисту,Первоначальная штукатурка новгородского Софийского Собора,стена церкви,Собор св. Софии,голоде железньчь,,"‘Голод-Железнец, каменная грудь, медная голова, липовая челюсть. Совокупляющийся с козой, ехидна, враг, бес, сатана, грабитель, мытарь, иуда беззаконная! {Финал надписи надежной интерпретации не имеет} Аминь (?)’",кириллица,граффито,"Лестничная башня, выше хор, столб, над 5-ой ступенью, 84 см над ступенью, напротив окна",с небольшими утратами (>85%),"Палеограф. [1140–1300], предпочт. [1160–1200]: А 4 «широко раскрытые» 1120> (1140>), а 5 «зеркальные» 1140–1380 (1160–1380), з 2а «ъ‑образные (правонакл.)» 1120–1300, « и , н , к сверху засечены, снизу нет» (<1200 и <1300). Следует отметить, что относительно поздняя нижняя граница данной палеографической датировки основана на использовании в надписи зеркального начертания буквы а . Если исключить ее из рассмотрения, то датировка была бы такой: [1120–1300], предпочт. [1140–1200]. ( )",,,голоде железньчь,1160.0,1200.0,12.0
971,https://epigraphica.ru/epigraphy/inscription/show/971,1160-1260,"Перечнень книг из библиотеки Софийского собора, выданных разным людям для переписывания",Первоначальная штукатурка новгородского Софийского Собора,стена церкви,Собор св. Софии,оу Іо҃-на|vac.|триод҇·ѱ· а оу Илта|vac.|пррчс҇та|vac.|оу прот҇дьꙗ҇на|vac.|Злат҇ста[г҇](-)|vac.|прол҇[гъ]-҇]рь,,"‘У Иоанна триодь для переписки (?), а у Илта (?) – пророчества, у протодьякона – Златоуст [и] пролог; у Яковца – стихирарь’ ( )",кириллица,граффито,"Лестничная башня, столб, над 6-ой площадкой, 50 см от левого края площадки, 174 см над площадкой",с небольшими утратами (>85%),"Внестратиграф. [1160–1300], предпочт. [1160–1260]. В IIа «перелом при мачте» <1320 (<1220), п 1 «выступ вверху» <1300 (<1200), р IVа «углом вниз (криволинейные)» 1160> (1240>), оу Iб «обычное о ( о и у сближены)» (<1300), ч Iа «чаша / бокальчик» <1420 (<1380); язык: редуцированные пали 1120> (1160>) (1×). ( )",,,оу Іо҃-на [GAP] триод҇ · ѱ · а оу Илта [GAP] пррчс҇та [GAP] оу прот҇дьꙗ҇на [GAP] Злат҇стаг҇ [GAP] прол҇гъ-҇рь,1160.0,1260.0,13.0
972,https://epigraphica.ru/epigraphy/inscription/show/972,1100-1200,Ламентация и молитва об Иване (?) с упоминанием Лбистка,Первоначальная штукатурка новгородского Софийского Собора,стена церкви,Собор св. Софии,ох[ъ т]ъ[щь]н=о=хъ тън[о и]⸗,,"‘Ох, тяжко, ох, тяжко ( букв .: тошно)! Иван (?) в беде. Богородица, помогай! О, ты, Христе и святой Микула! С Лбистком … сидели вдвоем’. ( )",кириллица,граффито,"Лестничная башня, стена, над нижней площадкой, 250 см левее двери в юго-западное помещение (ризницу), 55 см выше современного пола",с утратами (50-85%),"Внестратиграф. до [1200], предпочт. [1100–1200]. Б 3 «выступ вверху» (<1200), д 3 «длинные ножки (обычн.)» <1200 или 1280>; язык: редуцированные сохранены <1220, язык: - мъ из - мь 1100> (?). ( )",,,охъ тъщьнохъ тъно и,1100.0,1200.0,12.0
973,https://epigraphica.ru/epigraphy/inscription/show/973,1045-1060,Молитва об архиепископе с пожеланием ему спасения «на многих местах»,Стены новгородского Софийского собора,стена церкви,Собор св. Софии,(ст҃)ꙑ Н[и]кол[а и] с[в]та(ѧ) [Тро]иц[а] (с)пси (по),(ст҃)ꙑ Н[и]кол[а и] с[в]та(ѧ) [Тро]иц[а] (с)пси (по) многа (м)ѣста (н)[аше]го владꙑ(коу Лоу) к(о)[у] ст҃а(ѧ С)оф(и)ѧ Моудрость (Би҃ѧ съ ст҃ꙑми) Мми з[а]р----[и]--оу(…) ( ),"‘Святой Никола и святая Троица, спаси на многих местах нашего владыку Луку (?); святая София-Мудрость Божья, со святыми Сорока [мучениками], …’ ( )",кириллица,граффито,"Надпись известна только по кальке, точное расположение неизвестно",с утратами (50-85%),,,"А. А. Гиппиус связал это граффито с обвинениями, выдвинутыми против новгородского епископа Луки Жидяты, который находился в 1055–1057 гг. в заключении.",ст҃ꙑ Никола и свтаѧ Троица спси по,1045.0,1060.0,11.0
974,https://epigraphica.ru/epigraphy/inscription/show/974,1109,"Молитвенный автограф Стефана, сделанный во время росписи собора",Первоначальная штукатурка новгородского Софийского Собора,стена церкви,Собор св. Софии,Ги҃ помози ра⸗ти сеѧ,,"‘Господи, помоги рабу своему. Стефан писал, когда расписывали святую Софию. О, Господи, избавь меня от этой напасти!’ ( )",кириллица,граффито,"Второй этаж, окно на западной стороне собора",с небольшими утратами (>85%),"Совокупная внестратиграфическая датировка надписей Стефана: до [1120]. Графика: ѫ <1240; б I «округлая петля» <1120, б 3 «выступ вверху» (<1200), г 1 «выступ вверху» (<1200), ъ I «округлая петля» <1160, ъ 3 «выступ вправо вверху» (<1200). ( )","Надпись выполнена, по-видимому, во время росписи 1109 г.",,Ги҃ помози рати сеѧ,1109.0,1109.0,12.0
975,https://epigraphica.ru/epigraphy/inscription/show/975,1109,"Автограф Стефана, сделанный во время росписи собора",Первоначальная штукатурка новгородского Софийского Собора,стена церкви,Собор св. Софии,(С)тефанъ ѱ҃лъ егдъ(-),,"‘Стефан писал, когда расписывали святую Софию’ ( )",кириллица,граффито,"Лестничная башня, окно на уровне хор, левый откос, у левого края, 95 см от подоконника.",с небольшими утратами (>85%),"Совокупная внестратиграфическая датировка надписей Стефана: до [1120]. Графика: ѫ <1240; б I «округлая петля» <1120, б 3 «выступ вверху» (<1200), г 1 «выступ вверху» (<1200), ъ I «округлая петля» <1160, ъ 3 «выступ вправо вверху» (<1200). ( )","Надпись выполнена, по-видимому, во время росписи 1109 г.",,Стефанъ ѱ҃лъ егдъ [GAP],1109.0,1109.0,12.0
976,https://epigraphica.ru/epigraphy/inscription/show/976,1100-1220,Покаянная молитва Захарии,Первоначальная штукатурка новгородского Софийского Собора,стена церкви,Собор св. Софии,Ги пом(о)зи|im.|раб(о)у сво|im.|(е)моу|im.|весьхъ съ|im.|грѣши[в](…)Ги҃ Ги҃ ѿдаже|im.|[м]и ---[о]ст|im.|(-)нъ[мо]…своем[о]у,Ги пом(о)зи раб(о)у сво(е)моу Зр҃ьи паче весьхъ съгрѣши[в](ъшоу) Ги҃ Ги҃ ѿдаже [м]и [п](ак)[о]cт(‑)нъм[о](у) своем[о]у ( ),"‘Господи, помоги рабу своему Захарье, больше всех согрешившему. Господи, Господи, прости мне пакостному (?) своему’. ( )",кириллица,граффито,"Второй этаж, южная галерея, центральное помещение, западная стена, справа от двери в западное помещение галереи, 126 см от правого края, 137 см от пола.",с небольшими утратами (>85%),"Внестратиграф. [1100–1280], предпочт. [1100–1220]. А 1 «покрытие» <1320 (<1280), г 2 «нижняя засечка» 1100–1400 (1100–1380), д 1 «покрытие» <1360 (<1280), ч Iа «чаша / бокальчик» <1420 (<1380); язык: редуцированные сохранены <1220 (1×). ( )",,,Ги помози [GAP] рабоу сво [GAP] емоу [GAP] весьхъ съ [GAP] грѣшив [GAP] Ги҃ Ги҃ ѿдаже [GAP] ми [GAP] ост [GAP] нъмо [GAP] своемоу,1100.0,1220.0,12.0
980,https://epigraphica.ru/epigraphy/inscription/show/980,1045-1120,Молитва за Климята и автограф Сватонега (?),Первоначальная штукатурка новгородского Софийского Собора,стена церкви,Собор св. Софии,Ги҃ помози раб(оу с)во-[мо]у Кли[м]ѧтоу а Сват(---------),Ги҃ помози раб(оу с)во-[мо]у Кли[м]ѧтоу а Сват(онѣгъ ѱл҃ъ) грѣшъникъ рабъ [б]ожи о[х]ъ мънѣ Ги҃ ( ),"‘Господи, помоги рабу своему Климяту, а Сват[онег писал (?)]. Грешник, раб Божий, увы мне, Господи’.",кириллица,граффито,"Южная паперть, северная стена, восточная лопатка, южная грань, 50 см от правого края, 149 см от пола",с небольшими утратами (>85%),"Палеограф. до [1200], предпочт. до [1120]. Б 3 «выступ вверху» (<1200), г 1 «выступ вверху» (<1200), ж Iа1 «прямая звезда» <1200 (<1120). ( )",,,Ги҃ помози рабоу сво-моу Климѧтоу а Сват [GAP],1045.0,1120.0,11.0
981,https://epigraphica.ru/epigraphy/inscription/show/981,1068-1078,"Молитва о Фарьмане, отроке князя Глеба",Первоначальная штукатурка новгородского Софийского Собора,стена церкви,Собор св. Софии,Го҃ помози рабоу своемоу,,"‘Господи, помоги рабу твоему Фарьману, отроку Глеба’.",кириллица,граффито,"Южная паперть, северная стена, восточная лопатка, южная грань,37 см от правого края, 141 см от пола",целая (100%),"Внестратиграф. до [1200]. Б 3 «выступ вверху» (<1200), г 1 «выступ вверху» (<1200); язык: отрокъ (должностное лицо) <1200. ( )","Под Глебом, очевидно, подразумевается Глеб Святославич, который вокняжился в Новгороде в конце 1060-х гг. и, судя по всему, оставался новгородским князем до 1078 г. А. А. Медынцева не исключала возможности идентификации Глеба с Глебом Ольговичем, бывшим в Новгороде в 1137 г. по вызову своего брата, новгородского князя Святослава Ольговича. Между тем поверхность стены, где была нанесена надпись, была перекрыта фресковой штукатуркой в 1144 г., а надпись находится посреди лопатки на удобной высоте и поверх нее прорезано несколько более поздних рисунков крестов. Если бы надпись наносилась незадолго до оштукатуривания данной стены, то ее автор вынужден был бы избегать многочисленных более ранних граффити. ( )",,Го҃ помози рабоу своемоу,1068.0,1078.0,11.0
982,https://epigraphica.ru/epigraphy/inscription/show/982,1045-1100,Молитвенный автограф Хотёна,Первоначальная штукатурка новгородского Софийского Собора,стена церкви,Собор св. Софии,Хотънъ пл҃ъдѣсто о ст҃а⸗ѧ Софъе избави ма бѣдꙑ се[ѧ],,"‘Хотён писал в беде … О святая София, избавь меня от этой беды!’ ( )",кириллица,граффито,"Лестничная башня, окно на уровне хор, левый откос, 14 см от левого края, 87 см от подоконника",с небольшими утратами (>85%),,"Граффито предшествует надписям Радила (1119 или 1120 г.) и Гаги с Сежиром, датируемой приблизительно временем росписи 1109 г.",Смысл буквосочетания сто не ясен. Вместо мя ‘меня’ стоит ма .,Хотънъ пл҃ъдѣсто о ст҃аѧ Софъе избави ма бѣдꙑ сеѧ,1045.0,1100.0,11.0
986,https://epigraphica.ru/epigraphy/inscription/show/986,1046-1047,"Молитвенный автограф Кусты, писавшего ногтем",Первоначальная штукатурка новгородского Софийского Собора,стена церкви,Собор св. Софии,Ги҃ помозирабѫ сво[е]⸗,,"‘Господи, помоги рабу своему Кусте. Писал ногтем’ ( )",кириллица,граффито,"Лестничная башня, столб, над 5-ой ступенью после выхода на второй этаж, 78 см левее края площадки у выхода на второй этаж, 21 см правее простенка с дверью в верхнюю часть лестничной башни, 40 см над ступенью",с небольшими утратами (>85%),,Надпись выполнена по сырой штукатурке и относится ко времени строительства собора.,,Ги҃ помозирабѫ свое,1046.0,1047.0,11.0
987,https://epigraphica.ru/epigraphy/inscription/show/987,1045-1200,Молитвенная надпись,Стены новгородского Софийского собора,стена церкви,Собор св. Софии,Ги҃ по[ми]ло(у)и м[е]⸗,,"‘Господи, помилуй меня грешного, ведь ты это можешь, Господи’. ( )",кириллица,граффито,"Второй этаж. На кальке (№ 2 по нумерации В. В. Суслова) запись – «на северной стене». Внизу на кальке было указано расстояние до пола хор (3 фута 11 дюймов, то есть ок. 120 см). Судя по указаниям расстояний до углов, ширина стены составляла ок. 60 см. Вероятно, это была боковая грань одной из лопаток. ( )",с небольшими утратами (>85%),,"Надпись, вероятно, следует датировать XI–XII вв., так как в ней представлена нестяженная адъективная флексия - ааго .",,Ги҃ помилоуи ме,1045.0,1200.0,12.0
988,https://epigraphica.ru/epigraphy/inscription/show/988,1140-1220,Автограф Домаслава Угинича (Югинича) на Яковлев день,Первоначальная штукатурка новгородского Софийского Собора,стена церкви,Собор св. Софии,Домаславе Ѫгинич-,,‘Домаслав Угинич ( или : Югинич) писал в день святого Якова. Аминь’. ( ),кириллица,граффито,"Лестничная башня, столб, над 1-ой ступенью, 126 см от ступени.",с небольшими утратами (>85%),,,,Домаславе Ѫгинич-,1140.0,1220.0,12.0
990,https://epigraphica.ru/epigraphy/inscription/show/990,1160-1220,Молитва о Германе,Первоначальная штукатурка новгородского Софийского Собора,стена церкви,Собор св. Софии,Ги помози рабоу своѥмоу Гѣрьма⸗,,"“Господи, помоги рабу своему Герману”",кириллица,граффито,"Помещение под северной палаткой на хорах, северная стена, 78 см от левого края, 163 см от пола.",целая (100%),"Палеограф. [1100–1220], предпочт. [1160–1220]. А IIа «выпуклые (острые)» 1100>, а 2 «верхняя засечка» (<1320 и <1380), б 2 «открытая петля» <1380 (<1240), з IIа «вертикальные (перелом)» (<1320), м 2 «верхние засечки» (<1280), м 3 «нижние засечки» (1160–1380), р 7 «сильный изгиб мачты» <1220. ( )",,"По предположению А. А. Медынцевой, надпись могла быть оставлена епископом Германом, занимавших новгородскую кафедру примерно с 1078 по 1095 г. Более поздняя предпочтительная палеографическая датировка надписи и находящийся рядом на той же высоте книжный инициал позволяют предложить другой вариант идентификации: возможно, перед нами автограф священника церкви св. Иакова на Добрыне улице Германа Вояты (рукоположен в 1144 г., умер в 1188 г.), ведавшего владычным летописанием при архиепископе Илье. ( )",Ги помози рабоу своѥмоу Гѣрьма,1160.0,1220.0,12.0
992,https://epigraphica.ru/epigraphy/inscription/show/992,[1120–1320],Молитва о Даниле,Стены киевского Софийского собора,стена церкви,Собор св. Софии,Ги҃ помозивое⸗му Данило⸗ви грѣшьному,,"‘Господи, помоги рабу своему Данилу, грешному’.",кириллица,граффито,"в приделе арх. Михаила, на фреске с изображением Честного креста, в северо-западном углу вимы на южной грани западной лопатки первого от алтаря крещатого столба ( )",целая (100%),"б 3 «выступ вверху» (<1200), в IIа «перемычка при мачте» (<1220) <1320, д 2 «верхняя засечка» <1400, з IIа «вертикальные, перелом» (<1320), р II «углом вверх» (<1280) <1380, р 11 «целиком в строке» (1120>) (<1320) <1410, у 4 ½ «целиком в строке» (1140>) (<1300) <1400, ꙑ Ιа «высокая перемычка» (<1280) <1400, ѣ 9 «петля касается коромысла» (1260>); результат: [1120–1320], предпочт. [1260–1280]",,,Ги҃ помозивоему Данилови грѣшьному,1120.0,1320.0,13.0
994,https://epigraphica.ru/epigraphy/inscription/show/994,1161,Монограммы Иисуса Христа и подпись к реликвии – крови Христа,Крест Евфросинии Полоцкой,"крест, реликварий",Спасо-Евфросиниевский монастырь,Текст 1 (у верхней эмали):Текст 2: (на верхнем перекрестье):кровь Хв҃аІс҃ Хс҃ни,,‘Иисус Христос Кровь Христова Иисус Христос побеждает’,кириллица,резьба по металлу,на лицевой стороне,целая (100%),,Указанная во вкладной надписи дата (6669) подтверждается палеографическими особенностями надписей ( ).,,у верхней эмали: на верхнем перекрестье:кровь Хв҃аІс҃ Хс҃ни,1161.0,1161.0,12.0
995,https://epigraphica.ru/epigraphy/inscription/show/995,1161,Подписи к изображениям Иоанна Златоуста и Василия Великого,Крест Евфросинии Полоцкой,"крест, реликварий",Спасо-Евфросиниевский монастырь,Текст 1:|im.|Хр|с|то|мТекст 2:а⃝ | Ва|си|im.|л|и|и,,‘Святой Иоанн Хризостом Святой Василий’,кириллица,резьба по металлу,"на обратной стороне, у верхней эмали",с небольшими утратами (>85%),,Указанная во вкладной надписи дата (6669) подтверждается палеографическими особенностями надписей ( ).,,[GAP] Хр с то м а⃝ Ва си [GAP] л и и,1161.0,1161.0,12.0
996,https://epigraphica.ru/epigraphy/inscription/show/996,1161,Подписи к изображениям евангелистов и частице Истинного Древа,Крест Евфросинии Полоцкой,"крест, реликварий",Спасо-Евфросиниевский монастырь,Текст 1:|im.|ІѡТекст 2:а⃝|im.|Ма|тѳе|осТекст 3:а⃝|im.|Лꙋ|ка|сТекст 4:а⃝ | Ма|im.|р|ко|сТекст 5:+ дрѣ|im.|во жи⸗воть|im.|ноѥ,,‘Святой Иоанн Святой Матфей Святой Лука Святой Марк Древо Животворящее’,кириллица,резьба по металлу,"на лицевой стороне, на нижнем перекрестье",целая (100%),,Указанная во вкладной надписи дата (6669) подтверждается палеографическими особенностями надписей ( ).,,[GAP] Іѡ а⃝ [GAP] Ма тѳе ос а⃝ [GAP] Лꙋ ка с а⃝ Ма [GAP] р ко с + дрѣ [GAP] во животь [GAP] ноѥ,1161.0,1161.0,12.0
998,https://epigraphica.ru/epigraphy/inscription/show/998,1161,Подпись к частице гроба Пресвятой Богородицы,Крест Евфросинии Полоцкой,"крест, реликварий",Спасо-Евфросиниевский монастырь,+ ѿ | гро|ба | прѣ|свѧ|im.|тꙑ|ѧ Бо|горо|ди|цѧ,,‘От гроба пресвятой Богородицы’,кириллица,резьба по металлу,"на обратной стороне, на верхнем перекрестье",целая (100%),,Указанная во вкладной надписи дата (6669) подтверждается палеографическими особенностями надписей ( ).,,+ ѿ гро ба прѣ свѧ [GAP] тꙑ ѧ Бо горо ди цѧ,1161.0,1161.0,12.0
1001,https://epigraphica.ru/epigraphy/inscription/show/1001,[1376–1410],Надпись с перечнем реликвий,Золотой крест-тельник («филофеевский»),"крест, реликварий",Троице-Сергиева лавра,животводного едокиелъф⸗ерьꙗфедосъ⸗и двциновъхъ мчн⸗къ литовьс⸗кꙑхъ,,"‘Животворящее древо, сорока мучеников, праведного Афанасия, Евдокии, Елевферия, девицы Феодосии, новых мучеников литовских’",кириллица,резьба по металлу,на оборотной стороне по всей поверхности креста,с небольшими утратами (>85%),,"Среди исследователей нет единого мнения о датировке надписи по палеографическим признакам. М. В. Щепкина (в устном сообщении) и Т. В. Николаева (( ) и ( )) относили крест к началу XV века. Т. В. Николаева отрицала связь креста с именем патриарха Филофея и считала крест суздальской реликвией, находя аналогии в составе мощей и начертании букв с надписями на ковчеге суздальско-нижегородской княгини Марии 1410 г. и ковчеге суздальского князя Ивана Даниловича 1414 г. Это мнение было опровергнуто В. А. Кучкиным ( ), который со ссылкой на палеографическую экспертизу А. А. Турилова датировал надпись второй половиной XIV века и настаивал на том, что крест был принесен Сергию Радонежскому с посольством патриарха Филофея зимой 1376/1377 г. Мнение Кучкина поддержала О. А. Белоброва ( ).",,животводного едокиелъферьꙗфедосъи двциновъхъ мчнкъ литовьскꙑхъ,1376.0,1410.0,14.0
1002,https://epigraphica.ru/epigraphy/inscription/show/1002,[1120–1180],Автограф дьякона Докуда,Стены церкви Спаса на Берестове,стена церкви,Церковь Спаса на Берестове,Докудо ѱло дьѧконо҇свтго Спса,,"‘Докуд писал, дьяк святого Спаса, придя из Иерусалима’.",кириллица,граффито,"Надпись расположена справа от портала церкви. Она выцарапана на древнем растворе стены и вытянута в длинную строку, перед началом которой нарисован шестиконечный крест на одноступенчатой голгофе. ( )",целая (100%),Р Iа «округлая петля (прямая мачта)» <1360 (<1320). 1140–1360 ( ),,,Докудо ѱло дьѧконо҇свтго Спса,1120.0,1180.0,12.0
1004,https://epigraphica.ru/epigraphy/inscription/show/1004,[1110–1140],Молитва об Иване,Стены церкви Спаса на Берестове,стена церкви,Церковь Спаса на Берестове,Ги҃ди помози ра⸗,,"‘Господи, помоги рабу своему Ивану’. ‘Господи, помози рабу своему Ивану’. ( ) Доп. интерпретации",кириллица,граффито,,целая (100%),"<1140. В I «округлая нижняя петля» <1140, В 1 «нижняя петля углом вперед» <1160, В 2 «петля выступает под строку» <1220. 1180–1230 ( ) 1200–1300 ( )",Левая граница датировки обусловлена предполагаемым строительством церкви в правление Владимира Мономаха. Правая граница определяется палеографически.,,Ги҃ди помози ра,1110.0,1140.0,12.0
1005,https://epigraphica.ru/epigraphy/inscription/show/1005,[1100–1240],Надпись о клевете Иосифа на Варлама,Стены церкви Спаса на Берестове,стена церкви,Церковь Спаса на Берестове,[Ги҃] п(ом)ози Бе҃ [О]си⸗,,"‘Господи, помоги, Боже, Иосифу [в том], что он оклеветал Варлама напрасно’. ( )",кириллица,граффито,,целая (100%),,,,Ги҃ помози Бе҃ Оси,1100.0,1240.0,12.0
1009,https://epigraphica.ru/epigraphy/inscription/show/1009,[1160–1200],Молитва о Мартине Семьюновиче,Первоначальная штукатурка Кирилловской церкви,стена церкви,Кирилловская церковь,+ [Ги҃ по]мози рабꙋ своему Март[и]нови Семъюнов(ичу),,"‘Господи, помоги рабу своему Мартину Семьюновичу’.",кириллица,граффито,"Немного выше следующей надписи. В апсиде южного придела Кирилловской церкви открыто значительное количество разнообразных граффити, выцарапанных на фресковой штукатурке, которая частично сохранилась в этом месте на южной стене. На стене апсиды хорошо заметны четкие древнерусские надписи, расположенные одна над другой. Верхняя надпись написана в одну строку длиной в 46,5 см. ( )",с небольшими утратами (>85%),"[1120–1240], предпочт. [1160–1200]. З Ia «правонаклонные (перелом)» <1320 (<1200 (<1120)), Ꙋ II «основной вид» 1120–1420 (1160–1380), Ꙋ 1 «длинные усы» 1100–1240 или 1380–1440 (1160–1200).",,,+ Ги҃ помози рабꙋ своему Мартинови Семъюновичу,1160.0,1200.0,12.0
1010,https://epigraphica.ru/epigraphy/inscription/show/1010,1160–1200,Молитва о Мартине Семьюновиче,Первоначальная штукатурка Кирилловской церкви,стена церкви,Кирилловская церковь,(Ги҃ п)омилꙋи рабa своѥго Мартина Семьюнови[чѧ],,"‘Господи, помилуй раба своего Мартина Семьюновича’.",кириллица,граффито,Немного ниже предыдущей надписи.,с небольшими утратами (>85%),1140–1160 ( ),,,Ги҃ помилꙋи раб своѥго Мартина Семьюновичѧ,1160.0,1200.0,12.0
1011,https://epigraphica.ru/epigraphy/inscription/show/1011,1180–1200,Молитва о Феодоре,Первоначальная штукатурка Кирилловской церкви,стена церкви,Кирилловская церковь,Ги҃ помози рабу своѥмоу Ѳеодорови аминъ (…),,"‘Господи, помоги рабу своему Феодору. Аминь’.",кириллица,граффито,На южной стене апсиды. ( ),с небольшими утратами (>85%),1180-1200 или 1280-1300 (предпочтительно первое),"Б 4 'высокая петля': 1180> (1360); Язык: мужеви, Давыдови: <1300 (1220); Д3 'длинные ножки (обычные): <1200, 1280>; Ѳ 1 'без боковых засечек' <(1220); Графика: Ѥ (1240)>; Р II <1380 (1280).",Фотография взята из видеоролика В. В. Корниенко « Графіті Кирилівської церкви: перше знайомство ».,Ги҃ помози рабу своѥмоу Ѳеодорови аминъ [GAP],1180.0,1200.0,12.0
1013,https://epigraphica.ru/epigraphy/inscription/show/1013,[1075–1150],Молитва о Феодоре и многолетствование ему,Стены киевского Софийского собора,стена церкви,Собор св. Софии,Ги҃ помози рабу свое⸗,,"‘Господи, помоги рабу своему Федору на многие лета’. ( )",кириллица,граффито,"в Михайловском приделе, в арке-переходе между предалтарной и второй от входа частями собора, на западной грани лопатки стены, на фреске с образом св. Косьмы ( )",целая (100%),"кон. ХІ – сер. ХІІ вв.: б углом вперед, А -образная д , прямолинейная р с округлой или углом вверх петлей ( )",,,Ги҃ помози рабу свое,1075.0,1150.0,12.0
1018,https://epigraphica.ru/epigraphy/inscription/show/1018,[1260–1280],Молитва о Стефане и Евстратии,Первоначальная штукатурка Кирилловской церкви,стена церкви,Кирилловская церковь,Ги҃ пози раба своемуо,,"‘Господи, помоги рабу своему Стефану-попу и Евстратию’.",кириллица,граффито,Надпись обнаружена под слоем набела и масляной краски конца XIX в. в переходе из южной апсиды в главный алтарь на западной стене. ( ),целая (100%),"Первый почерк [1200–1300], предпочт. [1260–1280]: Р Ia «округлая петля и прямая мачта» <1360 (<1300). В I «округлая нижняя петля» <1260. Ь III «петля с двумя изломами» 1280>. П 1 «с выступом вверху» <1300. Ѳ 1 «без боковых засечек» <1220 или 1300> (!) Второй почерк [1160–1380], предпочт. [1240–1260]: У 8 «С-образно изогнутые» 1160> (1260> (1320>)). В 4 «выступ вверху» <1400 (<1280 (<1200)). Е 2 «Е-образные» <1380 (1240–1260)",,Фотография взята из видеоролика В. В. Корниенко « Графіті Кирилівської церкви: перше знайомство ».,Ги҃ пози раба своемуо,1260.0,1280.0,13.0
1019,https://epigraphica.ru/epigraphy/inscription/show/1019,[1140–1200],Молитва неизвестного автора,Первоначальная штукатурка Кирилловской церкви,стена церкви,Кирилловская церковь,Ги҃ помози раб[у] своем[у],,"‘Господи, помоги рабу своему’.",кириллица,граффито,,целая (100%),<1260 (предпочт. <1200). Б I «округлая петля» <1120 (!). В 3а «верх больше низа» <1260 (<1200).,,Фотография взята из видеоролика В. В. Корниенко « Графіті Кирилівської церкви: перше знайомство ».,Ги҃ помози рабу своему,1140.0,1200.0,12.0
1020,https://epigraphica.ru/epigraphy/inscription/show/1020,[1140–1180],Отдельные числа,Первоначальная штукатурка Кирилловской церкви,стена церкви,Кирилловская церковь,[л҃р] м҃[х]|vac.|полъ трѣтьѧ десет,,‘… двадцать пять’.,кириллица,граффито,,целая (100%),[<1220] (предпочт. <1180) П 1 «выступ вверху» <1300 (<1200). Л 1 «покрытие» <1360 (<1280). Т II «треногое» 1400> (!). Ѣ 5 «верхняя засечка» <1400 (<1200 или 1280–1400). Ѣ 8 «петля выступает под строку» <1220 (<1180) или 1320> (1340>),,,л҃р м҃х [GAP] полъ трѣтьѧ десет,1140.0,1180.0,12.0
1021,https://epigraphica.ru/epigraphy/inscription/show/1021,[1380–1400],Молитва о Сидоре,Первоначальная штукатурка Кирилловской церкви,стена церкви,Кирилловская церковь,Ги҃ помози рабу,,"‘Господи, помоги рабу своему Сидору’.",кириллица,граффито,"На южной плоскости столба, при входе в северную апсиду церкви ( )",целая (100%),"[1320–1400] (предпочт. [1380–1400]). М 4б «провисающая петля (вертик.)» 1280> (1280>). З II а «вертикальные (перелом)» (<1320, или 1380–1400, или 1440>). Б III «петля с двумя изломами» 1320>. У Iб «основной вид (с перемычкой)» 1140> (1280>). У 8 «С-образно изогнутые» 1280> (1320>). И 1а «Верхние засечки (длинные)» (<1300) (!). Д IVа «на треуг. ножках (острые)» (1280>). Д 2 «верхняя засечка» <1400 (<1320 или 1360–1400).",,,Ги҃ помози рабу,1380.0,1400.0,14.0
1022,https://epigraphica.ru/epigraphy/inscription/show/1022,[1140–1180],Поминальная надпись о неизвестной,Первоначальная штукатурка Кирилловской церкви,стена церкви,Кирилловская церковь,помьни Ги҃ дш҃ю рабы…,,"‘Помяни, Господи, душу рабы’… ( )",кириллица,граффито,,с небольшими утратами (>85%),"[–1200 или 1280–], предпочт. [–1180]. Д 3 «длинные ножки (обычн.)» <1200 (<1180) или 1280> (1320>). Г 1 «с выступом вверху» (<1200).",,,помьни Ги҃ дш҃ю рабы [GAP],1140.0,1180.0,12.0
1024,https://epigraphica.ru/epigraphy/inscription/show/1024,[1500–1700],"Покаянная надпись, обращенная к св. Кириллу",Первоначальная штукатурка Кирилловской церкви,стена церкви,Кирилловская церковь,ст҃ы Кирило прости мѧ грѣшнаго,,"‘Святой Кирилл, прости меня грешнаго’. ( )",кириллица,граффито,В южной апсиде слева ( ),целая (100%),,,,ст҃ы Кирило прости мѧ грѣшнаго,1500.0,1700.0,16.0
1035,https://epigraphica.ru/epigraphy/inscription/show/1035,[1130–1240],Ламентация попов,Обломок плинфы из Федоровского монастыря,плинфа,Археологические исследования Федоровского монастыря,+ охо намо попомо …,,"‘Ох, нам попам…’ ( )",кириллица,граффито,,целая (100%),"[1100–1300], предпочт. [1100–1200]. Графика: ъ→о (3х) 1100>, П 1 «выступ вверху» <1300 (<1200)",,,+ охо намо попомо [GAP],1130.0,1240.0,12.0
1036,https://epigraphica.ru/epigraphy/inscription/show/1036,[1160–1280],Загадка о петухе,Фрагменты первоначальной штукатурки церкви Бориса и Глеба,стена церкви,Церковь Бориса и Глеба,двоичи роженъ въ портъ,,"‘Дважды рожден в теплую одежду; а не учившись, поет по часам’. ( )",кириллица,граффито,"Трехстрочная надпись-граффито на фресковой штукатурке бежевого цвета с вкраплениями цемянки. Третья строка начинается под буквой ѣ второй строки, обходя находящийся здесь инициал.",с небольшими утратами (>85%),"Палеографически значимые начертания по типологии А. А. Зализняка: а 1 «покрытие» <1320 (<1280), р IVа «углом вниз (криволинейные)» 1160> (1240>), л 1 «покрытие» <1360 (<1280), ѧ 1 «покрытие» <1340 (<1280), ѧ 3 «нижние засечки» <1400 (1160–1360). ( )","По методике А. А. Зализняка надпись можно датировать условным отрезком 1160–1300 (предпочтительно: 1160–1280) гг. По оценке издателей, более вероятна датировка второй половиной XII в., чем XIII в.",,двоичи роженъ въ портъ,1160.0,1280.0,13.0
1040,https://epigraphica.ru/epigraphy/inscription/show/1040,[1140–1220],Межевой знак Воротька,Воротькова межа,валун,Труворово Городище,левая надпись:правая надпись:насѧ чстьВоротьк[ов]а,,"‘Межа (граница земли). Наша часть, [часть] Воротька’.",кириллица,граффито,,целая (100%),"[1140–1320], предпочт. (1140–1220) Буква в типа IIа «перелом при мачте» <1320 (<1220), з IIа «вертикальные (перелом)» (<1320), р III «углом вперед» 1140>, р 11 «буква целиком в строке» <1420 (1120–1360), ч Iа «чаша / бокальчик» <1420 (<1380) XIV в. ( )",,,левая надпись:правая надпись:насѧ чстьВоротькова,1140.0,1220.0,12.0
1041,https://epigraphica.ru/epigraphy/inscription/show/1041,[1160–1200],Автограф Лазоря Ярышевича,Архитрав собора св. Мартина,стена церкви,Собор св. Мартина,Лазорь псалъ [·] Ѧр-⸗|vac.|ости(сла)⸗вль · -,Лазорь псалъ [·] Ѧр(ꙑ)⸗ шевичь · Рости(сла)⸗ вль · [д] ( ),"[Это] написал Лазорь Яр[ы]шевич, … [князя] Ростислава. ( )",кириллица,резьба по камню,Непосредственно над надписью муромского дьякона .,с небольшими утратами (>85%),"[1160–1200]: а 7 «удлиненная спинка» <1200 или 1420>, р IVа «углом вниз (криволинейные)» 1160> (1240>) (в первом слове надписи), ч Iа «чаша / бокальчик» <1420 (<1380), ъ IIб «вертикальная мачта» (1320>).",,,Лазорь псалъ · Ѧр- [GAP] остиславль · -,1160.0,1200.0,12.0
1044,https://epigraphica.ru/epigraphy/inscription/show/1044,[1100–1200],"Подпись к изображению креста, надпись «святая София» и автограф Гречина",Стены собора св. Софии в Константинополе,стена церкви,Собор св. Софии в Константинополе,Текст 1:|im.|Хъ҃Текст 2:свѧтаѧ СофиеТекст 3:Грѣ⸗чинъ ѱлъ,,‘Иисус Христос. Святая София. Гречин писал’.,кириллица,граффито,Надпись выполнена на юго-западной стороне северо-восточной колонны. Высота от пола – 156 см ( ),целая (100%),"Палеографические особенности дают основания относить надпись к XII в. (датирующие признаки: а – Iа «островерхое»; в – IIа «перелом при мачте»; е – I «правонаклонное»; ѣ – 7 «мачта выступает над строкой» ( : 152, 156, 162, 210). Близкое сходство в начертании букв обнаруживается с письмом на кресте Евфросинии Полоцкой 1161 г. (ср. в, е, и, н, р, ф, ч, ъ, ѣ, ѧ ). ( )",,"Слово гречинъ выступает в надписи как антропоним – прозвище русского человека. Из источников XII в., к которому относится надпись, известен один носитель такого прозвища, который вполне мог бы претендовать на авторство граффито. Это знаменитый Олисей Петрович Гречин – новгородский боярин, священник и церковный художник, усадьба которого была исследована в 1970-х гг. на Троицком раскопе. Сопоставление летописных упоминаний с показаниями берестяных грамот позволяет считать его сыном боярина Петра Михалковича, в 1155 г. выдавшего дочь за новгородского князя Мстислава Юрьевича. Предполагается, что свое прозвище и профессию иконописца Олисей Петрович вынес из Византии, куда в 1162 г. направился изгнанный из Руси князем Андреем Боголюбским Мстислав Юрьевич и где его, несомненно, сопровождала жена, сестра будущего Гречина.",[GAP] Хъ҃ свѧтаѧ Софие Грѣчинъ ѱлъ,1100.0,1200.0,12.0
1045,https://epigraphica.ru/epigraphy/inscription/show/1045,[1180–1300],Автограф Борислава,Стены собора св. Софии в Константинополе,стена церкви,Собор св. Софии в Константинополе,Бориславо {ѱ}ѱло,,‘Борислав писал’.,кириллица,граффито,Восточная часть южной галереи. Надпись выполнена на юго-восточной стороне северо-западной колонны. ( ),целая (100%),"Палеография: а – Iа, 5; б – 4; в – V; и – I; л – Iа; о – I; р – Iа; с – I. Датировка. Начертания большинства букв не имеют ярко выраженных датирующих признаков. Поэтому время выполнения надписи может быть определено в широком хронологическом диапазоне XII–XV вв. Вместе с тем наличие зеркального а (если это не оплошность писавшего), особенности начертания в («нижняя косая к мачте») позволяют осторожно относить ее к концу XII – XIII в. [ : 152, 154, 155]. Особенностью надписи является использование бытовой системы письма ( ъ – о ). Такое смешение встречается в надписях собора Святой Софии в Новгороде, датируемых XIII в. [ : № 207, 208, 210, 214]. По мнению Т. В. Рождественской, бытовая орфография «в отличие от берестяных грамот, проникает в надписи не ранее второй половины XII в.» [ : 138]. ( )",,"Имя Борислав было известно в Древней Руси. Так, оно фиксируется в Новгородской первой летописи под 6726 (1218) г.22 и в берестяной грамоте № 390 (вторая половина XIII в.).",Бориславо ѱѱло,1180.0,1300.0,13.0
1046,https://epigraphica.ru/epigraphy/inscription/show/1046,[1000–1140],Автограф и молитва Домка Безуевича,Стены собора св. Софии в Константинополе,стена церкви,Собор св. Софии в Константинополе,Текст 1:|im.|ѱ҃Безоевич|im.|ъгрѣшънꙑТекст 2:сватаѧ Софиепомилоу мѧ,,,кириллица,граффито,"Центральная часть южной галереи. Надпись выполнена на первой слева мраморной облицовочной плите (верхний ряд) восточной стены. Высота от пола – 155,2 см, от угла слева (стена под углом 90° подходит к северо-восточному пилону) – 42,8 см. ( )",целая (100%),"Палеография: а – Iа; б – I1; в – IIб; г – I; д – IVа; е – II; з – IIб; и – I, II; к – Iб; л – Iа; м – Iа; н – Iв; о – I; п – I; р – II; с – I; т – 2; оу – II; ѳ – I; ч – Iа; ш – II; ъ – IIа; ы – Iб; ѣ – I; ѧ – Iа. Датировка. Палеографические особенности а, б, в, д, и, к, м, н, р, ч, ѣ, ѧ позволяют относить надпись к XI–XII вв. [ ]. Схожие начертания а, в, и, р, ч, ъ встречаем в записи № 18 ( Ѱ(а)лъ Ставъръ Городѧтиничь ) из собора Святой Софии в Киеве, которое издатель склонен датировать началом XII в. [ : с. 56–57, табл. XXIII]. Эта хронология находит свое подтверждение в палеографии берестяных грамот (датирующие признаки: б – «округлая петля»; р – «углом вверх»; оу – «уменьшенное О»; ш – «платформа приподнята; ѣ – «округлая петля» [ , с. 154, 182, 190, 202]. Начертания остальных букв не противоречат предлагаемой датировке. В написании а, в, г, д, е, и, р (см. гривьнѣ ), с, оу, ч, ш, ъ , прослеживается сходство с грамотой № 119 (стратиграфическая дата – середина 10-х – середина 30-х гг. XII в.). С датировкой граффито XI – первой половиной XII в. хорошо согласуется и состояние редуцированных. На графическом уровне датирующим признаком является замена ь → ъ : почти все известные ныне берестяные грамоты, демонстрирующие данный эффект, относятся к XI – первой трети XII в. [( )]. Нужно заметить, впрочем, что оба примера приходятся на позицию после шипящего, в которой, по крайней мере в книжной письменности, мена ь и ъ встречается и в текстах второй половины XII – начала XIII в., например, в Триоди Моисея Киянина. Заменой ь может быть также первый ъ в Дъмъко , но более вероятно, что это «настоящий» ъ. ( )",,"Имя автора – Дъмъко (или Дьмъко , при допущении эффекта ъ → ь ) может быть как гипокористическим производным от Димитрии , так и дохристианским именем, производным от дути , дъму ‘дуть’. Последнее кажется более вероятным, учитывая, что писец новгородской Служебной минеи 1095 г. поп Домка упоминает это имя как мирское ( а мирьскы Дъмъка ). Отчество автора, записанное как Безоевичъ , может быть лишь производным от дохристианского имени Безуи (‘не имеющий дяди [со стороны матери]’). В близкую нашей надписи эпоху это имя выступает в граффито № 102 из собора Святой Софии в Киеве: Ги҃ помози рабоу своемоу Безоуеви Иванѫ отроку Добрынича [ : 25–30], и в виде производного в берестяной грамоте из Старой Руссы № 22 тьри коуне оу Безоуевее [ : 337–339]. Порядок слов, при котором имя отделяется от отчества и других относящихся к нему слов глаголом пьсалъ , обычен для эпиграфики (ср. граффито № 22 Софии Киевской: Воинегъ ѱлъ Журѧговиць полоцанинъ [ : 59], и надпись № 187 Софии Новгородской: Ст[ь]панъ ѱлъ Рожньтиць [ : 125].",[GAP] ѱ҃Безоевич [GAP] ъгрѣшънꙑ сватаѧ Софиепомилоу мѧ,1000.0,1140.0,11.0
1047,https://epigraphica.ru/epigraphy/inscription/show/1047,[1280–1360],Подпись к кресту и автограф галицкого попа Матфея,Стены собора св. Софии в Константинополе,стена церкви,Собор св. Софии в Константинополе,Текст 1:Текст 2:Матфѣи попъ галичьскии,,"‘Иисус Христос. Матфей, поп галицкий’.",кириллица,граффито,"Центральная часть южной галереи. Надпись выполнена на третьих слева перилах ограждения (парапета) северного контура. Расстояние от колонны слева – 70 см, от колонны справа – 133,2 см. ( )",целая (100%),"Палеография. а – Iа; г – I; и – 4; i – IIа; к – Iб; л – Iа; м – 4б; о – I; п – I; с – I; т – I; ф – 1; х – II, 2; ч – Iа; ъ – IIб; ь – IIб; ѣ – IIб. Датировка. Граффито выполнено уставным письмом: буквы располагаются перпендикулярно к строке, без наклона, имеют правильные прямые и округлые линии. Несомненно, исполнитель был хорошо знаком с книжной графикой, что позволяет датировать его автограф, опираясь на палеографию рукописных книг и актов. Особенности написания ѣ (выступающая над строкой мачта, лежащее в верхнем уровне строки коромысло), и (высокая перекладина), м (провисающая округлая петля) являются новообразованиями, характерными для книжного письма XIII в. [ : 126–128; : 192, 195; : 154–155]. В. Н. Щепкин определял наличие высоких перекладин, «некоторую сжатость» и вытянутость букв (ср. ѣ, и ) как «стильный (манерный) почерк», появление которого в конце XIII в. знаменовало стремление писцов к каллиграфической передаче текста в условиях появления новых начерков, отличных от классического устава XI–XII вв. ( ). Палеография граффито близка Рязанской кормчей 1284 г. (ср. а, и, м, ч, ь, ъ ) и Псалтыри 1296 г. (ср. а, и, м, ч, ь, ъ, ѣ ) [ : № 65, 68]. Вместе с тем нужно отметить, что в эпиграфике указанные особенности письма фиксируются позднее – в XIV в. [ ]. Яркую аналогию написания а, и, к, м представляет шелковая вышивка на омофоре новгородского архиепископа Моисея ( Моисиꙗ архиѥпискупа молитвами свѧтыꙗ Софиꙗ ), занимавшего кафедру в 1326–1330 и 1352–1359 гг. [ ]. На XIV в. указывает и письмо берестяных грамот (датирующие признаки: использование ф, и – «высокая перекладина», м – «провисающая петля»; ъ – «вертикальная мачта»). В то же время особенности написания ч (обычная чаша) более характерны для XII–XIII вв., нежели для XIV в. [ : 171, 179, 202–203, 205]. Учитывая, с одной стороны, характерную для эпиграфики «архаизацию письма» [ : 60–61], а с другой – очевидную ориентацию автора на книжную традицию («стильный почерк»), время выполнения надписи можно отнести к концу XIII – первой половине XIV в. ( )",,"Следует согласиться с мнением А. Горбача, что Матфей был выходцем из Галича Волынского («западно-украинского»), а не Мерьского. Об этом говорят не только традиционно тесные связи Волыни с Византией, но и ориентация автора граффито на уставное письмо – особенность, в большей степени присущая Южной Руси, чем Северной [ ]. ( )",Матфѣи попъ галичьскии,1280.0,1360.0,14.0
1049,https://epigraphica.ru/epigraphy/inscription/show/1049,1381–1404,Молитва о Филиппе,Стены собора св. Софии в Константинополе,стена церкви,Собор св. Софии в Константинополе,+ Ги҃ помози рабу свое⸗,,"‘Господи, помоги рабу своему Филиппу’.",кириллица,граффито,Центральная часть южной галереи. Надпись выполнена на юго-восточной стороне северо-западной колонны. Высота от пола – 146 см. ( ),целая (100%),"Палеография: а – Iа, 7; б – II; в – VIа8; г – 3; е – III, 5; з – IIIа; и – II; л – Iа; м – Iа; о – I; п – I; р – 12; с – I; у – Iа; ф – I. Датировка. Особенности написания е, з , и позволяют относить граффито ко второй половине XIV – первой половине XV в. [ ]. Эта хронология находит подтверждение в палеографии берестяных грамот (датирующие признаки: а – «удлиненная спинка»; в – «косая к основанию в угол»; е – «левонаклонная, язычок вверх»; з – «левонаклонная, перелом»; и – «наклонная перекладина»; р – «петля во всю строку»; ф – «основного вида» [ : 157, 163, 169, 171, 185, 193]). ( )","Судя по почерку, перед нами еще один автограф Филиппа Микитинича, стольника митрополита Киприана (см. № 2 ), правда, здесь без указания на отчество и социальное положение писавшего. Поэтому граффито можно датировать периодом с 1381 г. (первый приезд Киприана в Москву) по 14 июня 1404 г. (упоминание о смерти Филиппа в грамоте Киприана) [ : 122–124].","Восточнославянские черты в надписи отсутствуют, но имеются в другом автографе Филиппа Микитинича.",+ Ги҃ помози рабу свое,1381.0,1404.0,14.0
1050,https://epigraphica.ru/epigraphy/inscription/show/1050,1360–1460,Автограф нижегородца Даниила,Стены собора св. Софии в Константинополе,стена церкви,Собор св. Софии в Константинополе,+ Даниїлос из Нова⸗,+ Даниїлос из Новагорода из Нижн[его] ( ),‘Даниил из Нижнего Новгорода’.,кириллица,граффито,Центральная часть южной галереи. Надпись выполнена на южной стороне северо-западной колонны. Высота от пола – 172 см. ( ),целая (100%),"Палеография. а – Iа, 7; в – III; г – I; д – Iа, 3; ж – IVа, 5а; з – IIIа; и имеет следующие начертания: 1) в Даниїлос – II; 2) в остальных случаях – III; ї – Iа; л – Iа; н – Iб; о – I; р – IVа, 12; с – I. Датировка. По мнению А. А. Алексеева, надпись следует датировать XVI–XVII вв., «поскольку и орфография, и начертания букв не позволяют предполагать большей древности» ( ). С этим мнением трудно согласиться уже потому, что граффито не обнаруживает признаков скорописи, характерной для эпиграфики указанного периода (ср. киевские граффити XVI–XVII вв. № 398, 400, 406 [ : 97–101, табл. LV, LVI, LVIII]). Начертания а, ж, з, и, н, р позволяют определять вторую половину XIV в. в качестве верхней хронологической границы выполнения автографа Даниила [ ]. Приблизительно схожие модели букв обнаруживают надписи № 16 ( а, и, н ) и № 17 ( а, в, н, р ) из Спасо-Преображенской церкви в Полоцке; первая датируется XV в. ( Помѧни Г(оспод)и ерѣꙗ Ивана ), вторая – 1476 г. ( В лѣт(о) 6984 инд(и)ктъ в 9 престави(ся) раба б(о)жъ(ѧ) Оксинѧ ) [ : 117, 218, 219]. Начертание а, в, н, р близко граффито № 74 из церкви Св. Федора Стратилата на Ручью ( Преставися понинарьѧ м(ѣ…н)а октабрѧ на памѧт… ), которое относится к XIV в. [ : 112–113]. Предлагаемая хронология находит подтверждение в палеографии берестяных грамот (датирующие признаки: а – «удлиненная спинка»; д – «длинные ножки»; ж – «умеренно уменьшенный верх»; з – «левонаклонная, перелом»; и – «диагональ»; р – «петля во всю строку» [ : 160–161, 165, 169, 171, 185]. За исключением ї , случаи употребления которой на бересте единичны, начертания остальных букв не противоречат предлагаемой датировке. Палеография сближает граффито с грамотами № 122 ( в, д, з, и, н, р ) и № 358 ( ж, з, и, р ); стратиграфическая дата первой – 10-е – начало 20-х гг. XV в., второй – 10–60-е гг. XV в. [ Древнерусские берестяные грамоты ]. Сказанное позволяет датировать надпись второй половиной XIV – серединой XV в. ( )",,"По мнению Т. Томова, автор граффито, возможно, посетил Константинополь в свите суздальского архиерея Дионисия, который побывал в столице Византии дважды: в 1379–1381 и 1383 гг. Предполагается, что, используя Волжский маршрут, владыка мог начать свой путь из Нижнего Новгорода, одного из городских центров Суздальской епархии. Приводится и другая версия. Автограф мог оставить слуга московского великого князя Дмитрия Ивановича (1359–1389 гг.) по имени Даниил, который в 1371 г. доставил письмо своего патрона константинопольскому патриарху [ ]. К сожалению, эти атрибуции лишены доказательной силы. ( )",+ Даниїлос из Нова,1360.0,1460.0,15.0
1051,https://epigraphica.ru/epigraphy/inscription/show/1051,1380-1420,Молитва о Елферье Васильевиче,Стены собора св. Софии в Константинополе,стена церкви,Собор св. Софии в Константинополе,Ги҃ помози рабу своему ст҃аѧ Софиѧ,,"‘Господи, помоги рабу своему, Святая София, Елферью Васильевичу’.",кириллица,граффито,Центральная часть южной галереи. Надпись выполнена на северо-восточной стороне северо-западной колонны. Высота от пола – 172 см. ( ),целая (100%),"Палеография: а – Iа, 7; б – II; в имеет следующие начертания: 1) в своему , первая в Васильевичю – III, 2) вторая в Васильевичю – VIа; г – I; е – III, 5; з – IIIа; и имеет следующие начертания: 1) в Г(оспод)и – I, 2) в Софиѧ – II, 3) в помози , Васильевичю – III; л – Iа; м – Iа; о – I; п – I; р – Iб, 12; с – I; т – 2; у – Iа; ф – I; ч – IIб; ь – IIб; ю – IIб; ѧ – Iа. Датировка. Начертания е, з, и указывают на то, что надпись могла быть выполнена не ранее второй половины XIV в. ( ). Схожие модели и и р встречаем в граффито № 397 из Кирилловской церкви в Киеве ( С(вя)ты(и) Кирило, прости мѧ грѣшнаго ), которое датируется XV в. [ , табл. LIV]. Однако наибольшее сходство надпись обнаруживает с автографом Филиппа (ср. в, е, з, и, п, р, у ), выполненным на юго-восточной стороне этой же колонны ( № 13 ). Обращает на себя внимание совпадение ширины и глубины линий букв этих граффити, что наводит на мысль об использовании либо однотипных, либо одного и того же орудия письма. С другим автографом Филиппа, который находится в восточной части южной галереи ( № 2 ), надпись, кроме уже обозначенных букв, сближают начертания ч и ю [ : 122–124]. Очень вероятно, что Елферий Васильевич и Филипп Микитинич вместе посетили Св. Софию, расположив по соседству свои молитвенные обращения. Отнесение граффито к концу XIV – началу XV в. находит подтверждение в палеографии берестяных грамот (датирующие признаки: а – «удлиненная спинка»; в – «верхняя косая к основанию в угол»; е – «левонаклонная, язычок вверх»; з – «левонаклонная, перелом»; и – «диагональ»; р – «петля во всю строку»; ч – «расщеп, У-образное»; ю – «перемычка наклонно вверх» [ : с. 153, 157, 163, 169, 171, 185, 203, 213]). ( )",,"О восточнославянском происхождении автора говорит обозначение через ѧ сочетания [ja] ( с҃таѧ Cофиѧ ). Имея в виду употребление отчества ( Васильевич ) и вероятное сотоварищество с митрополичьим стольником Филиппом Микитиничем, можно думать, что Елферий был человеком высокого социального статуса, близким ко двору князя или митрополита. ( )",Ги҃ помози рабу своему ст҃аѧ Софиѧ,1380.0,1420.0,14.0
1052,https://epigraphica.ru/epigraphy/inscription/show/1052,[1140]–1187,Молитва о Емельяне и его родственниках,Стены Базилики Рождества Христова,стена церкви,Базилика Рождества Христова,Ги҃ помози рабу св(оему Еми)⸗,Ги҃ помози рабу св(оему Еми)⸗ лиѧнови Михале(ву сꙑну Ива)⸗ нича і с отецеме і (съ материю) і со ве⸗ сею братиею і всегда і ныне і при<сно і во веки векомъ аминь> ( ),"‘Господи, помоги рабу своему [Еме]льяну, сыну Михаля [Ива]нича, с отцом, [и с матерью], и со всей братией, всегда, и ныне, и при[сно, и во веки веков. Аминь]’",кириллица,граффито,"На западной стороне полуколонны, примыкающей к южной стороне пилона, фланкирующего средокрестие базилики с юго-западной стороны. Надпись расположена на высоте 106 см от базы, расстояние до западной полуколонны (слева) составляет 8 см. Окончание трех первых строк надписи в настоящий момент скрыто стеной XIX в., которая вплотную пристроена к полуколонне. Длина первых трех строк граффито в сохранившейся части составляет 9,5; 9,2 и 9,2 см, последующих пяти – соответственно: 2,7; 1,5; 5,8; 8,2; 2,3 см. Причинами сокращения текста в четвертой и пятой строках стали механические выщербины, а в шестой и седьмой – небольшое включение кальцита. Последняя, восьмая строка надписи осталась недописанной. ( )",с утратами (50-85%),"А — зеркальное (5). Б — петля с изломом (тип II). В — округлая нижняя петля (I). Г — основного вида (I). Д — на шечках, острая петля (IIIа). Е — вертикальное (II). З — правонаклонное, развилка (Iб). И — основного вида (I).1 — простое, без засечек (IIа). Л — верхняя засечка (2). М — верхние засечки (2). Н — основного вида, перемычка (Iа). О — основного вида (I). П — основного вида (I). Р — округлая петля, прямая мачта (Iа). С — осповного вида (I). Т — основного вида (I). У — основного вида, простое (Iа). Х — без засечек (4). Ц — зеркальное, целиком в строке (3, 4). Ч — бокальчик (Iа). Ы — высокая перемычка, молоточек (Iа, 1). Ю — основного вида (I). Ѧ — основного вида, острое (Iа). Сохранение неконечного слабого ь в отецеме (<отьцьмь>) и весею (<вьсею>) исключает датировку позже 20-х годов XIII в.: ранним признаком является также сохранение мягкости конечного [м’], отвердение которого, произошедшее после падения редуцированных, постепенно отражается памятниками XII–XIII в. С другой стороны, слабый ь опущен в всегда , а написание с отецеме свидетельствует об утрате слабого редуцированного в предлоге — в берестяных грамотах такой рефлекс сочетания ъ + о встречается со второй половины XII в. Таким образом, по языковым признакам граффито можно отнести ко второй половине XII – началу XIII в. Данная датировка находит подтверждение в палеографии надписи. Особенности начертания букв д («на шечках»), з (правонаклонное), м (с верхними засечками), ц (буква пеликом в строке), ы (высокая перемычка) указывают на ее выполнение в период XII – XIII в. Однако палеография а (зеркальное) и і (без засечек), а также архаическое написание буквы в (округлая нижняя петля) дает основание сузить хронологический интервал до 40–80-х гг. XII в. Начертания остальных букв не противоречат этой датировке. ( )",,,Ги҃ помози рабу своему Еми,1140.0,1187.0,12.0
1054,https://epigraphica.ru/epigraphy/inscription/show/1054,1410–1412,"Надпись о создании возду́ха Огрофеной, женой Константина, для церкви Рождества Богородицы",«Суздальский возду́х»,воздух,Собор Рождества Пресвятой Богородицы,в лѣт · ҂ѕ · ѧ · · при кнꙗженьи · великого кнꙗзꙗ · Васильѧ · Дмитриѥвича · всиꙗРус҇· при архиѥпп҃ѣ · приФоти · митрополитѣ·припс҇пѣ ·Митрофанѣ . созданъ бъстъ вздухъ сии ·рабоюбжьеюКостꙗнтиновою · Ѡгрофѣною · аже пречистѣи ·Мтри Божїи · и честнаго ѥꙗ рождества · да боудеть ·на неи · а кончанъ бꙑсть · мца іоунꙗвъ ·в҃· на памтьс⃝ѡ҃ца Никифора +,,"‘В 69.. году при княжении великого князя Василия Дмитриевича всея Руси, при архиепископе при Фотии, митрополите всея Руси, и при епископе Митрофане создан был этот воздух рабой Божией Огрофеной, женой Константина, а именно – [для церкви] пречистой Матери Божией и честного ее Рождества, чтобы был там. А окончен был второго июня, на память святого отца Никифора’.",кириллица,другое,по периметру вокруг изображения Евхаристии,целая (100%),,"Десятки и единицы даты в летописи на «возду́хе» не дописаны. Широкие рамки датировки – 1410–1425 – определяются упоминанием в надписи трех исторических лиц: великого князя Василия Дмитриевича (1389–1425), митрополита Фотия (1408–1431, прибыл в Москву в 1410) и епископа Владимиро-Суздальского Митрофана (1406–1416 (последнее упоминание в летописи)). В. Н. Щепкин указывал, что место, оставленное в дате для десятков и единиц, могло предназначаться только для дат на рубеже десятков от сотворения мира, и предлагал две возможные датировки: 1410–1413 и 1421–1423, считая при этом вторую менее вероятной, «т. к. епископ Митрофан в эти годы б. м. уже не существовал» ( ). А. А. Турилов соглашается с первой датировкой и сужает ее до 1410–1412, указывая, что именование митрополита Фотия архиепископом было возможно только в короткий период сразу по его прибытии в Москву ( ).",,в лѣт · ҂ѕ · ѧ · · при кнꙗженьи · великого кнꙗзꙗ · Васильѧ · Дмитриѥвича · всиꙗРус҇ · при архиѥпп҃ѣ · приФоти · митрополитѣ · припс҇пѣ · Митрофанѣ . созданъ бъстъ вздухъ сии · рабоюбжьеюКостꙗнтиновою · Ѡгрофѣною · аже пречистѣи · Мтри Божїи · и честнаго ѥꙗ рождества · да боудеть · на неи · а кончанъ бꙑсть · мца іоунꙗвъ · в҃ · на памтьс⃝ѡ҃ца Никифора +,1410.0,1412.0,15.0
1055,https://epigraphica.ru/epigraphy/inscription/show/1055,1410–1412,Евхаристическая надпись (Мф. 26:26) и подписи к фигурам Христа и архангелов,«Суздальский возду́х»,воздух,Собор Рождества Пресвятой Богородицы,Текст 1:с҇тѣло мое ломимое за выТекст 2:піите ѿ неꙗ вси се ѥс҇кровьмоꙗ новагѡ завѣта проливаѥТекст 3:Іс҇с Хс҇сТекст 4:Іс҇с Хс҇сТекст 5:оарх҇Мих҇Текст 6:оарх҇Гавріил,,"‘Приимите, ядите, сие есть Тело Мое, преломляемое за вас... Пейте из нее все, сие есть Кровь Моя Нового Завета, проливаемая... Иисус Христос Архангел Михаил Архангел Гавриил’",кириллица,другое,в сцене Евхаристии,целая (100%),,"Десятки и единицы даты в летописи на «возду́хе» не дописаны. Широкие рамки датировки – 1410–1425 – определяются упоминанием в надписи трех исторических лиц: великого князя Василия Дмитриевича (1389–1425), митрополита Фотия (1408–1431, прибыл в Москву в 1410) и епископа Владимиро-Суздальского Митрофана (1406–1416 (последнее упоминание в летописи)). В. Н. Щепкин указывал, что место, оставленное в дате для десятков и единиц, могло предназначаться только для дат на рубеже десятков от сотворения мира, и предлагал две возможные датировки: 1410–1413 и 1421–1423, считая при этом вторую менее вероятной, «т. к. епископ Митрофан в эти годы б. м. уже не существовал» ( ). А. А. Турилов соглашается с первой датировкой и сужает ее до 1410–1412, указывая, что именование митрополита Фотия архиепископом было возможно только в короткий период сразу по его прибытии в Москву ( ).",,с҇тѣло мое ломимое за вы піите ѿ неꙗ вси се ѥс҇кровьмоꙗ новагѡ завѣта проливаѥ Іс҇с Хс҇с Іс҇с Хс҇с оарх҇Мих҇ оарх҇Гавріил,1410.0,1412.0,15.0
1056,https://epigraphica.ru/epigraphy/inscription/show/1056,1485–1486,Надпись о создании возду́ха для Успенской церкви Переяславля Рязанского по повелению великой княгини Анны,«Рязанский возду́х»,воздух,Крестовая церковь архиерейского дома,в лѣт҂ѕ҃ · ц · ч҃г · индикта · г҃ · сии въздꙋхъ созданъ бы҇ въ цр҃квь Ꙋспенье стѣи Бц҃и · в градѣ Переꙗславли Резаньскомъзамышленьемъблгородныꙗ и блговѣрныꙗ и хрстолюбивыꙗиѧкнѧиниАнны ипри ее снѣ блгороднѣмъи блговѣрномъи хрстлюбивомъвелико кнѧ⸗зи Іѡанѣ Васильевичи Резаньскомъи приепискоупѣ Симеонѣ Резаньскомъ и Моуромьскомъ|im.|а кончанъ си в|im.|здꙋхъв лѣтч҃д мца сентѧвріа л҃ на памѧть стго сщ҃нномчнка Григорїꙗ великіа Армениꙗ,,"‘В 6993 (1485) году в 3-й индикт этот возду́х был создан для церкви Успения святой Богородицы Переяславля Рязанского по задумке благородной и благоверной и христолюбивой великой княгини Анны, при ее сыне благородном и благоверном и христолюбивом князе Иване Васильевиче Рязанском и при епископе Симеоне Рязанском и Муромском, а окончен этот возду́х в 94 (1486) году 30 сентября на память святого священномученика Григория, [просветителя] великой Армении’",кириллица,другое,по периметру вокруг изображения Евхаристии,целая (100%),,"Во вкладной надписи указан год «создания» возду́ха, 6993 (1485), и год окончания – 6994 (1486).",,в лѣт҂ѕ҃ · ц · ч҃г · индикта · г҃ · сии въздꙋхъ созданъ бы҇ въ цр҃квь Ꙋспенье стѣи Бц҃и · в градѣ Переꙗславли Резаньскомъзамышленьемъблгородныꙗ и блговѣрныꙗ и хрстолюбивыꙗиѧкнѧиниАнны ипри ее снѣ блгороднѣмъи блговѣрномъи хрстлюбивомъвелико кнѧзи Іѡанѣ Васильевичи Резаньскомъи приепискоупѣ Симеонѣ Резаньскомъ и Моуромьскомъ [GAP] а кончанъ си в [GAP] здꙋхъв лѣтч҃д мца сентѧвріа л҃ на памѧть стго сщ҃нномчнка Григорїꙗ великіа Армениꙗ,1485.0,1486.0,15.0
1057,https://epigraphica.ru/epigraphy/inscription/show/1057,1485–1486,Евхаристическая надпись (Мф. 26:26) и подписи к фигурам Христа и ангелов,«Рязанский возду́х»,воздух,Крестовая церковь архиерейского дома,Текст 1:пріимѣте и ꙗдите се есть тѣло мое еже завы ломимоеТекст 2:пиіти ѡ неꙗ вси с есть кровь моꙗноваго завѣтаТекст 3:Іc҃ Хс҃Текст 4:Іc҃ Хс҃Текст 5:англ҃ъ Гс҃ньТекст 6:англ҃ъ Гс҃нь,,"‘Приимите, ядите, сие есть Тело Мое, преломляемое за вас... Пейте из нее все, сие есть Кровь Моя Нового Завета... Иисус Христос Ангел Господень’",кириллица,другое,в сцене Евхаристии,целая (100%),,"Во вкладной надписи указан год «создания» возду́ха, 6993 (1485), и год окончания – 6994 (1486).",,пріимѣте и ꙗдите се есть тѣло мое еже завы ломимое пиіти ѡ неꙗ вси с есть кровь моꙗноваго завѣта І҃ Хс҃ І҃ Хс҃ англ҃ъ Гс҃нь англ҃ъ Гс҃нь,1485.0,1486.0,15.0
1058,https://epigraphica.ru/epigraphy/inscription/show/1058,1485–1486,Подписи к изображениям в клеймах со сценами из апокрифического первоевангелия Иакова,«Рязанский возду́х»,воздух,Крестовая церковь архиерейского дома,Текст 1:Текст 2:тогда приѧ весь Изрл҃ь крестъ аще азъ бесчаднаТекст 3:Іѡаким҇ грѧдетъ в пустынюТекст 4:Анна плачетсѧТекст 5:ан[г]елъ Гнь блговѣсти[ть] Ан[нѣ]Текст 6:взвещает҇Анне Иакимовъ приход҇Текст 7:анг҃лъ Гн҃ь блвститъ ІѡакимꙋТекст 8:Іѡаким҇грѧдетъ с стадыТекст 9:зачатие ст҃ѣ Бц҃иТекст 10:прин[ѧ]ты дары ІѡакимовыТекст 11:блговеніе рек Іѡакима и АнныТекст 12:Ржс҇тво прсв҇тыѧ Бц҃иТекст 13:постꙋпленіе ст҃ѣи Бц҃иТекст 14:введение в цр҃кв[ь] Гн҃юТекст 15:моленіе ѡ жезлѣхъТекст 16:обрꙋченїе ІосифаТекст 17:блг҃овѣщение стыѧ Бцы,,"‘Возвращение даров. Тогда принял весь Израиль крест, раз я бездетна. Иоаким идет в пустыню. Анна горюет. Ангел Господень сообщает благую весть Анне. Возвещает Анне приход Иоакима. Ангел Господень сообщает благую весть Иоакиму. Иоаким идет со стадами. Зачатие святой Богородицы. Приняты дары Иоакима. Благословение произнес Иоакиму и Анне. Рождество пресвятой Богородицы. Первые шаги святой Богородицы. Введение в церковь Господню. Моление о жезлах. Обручение Иосифа. Благовещение святой Богородицы’.",кириллица,другое,"в клеймах первоевангельского цикла, расположенных по периметру возду́ха",целая (100%),,"Во вкладной надписи указан год «создания» возду́ха, 6993 (1485), и год окончания – 6994 (1486).",,тогда приѧ весь Изрл҃ь крестъ аще азъ бесчадна Іѡаким҇ грѧдетъ в пустыню Анна плачетсѧ ангелъ Гнь блговѣстить Аннѣ взвещает҇Анне Иакимовъ приход҇ анг҃лъ Гн҃ь блвститъ Іѡакимꙋ Іѡаким҇грѧдетъ с стады зачатие ст҃ѣ Бц҃и принѧты дары Іѡакимовы блговеніе рек Іѡакима и Анны Ржс҇тво прсв҇тыѧ Бц҃и постꙋпленіе ст҃ѣи Бц҃и введение в цр҃квь Гн҃ю моленіе ѡ жезлѣхъ обрꙋченїе Іосифа блг҃овѣщение стыѧ Бцы,1485.0,1486.0,15.0
1059,https://epigraphica.ru/epigraphy/inscription/show/1059,1390–1399,Подписи к изображениям святых,Панагия тверского епископа Арсения,панагия,Успенский Желтиков мужской монастырь,Текст 1:Текст 2:Василіи агиосТекст 3:Григории...Текст 4:Іванъ БословъТекст 5:Никол...,,‘Иван. Василий Святой. Григорий. Иван Богослов. Никола’,кириллица,,"на внешней стороне задней створки в центральном круге, рядом с изображениями святых ( )",утрачена,,"«Панагия приписывается епископу тверскому Арсению (1390–1409), основателю Жолтикова монастыря. Судя по палеографии надписей и архаической иконографии Троицы, панагию следует датировать концом XIV – началом XV в. Вполне возможно, что она могла быть заказана Арсением либо при посвящении его в епископы (1390 г.), либо при реставрации им собора Спаса Преображения (1399 г.), в котором он и был посвящен» ( ).",,Василіи агиос Григории [GAP] Іванъ Бословъ Никол [GAP],1390.0,1399.0,14.0
1067,https://epigraphica.ru/epigraphy/inscription/show/1067,1390–1399,Надпись с цитатой из тропаря Пятидесятницы,Панагия тверского епископа Арсения,панагия,Успенский Желтиков мужской монастырь,блгснъ ѥси Хе Бе нашь ѧви ловцѧ премудрыѧ посла намъ дхъ,,"‘Благословен Ты, Христе Боже наш, сделал рыбарей мудрецами, ниспослал нам Духа’",кириллица,гравировка,на отогнутом кольцевом поле лицевой створки ( ),утрачена,,"«Панагия приписывается епископу тверскому Арсению (1390–1409), основателю Жолтикова монастыря. Судя по палеографии надписей и архаической иконографии Троицы, панагию следует датировать концом XIV – началом XV в. Вполне возможно, что она могла быть заказана Арсением либо при посвящении его в епископы (1390 г.), либо при реставрации им собора Спаса Преображения (1399 г.), в котором он и был посвящен» ( ).",,блгснъ ѥси Хе Бе нашь ѧви ловцѧ премудрыѧ посла намъ дхъ,1390.0,1399.0,14.0
1069,https://epigraphica.ru/epigraphy/inscription/show/1069,1390–1399,Подпись к изображению Богоматери Знамение,Панагия тверского епископа Арсения,панагия,Успенский Желтиков мужской монастырь,понагия стого Спаса,,‘Панагия святого Спаса’,кириллица,,"на второй створке, над изображением Богоматери ( )",утрачена,,"«Панагия приписывается епископу тверскому Арсению (1390–1409), основателю Жолтикова монастыря. Судя по палеографии надписей и архаической иконографии Троицы, панагию следует датировать концом XIV – началом XV в. Вполне возможно, что она могла быть заказана Арсением либо при посвящении его в епископы (1390 г.), либо при реставрации им собора Спаса Преображения (1399 г.), в котором он и был посвящен» ( ).",,понагия стого Спаса,1390.0,1399.0,14.0
1070,https://epigraphica.ru/epigraphy/inscription/show/1070,1390–1399,Надпись с цитатой из Песни Богородицы,Панагия тверского епископа Арсения,панагия,Успенский Желтиков мужской монастырь,чеснѣішю хировимъ і славнѣішю во істину серафимъ безъ,,‘Честнейшую херувим и славнейшую воистину серафим без...’,кириллица,гравировка,,утрачена,,"«Панагия приписывается епископу тверскому Арсению (1390–1409), основателю Жолтикова монастыря. Судя по палеографии надписей и архаической иконографии Троицы, панагию следует датировать концом XIV – началом XV в. Вполне возможно, что она могла быть заказана Арсением либо при посвящении его в епископы (1390 г.), либо при реставрации им собора Спаса Преображения (1399 г.), в котором он и был посвящен» ( ).",,чеснѣішю хировимъ і славнѣішю во істину серафимъ безъ,1390.0,1399.0,14.0
1076,https://epigraphica.ru/epigraphy/inscription/show/1076,[1130–1150],Молитва Лазаря,Стены киевского Софийского собора,стена церкви,Собор св. Софии,Ги҃ помози ра⸗милуи мѧ,,"‘Господи, помоги рабу своему грешному и убогому Лазарю! О святая София, помилуй меня!’.",кириллица,граффито,"центральный неф, фреска с изображением неизвестного святого в северо-восточном углу второго от входа компартимента на южной грани западной лопатки второго от алтаря северного крещатого столпа ( )",с небольшими утратами (>85%),"а Iб ⅓ «Основной вид, плосковерхие» (<1400); б I «Округлая петля» <1120; в I «Округлая нижняя петля» <1140; г 3 «Без боковой засечки» (1140>) (<1220); е I «Правонаклонные» (<1120) (<1240) <1380; р Iа ? «Округлая петля, прямая мачта» (<1320) <1360, р 11 ≈ «Буква целиком в строке» (1120>) (<1320) <1410; у 4 «Буква целиком в строке» (1140>) (<1300); оу Iб « О обычная, О и У сближены» (<1300); ѧ Iб ? «Плосковерхие» (<1380); итог: [1130–1150].",,,Ги҃ помози рамилуи мѧ,1130.0,1150.0,12.0
1077,https://epigraphica.ru/epigraphy/inscription/show/1077,1426–1461,Владельческая надпись великого князя Бориса Александровича на рогатине,Рогатина великого князя Бориса Александровича,оружие и доспехи,Тверь (точное место неизвестно),рогатина великого кнѧзѧ,,‘Рогатина великого князя Бориса Александровича’,кириллица,гравировка,по верхнему краю втулки,целая (100%),,Широкие границы датировки определяются временем правления тверского князя Бориса Александровича.,,рогатина великого кнѧзѧ,1426.0,1461.0,15.0
1078,https://epigraphica.ru/epigraphy/inscription/show/1078,1483,"Подписи к изображениям Иоанна Златоуста, Василия Святого, Григория Богослова, св. Николая и св. Арсения",Панагия с изображением св. Арсения,панагия,Тверь (точное место неизвестно),Текст 1:н҇|im.|Злат҇Текст 2:Ва|силі|ї|im.|оагс҇Текст 3:Грі|гори|и|im.|Бо҇|слов҇Текст 4:оагс|im.|Ни|ко|лаТекст 5:оаг҃|im.|Ар҇се|ниі,,‘Иоанн Златоуст. Василий Святой. Григорий Богослов. Святой Николай. Святой Арсений’,кириллица,гравировка,"на обороте панагии, в пяти крестообразно расположенных кругах, у изображений святых ( )",целая (100%),,"«Канонизация Арсения в Твери произошла в 1483 г., когда были вскрыты его мощи и гроб поставлен в Успенском соборе Жолтикова монастыря для поклонения. Тогда же “был написан его образ” и составлена служба иноком Феодосием. К этому же периоду может относиться изготовление панагии с изображением св. Арсения» ( ).",,н҇ [GAP] Злат҇ Ва силі ї [GAP] оагс҇ Грі гори и [GAP] Бо҇ слов҇ оагс [GAP] Ни ко ла оаг҃ [GAP] Ар҇се ниі,1483.0,1483.0,15.0
1079,https://epigraphica.ru/epigraphy/inscription/show/1079,1483,Подписи к изображениям Богоматери Знамение и святой Троицы,Панагия с изображением св. Арсения,панагия,Тверь (точное место неизвестно),Текст 1:Ми҃рѲꙋ҃Текст 2:Іс҃ Хс҃Текст 3:ст҃ы Тро҇ицаТекст 4:Іс҃ Хс҃,,‘Матерь Божия. Иисус Христос. Святая Троица. Иисус Христос’,кириллица,гравировка,"на внутренних сторонах створок, у изображений ( )",целая (100%),,"«Канонизация Арсения в Твери произошла в 1483 г., когда были вскрыты его мощи и гроб поставлен в Успенском соборе Жолтикова монастыря для поклонения. Тогда же “был написан его образ” и составлена служба иноком Феодосием. К этому же периоду может относиться изготовление панагии с изображением св. Арсения» ( ).",,Ми҃рѲꙋ҃ Іс҃ Хс҃ ст҃ы Тро҇ица Іс҃ Хс҃,1483.0,1483.0,15.0
1080,https://epigraphica.ru/epigraphy/inscription/show/1080,1483,Надпись с цитатой из Песни Богородицы,Панагия с изображением св. Арсения,панагия,Тверь (точное место неизвестно),+ честнѣшухирувимъ и славнишубезъ расуженьꙗ серафимъ безо истленьꙗ Бьѥ слово рожьшис,,"‘Честнейшую херувим и славнейшую без рассуждения серафим, без истления Божье Слово рождшую, с[ущую]’",кириллица,гравировка,по кольцевому полю створки с изображением Знамения Богоматери ( ),целая (100%),,"«Канонизация Арсения в Твери произошла в 1483 г., когда были вскрыты его мощи и гроб поставлен в Успенском соборе Жолтикова монастыря для поклонения. Тогда же “был написан его образ” и составлена служба иноком Феодосием. К этому же периоду может относиться изготовление панагии с изображением св. Арсения» ( ).",,+ честнѣшухирувимъ и славнишубезъ расуженьꙗ серафимъ безо истленьꙗ Бьѥ слово рожьшис,1483.0,1483.0,15.0
1081,https://epigraphica.ru/epigraphy/inscription/show/1081,1483,Надпись с цитатой из тропаря Пятидесятницы,Панагия с изображением св. Арсения,панагия,Тверь (точное место неизвестно),блг҃снꙑ ѥси Хе҃ Бе҃ наꙗвлииловца прмудрꙑꙗ пославъимъ Дх҃ъ ст҃ꙑ тѣм иоулови вселеную ч,,"‘Благословен Ты, Христе Боже наш, сделавший рыбарей мудрецами, послав им Духа Святого, и через них уловивший вселенную, ч[еловеколюбец]’",кириллица,гравировка,,целая (100%),,"«Канонизация Арсения в Твери произошла в 1483 г., когда были вскрыты его мощи и гроб поставлен в Успенском соборе Жолтикова монастыря для поклонения. Тогда же “был написан его образ” и составлена служба иноком Феодосием. К этому же периоду может относиться изготовление панагии с изображением св. Арсения» ( ).",,блг҃снꙑ ѥси Хе҃ Бе҃ наꙗвлииловца прмудрꙑꙗ пославъимъ Дх҃ъ ст҃ꙑ тѣм иоулови вселеную ч,1483.0,1483.0,15.0
1083,https://epigraphica.ru/epigraphy/inscription/show/1083,[1160]–1233,Автограф муромского дьяка,Архитрав собора св. Мартина,стена церкви,Собор св. Мартина,дьꙗкон[ъ] моуро⸗,,[Это] написал муромский дьякон. ( ),кириллица,граффито,"Находится непосредственно под надписью Лазоря Ярышевича , как будто продолжая ее.",с небольшими утратами (>85%),"После [1160], предпочтительно – после [1280]: р IVа «углом вниз (криволинейные)» 1160> (1240>), ъ 4 «высокая петля» (1280>).",,,дьꙗконъ моуро,1160.0,1233.0,12.0
1085,https://epigraphica.ru/epigraphy/inscription/show/1085,[1100]–1233,Автограф полочанина Вискоши,Архитрав собора св. Мартина,стена церкви,Собор св. Мартина,Вискоша полоца(нин)-,,[Это] написал Вискоша полочанин. ( ),кириллица,граффито,,с утратами (50-85%),,,,Вискоша полоцанин-,1100.0,1233.0,12.0
1086,https://epigraphica.ru/epigraphy/inscription/show/1086,[1220–1240],"Молитва об Иване, богатом (грехом?)",Стены киевского Софийского собора,стена церкви,Собор св. Софии,Ги҃ помзи рабу сво⸗,,"‘Господи, помоги рабу своему Ивану грешному, богатому (грехом?)’.",кириллица,граффито,"в северной части придела Иоакима и Анны, на фреске с образом св. Пантелеймона, в арке-переходе между вторым от входа компартиментом центрального нефа и приделом свв. Иоакима и Анны на восточной грани восточной лопатки третьего от алтаря северного крещатого столпа ( )",с небольшими утратами (>85%),"г 3 «без боковых засечек» 2/4 (1140>) (<1220), е 4 «язычок вниз» 1100> (<1400), р IVб «углом вниз, прямолинейные» ½ 1240> (1300>), р 11 «буква целиком в строке» (1120>) (<1320) <1410, т 2 «без боковых засечек» (1120>) (<1300), у 4 ⅗ «буква целиком в строке» (1140>) (<1300); итог: [1220–1240], но: ъ 4 «высокая петля» (1280>), ь 1 «петля углом вперед» ½ (<1200)",,,Ги҃ помзи рабу сво,1220.0,1240.0,13.0
1088,https://epigraphica.ru/epigraphy/inscription/show/1088,[1037–1260],Молитва Яноса о благополучии на море и на суше,Стены киевского Софийского собора,стена церкви,Собор св. Софии,Ги҃ помози р[а]боу св⸗,,"‘Господи, помоги рабу своему Яносу, [и] святая София, и на море и на пути’. ( )",кириллица,граффито,в северно-восточном углу западной части северных хоров на южной грани лопатки стены на фреске с изображением неизвестного святого (совр. придел св. Николая Мокрого) ( ),с небольшими утратами (>85%),"а 1 ⅓ «Покрытие» (<1280) <1320, г 1 «Выступ вверху» (<1200), м 2 «Засечки вверху» (<1280), о 1 «Покрытие» <1260, р Iа ½ «Прямая мачта, округлая петля» (<1320) <1360, ѧ Iб ⅓ «Плосковерхие» (<1380), ѧ 1 ⅓ «Покрытие» (<1280) <1340; итог: [1037–1260], предпочт. [1037–1200]",,,Ги҃ помози рабоу св,1037.0,1260.0,12.0
1089,https://epigraphica.ru/epigraphy/inscription/show/1089,[1037–1200],Молитва о Константине Станимириче,Стены киевского Софийского собора,стена церкви,Собор св. Софии,Ги҃не помози ра⸗,,"‘Господи, помоги рабу своему Константину Станимиричу’. ( )",кириллица,граффито,"на фреске с изображением неизвестного святого; на южной стороне западной лопатки южного крещатого столпа, открывающего арку-переход между юго-восточным углом западного компартимента и центральным пучковым столпом южных хоров (совр. придела св. ап. Андрея); на высоте123 см отуровня пола, на расстоянии 61 см от левого ребра ( )",целая (100%),"втор. четв. ХІ – кон. ХІІ вв.: в с переломом при мачте, правонаклонная е , правонаклонная з с переломом, п с выступом вверху, прямолинейная р с округлой незамкнутой петлей, ѣ с верхней засечкой ( )",,,Ги҃не помози ра,1037.0,1200.0,12.0
1091,https://epigraphica.ru/epigraphy/inscription/show/1091,[1150–1215],Проклятие (Пс. 34: 6),Стены киевского Софийского собора,стена церкви,Собор св. Софии,боуди поут(ь) ихъ,,‘Да будет путь их темен и искусителен и Ангел Господень да преследует их’ (Пс. 34: 6).,кириллица,граффито,"на фреске XII в. с образами неизвестных святых; на северной стене алтарной части придела свв. Антония и Феодосия Печерских; на высоте 128 см от пола и на расстоянии 89 см от левого угла В ходе реставрационных работ по раскрытию росписи XI в. фреска была снята и перенесена на южную стену алтаря, где древняя роспись не сохранилась. ( )",с небольшими утратами (>85%),"втор. четв. XIІ – нач. ХІІІ вв.: а с выпуклой петлей и покрытием, б и г с выступом вверху, Δ -образная д , правонаклонная з с переломом, ѧ без перемычки ( )",,,боуди поуть ихъ,1150.0,1215.0,12.0
1092,https://epigraphica.ru/epigraphy/inscription/show/1092,[1175–1215],Молитва о Фоме,Стены киевского Софийского собора,стена церкви,Собор св. Софии,Ги҃ помози рабу сво⸗,,"‘Господи, помоги рабу своему Фоме’. ( )",кириллица,граффито,"на фреске XII в. с образами неизвестных святых; на северной стене алтарной части придела свв. Антония и Феодосия Печерских; на высоте 141 см от пола и на расстоянии 152 см от левого угла В ходе реставрационных работ по раскрытию росписи XI в. фреска была снята и перенесена на южную стену алтаря, где древняя роспись не сохранилась. ( )",целая (100%),"посл. четв. XIІ – нач. ХІІІ вв.: а с удлиненной вверх спинкой, б с выступом вверху, з с переломом хвоста, р с петлей углом вниз, ѥ с засечкой на язычке ( )",,,Ги҃ помози рабу сво,1175.0,1215.0,12.0
1093,https://epigraphica.ru/epigraphy/inscription/show/1093,[1037–1120],Молитва о Путьке-Евстратии,Стены киевского Софийского собора,стена церкви,Собор св. Софии,Ги҃ помози рабуоним[ь] Евстратиевисвѧтаѧ Софие и свѧтꙑ⸗и Онуофрие і свт҃ꙑи [Влас]иеи свѧти Лазор- (-)----- [П]-[ть]⸗(ни)цѧ + (-)----- и поми⸗луи же отьцѧ моего ду[о]⸗ховьнаго и брата его поп⸗па Василиѧ и ма[т]ер-,Ги҃ помози рабуо своемуо мирьнимь имень⸗ мъ Пуотькови а хрьс⸗ ть*ни*м[ъ] Евстратиеви свѧтаѧ Софие и свѧтꙑ⸗ и Онуофрие і свт҃ꙑи [Влас]ие и свѧти Лазор- (і свт҃аѧ) [П](ѧ)[ть]⸗ (ни)цѧ + (-)----- и поми⸗ луи же отъцѧ моего ду[о]⸗ ховьнаго и брата его поп⸗ па Василиѧ и ма[т]ер- ( ),"‘Господи, помоги рабу своему мирским именем Путьку, а хрестианским Евстратию. Святая София, и святой Онуфрий, и святой Власий, и святой Лазорь, и (святая Пятница). (Спаси) и помилуй отца мого духовного и брата его, попа Василия, и мать (?)...’.",кириллица,граффито,"в северно-восточно углу предалтарной части Апостольского придела (совр. южной внешней галереи), на фреске с образом св. Онуфрия; на высоте 125 см от уровня пола и на расстоянии 65 см от левого ребра ( )",с утратами (50-85%),"до 1180 (предпочтительно до 1120). б , в , п с выступом вверху: <(1120)<1180 втор. четв. XI – кон. ХІІ в. ( )",,,Ги҃ помози рабуонимь Евстратиевисвѧтаѧ Софие и свѧтꙑи Онуофрие і свт҃ꙑи Власиеи свѧти Лазор- [GAP] П-тьницѧ + [GAP] и помилуи же отьцѧ моего дуоховьнаго и брата его поппа Василиѧ и матер-,1037.0,1120.0,11.0
1095,https://epigraphica.ru/epigraphy/inscription/show/1095,[1180–1300],Молитва об Илии,Стены киевского Софийского собора,стена церкви,Собор св. Софии,Ги҃ помъзи рабу своему,,"‘Господи, помоги рабу своему Илье’. ( )",кириллица,граффито,на фреске с изображением орнамента; на западной стороне арки-перевода из Апостольского придела (совр. южная внешняя галеря) в западную внутреннюю галерю; на высоте 140 см от уровня пола и на расстоянии 15 см от правого угла ( ),целая (100%),"а IVа «Округлая петля (простая)» <1300, б 4 «Высокакя петля» 1180> (1360>), з 1 «Выступ вправо вверху» (<1340), и 1б «Верхние засечки (короткие)» (<1400), р Iа «Округлая петля (прямая мачта)» (<1320) <1360, р 11 «Буква целиком в строке» (1120>) (<1320) <1410, ъ 3 «Выступ вправо вверху» (<1200); итог: [1180–1300], предпочт.: [1180–1200]",,,Ги҃ помъзи рабу своему,1180.0,1300.0,13.0
1096,https://epigraphica.ru/epigraphy/inscription/show/1096,[1125–1225],Молитва о Матвее,Стены киевского Софийского собора,стена церкви,Собор св. Софии,Ги҃ помози рабу своему Матве{ве}ѣ(ви),,"‘Господи, помоги рабу своему Матвею’. ( )",кириллица,граффито,на фреске с изображением орнамента; на западной стороне арки-перевода из Апостольского придела (совр. южная внешняя галеря) в западную внутреннюю галерю; на высоте 140 см от уровня пола и на расстоянии 15 см от правого угла ( ),с небольшими утратами (>85%),"втор. четв. ХІІ – перв. четв. XІІІ вв.: з с переломом хвоста, в с большой нижней петлей, прямолинейная р углом вверх ( )",,,Ги҃ помози рабу своему Матвевеѣви,1125.0,1225.0,12.0
1097,https://epigraphica.ru/epigraphy/inscription/show/1097,[1037–1215],Молитва о Георгии,Стены киевского Софийского собора,стена церкви,Собор св. Софии,Ги҃ помози рабу своему Георгеви,,"‘Господи, помоги рабу своему Георгию’. ( )",кириллица,граффито,"на фреске с изображением орнамента; на западной стороне арки-перевода из Апостольского придела (совр. южная внешняя галеря) в западную внутреннюю галерю; на высоте 135,5 см от уровня пола и на расстоянии 16 см от правого угла ( )",целая (100%),"втор. четв. ХІ – нач. XІІІ вв.: б с выступом вверху, в с большой нижней петлей, прямолинейная р углом вверх ( )",,,Ги҃ помози рабу своему Георгеви,1037.0,1215.0,12.0
1098,https://epigraphica.ru/epigraphy/inscription/show/1098,[1120–1380],Молитва о Даниле,Стены киевского Софийского собора,стена церкви,Собор св. Софии,Ги҃ пози рабу сво⸗,,"‘Господи, помоги рабу своему Данилу’.",кириллица,граффито,"на фреске с изображением орнамента; на западной стороне арки-перевода из Апостольского придела (совр. южная внешняя галеря) в западную внутреннюю галерю; на высоте 135,5 см от уровня пола и на расстоянии 16 см от правого угла ( )",целая (100%),"г 1 «Выступ вверху» (<1200), е 2 «Е-образная» <1380, и 1а ¼ «Засечки вверху (длинные)» (<1300), и 2б ¼ «Засечки внизу (короткие)» (1120>) (<1400), р II «Головка углом вверх» (<1280) <1380, р 11 «Буква целиком в строке» (1120>) (<1320) <1410; итог: [1120–1380], предпочт.: [1120–1280]",,,Ги҃ пози рабу сво,1120.0,1380.0,13.0
1099,https://epigraphica.ru/epigraphy/inscription/show/1099,[1050–1200],Надпись «Благослови Бог»,Стены киевского Софийского собора,стена церкви,Собор св. Софии,Благослови Бъ҃,,‘Благослови Бог’. ( ),кириллица,граффито,"западная внутренняя галерея, фреска с образами свв. Феопистии, Агапия и Евстафия; на южной стене второго с юга компартимента; на высоте 79 см от уровня современного пола и на расстоянии 36 см от левого угла ( )",целая (100%),"сер. ХІ – кон. ХІІ вв.: а с удлиненной вверх спинкой, в с переломом при мачте, и и л с верхними засечками ( )",,,Благослови Бъ҃,1050.0,1200.0,12.0
1102,https://epigraphica.ru/epigraphy/inscription/show/1102,1253–1261 гг.,"Надпись, содержащая дату",Стены киевского Софийского собора,стена церкви,Собор св. Софии,в лѣт҇҂ѕ҃ѱ҃ѯ-҃с҇ца априлѧ въ ·ѕ҃· в п-----------и-ѧдобр-д,,‘В лето 676- месяца апреля в 6 в п(амять ?)…’.,кириллица,граффито,придел Петра и Павла; на фреске на северной стороне апсиды ( ),фрагмент (15-50%),"в IIб ½ «Перелом не касается мачты» (<1340) <1400, м 1 ? «Покрытие» <1200, р IVа «Углом вниз (криволинейные)» 1160> (1240>), ц 5 «Платформа по низу строки» (<1200) (1300>), ѧ IIIа «V-образный язычок (острые)» 1280> (1340>)",,,в лѣт҇҂ѕ҃ѱ҃ѯ-҃с҇ца априлѧ въ · ѕ҃ · в п [GAP] и-ѧдобр-д,1253.0,1261.0,13.0
1104,https://epigraphica.ru/epigraphy/inscription/show/1104,[1100–1200],Надпись о смерти Иоанна Слепка,Стены киевского Софийского собора,стена церкви,Собор св. Софии,(мс҇)ѧ марта въ ·д҃· дн҃ь пристависѧ,,‘Месяца марта в 4-й день скончался раб божий Иоанн Слепко’. ( ),кириллица,граффито,"Михайловский придел, на фреске с изображением Честнаго креста, в северо-восточном углу солеи на южной грани восточной лопатки первого от алтаря крещатого столпа ( )",с небольшими утратами (>85%),"в IIа «Перелом при мачте» (<1220) <1320, д II « Δ- и А - образные» 1100> <1200, р Iа «Округлая петля (прямая мачта)» (<1320) <1360, ь 1 «Петля углом вперед» (<1200) итог: [1100–1200]",,,мс҇ѧ марта въ · д҃ · дн҃ь пристависѧ,1100.0,1200.0,12.0
1105,https://epigraphica.ru/epigraphy/inscription/show/1105,[1140–1280],Вторая надпись об Иоанне Слепке,Стены киевского Софийского собора,стена церкви,Собор св. Софии,мс҇цѧ фе[врарѧ],,‘Месяца февраля [...] марта в 4-е [...] Иоанн Слепко’. ( ),кириллица,граффито,"в приделе великомученника Георгия, в северо-западном углу солеи на спуске от арки-перехода к алтарной части придела свв. апостолов Петра и Павла ( )",с утратами (50-85%),"р III «Углом вперед» 1140>, ѡ IIIа «Угловатые, W -образные» (1100>) <1280, ъ 3 «Выступ вправо вверху» (<1200); итог: [1140–1280], предпочт. [1140–1200]",,,мс҇цѧ феврарѧ,1140.0,1280.0,13.0
1106,https://epigraphica.ru/epigraphy/inscription/show/1106,[1160–1200],Надпись о смерти Марфы,Стены киевского Софийского собора,стена церкви,Собор св. Софии,мсцѧ ок[т]ѧм[б]рѧ,,‘Месяца октября в 5-ый день преставилась раба Божия Марфа’.,кириллица,граффито,в центральном приделе на фреске в северо-восточном углу алтарного возвышения ( ),с небольшими утратами (>85%),"а 7 «Удлиненная спинка» <1200 1410>, б 3 «Выступ вверху» (<1200), в IIб «Перелом не касается мачты» (<1340) <1400, д II « Δ- и А -образные» 1100> <1200, ж IVб «Основной вид (разомкнутые)» (1120>), р IVа «Углом вниз (криволинейные)» 1160> (1240>), ѧ 2 «Верхняя засечка» (1100>) (<1220) <1400; итог: [1160–1200]",,,мсцѧ октѧмбрѧ,1160.0,1200.0,12.0
1108,https://epigraphica.ru/epigraphy/inscription/show/1108,[1160–1200],Неоконченная надпись о смерти в августе,Стены киевского Софийского собора,стена церкви,Собор св. Софии,мс҇ца авъгуста пристави,,‘Месяца августа скончался’. ( ),кириллица,граффито,"в центральном нефе, в северо-западном углу солеи на восточной грани южной лопатки первого от алтаря северного крещатого столба ( )",целая (100%),"а IIа «Выпуклые (острые)» 1100>, г 1 «Выступ вверху» (<1200), и II~ «Наклонная перекладина» 1320> [наклон слева направо нехарактерен для данной графемы], р IVa «Углом вниз (криволинейные)» 1160> (1240>), ъ III «Петля с двумя изломами» 1320> [ввиду недавних находок берестяных грамот XII в. с таким начерком ъ , этой границей можно пренебречь (например, грамота №1186 сер. XII в.)]; итог: [1160–], предпочт. [1160–1200], но есть и вероятность более поздней датировки [после 1320]. ср. написание ъ и ꙑ с петлей с двумя углами в надписи на пряслице «Чепура пыта Пыпна рекла». ( )",,,мс҇ца авъгуста пристави,1160.0,1200.0,12.0
1109,https://epigraphica.ru/epigraphy/inscription/show/1109,[после 1320],Надпись о смерти Александра на память Мины и Гермогена,Стены киевского Софийского собора,стена церкви,Собор св. Софии,мс҇цѧ декабрѧ въ [і҃] дн҃ьт҇ст҃хъ мч҃нк[ъ М]и⸗н(ꙑ и) Ермогена пр[е]ста⸗висѧ рабъ Би҃иѺлеѯандро ~,,"‘Месяца декабря в 10-й день, на память святых мучеников Мины и Гермогена, скончался раб Божий Александр’.",кириллица,граффито,"придел Петра и Павла, на южной стене апсиды ( )",с небольшими утратами (>85%),"б III «Петля с двумя изломами» 1320>, б 3! «Выступ вверху» (<1200), в 4! «Выступ вверху» (<1200) <1280, г 1 «Выступ вверху» (<1200), е 5 «Язычок вверх» 1300> (1380>), и 4 «Высокая перекладина» 1300>, м 4б «Провисающая петля (вертик.)» 1280>, х 7~ «Маленький верх и широкий низ» (1340>); итог [после 1320], предпочт. [после 1380] Широкое о в начале имени и ѯ указывают, возможно, уже на XV в. ( )",,,мс҇цѧ декабрѧ въ і҃ дн҃ьт҇ст҃хъ мч҃нкъ Минꙑ и Ермогена престависѧ рабъ Би҃иѺлеѯандро ~,1320.0,1320.0,14.0
1110,https://epigraphica.ru/epigraphy/inscription/show/1110,[1120–1200],Молитва белгородского попа Аврама,Стены киевского Софийского собора,стена церкви,Собор св. Софии,ст҃ыи Оноуѳриѡс [п]омилоу⸗,,"‘Святой Онуфрий, помилуй меня раба своего священничка Аврама по(па) белгородского [церкви] святого Иоанна Златоустого’.",кириллица,граффито,на фреске с образом св. Онуфрия; в северо-восточном углу предалтарной части Апостольского придела (нынешней южной внешней галереи) ( ),с небольшими утратами (>85%),"а IVа «Округлая петля (простая)» <1300, а 1 «Покрытие» (<1280) <1320, в 4 «Выступ вверху» (<1200) <1280, г 1 «Выступ вверху» (<1200), д 1 «Покрытие» (<1280) <1360, е 1 «Покрытие или отворот влево» <1280, з Iа «Правонаклонные (перелом)» (<1120) (<1200) <1340, з 1 «Выступ вправо вверху» (<1340), и 1а «Верхние засечки (длинные)» (<1300), и 2а «Нижние засечки (длинные)» 1120> (1140>) (<1300) <1400, л 1 «Покрытие» (<1280) <1360, н 1а «Верхние засечки (длинные)» (<1300) <1320, н 2а «Нижние засечки (длинные)» (1140>) (<1300) <1400, о 2 «Плоский верх» <1360, п 1 «Выступ вверху» (<1200), р II «Углом вверх» (<1280) <1380, с 1 «Покрытие или отворот влево» (<1300) <1380, ѡ I «Единая дуга» <1200, ц 1 «Верхние засечки» (<1400), ц 4 «Буква целиком в строке» (1160>) (<1300), ъ 3 «Выступ вправо вверху» (<1200), ѣ 5 «Верхняя засечка» (<1200) (1280>) <1400, ѧ 1 «Покрытие» (<1280) <1340; итог: [1120–1200], предпочт. [1160–1200]",,,ст҃ыи Оноуѳриѡс помилоу,1120.0,1200.0,12.0
1112,https://epigraphica.ru/epigraphy/inscription/show/1112,[1280–1320],Цитата из 117 псалма (Господь мне помощник...),Стены киевского Софийского собора,стена церкви,Собор св. Софии,п҃ Гд мнѣ помощникът҇мнѣ чл҃вкъ,,"‘50 Господь мне помощник, не устрашусь, что может сделать мне человек’.",кириллица,граффито,в приделе свв. Иоакима и Анны; на фреске с изображением св. Мины; в северо-западном углу предалтарного пространства на северной грани восточной лопатки второго от алтаря северного крещатого столпа ( ),с небольшими утратами (>85%),"е 5 «Язычок вверх» 1300>, м 4б (1/3) «Провисающая петля (вертик.)» 1280>, п 1 (1/2) «Выступ вверху» (<1200) <1300, у 3 «Пересечка» 1100> (<1280), у 8 «С-образно изогнутые» 1280>, ѣ (1/2?) «Трезубец» 1100> <1180; итог: [1280–1320]",,Надпись «воспроизводит текст 117 псалма» ( ).,п҃ Гд мнѣ помощникът҇мнѣ чл҃вкъ,1280.0,1320.0,13.0
1121,https://epigraphica.ru/epigraphy/inscription/show/1121,1279,Надпись о смерти Кюрила и жены его Оксении,Стены церкви Спаса Преображения на Нередице,стена церкви,Церковь Спаса Преображения на Нередице,В лѣт҇ ·҂ѕ·(ѱ)с҇цаѡктѧб҇ з҃прѣста⸗висѧ ра(бъ)Бж҃ииКюри⸗лъ напмѧтсвт҇гоСергиꙗа де[вѧ]⸗тꙑи д(н҇ь)жена [ѥ]⸗го прѣ⸗став(и)⸗сѧ Ѡ(ксе⸗)ниꙗг҃и пом⸗ози ра⸗боу сво⸗ѥмоу Кю⸗рилоу иѠксен⸗иі,,"‘В год 6787 (1279) месяца октября, 7-го, преставился раб Божий Кирил на память святого Сергия, а (в) девятый день жена его преставилась Оксения. Господи, помоги рабу своему Кирилу и Оксении’. ( )",кириллица,граффито,"Южная грань юго-восточного столба. У самого края столба по красному фресковому слою, концы строк частично утрачены. Высота от пола 192 см, от правого края столба 7 см, длина строк 5,5 см, высота надписи 48,5 см. ( )",с небольшими утратами (>85%),1300–1340 ( ),,,В лѣт҇ · ҂ѕ · ѱс҇цаѡктѧб҇ з҃прѣстависѧ рабъБж҃ииКюрилъ напмѧтсвт҇гоСергиꙗа девѧтꙑи дн҇ьжена ѥго прѣстависѧ Ѡксениꙗг҃и помози рабоу своѥмоу Кюрилоу иѠксениі,1279.0,1279.0,13.0
1122,https://epigraphica.ru/epigraphy/inscription/show/1122,1255,Надпись о смерти Кузьмы Ивановича,Стены церкви Спаса Преображения на Нередице,стена церкви,Церковь Спаса Преображения на Нередице,въ лѣт҇ ·҂ѕ·ѱ҃·ѯв҃· мс҇ца генварѧкѳпрѣвисѧ рабъ би҃и [·] Коузма · Ивановичь,,‘В год 1255 29 января преставился раб Божий Кузьма Иванович’. ( ),кириллица,граффито,"Южная грань юго-западного столба. Высота от пола 140 см, длина 25 см, ширина 1–1,5 см. В настоящее время начало надписи полностью утрачено, сохранились лишь части имени: ... би҃и коу... маивановичь. Среди иллюстраций к труду И. А. Шляпкина «Русская эпиграфика» (ИИМК РАН, Научный архив, Рукописный отдел, ф. 35, оп. 2) имеется фотография прориси с эстампажа этой надписи. ( )",целая (100%),,,"Воспроизведение текста И. И. Срезневским с точностью до небуквенных знаков (точки и титла) совпадает с первой фиксацией текста архим. Макарием (1857). Последний неверно передает имя усопшего ( Козма вм. Коузма ), принимает за д҇ надстрочную букву ѳ и безоговорочно 'исправляет' пропущенный автором надписи слог ста . Сам И. И. Срезневский, вероятно, не изучал надпись de visu.",въ лѣт҇ · ҂ѕ · ѱ҃ · ѯв҃ · мс҇ца генварѧкѳпрѣвисѧ рабъ би҃и · Коузма · Ивановичь,1255.0,1255.0,13.0
1123,https://epigraphica.ru/epigraphy/inscription/show/1123,1246,Надпись о смерти Севастияна-Перемила,Стены церкви Спаса Преображения на Нередице,стена церкви,Церковь Спаса Преображения на Нередице,Въ лѣт҇ ҂ѕ҃ѱ҃н҃д генва(рѧ въ -҃)ѳ҃ прѣстависѧ рабъ би҃и Севастиꙗнъ,,"‘В год 6754 (1246) января 29-го преставился раб Божий Севастьян, черноризец в схиме, а в миру Перемил’. ( )",кириллица,граффито,"Южная грань юго-западного столба. Длина сохранившихся фрагментов первой строки 11 см, второй строки — 10 см, высота букв 1–1,1 см, ширина 0,5–0,7 см. Текст сохранился полностью, см. фотографию по прориси с эстампажа И. А. Шляпкина (ИИМК РАН, Научный архив, Рукописный отдел, ф. 35, оп. 2). ( )",с небольшими утратами (>85%),,,,Въ лѣт҇ ҂ѕ҃ѱ҃н҃д генварѧ въ -҃ѳ҃ прѣстависѧ рабъ би҃и Севастиꙗнъ,1246.0,1246.0,13.0
1125,https://epigraphica.ru/epigraphy/inscription/show/1125,[1300–1320],Молитва Андроника,Стены церкви Спаса Преображения на Нередице,стена церкви,Церковь Спаса Преображения на Нередице,ги҃ по[мо]зи рабу своѥму,,"‘Господи, помоги рабу своему Андронику грешному, отпусти, Господи, грех, исправь (приведи в порядок), Господи, душу мою грешную’. ( )",кириллица,граффито,"Южная сторона юго-восточного столба. На фресковом фоне, справа от фигуры мученицы (Н. В. Пивоварова определяет эту фигуру как изображение святой Февронии или Матроны [Пивоварова 2002: 241, 213]), слева от надписи о смерти Кирила и «жены его Оксении» . Высота от пола 159,5 см, расстояние от правого края 18 см, длина граффити 9,5 см, высота букв 3 см. ( )",с небольшими утратами (>85%),"Б III 'Петля с двумя изломами' 1320>, Ѣ III 'Петля с двумя изломами' 1320>, Р V 'Петля с двумя изломами' 1280>, У 2 'Маленькая головка' <(1200)<1220 (!), Д 3 'Длинные ножки в типе I' <1200+1280>. Язык: редуцированные двояко ( Андронику, грешьному ) <1300. Итого 1300–1320. Почерк мелкий, узкий; а «плосковерхая», петля с изломом [Зализняк 2000: 153], ѣ с коромыслом на уровне верхней границы строки, х с уменьшенным верхом и закругленными размашистыми хвостами [Там же: 195]. В слове своему ѥ после гласного. Надпись датируется в пределах второй половины XIV в. ( )",,,ги҃ помози рабу своѥму,1300.0,1320.0,14.0
1126,https://epigraphica.ru/epigraphy/inscription/show/1126,[1280–1300],Многолетствование новобрачным (Хомуту и дочери Андрея),Стены церкви Спаса Преображения на Нередице,стена церкви,Церковь Спаса Преображения на Нередице,Хомуть ожениль⸗,,‘Хомут женился на дочери Андрея. Многая лета!’ ‘Хомуть женился на дочери Андрея. Многа(я) лета!’ ( ) Доп. интерпретации,кириллица,граффито,"Южная сторона юго-восточного столба, на синем фресковом фоне. Высота от пола 140 см, расстояние от правого края столба 27 см, длина 19 см, высота 6,5 см. ( )",с небольшими утратами (>85%),"Ж 5б 'Плечо у верха мачты' 1240>, Ѧ IIIб 'V-образный язычок (плосковерхие)' 1280-1400, Р IVб 'Углом вниз (прямолинейные)', Графика: Ѣ →Е 1100–1380. Язык: редуцированные двояко ( О нд рьею, м о но|га ) <1300. Итого 1280–1300.",,,Хомуть ожениль,1280.0,1300.0,13.0
1129,https://epigraphica.ru/epigraphy/inscription/show/1129,[1380–1500],Надпись об Адаме,Стены церкви Спаса Преображения на Нередице,стена церкви,Церковь Спаса Преображения на Нередице,(Ад)амъ первыи чв҃къ,,,кириллица,граффито,"Северная стена. На поверхности северной стены, в ее западной части, на уровне северо-западного столба, выше человеческого роста. Около 160 см от пола, длина 20,5 см, ширина 4,5 см, высота букв 1 см. Сохранилась не полностью; начала строк закрыты реставраторской вычинкой, процарапана очень тонкой иглой в три строки, справа перекрыта рисунком птицы с хохолком на голове в виде четырех черточек и с отростком под клювом, напоминающим петушиный гребень, ниже похожий рисунок еще одной птицы с хохолком и пышным хвостом. ( )",с утратами (50-85%),"Ъ 4 'Высокая петля' (1280)>, Е 4 'Лежащие' 1380>, Ч IIа 'Y-образные' 1280>, Ю IIв 'Перемычка наклонно вверх' 1320>, Р 13 'Наклонная мачта' 1360>, Р IVб 'Углом вниз (прямолинейные) 1240> (1300)>, В 5 'Высокая нижняя петля' 1340> (1360)>, И III 'Диагональ' 1340>. Итоговая датировка: после 1380 ( ). Позднее XV в. Y-образная Ч не встречается (Е. Ф. Карский. Славянская кирилловская палеография, 1928. С. 202). Палеографические характеристики надписи позволяют датировать ее первой половиной — серединой XV в.: буквы ъ и ы с высокими треугольными петлями, доходящими до верхней точки косой мачты [Зализняк 2000: 205], е якорная, лежащая на строке, ч с расщепом, V-образная, с отсечками [Там же: 203], ю с косой перекладиной, р с наклонной вправо мачтой и треугольной петлей основанием вниз, в с высокой нижней петлей. Над словом м(е)ртвыхъ короткая черта — подобие титла. Титло похожего вида и над словом чв҃къ. Датировке не противоречит и орфография: в слове первыи буква е из исконного ь. ( )",,,Адамъ первыи чв҃къ,1380.0,1500.0,15.0
1130,https://epigraphica.ru/epigraphy/inscription/show/1130,[1400–1450],Покаянная надпись,Стены церкви Спаса Преображения на Нередице,стена церкви,Церковь Спаса Преображения на Нередице,…Ѡ горе ти дш҃е моѧ,,,кириллица,граффито,"Северная грань северо-западного столба. Высота от пола 160 см, длина строк 13,5 см и 13 см, высота букв 1,2 – 1,5 см. ( )",с утратами (50-85%),"Палеографические характеристики: д с выходящей за вершину треугольника правой частью, с длинными ножками платформы [Зализняк 2000: 161], широкая ѧ , с треугольным язычком, вытянутая и с косой перекладиной — датируют надпись первой половиной XV в. ( )",,,[GAP] Ѡ горе ти дш҃е моѧ,1400.0,1450.0,15.0
1132,https://epigraphica.ru/epigraphy/inscription/show/1132,[1280–1320],Надпись о смерти Ульяны,Фрагменты фресковой штукатурки 1120-х гг. Георгиевского собора Юрьева монастыря,стена церкви,Георгиевский собор Юрьева монастыря,…рѧ ѕ ҃ дн҃ъ н[а] пам(ѧть) …,,‘Месяца …ря в 6‑й день на память святого … преставилась раба Божия Ульяна (?)…’. ( ),кириллица,граффито,"Фрагмент 2848* найден в южной апсиде Георгиевского собора Юрьева монастыря. «Блок из трех кусков штукатурки светлобежевого (светлосерого) цвета. Направление кисти ярко выраженное, вертикальное, очень заметное. В нижней части поверхность сглаживается, становится почти ровной». ( )",фрагмент (15-50%),"«Почерк, скорее всего, тот же, что в S23 . Палеографически – после [1280], предпочт. до [1320]: Р V «петля с двумя изломами» 1280>». ( )",,"«Надпись, скорее всего, сообщала о смерти женщины по имени Ульяна. Сохранившиеся буквы в конце второй строки допускают разные варианты реконструкции: с [ л ] е [ п ] аѧ …, с [ д ] е ( положена )… и др. Отметим написание д҃нъ с необозначенной мягкостью н или отражением его отвердения, ср. д҃нь в написанной тем же почерком S23 . В верхней части фрагмента 2848* читается начало последней строки другой надписи, сделанной сходным почерком; сохранились буквы свꙩ … ( рабу своему ?) и неопределяемая буква в предыдущей строке. В последовательности свꙩ , сохранившейся от верхней надписи, представлен редкий случай использования буквы ꙩ после согласного». ( )",[GAP] рѧ ѕ ҃ дн҃ъ на памѧть [GAP],1280.0,1320.0,13.0
1139,https://epigraphica.ru/epigraphy/inscription/show/1139,[1127–1280],Надпись с упоминанием Мартирия,Фрагменты фресковой штукатурки 1120-х гг. Георгиевского собора Юрьева монастыря,стена церкви,Георгиевский собор Юрьева монастыря,…анатв[ꙋ]рьѧ возал,… (ꙋ) [М]анатв[ꙋ]рьѧ возал ( ),‘… у Манатвурья (Мартирия) взял’. ( ),кириллица,граффито,"Надпись расположена на блоке из четырёх фрагментов (2824, 2968, 3238, 3243), которые были найдены в южной апсиде. «Трехцветный блок, находился на границе красного и зеленого фонов, разделенных белой вертикальной линией разгранки. Окончание надписи пересекает линию разгранки и заходит на красный фон». ( )",малый фрагмент (<15%),"«предпочт. до [1280]: А 1 «покрытие» (<1280); В V «нижняя косая к мачте» 1140> (1380>), З 2а «ъ-образные (правонаклонные)» 1120–1300, Р III «углом вперед» (<1280)» ( )",,"Настоящая надпись и граффито S31b (№1140 настоящей Базы) «сделаны одна под другой, по-видимому, одним почерком» ( ). Почерк и графика некнижные: используется зеркальное а (наряду с обычным), з имеет ъ ‑образное начертание, в слове возал не обозначена мягкость срединного согласного, отсутствует конечный ъ , а в приставке ъ заменен на о . На фоне этих отклонений от книжного стандарта интерпретируется загадочное [ м ] анатв [ ꙋ ] рьѧ . Перед нами, по‑видимому, двойное искажение формы Мант ( о ) урьѧ – разговорного варианта канонического имени Мартирий, с межслоговой диссимиляцией р ~ р > н ~ р . В Синодальном списке НПЛ основа имени последовательно записывается как Мартоури ‑, на епископской печати находим Мартури - ( ), в надписи о смерти и погребении сыновей Ярослава Владимировича ( S1a (№ 255 настоящей Базы) ) – Мартꙋри ‑. Между тем в списках младшего извода НПЛ встречается лишь форма Мантурии. Надпись показывает, что вариант с н существовал уже в конце XII в. Второе а после н выступает на месте вставного ъ ( Манът ‑), ср. варианты мантия (из манът ‑), манотия , манатия ; ср. также Канадратоу в берестяной грамоте № 1073 (сер. XIII в.) . Вставка в между т и у имеет, по‑видимому, ту же природу, что и написание издвушиша вместо издушиша в Синодальном списке Новгородской первой летописи (л. 76, 6746)1, и объясняется фонетической близостью артикуляции билабиального [w] и гласного [у]. Новгородским источникам эпохи независимости известен единственный Мартирий – архиепископ, занимавший кафедру с 1193 по 1199 г. За год до своего избрания, в 1192 г., Мартирий основал в Русе Спасо‑Преображенский монастырь. Соблазнительной выглядит в связи с этим возможность прочтения имени в надписи S31b как Евдокия. Дело в том, что под тем же 1192 г. летопись сообщает о смерти игумении Воскресенского монастыря Марии и поставлении на ее место Евдокии (это событие, скорее всего, зафиксировала надпись S10). Возможное сочетание в надписях имен Евдокии и Мартирия позволяет предположить, кто и что мог взять у новопоставленных игумена и игумении. Речь может идти о так называемой ставленой пошлине, взимавшейся архиереями с возводимых на церковные должности лиц. Против этой практики (точнее, злоупотреблений ею) направлена первая статья постановления собора 1274 г., в которой фиксируется и специальное обозначение пошлины за поставление игуменом – посошное (т. е. мзда за вручение посоха как символа игуменской власти, см.: ): “прочее от сего времени аще кто явиться от святого нашего собора или игумена в игуменство, емля от него что, свящая на мзде, рекомое “посошное” , или постригая мирского попа на мзде в игуменство, или попа поставляет к церкви, емля у него что, да будут извержены” ( ). Хотя взимание ставленых пошлин было, по существу, легальным обычаем, оно, безусловно, вызывало осуждение в монашеской среде. Неслучайно в начале XIV в. выразителем самой бескомпромиссной позиции по данному вопросу выступил инок тверского монастыря Богородицы Акиндин в своем послании к князю Михаилу Ярославичу ( –158). Речь может идти о так называемой ставленой пошлине, взимавшейся архиереями с возводимых на церковные должности лиц. Негативное отношение к взиманию “посошного” могут отражать и юрьевские надписи. В контексте эпиграфического комплекса южной абсиды первую из них проще всего представить как комментарий к надписи о поставлении новой игумении Воскресенского монастыря, которая согласно нашей реконструкции заканчивалась фразой: “и поставил владыка на месте ее Евдокию” (S10). Сделанная другой рукой ремарка могла быть сформулирована как продолжение этой фразы: “[Столько‑то гривен] у Евдокии взял”. Аналогично, и надпись про Мартирия могла комментировать несохранившуюся запись об основании им монастыря» ( ).",[GAP] анатвꙋрьѧ возал,1127.0,1280.0,13.0
1142,https://epigraphica.ru/epigraphy/inscription/show/1142,1103–[1200],Молитва Стыряты,Стены церкви Благовещения на Городище,стена церкви,Церковь Благовещения на Городище,[ⱁ] Ⰳⰻ҃ Ⰻⱄⱏ҃ Ⱈⰵ҃ [ⰵⰳ]ⰴⰰ ⱄⱑⰴ[ⰵ]ⱎⰻ ⱄ(ⱆ)ⰴⰻⱅ[ⰻ],,"‘О, Господи Исус Христос! Когда сядешь судить мои дела, не осуди меня, грешного раба твоего! Стырята писал’. ( )","кириллица, глаголица",граффито,"Несколько тысяч подобранных стык в стык и частично склеенных фрагментов фресковой штукатурки 1100-х гг. Сведения о местоположении: Церковь Благовещения на Городище, жертвенник, апсида, правый (южный) край, ок. 220 см над полом XII в. Место надписи: Полоса красно-коричневой разгранки над полосой городчатого орнамента, у правого края, у верхнего края. Судя по уровню расположения, граффито моглo быть выполненo только с какого-то возвышения. ( ) Тем же почерком и тем же крупным письмом [ что и надпись № 29 ] выполнена одна из двух больших надписей на разгранке выше полосы ступенчатого орнамента. ( )",с небольшими утратами (>85%),,"Церковь Благовещения была окончательно разрушена перед закладкой в 1342 г. на ее месте нового каменного храма. Между тем среди граффити на фресках церкви 1103 г. нет надписей с признаками, которые позволили бы однозначно датировать эти тексты XIII или первой половиной XIV в.",,ⱁ Ⰳⰻ҃ Ⰻⱄⱏ҃ Ⱈⰵ҃ ⰵⰳⰴⰰ ⱄⱑⰴⰵⱎⰻ ⱄⱆⰴⰻⱅⰻ,1103.0,1200.0,12.0
1146,https://epigraphica.ru/epigraphy/inscription/show/1146,[1127–1200],Дни недели,Фрагменты фресковой штукатурки 1120-х гг. Георгиевского собора Юрьева монастыря,стена церкви,Георгиевский собор Юрьева монастыря,нд҃лѧед(ѣльникъ)(…),,"‘Воскресенье, понедельник...’.",кириллица,граффито,"Фрагмент 2861 был найден в южной апсиде. «Фрагмент находился на границе красного и зеленого фонов, разделенных белой полосой разгранки по вертикали. Строки надписи начинались на красном фоне и заканчивались на зеленом». ( )",фрагмент (15-50%),«XII в.?» ( ),,"«Надпись выполнена изящным беглым почерком с тонкими верхними засечками при отсутствии нижних, что говорит в пользу ранней даты. Судя по началу, она представляла собой записанную в столбик последовательность названий дней недели. Ту же последовательность, но записанную в строку, с сокращением названий дней до начальных слогов, представляет знаменитое граффито не по у се чь пѧ су в церкви Спаса на Нередице ( ) и его вариант в Спасо‑Преображенском соборе Переславля‑Залесского, в котором, в отличие от нередицкой версии, над сокращениями стоят титла ( , № 6). Прагматика текстов такого рода неясна» ( ).",нд҃лѧедѣльникъ [GAP],1127.0,1200.0,12.0
1148,https://epigraphica.ru/epigraphy/inscription/show/1148,[1420–1500],Надпись о смерти Иоанна,Фрагменты фресковой штукатурки 1120-х гг. Георгиевского собора Юрьева монастыря,стена церкви,Георгиевский собор Юрьева монастыря,прест(а)ви(сѧ) … ... Iѡ(а)[н]ъс҇цѧ iюнѧ … …каЄлѣcиꙗ,прест(а)ви(сѧ рабъ Бж҃ии) Iѡ(а)[н]ъ мс҇\цѧ iюнѧ (въ 14 на память ст҃го пр҃)[р]ка Елѣcиꙗ ( ),‘Преставился раб божий Иоанн месяца июня в 14‑й день на память святого пророка Елисея’. ( ),кириллица,граффито,"Фрагменты 2500*/2962, 2501, 2502, 2561 были найдены в северной апсиде. «Блок из трех кусков штукатурки – монолита и двух отдельных фрагментов в три цвета. Надпись читается посередине, под линией разгранки, разделяющей зеленый и красный фоны; ниже них лежит бежевый, переходящий в белый. К нижнему краю появляется больше затертостей/повреждений красочного слоя (преимущественно, красного с проступающим бежевым)». ( )",с утратами (50-85%),"«после [1420]: И II «наклонная перекладина» 1320>; Т II «треногое» 1420>; Ѧ IIIа «V-образный язычок (острые)» 1280> (1340>), Ю IIг «перемычка по верху» 1360>; Ꙗ IIа «высокая перемычка» 1300>; графика: «є» 1320>» ( )",,"«Буквы крупные, грубоватые» ( ). «Буква ѧ выступает в разных начертаниях в стандартном сокращении и в названии месяца» ( ).",престависѧ [GAP] ѡанъс҇цѧ юнѧ [GAP] каЄлѣиꙗ,1420.0,1500.0,15.0
1149,https://epigraphica.ru/epigraphy/inscription/show/1149,[1342–1351],Надпись о смерти Леонтия (чистовая),Фрагменты фресковой штукатурки 1120-х гг. Георгиевского собора Юрьева монастыря,стена церкви,Георгиевский собор Юрьева монастыря,в лѣт҇҂ѕ҃.ѡ҃.н҃.- (мс҇ц)ѧ ма⸗муч҇Алекса[д](ра)…,,‘В 685… году месяца марта 14 преставился раб Божий Леонтий Спы… на память святого мученика Александра’. ( ),кириллица,граффито,"Фрагменты 2518*, 2519*, 2520 (?), 2522, 2523 были найдены в северной апсиде. «Блок из четырех кусков штукатурки – двух монолитов и двух фрагментов. Базовый цвет – темно-зеленый. Фреска покрыта небольшими выбоинками, точками и случайными царапинами/линиями, затертостями, т. е. красочный слой преимущественно поврежден в большей или меньшей степени». Настоящая надпись расположена на фрагментах 2518*, 2519*. ( )",с утратами (50-85%),,,"Поле «Расположение на носителе» содержит информацию о блоке фрагментов, на которых читаются две связанных между собой надписи N2a (настоящая надпись) и N2b (№ 1150 настоящей Базы) . Настоящая (чистовая надпись N2a) выполнена «крупным почерком, расположена над черновой надписью N2b (№1150 настоящей Базы) , наезжая последней строкой на первую строку черновика. <...> Левее и чуть выше надписи читается написанное другим, еще более крупным почерком слово мц҃ѧ – заготовка поминальной надписи. Над годовой датой – инвокация Ги҃ (почерк также другой, более мелкий)» ( ). «Слово мученика сокращено с использованием лигатуры му , такой же, как в черновой надписи, чем подтверждается тождество почерков. Нетипична форма е в имени умершего: она напоминает латинскую Е , хотя в слове преставися та же буква записана совершенно иначе. Начинавшееся на Спꙑ ‑ фамильное прозвище Леонтия надежно не восстанавливается. Начальное Сп ‑ подтверждается черновой надписью. От буквы после ꙑ сохранилась левая вертикаль, подходящая для целого ряда букв. Из мыслимых вариантов наиболее вероятен Спышь , который можно трактовать как гипокористику на ‑ ышь от прозвища Сопъ (< Съпъ ), извлекаемого из названия деревень Сопова и Сопово в Шелонской и Деревской пятинах ( ; ). Возможны также варианты Спынев и Спыревъ » ( ).",в лѣт҇҂ѕ҃.ѡ҃.н҃.- мс҇цѧ мамуч҇Алексадра [GAP],1342.0,1351.0,14.0
1150,https://epigraphica.ru/epigraphy/inscription/show/1150,[1342–1351],Надпись о смерти Леонтия (черновая),Фрагменты фресковой штукатурки 1120-х гг. Георгиевского собора Юрьева монастыря,стена церкви,Георгиевский собор Юрьева монастыря,"на фрагментах 2518, 2522на фрагменте 2520на фрагменте 2523c҇[ц]ѧ марта д м ичь С[п]би҃и (Ле)[ѡ]н[т] [т҃]гомуч҇ѣи",мс҇\[ц]ѧ марта д҃(i престависѧ рабъ) Би҃и (Леѡ)н[т]⸗ ѣи (Мики)[т]ичь С[п]---⸗ (въ на св)[т҃]го *му*ч҇\ (Александра) ( ),‘Месяца марта 14 преставился раб божий Леонтий …тичь Спы… на память святого мученика Александра’. ( ),кириллица,граффито,"Фрагменты 2518*, 2519*, 2520 (?), 2522, 2523 были найдены в северной апсиде. «Блок из четырех кусков штукатурки – двух монолитов и двух фрагментов. Базовый цвет – темно-зеленый. Фреска покрыта небольшими выбоинками, точками и случайными царапинами/линиями, затертостями, т. е. красочный слой преимущественно поврежден в большей или меньшей степени». Настоящая надпись расположена на фрагментах 2518*, 2520 (?), 2522, 2523. ( )",с утратами (50-85%),,Датирована по дате в чистовой надписи [N2a] (№1149 в настоящей Базе) .,"Поле «Расположение на носителе» содержит информацию о блоке фрагментов, на которых читаются две связанных между собой надписи N2a (№1149 настоящей Базы) и настоящая надпись N2b. «Чистовая надпись N2a (№1149 настоящей Базы) , выполненная крупным почерком, расположена над настоящей черновой надписью N2b, наезжая последней строкой на первую строку черновика. Почерк черновой надписи более мелкий и убористый» ( ). «Судя по большому пробелу перед ичь на фрагменте 2519, предыдущая буква могла быть г или т . Буква м в реконструируемом [ М ]( ики )[ т ] ичь находится на отдельном маленьком фрагменте, который может и не относиться к надписи (хотя почерк безусловно тот же); отчество Леонтия могло быть и другим, например Игнатичь. Примечательна трансформация, которой текст подвергся при создании чистовой надписи: добавив годовую дату (что для поминальных надписей большая редкость) и слово “память”, автор убрал отчество умершего, оставив только фамильное прозвище» ( ).","на фрагментах , на фрагменте на фрагменте ҇цѧ марта д м ичь Спби҃и Леѡнт т҃гомуч҇ѣи",1342.0,1351.0,14.0
1153,https://epigraphica.ru/epigraphy/inscription/show/1153,1103–[1200],"Крестные слова Христа (Пс. 21:2, Мф. 27:46, Мк. 15:34)",Стены церкви Благовещения на Городище,стена церкви,Церковь Благовещения на Городище,Ⰱⰶ҃ⰵ (Ⰱ)ⰶ҃ⰵ ⰿ[ⱁ](ⰻ ⰲⱏ)ⱄⰽⱁⱆ(ⱓ),,"‘Боже, Боже мой! Для чего Ты оставил меня?’",глаголица,граффито,"Жертвенник, апсида, правая (южная) сторона, ок. 175 см над полом XII в. Полоса красно-коричневой разгранки под полосой городчатого орнамента, над прямоугольником бурой мраморировки, 19 см от правого края, у верхнего края. 1-ая буква 2-ой строки начиналась правее 3-ей буквы 1-ой строки, то есть 2-ая строка была выровнена почти по центру. ( )",с небольшими утратами (>85%),,"Церковь Благовещения была окончательно разрушена перед закладкой в 1342 г. на ее месте нового каменного храма. Между тем среди граффити на фресках церкви 1103 г. нет надписей с признаками, которые позволили бы однозначно датировать эти тексты XIII или первой половиной XIV в.",,Ⰱⰶ҃ⰵ Ⰱⰶ҃ⰵ ⰿⱁⰻ ⰲⱏⱄⰽⱁⱆⱓ,1103.0,1200.0,12.0
1155,https://epigraphica.ru/epigraphy/inscription/show/1155,"[1127–1180], 1162 (?)",Надпись о смерти игумена монастыря пресвятой Богородицы,Фрагменты фресковой штукатурки 1120-х гг. Георгиевского собора Юрьева монастыря,стена церкви,Георгиевский собор Юрьева монастыря,(прѣстависѧ) …нь о--(с҇)цаиюлѧ (в)ъ в҃ї а погр(еб)енъ б[ꙑ](с҇)наꙋтриѧ въ гї҃ [д](н҃ь с)ъ чь(стью),(прѣстависѧ) (пасто)[у](хъ гс҇\д)нь О(ль)⸗ [кса] (игуменъ мн҃)сты(рѧ) пр(ѣст҃ы)⸗ ѧ влд҃(чиц)[ѧ] н[а](ше)[ѧ] Бц҃ѧ м(\с҇\)\ца июлѧ (в)ъ в҃ї а погр(еб)енъ б[ꙑ](\с҇\)\ наꙋтриѧ въ гї҃ [д](н҃ь с)ъ чь(стью) ( ),"‘Преставился … Олекса (?), игумен монастыря пресвятой владычицы нашей Богородицы, месяца июля в 12‑й, а погребен был наутро в 13‑й день с честью’. ( )",кириллица,граффито,"Фрагменты 2503*, 2505, 2508, 2801, 3201 были найдены в северной апсиде. «Блок из пяти кусков штукатурки – монолит и четыре фрагмента – в три цвета. Линия разгранки проходит вертикально, по левому краю (2505), разделяя красный фон и зеленый, на котором сделаны надписи. На зеленом фоне видны ярко выраженные вертикальные и диагональные мазки кисти. Заметные повреждения красочного слоя отсутствуют, если не считать нескольких небольших выбоин на линии разгранки. Надпись занимает верхнюю часть блока». ( )",с утратами (50-85%),"«до [1180]: «Б, В, Г, П обычно с выступом» <1180» ( )",,"«Надпись N5a (настоящая надпись) занимает верхнюю часть блока, надписи N5b (№1156 настоящей Базы) и N5с (№1157 настоящей Базы) читаются ниже и правее. Надпись N5b сделана поверх глаголической надписи N5с и частично обходит ее» ( ). Несмотря на сильную фрагментированность, бо́льшая часть надписи восстанавливается с уверенностью. Торжественность формулировок заставляет думать, что речь идет о кончине игумена, а не рядового монаха. На о ‑ в конце 1‑й строки должно было начинаться имя умершего. Весьма вероятно, что им был игумен Антониева монастыря Алекса, о смерти которого летопись сообщает под 1162 (6670 г.): “ Прѣставися игуменъ Олькса святыя Богородиця, и поставиша по немь игуменомь Мануила ” ( ). Алекса был поставлен игуменом в 1157 г. после смерти Андрея, преемника основателя обители св. Антония Римлянина ( ). Для реконструируемого (очень гипотетически) ( пасто )[ у ]( хъ гс҇\д ) нь ср. в Киевской летописи под 1183 (6691) г. о новоизбранном архимандрите Василии: “… и бы(с) игѹменъ и пастѹхъ чер(нор)изьцемь Федосьєва манастырѧ ” ( ). Возможная альтернатива – ( прѣстависѧ въ вѣчьно )[ у ]( ю жиз ) нь – предполагает наличие еще одной строки сверху с нетривиально оформленной годовой датой. Оба варианта отвечают возвышенной стилистике надписи. Необходимая длина второй строки достигается при допущении, что слово монастыря было записано с сокращением ( ).",прѣстависѧ [GAP] нь о [GAP] с҇цаиюлѧ въ в҃ї а погребенъ бꙑс҇наꙋтриѧ въ гї҃ дн҃ь съ чьстью,1127.0,1180.0,12.0
1158,https://epigraphica.ru/epigraphy/inscription/show/1158,[1160–1320],Надпись о смерти неизвестного лица,Фрагменты фресковой штукатурки 1120-х гг. Георгиевского собора Юрьева монастыря,стена церкви,Георгиевский собор Юрьева монастыря,+ мс҇ца · и(юн)ѧ · въ ·е҃i : на (с)[т]аго [прр҃ка] (Амо)[с](а) прѣстав(исѧ) …,,‘Месяца июня в 15‑й день на память святого пророка Амоса преставился…’. ( ),кириллица,граффито,"Фрагменты 2533, 2534*, 2536*, 2538* были найдены в северной апсиде. «Блок из четырех кусков штукатурки – трех монолитов и одного фрагмента. Базовые цвета: синий и дымчато-зеленый. Линия разгранки светло-бежевого цвета проходит горизонтально. Красочный слой в этом месте хрупкий, под разгранкой в нескольких местах видны следы белил. На фрагменте 2533 синий и зеленый фоны явным образом стыкуются с красным, а по левому краю тянется темно-коричневая полоса. Это значит, что блок находился на одной из граней столба. По характеру сохранности красочного слоя можно заключить, что сначала наносилась синяя краска, затем зеленая и только потом делалась разгранка. Видны ярко выраженные мазки кисти. На зеленом фоне вдоль линии разгранки они горизонтальные, ниже – вертикальные. На синем фоне – только вертикальные. Значительных повреждений красочного слоя в обоих случаях нет, если не считать слабого внешнего загрязнения на синем фоне и вспученности краски на зеленом фоне на фрагменте 2534. Надпись читается в верхней части блока». ( )",с утратами (50-85%),"«[1160‑1320]: В IIа «перелом при мачте» <1320, Р «углом вниз» 1160>, графика: «разделительное двоеточие» <1400» ( )",,"На блоке из четырёх фрагментов (2533, 2534*, 2536*, 2538*) расположены две надписи: настоящая и о смерти Митрофана ( N6b, №1159 настоящей Базы ). «Надпись N6a (настоящая надпись) читается в верхней части блока, надпись N6b – в нижней» ( ). «В слове мс҇\цѧ буква ѧ исправлена из а . Хронологические указания совпадают с приведенными в летописном сообщении 1422 г. о смерти новгородского архиепископа Симеона: “ Того же лѣта, мѣсяца июня въ 15, святого пророка Амоса, преставися архиепископъ новгородчкыи Семеон …”. Однако палеография надписи не позволяет датировать ее XV в.» ( ).",+ мс҇ца · июнѧ · въ · е҃ : на стаго прр҃ка Амоса прѣстависѧ [GAP],1160.0,1320.0,13.0
1159,https://epigraphica.ru/epigraphy/inscription/show/1159,[1160–1320],Надпись о смерти Митрофана,Фрагменты фресковой штукатурки 1120-х гг. Георгиевского собора Юрьева монастыря,стена церкви,Георгиевский собор Юрьева монастыря,[м](с҇)ца · ма[и](ѧ въ ѕ҃ на памѧ)т҇· ст҃аг(о И)ева · прѣстависѧ ра(бъ Бж҃ии),,‘Месяца мая в 6 день на память святого Иова преставился раб Божий Митрофан’. ( ),кириллица,граффито,"Фрагменты 2533, 2534*, 2536*, 2538* были найдены в северной апсиде. «Блок из четырех кусков штукатурки – трех монолитов и одного фрагмента. Базовые цвета: синий и дымчато-зеленый. Линия разгранки светло-бежевого цвета проходит горизонтально. Красочный слой в этом месте хрупкий, под разгранкой в нескольких местах видны следы белил. На фрагменте 2533 синий и зеленый фоны явным образом стыкуются с красным, а по левому краю тянется темно-коричневая полоса. Это значит, что блок находился на одной из граней столба. По характеру сохранности красочного слоя можно заключить, что сначала наносилась синяя краска, затем зеленая и только потом делалась разгранка. Видны ярко выраженные мазки кисти. На зеленом фоне вдоль линии разгранки они горизонтальные, ниже – вертикальные. На синем фоне – только вертикальные. Значительных повреждений красочного слоя в обоих случаях нет, если не считать слабого внешнего загрязнения на синем фоне и вспученности краски на зеленом фоне на фрагменте 2534». Надпись читается в нижней части блока. ( )",с утратами (50-85%),"«[1160–1320]: В IIа «перелом при мачте» <1320, Р «углом вниз (криволинейные) 1160>» ( )",,"На блоке из четырёх фрагментов (2533, 2534*, 2536*, 2538*) расположены две надписи: N6a (№1158 настоящей Базы) и настоящая надпись ( ). «Под этой надписью, на уровне слова Митроθана видно начало надписи слабым тонким почерком: н [ а ]… Ниже, скорее всего, находился рисунок птицы (два фрагмента из группы 2447)» ( ). «Почерк, возможно, тот же, что и в N6a » ( ). «В первой публикации надпись была трактована как сообщение о смерти посадника Михалка Степанича, умершего, согласно Новгородской первой летописи, 18 мая 1206 г. и принявшего в постриге имя Митрофан (“ Прѣставися рабъ божии Митрофанъ, а мирьскы Михалько, постригься у святѣи Богородици въ Аркажи манастыри маия въ 18, посадникъ новгородьскыи ” ( )). После прочтения святочной даты сохранить эту атрибуцию можно, лишь допуская, что за дату смерти автор надписи принял дату пострига. Более вероятно, однако, что надпись зафиксировала смерть какого‑то другого лица» ( ).",мс҇ца · маиѧ въ ѕ҃ на памѧт҇ · ст҃аго Иева · прѣстависѧ рабъ Бж҃ии,1160.0,1320.0,13.0
1160,https://epigraphica.ru/epigraphy/inscription/show/1160,"[1140–1220], [1223]?",Надпись о смерти архиепископа Митрофана,Фрагменты фресковой штукатурки 1120-х гг. Георгиевского собора Юрьева монастыря,стена церкви,Георгиевский собор Юрьева монастыря,… .г҃.[и] дн҃ь п(рес)тависѧ,(Въ лѣт҇\ 6731 мц҃ѧ иоулѧ въ) .г҃. [и] дн҃ь п(рес)тависѧ (Митрофанъ) (архепс҃пъ новго)[р]одьскыи [бг҃](олюбивыи и) бла(гов)[ѣ]рьныи (х)[р]ст[иѧ]⸗ (нъ) ( ),"‘В год 6731 (1223)‑й месяца июля в 3‑й день преставился Митрофан, архиепископ новгородский, боголюбивый и благоверный христианин’. ( )",кириллица,граффито,"Фрагменты 2527*/2529, 2532 были найдены в северной апсиде. «Блок из трех кусков штукатурки – монолита и двух отдельных фрагментов. Красный фон занимает большую часть пространства и соседствует с бежевым (белым) в нижней части блока, уходя в небольшой градиент. Линии разгранки как таковой нет. Базовый цвет – красный. Направление кисти едва заметное, горизонтальное. Есть спорадические повреждения красочного слоя: выбоины, царапины, небольшие затертости». ( )",с утратами (50-85%),"«[1140–1220]: И 1а «верхние засечки (длинные)» (<1300), Н 1а «верхние засечки (длинные)» (<1300) <1320, Р III «углом вперед» 1140>, язык: «редуцированные сохранены» <1220» ( )",,"На блоке из фрагментов 2527*/2529, 2532 расположены три надписи: настоящая N7a, автограф N7b (№1161 настоящей Базы) и надпись неопределённого назначения N7c (№1162 настоящей Базы) ( ). «В верхней части блока наблюдается большая концентрация тонких линий, относящихся, повидимому, к рисунку (или рисункам). Часть из них округлой формы, пересекают текст надписи N7c . Воронкообразное завершение надписи N7а обрамлено фигурной рамкой (скобкой), хорошо видной на фрагменте 2527 и обнаруживаемой также на 2529. Справа от нее – незавершенная вертикальная плетенка. На фрагменте 2532 видна штриховка, напоминающая счетные засечки; над ними – какой-то рисунок» ( ). «Последние две буквы слова ( х ) рст [ иѧ ]|( нъ ) были, вероятно, написаны у левого края рамки. Реконструкция основывается на указании дня (3‑е число) в сочетании с титулом “(новго)[р]одский” и эпитетом “благоверный”. О смерти новгородского архиепископа Митрофана Новгородская первая летопись сообщает следующее: “ Въ то же лѣто прѣставися архиепископъ новгородьскыи Митрофанъ, мѣсяця июля въ 3, на святого Уакинфа, понедѣльнику свитающю, и положенъ бысть въ святѣи Софии въ притворе; а даи богъ его святую молитвою князю и всемъ новгородцемъ ” ( ). Согласно младшему изводу, 3 июля скончался также, в 1352 г., архиепископ Василий Калика (в Синодальном списке его смерть датирована 5‑м июля, ср.: , 362), однако палеография позволяет относить ее к домонгольскому периоду. Другие новгородские владыки в этот период не умирали в даты, заканчивающиеся на 3» ( ).",[GAP] .г҃.и дн҃ь престависѧ,1140.0,1223.0,12.0
1167,https://epigraphica.ru/epigraphy/inscription/show/1167,[1360–1420],Надпись о смерти Онсифора (Онцифора Лукинича?),Фрагменты фресковой штукатурки 1120-х гг. Георгиевского собора Юрьева монастыря,стена церкви,Георгиевский собор Юрьева монастыря,престависѧ Ѡнси[ѳ]…,,‘Преставился Онсифор …’. ( ),кириллица,граффито,"Надпись находится на фрагментах 2516/2517*, 2602 (?), которые были найдены в северной апсиде. Базовый цвет блока из четырёх фрагментов (2516/2517*, 2557, 2602) – «синий, слева белая вертикальная полоса разгранки и область красного фона, видимо – на ребре лопатки». ( )",фрагмент (15-50%),"«после [1360], предпочт. до [1420]: Р а «углом вниз (криволинейные)» 1160> (1240>), Ѡ IV «угловатые с перемычкой» 1360>, графика: «Ѡ» 1240>, графика: «Ѳ» (<1410)» ( )",,"Группа N11* состоит из четырёх надписей: фрагмента поминальной надписи N11a , настоящей надписи N11b, «Помяни Олександра…» N11с , фрагмента поминальной надписи N11d . Группа надписей находится на фрагментах 2516/2517*, 2557 (?), 2602 (?). «Надписи находятся одна под другой в порядке а , b , с , d . <...> Обрывки надписей а и b могут читаться также на фрагменте 2667, но определить его положение относительно блока 2516/2517* затруднительно» ( ). Надпись N11a «выполнена большими, глубоко прорезанными буквами, что отличает ее от находящейся ниже надписи N11b. Самый известный носитель имени Он ( и ) сифор – новгородский посадник Онцифор Лукинич. Сроки его жизни (впервые упоминается в летописи под 1342 г. ( ), умер в 1367 г. ( ; )) хорошо согласуются с внестратиграфической датировкой надписи. Нетипичные для поминальных надписей особенности формуляра – начальная позиция глагола и отсутствие сочетания “раб Божий” – находят соответствие в летописном сообщении: “Преставися Онцифор, посадник новгородский” (Там же). Предполагая в нижней надписи на фрагменте 2557 продолжение данного граффито, можно реконструировать и слово ( п ) о ( с ) а [ д ]( никъ ), хотя и без полной уверенности. Запись имени через с нехарактерна для летописей, но представлена в берестяной грамоте № 98/100 ( ).",престависѧ Ѡнсиѳ [GAP],1360.0,1420.0,14.0
1168,https://epigraphica.ru/epigraphy/inscription/show/1168,[1340–1360],Поминание Олександра,Фрагменты фресковой штукатурки 1120-х гг. Георгиевского собора Юрьева монастыря,стена церкви,Георгиевский собор Юрьева монастыря,помѧни …кнсдра,,"‘Помяни, (Господи), … Олександра’. ( )",кириллица,граффито,"Надпись находится на фрагменте 2517*, найденном в северной апсиде. Базовый цвет блока из четырёх фрагментов (2516/2517*, 2557, 2602) – «синий, слева белая вертикальная полоса разгранки и область красного фона, видимо – на ребре лопатки». ( )",фрагмент (15-50%),"«[1320–1360], предпочт. [1340–1360]: Д 1 «покрытие» (<1280) <1360, И II «наклонная перекладина» 1320> (1340)>, графика: «Ѡ» 1240>» ( )",,"Группа N11* состоит из четырёх надписей: фрагмента поминальной надписи N11a , надписи о смерти Онсифора N11b , настоящей надписи N11с, фрагмента поминальной надписи N11d . Группа надписей находится на фрагментах 2516/2517*, 2557 (?), 2602 (?). «Надписи находятся одна под другой в порядке а , b , с , d . Надпись N11c начата с отступом от края, вероятно, для того, чтобы обойти рисунок под началом надписи b (две пересекающиеся по вертикали дуги)» ( ). «Автор граффито сначала пропустил слог кса , а потом вписал к и с над строкой. Формула “Помяни, Господи…” не свойственна эпиграфике XI–XIII в.; она отсутствует в надписях новгородского Софийского собора, а в Киеве представлена только в надписях, датируемых XVI–XVII вв. ( ). То же относится и к имени Александр: как некняжеское оно встречается в Новгороде начиная с 30‑х гг. XIV в. ( )» ( ).",помѧни [GAP] кнсдра,1340.0,1360.0,14.0
1169,https://epigraphica.ru/epigraphy/inscription/show/1169,[1340–1400],Надпись о смерти неизвестного,Фрагменты фресковой штукатурки 1120-х гг. Георгиевского собора Юрьева монастыря,стена церкви,Георгиевский собор Юрьева монастыря,--уна месѧца се при(стависѧ) …,,"‘… месяца, вот преставился имярек … на память святого мученика Ок…’. ( )",кириллица,граффито,"Надпись находится на фрагментах 2517*, 2602 (?), найденных в северной апсиде. Базовый цвет блока из четырёх фрагментов (2516/2517*, 2557, 2602) – «синий, слева белая вертикальная полоса разгранки и область красного фона, видимо – на ребре лопатки». ( )",фрагмент (15-50%),"«[1300–1400], предпочт. после [1340]: У 8 «С-образно изогнутые 1280> (1320>) (<1410), Ц 2 «нижняя засечка» 1160–1400 (<1300), Ѧ IIIб «V-образный язычок (плосковерхие)» 1300> (1340>) – 1400» ( )",,"Группа N11* состоит из четырёх надписей: фрагмента поминальной надписи N11a , надписи о смерти Онсифора N11b , «Помяни Олександра…» N11с , настоящей надписи N11d. Группа надписей находится на фрагментах 2516/2517*, 2557 (?), 2602 (?). «Надписи находятся одна под другой в порядке а , b , с , d » ( ). «Буква у в первой строке исправлена, вероятно, из о . Почерк некнижный, с чем корреспондируют множественные отклонения от языковых и формульных стандартов: «бытовая» замена е на ь в мучьньника (в сочетании с «лишним» нь ), полная запись слова месѧца (обычно записывается сокращенно), форма преставися с приставкой при ‑, частица се , вставленная между месячной датой и глаголом. Неясно, какой месяц был назван в надписи. Реконструкция ( и ) уна < иунѧ >, с необозначением мягкости н (еще одно нестандартное написание), наталкивается на следующее препятствие: памяти святых, чьи имена могли бы начинаться на Ок ‑, в июне отсутствуют. Возможно, автор граффито спутал июнь с июлем (3 июля – память мученика Иакинфа). Весьма вероятно, что к этой надписи относится фрагмент 2602, на котором читаются буквы оро [ д ] (ср. характерный вид буквы р с разомкнутым верхом, нигде более в надписях Георгиевского собора не встретившийся). Он мог принадлежать первой строке граффито и содержать часть слова новгородскыи . Учитывая соседство с надписью о смерти Онсифора, допустимо предположить, что и эта надпись сообщала о смерти посадника» ( ).",[GAP] уна месѧца се пристависѧ [GAP],1340.0,1400.0,14.0
1191,https://epigraphica.ru/epigraphy/inscription/show/1191,[1160–1200],Автографы Созонта лютого и Сергия 'тативого',Стены юрьевского Георгиевского собора,стена церкви,Георгиевский собор Юрьева монастыря,Текст 1:теѱ҃лъ лютꙑиТекст 2:а се Сьрь[г]и[ı ѱ҃]лъ [т]атив…,,‘А это писал Созонт лютый. А это писал Сергий-грабитель’. ( ),кириллица,граффито,"Лестничная башня, стена, над 24-ой ступенью, 121 см над ступенью. Поверхность штукатурки с правым краем надписи утрачена. Под второй строкой надписи приписаны три или четыре глаголических буквы, не складывающиеся в слова (см.: –86, № 22). ( )",с небольшими утратами (>85%),"Совокупная внестратиграфическая датировка вместе с граффито № 3, выполненным тем же почерком, что и вторая строка рассматриваемой надписи: [1160–1200]. Графика: ь → ъ <1180 (<1140) (?); А IIб «выпуклые (плосковерхие)» 1100> (<1420), Ж Iа1 «прямая звезда» <1200 (<1120), З 4 «хвост мало выступает из строки» 1100> (1100–1340), Л 1 «покрытие» <1360 (<1280), Т 2 «без боковых засечек» (1120–1300), Ꙑ Iв «низкая перемычка» 1160> (1320>). ( )",,,теѱ҃лъ лютꙑи а се Сьрьгиı ѱ҃лъ татив [GAP],1160.0,1200.0,12.0
1192,https://epigraphica.ru/epigraphy/inscription/show/1192,[1160–1200],Автограф Созонта-ворюги,Стены юрьевского Георгиевского собора,стена церкви,Георгиевский собор Юрьева монастыря,а се Созонте ѱлъ к[р]ажи,,‘А это писал Созонт-ворюга’. ( ),кириллица,граффито,"Лестничная башня, столб, над 24-ой ступенью, 146 см над ступенью. ( )",целая (100%),См. № 2 . ( ),,,а се Созонте ѱлъ кражи,1160.0,1200.0,12.0
1196,https://epigraphica.ru/epigraphy/inscription/show/1196,[1160–1220],Цитата из Разумов сложения Варнавы неподобного,Стены киевского Софийского собора,стена церкви,Собор св. Софии,Мати не хотѧчи дѣтичѧ бѣжѧгет,,"‘Мать не из желания [причинить боль] подвергает ребенка испытаниям, и Бог не из желания [причинить боль] наказывает бедами человека, – [а потому, что] разум, выйдя за свои пределы, приобщается ко всем грехам’. ( )",кириллица,граффито,"София Киевская, северная внутренняя галерея, на фреске с образами св. Димитрия Солунского и св. Мины. На южной стене второго от входа компартимента придела св. Владимира. На высоте 141 см от пола и на расстоянии 290 см от левого угла ( )",целая (100%),"а 1 «Покрытие» <1320; в IIа «Перелом при мачте» (<1220) <1320; ж Iа2 «Извитая звезда» <1260; и 1б «Верхние засечки (короткие)» (<1400); н 1б «Верхние засечки (короткие)» (<1400), н 2б «Нижние засечки (короткие)» <1400; р IVа «Углом вниз (криволинейные)» 1160>; х 3 «Нижние засечки» 1160>; итог: [1160–1260], предпочт. [1160–1220] «орфография со смешением ъ и ь ( бь҃ , но объчь ) исключает датировку надписи временем позже середины XII в.» ( )",,"«Граффито состоит из четырех довольно длинных строк (34 см) <...> Запись имеет сравнительно хорошую сохранность, но чтение и особенно понимание ее довольно затруднено» ( ). Ср. с текстом под 1214 г. в Летописце Переяславля Суздальского ( ): мати убо, не хотящи детии лихыхъ, ранами кажет, тако и Господь, не хотя человека грешна, кажет всякыми напастьми, ратью, огнем, потопом, гладом . Источник обоих текстов – «Разумы сложения Варнавы неподобного» ( ): (69) плѣньникъ на всю бѣдоу прѣдълежить готовь. Тако и оумъ състоупивъ съ свое ( г ) о чиноу на всѣ грѣхы готовь ѥсть <...> (71) мт҃и не хотѧщи дѣтища болна ѣжа [sic!] ѥсть, тако и Бъ҃ не хотѧ чловѣка грѣшна печальми кажеть и казньми ( 149).",Мати не хотѧчи дѣтичѧ бѣжѧгет,1160.0,1220.0,12.0
1198,https://epigraphica.ru/epigraphy/inscription/show/1198,1432–1435,"Молитва Якова Григорьевича, митрополичьего писаря",Стены собора св. Софии в Константинополе,стена церкви,Собор св. Софии в Константинополе,(Ги҃ пом)ози рабу своему Ꙗкову Григорьевичписарю Герасима митрополита Киевьскаго +,,"‘Господи, помоги рабу своему Якову Григорьевичу, писарю Герасима, митрополита Киевского’",кириллица,граффито,"Западная часть южной галереи. Надпись выполнена последовательно на северо-западной, западной юго-западной сторонах северо-восточной колонны. Высота от пола – 152 см. ( )",с небольшими утратами (>85%),"а – 7; в имеет следующие начертания: 1) в Григорьеви(ч)[у] – VIа, 2) в остальных случаях – III; г – I; е – II; з – IIIа; и – II; к – Iа; л – Iа; м – Iа; о – I; п – I; р имеет следующие начертания: 1) в рабу – Iа, 2) в остальных случаях – Iб; с – I; т – II; у – II; ч – IIв; ь имеет следующие начертания: 1) в Григорьеви(ч)[у] – IIб, 2) в Киевьскаго – III; ꙗ – IIа. Надпись выполнена полууставным письмом. На ее принадлежность второй половине XIV – XV в. указывают особенности начертания а, з, к, р, т, ч, ь [Щепкин, с. 129–131; Черепнин, с. 244–255]. Эта хронология находит свое подтверждение в палеографии берестяных грамот (датирующие признаки: а – «удлиненная спинка»; в – «верхняя косая к основанию в угол»; и – «наклонная перекладина»; т – «треногое»; ч – «расщеп V-образный» [Зализняк, с. 153, 157, 171, 187, 203]). Написание остальных букв не противоречит предлагаемой датировке. ( )",,"Время нахождения Герасима, в прошлом епископа Смоленска, во главе митрополии Киевской и всея Руси, не было продолжительным: обычно его определяют периодом с 1432/1433 по 1435 г. [Тарасов]. Предшественник Герасима – митрополит Фотий – скончался 2 июля 1431 г. В Константинополь для посвящения в сан митрополита смоленский архиерей отправился не позднее 1 сентября 1432 г., когда его покровитель – великий князь литовский Свидригайло (1430–1432 гг.), свергнутый с трона стародубским князем Сигизмундом Кейстутовичем (1406–1432 гг.), – бежал в Полоцк. Здесь Свидригайло начал собирать силы для борьбы за возвращение престола, сохраняя контроль над «литовской Русью»: Полоцкой, Витебской, Смоленской, Черниговской, Киевской и другими землями. Осенью 1433 г. Герасим, поставленный константинопольским патриархом Иосифом II (1416–1439 гг.) на всю Русь, вернулся в Смоленск. В сложившейся ситуации митрополит, по всей видимости, решил примкнуть к сторонникам нового правителя Литвы. Известно, что 12 января 1434 г. специальной грамотой великий князь литовский Сигизмунд (1432–1440 гг.) «признал Герасима митрополитом Киевским и всея Руси во всех его (Сигизмунда – Ю. А., А. Г.) землях», оставив за ним Смоленскую епархию до тех пор, пока вся митрополия не окажется под его властью [ 380–382, 533–534]. В конце марта 1435 г. по распоряжению Свидригайла митрополит, которого обвинили в поддержке Сигизмунда, был арестован и отправлен в Витебск, где в течение четырех месяцев пребывал «в железах», а затем был сожжен на костре в конце июля 1435 г. ( –392). ( )",Ги҃ помози рабу своему Ꙗкову Григорьевичписарю Герасима митрополита Киевьскаго +,1432.0,1435.0,15.0
1199,https://epigraphica.ru/epigraphy/inscription/show/1199,[1300–1340],Молитва Холуя-беглеца (?),Стены собора св. Софии в Константинополе,стена церкви,Собор св. Софии в Константинополе,г҃и помозиоусвоему х⸗луеви б[ѣ]гл[у],,"‘Господи, помоги рабу своему Холую (?) беглому (?)’",кириллица,граффито,"Западная часть южной галереи. Надпись располагается на белом включении кальцита на западной стороне пятой слева колонны экседры. Высота от перил ограждения составляет 49,7 см. Граффито выполнено в редкой для храмовой эпиграфики технике двойного контура. Надпись – трехстрочная, возможно, неоконченная. Длина первой строки составляет 14,1 см, второй – 16,7 см, третьей – 12,6 см. По центру сверху начертан четырехконечный крест (мачта – 3,5 см, перекладина – 2,3 см), изображение которого содержит следы выскабливания. Высота букв колеблется от 1,2 см (м в своему) до 2,5 см (з). Первая и вторая строки имеют незначительный наклон вверх. Колонна, на которой располагается граффито, изготовлена из фессалийского мрамора зеленого цвета (verde antico). На нем начертанные буквы едва заметны глазу. Сообразуясь с этим, автор решил расположить надпись на белом вкраплении кальцита, где за счет приобретенного коричневатого «загара» она хорошо видна глазу. Поэтому прочтение не вызывает сложностей, за исключением последнего слова ( )",с небольшими утратами (>85%),"а – IIа, 2; б – 4; в – VIа, 5; г – 3; е – II; з – IIIа; и имеет следующие начертания: 1) в Г(оспод)и и помози – I, 2) в Хлуеви – II5 ; л – 2; м – Iб; о – I; п – I; р – IVб, 12; с – I; у – 9; оу – IIIб; ѥ – I. При определении времени выполнения граффито необходимо учитывать стремление автора стилизовать его под уставное письмо XI–XII вв.: буквы начертаны перпендикулярно к строке, имеют правильные прямые и округлые линии. О нарочитой архаизации говорит написание и. В Г(оспод)и и помози эта буква имеет древнюю форму – перекладина расположена горизонтально посередине. Но в Хлуеви автор допустил описку, он изобразил и с наклонной перекладиной – признак полууставного письма6 ; когда же заметил оплошность, то прочертил поверх горизонтальный штрих. О желании автора придать надписи более торжественный книжный вид говорит изображение верхних засечек у а и л (ср. с надписью на потире Юрия Долгорукого [Рыбаков, табл. XXX]7 ). Между тем палеография б, в, и (в Хлуеви), р позволяет уверенно относить граффито ко второй половине XIV – первой половине XV в. В начертании ряда букв оно близко надписям № 43 (ср. б, в, з) и № 49 (ср. в, з, р) из церкви Спаса на Нередице; первая датируется временем «не ранее XIV в.», вторая – концом XIV – началом XV в. [Рождественская, 1992, с. 90, 94]. Определенные параллели обнаруживаются и с надписью № 61 из церкви Николы на Липне (ср. а, б, м, р), которую издатель относит к XIV в. [Рождественская, 1992, с. 104]. Предложенная датировка находит подтверждение в письме берестяных грамот (датирующие признаки: б – «высокая петля», в – «верхняя косая к основанию в угол, высокая нижняя петля», и – «наклонная перекладина», р – «петля с изломом углом вниз, петля во всю строку» [Зализняк, с. 155, 157, 171, 183, 185]). Однако особенности начертания в и р скорее указывают на первую половину XV в. Написание остальных букв не противоречит этой хронологии. ( )",ОУ IIIб 'слитные (неполное У)' 1320>; Р IVб 'Углом вниз (прямолинейные) 1240>; В VIа 'Верхняя косая в угол' 1260>; А 1 'Покрытие' <1320; И II 'Наклонная перекладина' 1320>. В методе А. А. Зализняка такая конфигурация датирующих признаков дает датирующий интервал [1300–1340] ( -287). Делать предположение о датировке 1-ой половиной XV в. и архаизирующих установках авторского почерка излишне.,,г҃и помозиоусвоему хлуеви бѣглу,1300.0,1340.0,14.0
1206,https://epigraphica.ru/epigraphy/inscription/show/1206,[1140–1260],Молитва Мартина,Стены собора св. Софии в Константинополе,стена церкви,Собор св. Софии в Константинополе,гд҃и помози рабоу с(в)оемоу марти(н)ови,,"‘Господи, помоги рабу своему Мартину’.",кириллица,граффито,"Западная часть южной галереи. Надпись выполнена на первых слева перилах ограждения экседры. Расстояние от колонны слева – 70 см, от колонны справа – 135 см. Граффито – однострочное, его длина составляет 30,8 см. Высота букв колеблется от 0,6 см (второе о в помози ) до 2,1 см ( з, р ), интервалы между ними приблизительно равные. Надпись имеет небольшой наклон верх. Первая часть граффито ( гд҃и помози рабоу с …) выполнена глубоко начертанными буквами и вымарана многочисленными горизонтальными штрихами. Контуры букв второй части ( воему Мартинови ) едва различимы и следов зачеркивания не имеют. Сходство в написании а, и, о, р говорит о принадлежности первого и второго фрагментов одной руке. Вторая часть выполнена существенно более слабым нажимом на инструмент письма, поэтому она с трудом обнаруживается при визуальном осмотре. По этой причине в публикации Т. Томова представлен только первый фрагмент, второй остался незамеченным. ( )",с небольшими утратами (>85%),"а – Iа; б – II; в – I; г – I; д – II, 3, 2; е – I; з – IIб; и – I; м – Iа; о – I; п – I; р – Iа; с – I; т – I; у – Iа. Надпись содержит относительно архаичные начертания в (округлая нижняя петля), д (длинные ножки), и (горизонтальная перекладина в середине), р (округлая петля) [Рыбаков, хронологический график для букв в, д и, р ; Высоцкий, 1976, с. 151–152, 160]. Близкую аналогию обнаруживают граффити № 28 (ср. а, в, и, м, о, р ) и № 29 (ср. б, е, з, и, м, р ) из собора Святой Софии в Киеве, которые датируются периодом киевского княжения Святополка Изяславича (1093–1113 гг.) [Высоцкий, 1966, с. 80–82, табл. XXXI, 1, 2]. Надпись содержит сравнительно редкое для древнерусской эпиграфики начертание д (А-образное). Такую же модель этой буквы встречаем в граффити № 77 из собора Святой Софии в Новгороде и № 136 из Софии Киевской; время выполнения первой – вторая половина XI – первая половина XII в., второй – XII в. [Медынцева, с. 79, 241; Высоцкий, 1976, с. 52–53, табл. XLV, XLVI]. Палеография берестяных грамот также указывает на принадлежность надписи к домонгольскому периоду (датирующие признаки: в – «округлая нижняя петля», д – «А-образное», е – «правонаклонное», у – «основного вида, простое» [Зализняк, с. 156, 158, 162, 188]). Остальные буквы не противоречат этой датировке. Вместе с тем использование моделей в и е указывает скорее на период второй половины XI – первой половины XII в. Близкое сходство в начертании б, д , з, и, м, о, п, р, у обнаруживает грамота № 176, стратиграфическая дата которой – середина 1130-х – 1150-е гг. [Древнерусские берестяные грамоты]. Сказанное позволяет датировать надпись второй половиной XI – XII в. Т. Томов датирует надпись XIV в., основываясь на моделях и («наклонная перекладина») и у («с перемычкой»). В действительности, штрихи, зачеркивающие гд҃и и помози , не позволяют судить о том, с какой перекладиной было написано и . А вот в Мартинови хорошо видно, что и пишется с горизонтальной перекладиной. Что касается модели у в рабу , в которой болгарский коллега видит у «с перемычкой», то это следствие ошибки: за спинку у он принимает следующую букву с . ( )","Р III «Углом вперед» 1140-1400; В 3а «Верх больше низа» <1260; Язык: мужеви, Давыдови <1300; Р I «Округлая петля (прямая мачта)» <1360; ОУ IIIб/IIIв «Слитные (неполное У или от У только спинка)» 1320> (!)",,гд҃и помози рабоу своемоу мартинови,1140.0,1260.0,12.0
1209,https://epigraphica.ru/epigraphy/inscription/show/1209,[1320-1410],Автограф Недомысла-Глеба,Стены собора св. Софии в Константинополе,стена церкви,Собор св. Софии в Константинополе,ѱ недомысл{ѧ}о глеб,,‘Писал Недомысл-Глеб’.,кириллица,граффито,"Западная часть южной галереи. Надпись выполнена на перилах северо-западной лоджии. Расстояние от стены слева – 53 см, от стены справа – 142 см. Граффито – однострочное, по всей видимости, неоконченное (в Глеб отсутствует конечный ъ ). Общая длина сохранившейся части составляет 26 см. Высота букв колеблется от 1,8 см (с) до 3,5 см (м), интервалы между ними разнятся. Надпись выполнена с незначительным наклоном вверх. Справа от ѧ в Недомыслѧ приписано о ; по-видимому, ѧ правилось на о , но не было зачеркнуто. Граффито писалось с разной степенью нажима (ср. д ), что наряду с наличием соскоков и разным уровнем положения букв в строке говорит о небрежности его выполнения. Прочтение затрудняют многочисленные штрихи соседних начерков, а также истертость поверхности перил. ( )",целая (100%),"б – II; г – I; д – IIIа, 2; е – II; л – Iа; м – Iа; н – Iв; о – I; с – I; ы – Iб; ѧ – Iа. Особенности начертания большинства букв надписи не имеют ярко выраженных датирующих признаков. Исключение составляют модели д («на щечках») и ы («средняя перемычка»): первая встречается сравнительно часто в берестяных грамотах второй половины XII – XIII в., а вторая – очень часто во второй половине XII – середине XIII в. Таким образом, наиболее вероятным временем выполнения граффито можно считать вторую половину XII – середину XIII в. Написание остальных букв не противоречит этой хронологии. ( )",Д IIIа «На щечках» (острые) <(1300)<1410; Б III «Петля с двумя изломами» 1320>.,,ѱ недомыслѧо глеб,1320.0,1410.0,14.0
1210,https://epigraphica.ru/epigraphy/inscription/show/1210,[1350–1450],Автограф Данила-нижегородца,Стены собора св. Софии в Константинополе,стена церкви,Собор св. Софии в Константинополе,данило из новагород-,,‘Данило из Новгорода’.,кириллица,граффито,"Западная часть южной галереи. Надпись выполнена на северо-восточной стороне юго-западной колонны. Высота от пола – 155 см. Граффито – однострочное, неоконченное. Его длина составляет 26 см. Высота букв колеблется от 1,1 см (последняя о в Новагород[а]) до 4,1 см (р); интервалы между ними разнятся. Надпись выполнена под наклоном вверх. Ее прочтение не вызывает трудностей, что объясняется, во-первых, глубоко начертанными линиями букв, а во-вторых, хорошей сохранностью, связанной с удаленностью колонны от основного потока посетителей собора. ( )",целая (100%),"а – Iа; в – III; г – I; д – II; з – IIIа; и имеет следующие начертания: 1) в Данило – III, 2) в из – II; л – Iа; н имеет следующие начертания: 1) в Данило – Iв, 2) в Новагород[а] – Iа; о – I; р – IVб, 12. Модели и и р , представленные в надписи, появляются в эпиграфике XIV в. [Рыбаков, хронологический график для букв и, р ]. Интерес вызывает А-образное начертание д , которое отсутствует в памятниках книжной культуры, но встречается среди граффити. Аналогичную модель находим в молитвенной надписи из Кирилловской церкви в Киеве № 392 [Высоцкий, 1985, с. 96, табл. LII, 3, 4]. Издатель датирует ее «концом XIII – началом XIV в.», хотя петля б с двумя изломами (в рабу ) указывает на более поздний период [Зализняк, с. 155]. Такое же д встречаем в молитвенной надписи № 331, выполненной на южном фасаде Михайловского собора Выдубецкого монастыря в Киеве [Высоцкий, 1985, с. 49–50, табл. ХХII, 2, 3]. Время ее выполнения определяется XV–XVI вв., однако эта датировка небесспорна. Палеография берестяных грамот позволяет датировать надпись второй половиной XIV – первой половиной XV в. (датирующие признаки: и – «диагональ»; р – «петля с изломом углом вниз, прямолинейное» [Зализняк, с. 171, 183]). ( )",,"Сравнение настоящей надписи с граффито № 14 говорит о том, что она выполнялась на скорую руку. Об этом свидетельствуют уменьшенный размер букв, отказ от грецизированной формы передачи имени ( Данило вместо Даниїлос ) и написание д в «три взмаха». Допускаем, что именно это упрощение в исполнении граффито заставило автора прервать свою работу и изобразить на другой колонне неподалеку более презентабельный автограф. Заметим, впрочем, что форма имени – Данило (при возможных вариантах: Данила, Данилъ ) – корреспондирует с его грецизированным написанием во втором граффито.( )",данило из новагород-,1350.0,1450.0,14.0
