Line_in_TXT,id,url,city,date,start_year,end_year,mean_year,century,title,content,translation_ru,Original_Text,Cleaned_Text,tokens
1,1,https://gramoty.ru/birchbark/document/show/novgorod/1/,Новгород,1380‒1400,1380,1400,1390,14,Грамота №1,Роспись доходов с нескольких сел,,--- (с) -остер… (села) …[и]ю ӏ ѳомѣ шло ӏ (дару ӏ п)озема трицать ӏ три бл‐ (ѣ) [а] с лути(ѧнова села шло ӏ п)озема ӏ дару (по бѣл)кѣ а сменова села шло (ӏ по)зема ӏ д(ару) ---------- блъ ӏ полоть а с -----ина села шло ӏ позема ӏ дару ·м· блъ ӏ … (а с) …[ик]---ина села шло [ӏ] (позе)ма ӏ дару ·к· блъ ӏ шесть блъ а с васильѥва с[е](ла ·-· бл)ъ а [с] --руньского села (шло ·)к· блъ дару а с овсѣѥва сел‐ а шло ·к· блъ дару а шадрина села шло ·к· блъ дар(у с о)[с]ипова села ӏ позема ӏ да‐ ру шло ·м· блъ безъ дву с ошвина села шло (д)ару ·к· {блъ} блъ у гаѳанова села шло ӏ позема ӏ дару ·л· блъ без дво а з бабинихъ (се)ла шло ӏ позема ӏ дару ·л· блъ (а с ------ села шло ӏ) позема ӏ дару шесть десѧтъ блъ ӏ по{ло}лоть а хариѧнова се‐ (ла шло дару) … (а с) …мохова села шло дару ·к· блъ а сменова стан[у] ӏѥву (шло ----------- бѣ)[л]ка ѳомѣ ·д· каци солоду - [ѻ̈вс]а [·л·] кадець ·в· ка‐ (ци ---------- ·-· ка)ци рж(и) --ружиного шло с… … по бѣлкѣ,[UNK] состер [UNK] села [UNK] ию ӏ ѳомѣ шло ӏ дару ӏ позема трицать ӏ три блѣ а с лутиѧнова села шло ӏ позема ӏ дару по бѣлкѣ а сменова села шло ӏ позема ӏ дару [UNK] блъ ӏ полоть а с [UNK] ина села шло ӏ позема ӏ дару ·м· блъ ӏ [UNK] а с [UNK] ик [UNK] ина села шло ӏ позема ӏ дару ·к· блъ ӏ шесть блъ а с васильѥва села [UNK] блъ а с [UNK] руньского села шло ·к· блъ дару а с овсѣѥва села шло ·к· блъ дару а шадрина села шло ·к· блъ дару с осипова села ӏ позема ӏ дару шло ·м· блъ безъ дву с ошвина села шло дару ·к· блъ у гаѳанова села шло ӏ позема ӏ дару ·л· блъ без дво а з бабинихъ села шло ӏ позема ӏ дару ·л· блъ а с [UNK] села шло ӏ позема ӏ дару шесть десѧтъ блъ ӏ полоть а хариѧнова села шло дару [UNK] а с [UNK] мохова села шло дару ·к· блъ а сменова стану ӏѥву шло [UNK] бѣлка ѳомѣ ·д· каци солодуѻ̈вса ·л· кадець ·в· каци [UNK] каци ржи [UNK] ружиного шло с [UNK] по бѣлкѣ,227
2,1,https://gramoty.ru/birchbark/document/show/smolensk/1/,Смоленск,1180‒1200,1180,1200,1190,12,Грамота № Смол. 1,Фрагмент письма,,поклане[н](ие) … в[л]епоп[е]…,покланение [UNK] влепопе [UNK],4
3,1,https://gramoty.ru/birchbark/document/show/pskov/1/,Псков,1180‒1200,1180,1200,1190,12,Грамота № Пск. 1,Фрагмент делового письма,"{Возможная реконструкция:} ‛[пошли] Давыдову [гривну], если [не дашь], отправлю [к тебе] детского’",…[ꙑжоу] …оли …солю : де‐ …,[UNK] ꙑжоу [UNK] оли [UNK] солю : де‐ [UNK],10
4,1,https://gramoty.ru/birchbark/document/show/tver/1/,Тверь,1200‒1220 (с вероятным смещением назад),1200,1220,1210,13,Грамота № Твер. 1,От Станимира к Михалу Домажировичу (предложение удовлетвориться половиной суммы долга),"‛От Станимира поклон Михалу Домажировичу. Если хочешь взять половину денег, [то я заплачу] — я поручитель перед твоим отцом за Иванка. Если же не хочешь, так я [все равно] больше дать не могу’.",ѿ станимира поклоно ко михалоу ко домажировицоу хоцеши возѧти половиноу коуно ѧ пороуцене отецеве твоемоу по иванока не хоцеши ли да ѧ боле не могоу водат(и),ѿ станимира поклоно ко михалоу ко домажировицоу хоцеши возѧти половиноу коуно ѧ пороуцене отецеве твоемоу по иванока не хоцеши ли да ѧ боле не могоу водати,26
5,1,https://gramoty.ru/birchbark/document/show/moscow/1/,Москва,1410‒1420 (с вероятным смещением назад или вперёд),1410,1420,1415,15,Грамота № Мос. 1,Правая грамота,,(си) суд судл- … …ѧ дав… …нович … …[а] иска… …оӏло… … ӏ о брт … … гн҃е по… …д гн҃е … …ес ту… …ӏ и… …о ӏ ов… … так рек … и т… …аи-… и суд… …брн…,си суд судл- [UNK] ѧ дав [UNK] нович [UNK] а иска [UNK] оӏло [UNK] ӏ о брт [UNK] гн҃е по [UNK] д гн҃е [UNK] ес ту [UNK] ӏ и [UNK] о ӏ ов [UNK] так рек [UNK] и т [UNK] аи- [UNK] и суд [UNK] брн [UNK],53
6,1,https://gramoty.ru/birchbark/document/show/staraya-ryazan/1/,Старая Рязань,1200‒1220 (с вероятным смещением назад или вперёд),1200,1220,1210,13,Грамота № Ст. Ряз. 1,Фрагмент неопределенного содержания,"{Как один из вариантов можно допустить такое разделение на слова: [л]уг[и] (бу)[д]ѣ ко…, где первое слово — производное от «луг», во второй строке — производное от глагола «быть» с ѣ вместо е, ко — предлог (Медынцева 2005).}",…[л]уг[и]… …[д]ѣко…,[UNK] луги [UNK] дѣко [UNK],5
7,1,https://gramoty.ru/birchbark/document/show/zvenigorod/1/,Звенигород Галицкий,1120‒1140,1120,1140,1130,12,Грамота № Звен. 1,«… а мне не надобно»,‛… а мне не нужно сюда … {(может быть: что-либо присылать)}’.,(…) …ънъ а мъне не [н]адобе сем[о] ч… (…),[UNK] ънъ а мъне не надобе семо ч [UNK],9
8,1,https://gramoty.ru/birchbark/document/show/vitebsk/1/,Витебск,1280‒1300,1280,1300,1290,13,Грамота № Вит. 1,От Степана к Нежилу (просьба купить ячменя),"‛От Степана к Нежилу. Если ты продал одежду, купи мне ячменя на 6 гривен. Если же чего-нибудь еще не продал, то пошли мне сами эти вещи. Если же продал, сделай милость, купи мне ячменя’.",ѿ стьпана ко нежилови оже еси продало портꙑ а коупи ми жита за ·ꙅ҃· гривено али цего еси не продало а посли ми лицеме али еси продало а добро сътворѧ оукоупи ми жита,ѿ стьпана ко нежилови оже еси продало портꙑ а коупи ми жита за ·ꙅ҃· гривено али цего еси не продало а посли ми лицеме али еси продало а добро сътворѧ оукоупи ми жита,36
9,1,https://gramoty.ru/birchbark/document/show/mstislavl/1/,Мстиславль,1200‒1220 (с вероятным смещением вперёд),1200,1220,1210,13,Грамота № Мст. 1,Фрагмент делового содержания,,…[н]ице полу патꙑ гривн [и]ни- осм[ь на д]... (…),[UNK] нице полу патꙑ гривн иниосмь на д [UNK],9
10,1,https://gramoty.ru/birchbark/document/show/vologda/1/,Вологда,1320‒1340 (с вероятным смещением вперёд),1320,1340,1330,14,Грамота № Вол. 1,От Якова к брату Остафу (об отправленном рубле),"‛Яков [обращается] к тебе, к тебе [обращается и] тесть Онаник. Брат Остаф! Я послал с тобой рубль — к Самойлу рубль. И нет у меня ни рубля, ни проторов.’",г·ѧ·ково к тобѣ к тобѣ сѧ : ·ꙩнанико тьсть брать ·ꙩ·стафе : посла·лъ с тобою ѥмь рубле : · ко самълу · рубле : ни мнѣ рубл:ѧ: ни мнѣ проторъвъ,г·ѧ·ково к тобѣ к тобѣ сѧ : ·ꙩнанико тьсть брать ·ꙩ·стафе : посла·лъ с тобою ѥмь рубле : · ко самълу · рубле : ни мнѣ рубл:ѧ: ни мнѣ проторъвъ,43
11,1,https://gramoty.ru/birchbark/document/show/pereyaslavl-ryazansky/1/,Переяславль Рязанский,1450‒1500,1450,1500,1475,15,Грамота № Переясл. Ряз. 1,Фрагмент эсхатологического пророчества из Пасхалии,,… ---[р](а)[з]ум[ну · о бра](т) врѣм бѣгаӏ бежи невѣриѧ быша при …,[UNK] разумну · о брат врѣм бѣгаӏ бежи невѣриѧ быша при [UNK],12
12,2,https://gramoty.ru/birchbark/document/show/novgorod/2/,Новгород,1360‒1380,1360,1380,1370,14,Грамота №2,Роспись пушного оброка,‛В Микуеве белая росомаха. У Фомы 3 куницы. У Мики 2 куницы. У Фомы в Сохудале (?) куница дара. [У] Вельяказа 4 куницы. На Гугмор-наволоке куница. У Мятешки 2 куницы. У Вельютовых 2 куницы. У Воземута 2 куницы. У Филиппа 2 куницы. У Наместа 2 белки. У Жидилы куница. На Великом Острове куница. У Вихтимаса 2 белки. У Гостилы 2 куницы. У Вельюта 3 куницы. У Лопинкова 6 белок’.,мѣкꙋѥвь бѣла росомꙋха ꙋ фомѣ ·г҃· кꙋници ꙋ мики ·в҃· кꙋници ꙋ фомѣ сохꙋ‐ даль · дарꙋ кꙋницю вѣльѧказа ·д҃· кꙋниц{а}и · гꙋгморо наволоки кꙋница · ꙋ мѧтещи ·в҃· кꙋници ꙋ вѣльютовꙑхо ·в҃· кꙋници ꙋ возем‐ ꙋта ·в҃· кꙋници · ꙋ филипа ·в҃· кꙋници ꙋ намѣста ·в҃· бѣли · ꙋ жидили кꙋница · воликомо ѻс‐ тровѣ кꙋница ꙋ вихтимаса ·в҃· бѣлоки · ꙋ гостили ·в҃· кꙋници · ꙋ вѣльюта ·г҃· кꙋници ꙋ лопинкова :ѕ҃: бѣло,мѣкꙋѥвь бѣла росомꙋха ꙋ фомѣ ·г҃· кꙋници ꙋ мики ·в҃· кꙋници ꙋ фомѣ сохꙋдаль · дарꙋ кꙋницю вѣльѧказа ·д҃· кꙋници · гꙋгморо наволоки кꙋница · ꙋ мѧтещи ·в҃· кꙋници ꙋ вѣльютовꙑхо ·в҃· кꙋници ꙋ воземꙋта ·в҃· кꙋници · ꙋ филипа ·в҃· кꙋници ꙋ намѣста ·в҃· бѣли · ꙋ жидили кꙋница · воликомо ѻстровѣ кꙋница ꙋ вихтимаса ·в҃· бѣлоки · ꙋ гостили ·в҃· кꙋници · ꙋ вѣльюта ·г҃· кꙋници ꙋ лопинкова :ѕ҃: бѣло,108
13,2,https://gramoty.ru/birchbark/document/show/staraya-russa/2/,Старая Русса,1410‒1420,1410,1420,1415,15,Грамота № Ст. Р. 2,От Кузьмы к его сыну Исаку и к другим (о ценах на соль),"‛Наказ от Кузьмы сыну своему Исаку, Ульяну и Тимофею. Соли не покупай(те) … А просят здесь соли по семи лубов (лубяных коробов) за рубль. А наши хотят отдавать (по такой цене). А на день ни луба не продать ({затем автор решил заменить ‛не продать’ на} ‛не продастся’). А просол (малосольная рыба) здесь по пяти гривен бочка’.",приказъ ѿ кузми к сину к своѥму к иса‐ ку [ко оул]иѧну и к тимофию соли не купи‐ ---------------аи не купѧ с трицѧ ------------[то]и у мосту а просѧ здѣ соли по семи лубовъ за рубль а наши хотѧ давать а на дн҃ь ни луба не продатьсци а просоле здѣ по пѧти гривонъ бочка,приказъ ѿ кузми к сину к своѥму к исаку ко оулиѧну и к тимофию соли не купи‐ [UNK] аи не купѧ с трицѧ [UNK] тои у мосту а просѧ здѣ соли по семи лубовъ за рубль а наши хотѧ давать а на дн҃ь ни луба не продатьсци а просоле здѣ по пѧти гривонъ бочка,57
14,2,https://gramoty.ru/birchbark/document/show/torzhok/2/,Торжок,1180‒1200,1180,1200,1190,12,Грамота № Торж. 2,Фрагмент письма от Мануилы к Сбыне,‛Поклон от Мануйлы Сбыне. Я продал (или: мы продали) шелк ....; {далее упоминались} гривны.,+ ѿ маноуилѣ · къ събꙑне покланѧние · продалѣ есьмъ · паволокоу … (гр)[и]в[ь]нъ · -о-ъ …,ѿ маноуилѣ · къ събꙑне покланѧние · продалѣ есьмъ · паволокоу [UNK] гривьнъ · -оъ [UNK],17
15,2,https://gramoty.ru/birchbark/document/show/pskov/2/,Псков,1180‒1200,1180,1200,1190,12,Грамота № Пск. 2,Фрагмент письма Степана (о делах купцов),"‛От Степана к Ж… (Жирославу и т. п.) Сколько людей мор унес, ты знаешь; отмени (или: отменили)… учли (вычли)…’",ѿ степана ко ж… что людѣи м-… [д]аешѥ ѿло… … [оучкли] …,ѿ степана ко ж [UNK] что людѣи м- [UNK] даешѥ ѿло [UNK] оучкли [UNK],15
16,2,https://gramoty.ru/birchbark/document/show/tver/2/,Тверь,1300‒1320 (с вероятным смещением назад),1300,1320,1310,14,Грамота № Твер. 2,От Григория к матери (просьба срочно приехать в Торжок),"‛Поклон от Григория матери. Прибудь ко мне срочно в Торжок — приведя в порядок свое имущество, поезжай в Торжок. Если застанешь меня, то я тебя повезу; если же меня в Торжке не застанешь, то ты тут меня жди, а я за тобой прибуду сам. А что заплатишь за провоз до Торжка, это за мной. Узнай, пропускают ли рожь для новгородцев беспрепятственно, [если да], то немедленно пришли [весть], и я сам поеду’.",поклоно ѿ григории ко матьри · буди къ мнѣ на борозѣ · во търже‐ ко сопрѧта{во}воши свои статоко поѣди в торжько · аже заста‐ неше мене ти ѧ тьбе везу или мене не застанешь во торжеку ти тꙑ ту мене жеди а ѧзо по тебе буду само · а цто даше про‐ воза ѧзо во томо до торжеку · увѣдаи{вѣдаи} пущаю ли ро‐ же новогороцамо безо пакости ти тꙑ пришли · на борзѣ ти ѧ само ·ѣ·ду,поклоно ѿ григории ко матьри · буди къ мнѣ на борозѣ · во тържеко сопрѧтавоши свои статоко поѣди в торжько · аже застанеше мене ти ѧ тьбе везу или мене не застанешь во торжеку ти тꙑ ту мене жеди а ѧзо по тебе буду само · а цто даше провоза ѧзо во томо до торжеку · увѣдаи пущаю ли роже новогороцамо безо пакости ти тꙑ пришли · на борзѣ ти ѧ само ·ѣ·ду,76
17,2,https://gramoty.ru/birchbark/document/show/moscow/2/,Москва,1450‒1500,1450,1500,1475,15,Грамота № Мос. 2,"Фрагмент, возможно, хозяйственного списка",{возможная реконструкция} 'А вот крестьяне… Клейменые кони…',верхняя часть листа -к[ат]и нижняя часть листа … а се х… …[м]ен[ꙑ] [к]…,-кати [UNK] а се х [UNK] менꙑ к [UNK],10
18,2,https://gramoty.ru/birchbark/document/show/zvenigorod/2/,Звенигород Галицкий,1120‒1140,1120,1140,1130,12,Грамота № Звен. 2,"От Говеновой вдовы к Неженцу (требование выплатить то, что Неженец был должен покойному Говену, и угроза)","‛От Говеновой [вдовы] к Неженцу. Дай шестьдесят кун ладейных (т. е. за ладью или на ладью). [Так] сказал Говен перед смертью ({букв.:} идя на суд), а поп записывал. Дай [их] Луке. Если же не дашь, то я возьму у князя отрока и вместе [с ним] приеду — это тебе станет в бо́льшую сумму’.",+ ѿ говѣновое : ко нѣжьньцю дае : ꙅ҃: десѧ коуно лодиеноую повѣдало говѣно ида на соу‐ до : а попъ ѱл҃ъ : а дае лоуцѣ оли нь водаси то ѧ ꙋ конѧзѧ поема отроко прижь приедю а во боле ти вонидь :,ѿ говѣновое : ко нѣжьньцю дае : ꙅ҃: десѧ коуно лодиеноую повѣдало говѣно ида на соудо : а попъ ѱл҃ъ : а дае лоуцѣ оли нь водаси то ѧ ꙋ конѧзѧ поема отроко прижь приедю а во боле ти вонидь :,45
19,3,https://gramoty.ru/birchbark/document/show/novgorod/3/,Новгород,1360‒1380,1360,1380,1370,14,Грамота №3,От Григши к Есифу (о варке пива),‛Поклон от Григши Есифу. Онанья прислал [человека или грамоту] со словами … Я ему ответил: «Не велел мне Есиф варить перевару ни для кого». Тогда он прислал к Федосье: «Вари ты пиво. Сидишь на выморочном участке [и] не варишь ячмень»’.,поклонъ ѿ грикши къ ѥсифу приславъ ꙩнаньꙗ мол[ви]… ꙗзъ ѥму ѿвѣчалъ не реклъ ми есифъ варити переварꙑ ни на кого ӏ ѡнъ при‐ слалъ къ федосьӏ вари тꙑ пивъ сѣ[д]ишь на безать[щ]инѣ н[е] в[аришь] ж[ита] (…),поклонъ ѿ грикши къ ѥсифу приславъ ꙩнаньꙗ молви [UNK] ꙗзъ ѥму ѿвѣчалъ не реклъ ми есифъ варити переварꙑ ни на кого ӏ ѡнъ прислалъ къ федосьӏ вари тꙑ пивъ сѣдишь на безатьщинѣ не варишь жита [UNK],36
20,3,https://gramoty.ru/birchbark/document/show/staraya-russa/3/,Старая Русса,1340‒1360,1340,1360,1350,14,Грамота № Ст. Р. 3,Фрагмент неопределенного содержания,,...-орс… …[в]озоу го… ...уки у...,[UNK] -орс [UNK] возоу го [UNK] уки у [UNK],10
21,3,https://gramoty.ru/birchbark/document/show/torzhok/3/,Торжок,1180‒1200,1180,1200,1190,12,Грамота № Торж. 3,«У Хотуна сорочок»,‛У Хотуна сорочок’.,у хотꙋ[н]а сроцеке,у хотꙋна сроцеке,3
22,3,https://gramoty.ru/birchbark/document/show/pskov/3/,Псков,1260‒1280,1260,1280,1270,13,Грамота № Пск. 3,Фрагмент письма Герасима к Кирилу (или Кирику),,ѿ герасима къ кюр[и-оу] … …св… …ѥстьнамое… …нн… …а-твор… …поуст-… …-намопопосо…,ѿ герасима къ кюриоу [UNK] св [UNK] ѥстьнамое [UNK] нн [UNK] атвор [UNK] поуст- [UNK] -намопопосо [UNK],19
23,3,https://gramoty.ru/birchbark/document/show/tver/3/,Тверь,1300‒1320 (с вероятным смещением назад),1300,1320,1310,14,Грамота № Твер. 3,Фрагмент делового содержания,‛…с Давыдом три тысячи…’,… со давꙑдомо ·г· тꙑсѧце …,[UNK] со давꙑдомо ·г· тꙑсѧце [UNK],8
24,3,https://gramoty.ru/birchbark/document/show/moscow/3/,Москва,1400‒1410 (с вероятным смещением назад),1400,1410,1405,15,Грамота № Мос. 3,Перечень имущества Турабея — владельца двора на Подоле Московского Кремля и земель под Суздалем,"‛Вот кони Турабьевы: Из ездовых – жеребец, два коня саврасых, два лошачка – сивый и каурый. Лошачок гнедой, да - - - - - - - - лошачок каурый, да другой сивый оставлены Турабьевой жене. А рабочих лошадей две и три жеребенка годовалых, да рабочих кобыл 6, да кобылка годовалая. А всех ездовых девять, а рабочих двенадцать. Две коровы во дворе, два вола; и шесть коров, от которых работники пьют молоко. Три борова в садке (для откорма) и уток ({букв.:} утиного поголовья) 15. А на погребе котел пивной железный, да горшок тоже железный, да ведерко медное, да котел медный ведра в два, да ларець жестяной. А стогов 12 и (еще) стог. Велено же Турабьевой челяди есть со слугами. А молодых людей у Турабья: Оникейко, Молчан, Игнатко, Мосей, Байрам, Ахмед, Онташ, Жалорь, Еська. А работников 15: Созонко, Мосей Лухов, Ортемик, Ивака, Чермен, Родивонко, Иванец, Яковко, да четверо слуг, да ключник. А у тех его людей четырнадцать коней, принадлежащих Турабьевым «присохам»; а коровъ 9. А «в деле» за слугами денег: у Григорьеца полтина, у Оста­фьеца полтина, у Белка полтина, у Семенца полтина, у Сидорa полтина, у Мосейца полтина, у Осейца полтина, у Курьяна полтина. А всего денег Турабья за людьми «в деле» 4 рубля. А конюх сообщает о суздальских лошадях так: Кобыла бурая, да вороная, да пегая, да рыжая — те четыре рабочие; у них три жеребенка. А жеребчики годовалые – вороной, да рыжий, да чалый, да сивый, да гнедой белоногий. Да кобылки годовалые – саврасая белоногая, гнедая тоже белоногая, да гнедая, да голубая, да мухортая кобылка. А рабочие – каряя с жеребенком, да вороных кобыл две, да сивая, да тоже вороная кобыла. Да жеребчик гнедой белоногий, да старая кобы­ла бурая, да жеребчик четырехлетний вороной. И всех лошачков и кобыл и жеребят я отдал Кощею, человеку посельского, двад­цать шесть. А это я дал перед Елбугою, перед Ильинским игуменом Федором, перед Климом и перед Петром Гурьевым’. {Приписка:} ‛А я взял двух лошачков сивых, да рыжего, да гнедого, да вороного, да жереб­чика годовалого рыжего, звездка во лбу, - - - - - - - - - - - - - - - - . А конюхов я спрашивал перед Олексеем и перед Ондреем. Какие из стада лошадей Ондреевы лошади не погибли, всю ту сотню забрали госпо­да. Не начнет ли он (Ондрей) [бить челом?] перед Елбугою и перед - - - - - - - - - -. А что я отдал - - - - - - - - - - - - - - - - - |[за мною?] было 62 лошади; а за меня дашь 32. Мне в убыток перешло 9 лошадей на тебя; перешло и на других. Падёж – за счет господ’.",а се кони турабиѥвы а от ѥздовны‐ хъ жеребець ·в҃· конѧ саврасы лошачька ·в҃· сивъ коуро лошачек гнѣд да -------- лошачек кооуръ да другои с(и)въ ост(а)влен турабьѥвѣ женѣ а (с)традных лошадѣи двоѥ а тро‐ ѥ жеребѧтъ лоньских да кобыл страдных же ·ѕ҃· да к(о)былка лоньскаѧ а всѣх ѣздо‐ вных девѧтер(о) а страдных двоѥнатцатеро двѣ коровы н(а) дворѣ ·в҃· вола а ·ѕ҃· коров ѥго же страдник ѣдѧтъ молок ·г҃· боров в саду и оутича ·еӏ҃· а на погребѣ котел пивнои желѣзен да горнець желѣзен же да вѣде‐ рце мѣдѧно да котел мѣдѧнъ вѣдра въ два да сканець жестѧнъ а стоговъ ·вӏ҃· и стогъ вѣлѣно же турабьѥвѣ челед с людми ѣсти а люди турабьѥвых молодых ѻникѣико молчан игнатко мос(ѣи) баирамъ ахмед ѻнташь жалорь ѥска а страдни‐ ковъ ·еӏ҃· созонко мосѣи лухов(ъ) ѻртемик ивака чермен родивонко иванець ѧковъко да четы‐ ре паропки д(а) ключник а оу тѣх ѥго людеи четве‐ ронатцатеро конь а при сох турабьѥвых а ко‐ ровъ ·ѳ҃· А в дѣлѣ на людех серебра оу григорь‐ ѥца полтин оу ѻстафьѥца полтин оу бѣлка полтин оу семенца полтин оу сидора полтин оу мосѣи‐ ца полтин оу осѣица полтин оу курьѧна полтин а всего серебра на людехъ турабьѥва в дѣлѣ ·д҃· руб а конюх сказываѥ(т)ъ суждальски‐ ѥ лошад кобыл бура да ворона да пѣга да рыжа тѣ четыре страдныѥ три же ихъ жеребѧтъ а жереб(ч)ики лоньскиѥ (в)орон да рыжь (д)а чал да сивъ да гнѣд бѣлоногъ (д)а кобылки лоньскиѥ (са)враса бѣлонога (г)нѣда бѣлонога ж(е) да гнѣда да голуба да му‐ (х)орта кобылка а страд(ны)ѥ карѧ с жеребѧ‐ (т)емъ да вор(он)ыхъ кобыл двѣ да сива да воро‐ на же кобыла да жеребчикъ гнѣдъ бѣло‐ ногъ да стара кобыла бу(р)а да жеребчикъ четв(е)ртак ворон а всѣхъ л(о)шачков и кобыл (и) жеребѧтъ ѻтдал (ѥс)м(ь к)ощѣю посель‐ ского человѣк дватцат(е)ро и шестеро а се дал передъ ѥлбугою п(е)ред ыгумном перед федором ылиин(ь)ским пер(е)д (кл)имом перед пе‐ тром перед гу(р)ьѥвым Приписка (с поворотом на 180 градусов): а ѧзъ взѧл лошачка ·в҃· сивы д(а ры)жь да гнѣд да ворон да жеребчик ло(ньс)кои рыжь звѣздк(а) в чел ---------------- за-аромъ а конюховъ ѥсм(ь вс)просил перед ѻлексѥ(м)ъ перед оньдрѣ(ѥм)ъ что из стада лошад н(е) погибло ньдр(ѣѥв)о все (т)о имали ѻспода ·р҃·· а ѣда почне------ передъ ѥлбугою перед --------- а что ѧзъ ѻтдал ----------------- (за м?)ною пошло ·ѯ҃· и двоѥ лошад а за мене дашь ·л҃·ро и двоѥ ис(т)орою мо(ѥю) по(ш)ла ·ѳ҃· лошадеи к тобѣ и пошло за (и)ныѥ помора (з)а ѻсподои,а се кони турабиѥвы а от ѥздовныхъ жеребець ·в҃· конѧ саврасы лошачька ·в҃· сивъ коуро лошачек гнѣд да [UNK] лошачек кооуръ да другои сивъ оставлен турабьѥвѣ женѣ а страдных лошадѣи двоѥ а троѥ жеребѧтъ лоньских да кобыл страдных же ·ѕ҃· да кобылка лоньскаѧ а всѣх ѣздовных девѧтеро а страдных двоѥнатцатеро двѣ коровы на дворѣ ·в҃· вола а ·ѕ҃· коров ѥго же страдник ѣдѧтъ молок ·г҃· боров в саду и оутича ·еӏ҃· а на погребѣ котел пивнои желѣзен да горнець желѣзен же да вѣдерце мѣдѧно да котел мѣдѧнъ вѣдра въ два да сканець жестѧнъ а стоговъ ·вӏ҃· и стогъ вѣлѣно же турабьѥвѣ челед с людми ѣсти а люди турабьѥвых молодых ѻникѣико молчан игнатко мосѣи баирамъ ахмед ѻнташь жалорь ѥска а страдниковъ ·еӏ҃· созонко мосѣи луховъ ѻртемик ивака чермен родивонко иванець ѧковъко да четыре паропки да ключник а оу тѣх ѥго людеи четверонатцатеро конь а при сох турабьѥвых а коровъ ·ѳ҃· А в дѣлѣ на людех серебра оу григорьѥца полтин оу ѻстафьѥца полтин оу бѣлка полтин оу семенца полтин оу сидора полтин оу мосѣица полтин оу осѣица полтин оу курьѧна полтин а всего серебра на людехъ турабьѥва в дѣлѣ ·д҃· руб а конюх сказываѥтъ суждальскиѥ лошад кобыл бура да ворона да пѣга да рыжа тѣ четыре страдныѥ три же ихъ жеребѧтъ а жеребчики лоньскиѥ ворон да рыжь да чал да сивъ да гнѣд бѣлоногъ да кобылки лоньскиѥ савраса бѣлонога гнѣда бѣлонога же да гнѣда да голуба да мухорта кобылка а страдныѥ карѧ с жеребѧтемъ да вороныхъ кобыл двѣ да сива да ворона же кобыла да жеребчикъ гнѣдъ бѣлоногъ да стара кобыла бура да жеребчикъ четвертак ворон а всѣхъ лошачков и кобыл и жеребѧтъ ѻтдал ѥсмь кощѣю посельского человѣк дватцатеро и шестеро а се дал передъ ѥлбугою перед ыгумном перед федором ылииньским перед климом перед петром перед гурьѥвым Приписка с поворотом на 180 градусов: а ѧзъ взѧл лошачка ·в҃· сивы да рыжь да гнѣд да ворон да жеребчик лоньскои рыжь звѣздка в чел [UNK] зааромъ а конюховъ ѥсмь вспросил перед ѻлексѥмъ перед оньдрѣѥмъ что из стада лошад не погибло ньдрѣѥво все то имали ѻспода ·р҃·· а ѣда почне [UNK] передъ ѥлбугою перед [UNK] а что ѧзъ ѻтдал [UNK] за м?ною пошло ·ѯ҃· и двоѥ лошад а за мене дашь ·л҃·ро и двоѥ исторою моѥю пошла ·ѳ҃· лошадеи к тобѣ и пошло за иныѥ помора за ѻсподои,436
25,4,https://gramoty.ru/birchbark/document/show/novgorod/4/,Новгород,1320‒1340 (с вероятным смещением вперёд),1320,1340,1330,14,Грамота №4,Фрагмент письма от Микиты к Черту (о нарушении условий поручительства),"‛От Микиты к Черту. Что касается того, что я [за Юрия] поручился у Петра на Городище, [в том меня] Юрий подвел: с дворянами (дворянином) не расплатился, а меня подвел… Ты сказал, что железного (пошлины)… рубль взяв. А ты с Олександра взыщи, господин (?)… возьми сапоги.’",ѿ микит·ѣ · ко цертоу · цто ѥсм·ь … …‐ руцилъ · оу петра · на городищ·ѣ · н… юрги · бꙑлъ · вꙑдалъ · со дворѧ·н… … не оувѣдалсѧ · а мене вꙑдалъ … (ре)‐ клъ · ѥси железного · по… рубль взѧв·ъ · а тꙑ н(а ѻлекса)‐ ндр[ѣ] · исправи госп… возми · сапозѣ ·,ѿ микит·ѣ · ко цертоу · цто ѥсм·ь [UNK] ‐ руцилъ · оу петра · на городищ·ѣ · н [UNK] юрги · бꙑлъ · вꙑдалъ · со дворѧ·н [UNK] не оувѣдалсѧ · а мене вꙑдалъ [UNK] реклъ · ѥси железного · по [UNK] рубль взѧв·ъ · а тꙑ на ѻлександрѣ · исправи госп [UNK] возми · сапозѣ ·,68
26,4,https://gramoty.ru/birchbark/document/show/staraya-russa/4/,Старая Русса,1180‒1200,1180,1200,1190,12,Грамота № Ст. Р. 4,Фрагмент письма,,(ѿ … къ) …жирѫ н[ь възѧль] еси во [десѧ]ти кѫно …,ѿ [UNK] къ [UNK] жирѫ нь възѧль еси во десѧти кѫно [UNK],12
27,4,https://gramoty.ru/birchbark/document/show/torzhok/4/,Торжок,1180‒1200,1180,1200,1190,12,Грамота № Торж. 4,Деловые указания,‛… Любочевы две гривны(;) верни назад это мне …’,… лоу‐ боцеве две гривне возвороти опа‐ [кꙑ] т[о] мон(е) …,[UNK] лоубоцеве две гривне возвороти опакꙑ то моне [UNK],9
28,4,https://gramoty.ru/birchbark/document/show/smolensk/4/,Смоленск,1280‒1300 (с вероятным смещением назад),1280,1300,1290,13,Грамота № Смол. 4,Фрагмент неопределенного содержания,,мои… бꙑн…,мои [UNK] бꙑн [UNK],4
29,4,https://gramoty.ru/birchbark/document/show/pskov/4/,Псков,1320‒1340 (с вероятным смещением назад),1320,1340,1330,14,Грамота № Пск. 4,Долговой список,"‛А у Данихи дубленицы (рукавицы из дубленой кожи [?]) [и] двое сапог. У Кюрила, Сухмина (?) сына … ({может быть,} смазные сапоги)’.",а оу даних[е] доуб[е]ничи дво‐ и сапоги · оу кюрила оу соух[м]ина сн҃а · измази‐ [ци],а оу данихе доубеничи двои сапоги · оу кюрила оу соухмина сн҃а · измазици,16
30,4,https://gramoty.ru/birchbark/document/show/tver/4/,Тверь,1300‒1320 (с вероятным смещением назад),1300,1320,1310,14,Грамота № Твер. 4,Фрагмент письма от Фомы «к тиунку»,"‛От Фомы к тиунку к Прокше… Куны святого Филиппа, а я…’",ѿ ѳомѣ · къ тиюнку · къ прокш… кунꙑ · ст[о]го ѳилипа · а ѧ…,ѿ ѳомѣ · къ тиюнку · къ прокш [UNK] кунꙑ · стого ѳилипа · а ѧ [UNK],19
31,4,https://gramoty.ru/birchbark/document/show/moscow/4/,Москва,1380‒1400,1380,1400,1390,14,Грамота № Мос. 4,Сообщение о неудавшейся поездке в Кострому,"‛Поехали мы, господин, на Кострому. Юрий с матерью нас, господин, завернул назад. А взял себе с матерью 15 бел; да взял 3 белы; потом, господин, взял 20 [бел] да полтину’.",поѥхали ·є·смꙑ гн҃е на кострому юрьӏ с матьрью насъ гн҃е оуверънулъ взадь а взѧлъ себѣ с матьрью еӏ҃ бѣл ти оувзѧлъ ·г҃· бѣл по томо гн҃е взѧ‐ лъ к҃ бѣл да полътину,поѥхали ·є·смꙑ гн҃е на кострому юрьӏ с матьрью насъ гн҃е оуверънулъ взадь а взѧлъ себѣ с матьрью еӏ҃ бѣл ти оувзѧлъ ·г҃· бѣл по томо гн҃е взѧлъ к҃ бѣл да полътину,48
32,5,https://gramoty.ru/birchbark/document/show/novgorod/5/,Новгород,1320‒1340 (с вероятным смещением вперёд),1320,1340,1330,14,Грамота №5,От Давыда и Есифа к Матфею (просьба защитить крестьянина от закабаления),"‛Поклон от Давыда и от Есифа к Матфею. Постой за нашего крестьянина — скажи дворянину Павлу, Петрову брату, чтобы грамоту ({подразумевается:} о закабалении) не давал на него’.",(покло)но [ѿ] дав[ꙑ](да и ѿ) еси‐ ѳа · къ матѳѣю · постои · за нашего сироту · мо‐ лви · дворѧнину · павлу · пе‐ трову брату дать · грамо‐ тѣ · не дасть · на него ·,поклоно ѿ давꙑда и ѿ есиѳа · къ матѳѣю · постои · за нашего сироту · молви · дворѧнину · павлу · петрову брату дать · грамотѣ · не дасть · на него ·,34
33,5,https://gramoty.ru/birchbark/document/show/staraya-russa/5/,Старая Русса,1140‒1160 (с вероятным смещением назад),1140,1160,1150,12,Грамота № Ст. Р. 5,Денежный реестр,,⟦ѿ⟧ ꙋ микꙋле ·е· къ кꙋне · ꙋ стежира ·е· къ кꙋне · ꙋ го‐ родила ·е· къ кꙋне · ꙋ пꙋтѧтѣ ⟦десѧть къ кꙋне⟧ полъ пѧте ⟦ꙋ лъбыне ·е⟧ · ꙋ прибꙑле ·е· къ кꙋне ꙋ стороньке ·е· къ кꙋне · ꙋ петра ·е· ⟦г⟧ къ кꙋне ·,⟦ѿ⟧ ꙋ микꙋле ·е· къ кꙋне · ꙋ стежира ·е· къ кꙋне · ꙋ городила ·е· къ кꙋне · ꙋ пꙋтѧтѣ ⟦десѧть къ кꙋне⟧ полъ пѧте ⟦ꙋ лъбыне ·е⟧ · ꙋ прибꙑле ·е· къ кꙋне ꙋ стороньке ·е· къ кꙋне · ꙋ петра ·е· ⟦г⟧ къ кꙋне ·,69
34,5,https://gramoty.ru/birchbark/document/show/torzhok/5/,Торжок,1180‒1200,1180,1200,1190,12,Грамота № Торж. 5,Долговая запись,,за ѳедоро без дꙋ…,за ѳедоро без дꙋ [UNK],5
35,5,https://gramoty.ru/birchbark/document/show/pskov/5/,Псков,1180‒1200,1180,1200,1190,12,Грамота № Пск. 5,Гадательная запись,,… д е з о и о з е д …,[UNK] д е з о и о з е д [UNK],11
36,5,https://gramoty.ru/birchbark/document/show/tver/5/,Тверь,1300‒1320 (с вероятным смещением назад),1300,1320,1310,14,Грамота № Твер. 5,"От Илийцы к Илье (сообщение о том, что Шуйга грабит ульи)","‛От Илийцы к Илье. Шуйга переделывает метки на дубах и вынимал мед из ульев. [Он говорит]: «Я отбираю дубы по своей метке». A затес стесывает, [говоря]: «Это мой дуб, [это] ваш прежний бортник своровал». Приезжай же сюда теперь сам, утверди [владение] своей бортью’.",ѿ илиице · ко илие · шюига дубие переписꙑваете а [б]целꙑ ти лазило · ѧзо дубие ѿимаю по своеи мети а тесно сотесꙑваете · то мои дубо · ваше бортико кралосѧ первꙑ · а нꙑне поеди само семо утверди свою борте,ѿ илиице · ко илие · шюига дубие переписꙑваете а бцелꙑ ти лазило · ѧзо дубие ѿимаю по своеи мети а тесно сотесꙑваете · то мои дубо · ваше бортико кралосѧ первꙑ · а нꙑне поеди само семо утверди свою борте,42
37,6,https://gramoty.ru/birchbark/document/show/novgorod/6/,Новгород,1300‒1320,1300,1320,1310,14,Грамота №6,Фрагмент письма от Филипа,,поклоно ѿ ѳилипа ко г… … -- [м]ною про…,поклоно ѿ ѳилипа ко г [UNK] мною про [UNK],9
38,6,https://gramoty.ru/birchbark/document/show/staraya-russa/6/,Старая Русса,1140‒1160 (с вероятным смещением назад),1140,1160,1150,12,Грамота № Ст. Р. 6,От Дедилы к Демьяну (денежные дела),‛От Дедилы к Демьяну. Не посылай (или: Он не шлет) отрока: еду сам и две гривны везу’.,ѿ дѣдилѣ къ дьмьѧну не с[ъ]ль отрока еду саме и :в҃: гривьнѣ везу,ѿ дѣдилѣ къ дьмьѧну не съль отрока еду саме и :в҃: гривьнѣ везу,16
39,6,https://gramoty.ru/birchbark/document/show/torzhok/6/,Торжок,1200‒1220,1200,1220,1210,13,Грамота № Торж. 6,Фрагмент письма,,…[бь ѿ но]… …тию и св… … (к)оуно и ць… …ва бла…,[UNK] бь ѿ но [UNK] тию и св [UNK] коуно и ць [UNK] ва бла [UNK],16
40,6,https://gramoty.ru/birchbark/document/show/pskov/6/,Псков,1260‒1280 (с вероятным смещением назад),1260,1280,1270,13,Грамота № Пск. 6,От Кюрика и Герасима к Онфиму (просьба прислать на продажу беличьи шкурки и отстранить от дела Ксинофонта),"‛От Кюрика и от Герасима к Онфиму. О беличьих шкурках: если (или: что) вы еще не сторговали ({т. е.} не запродали), то пришлите [сюда] немедленно, потому что у нас [здесь] есть спрос на беличьи шкурки. А о тебе: если будешь свободен, то приезжай ({букв.:} будь) к нам — Ксинофонт нам напортил (нанес ущерб, расстроил дела). А об этом человеке ({т. е.} Ксинофонте): мы его не знаем; а в том воля Божья и твоя’.",ѿ кюрика и ѿ герасима к аноѳимоу про белоу оже ѥсте не стороговале то прислите со проста занода оу насо коуплѧ есте беле а про себе оже боудьше порожне то боу‐ ди к намо а намо ксиноѳоноте измакле а про сеи чело‐ веко мꙑ ѥго не знаѥмо а во томо божеꙗ волѧ и тв‐ оꙗ,ѿ кюрика и ѿ герасима к аноѳимоу про белоу оже ѥсте не стороговале то прислите со проста занода оу насо коуплѧ есте беле а про себе оже боудьше порожне то боуди к намо а намо ксиноѳоноте измакле а про сеи человеко мꙑ ѥго не знаѥмо а во томо божеꙗ волѧ и твоꙗ,52
41,7,https://gramoty.ru/birchbark/document/show/novgorod/7/,Новгород,1200‒1220,1200,1220,1210,13,Грамота №7,Фрагмент распоряжений сборщикам податей,,… сочита оу короман(а) … … (гри)вьно сороке лисичь соро(ке) … …ко осмь шесть бьбороко … …[мал]е п-…,[UNK] сочита оу коромана [UNK] гривьно сороке лисичь сороке [UNK] ко осмь шесть бьбороко [UNK] мале п- [UNK],19
42,7,https://gramoty.ru/birchbark/document/show/staraya-russa/7/,Старая Русса,1140‒1160 (с вероятным смещением назад),1140,1160,1150,12,Грамота № Ст. Р. 7,От Сольмира к Нежку,"‛От Сольмира к Нежку. Скажи отроку своему, чтобы ходил …’",ѿ солмира къ нѣжькоу мъ‐ лъви отрокоу своемоу ати но [ходи]ть … (…),ѿ солмира къ нѣжькоу мълъви отрокоу своемоу ати но ходить [UNK],11
43,7,https://gramoty.ru/birchbark/document/show/torzhok/7/,Торжок,1180‒1200,1180,1200,1190,12,Грамота № Торж. 7,Фрагмент с упоминанием Дмитрова дня,"‛… Если же не отдашь, то на тебя ляжет [обязанность выплачивать], начиная с Дмитрова дня, по три резаны в месяц’.",…‐ бѣе нѣ водаси ли а лѧж[ѣ] ти [от] д[о]м[ит]рова дѣни по три рѣзане на месѧце,[UNK] ‐ бѣе нѣ водаси ли а лѧжѣ ти от домитрова дѣни по три рѣзане на месѧце,17
44,7,https://gramoty.ru/birchbark/document/show/pskov/7/,Псков,1280‒1300,1280,1300,1290,13,Грамота № Пск. 7,"От Степана к Вацюте (требование увезти сукно, выдав его за свое)","‛Поклон от Степана Вацюте. Сколько ты взял того сукна, [в этом] я полагаюсь на Бога и на тебя. Срочно погрузи его на ладью, при этом объяви своим сукном. А сколько будет платы [за провоз], мы разочтемся [в том], сколько [будет]’.",пклоно ѿ степана к вацюте что еси взѧле сукна того по‐ ложено на б҃ь и на тобе вложи его в лодию на борзе а твори сво‐ им[ꙑ] сукномо а цто будете наи‐ ма мꙑ с[е] ведаемо цто,пклоно ѿ степана к вацюте что еси взѧле сукна того положено на б҃ь и на тобе вложи его в лодию на борзе а твори своимꙑ сукномо а цто будете наима мꙑ се ведаемо цто,36
45,8,https://gramoty.ru/birchbark/document/show/novgorod/8/,Новгород,1180‒1200 (с вероятным смещением вперёд),1180,1200,1190,12,Грамота №8,От Семьюновой жены к Игучку (о выкупе коровы),"‛От Семьюновой (Семнуновой) жены к Игучку. Тому, чья корова (или: чья у тебя корова), скажи: «Если хочешь корову и едешь за коровой, то вези три гривны»’.",о сьмнꙋн[ье] къ игꙋчькꙋ чьѧ ти е‐ сть корова да молови емꙋ ожь хочьши коровь а едеши по коровꙋ а вьзи три гривьнь,о сьмнꙋнье къ игꙋчькꙋ чьѧ ти есть корова да молови емꙋ ожь хочьши коровь а едеши по коровꙋ а вьзи три гривьнь,22
46,8,https://gramoty.ru/birchbark/document/show/staraya-russa/8/,Старая Русса,1140‒1160 (с вероятным смещением назад),1140,1160,1150,12,Грамота № Ст. Р. 8,Указания жене или матери,"‛… {[нечто из одежды]} …, подкладка с узором из крупных звезд, желтое. Если же ты продала, то отдай этому детскому {[такую-то сумму]}, а если не продала, то … ({возможно:} отрежь …)’.",(…) …з-ке под[ь]лина [г]вѣ‐ здъкѣ великѣѣ жьлътое : оже же е‐ си продала то въдаи семоу дѣтьскамоу ---------------- [не] пр[одал]а то оурѣ‐ …,[UNK] зке подьлина гвѣздъкѣ великѣѣ жьлътое : оже же еси продала то въдаи семоу дѣтьскамоу [UNK] не продала то оурѣ‐ [UNK],22
47,8,https://gramoty.ru/birchbark/document/show/torzhok/8/,Торжок,1180‒1200,1180,1200,1190,12,Грамота № Торж. 8,От Кирея (?) к Ростиле (купить конскую тушу или хотя бы половину),"‛От Кирея (?) поклон Ростиле. Добудь мне коня, такого большого, хорошего. Если же тебе не попадется такого хорошего, то половину’.",+ ѿ к[ꙑ]-еѧ покланѧние ко ростили добоуди ми конѧ се[л]ема велика добра али ти не пригодитьсѧ [с]е[ле]ма добра а поло,ѿ кꙑеѧ покланѧние ко ростили добоуди ми конѧ селема велика добра али ти не пригодитьсѧ селема добра а поло,19
48,9,https://gramoty.ru/birchbark/document/show/novgorod/9/,Новгород,1160‒1180,1160,1180,1170,12,Грамота №9,От Гостяты к Василю (жалоба прогнанной мужем жены),"‛От Гостяты к Василю. Что мне дал отец и родичи дали впридачу, то за ним. А теперь, женясь на новой жене, мне он не дает ничего. Ударив по рукам (в знак новой помолвки), он меня прогнал, а другую взял в жены. Приезжай, сделай милость’.",`+ ѿ гостѧтꙑ къ васильви [е]же ми отьць даѧлъ и роди съдаѧли а то за нимь а нꙑнѣ водѧ новоую женоу а мънѣ не въдасть ничьто же избивъ роукꙑ поустилъ же мѧ а иноую поѧлъ доеди добрѣ сътворѧ,ѿ гостѧтꙑ къ васильви еже ми отьць даѧлъ и роди съдаѧли а то за нимь а нꙑнѣ водѧ новоую женоу а мънѣ не въдасть ничьто же избивъ роукꙑ поустилъ же мѧ а иноую поѧлъ доеди добрѣ сътворѧ,37
49,9,https://gramoty.ru/birchbark/document/show/staraya-russa/9/,Старая Русса,1140‒1160 (с вероятным смещением назад),1140,1160,1150,12,Грамота № Ст. Р. 9,Фрагмент с упоминанием Сбыслава и Путяты,,… събислава в… рекоше : оу поут[ѧ](тѣ) …,[UNK] събислава в [UNK] рекоше : оу поутѧтѣ [UNK],9
50,9,https://gramoty.ru/birchbark/document/show/torzhok/9/,Торжок,1180‒1200,1180,1200,1190,12,Грамота № Торж. 9,Фрагмент письма к Гостиле,‛… от дружины к Гостиле …’; {далее упоминается} ивовая роща ({или человек по имени} Вербяг); ‛... деньги в треть …’,(…) (ѿ д)роужине ко гостил[е] … … (коу)пили вьр[ъ]бѧго -а--… …и коуне во трьте,[UNK] ѿ дроужине ко гостиле [UNK] коупили вьръбѧгоа [UNK] и коуне во трьте,13
51,10,https://gramoty.ru/birchbark/document/show/novgorod/10/,Новгород,1360‒1380,1360,1380,1370,14,Грамота №10,Загадка о Ноевом ковчеге,"‛Есть град между небом и землей. К нему едет посол без пути, сам немой, везет грамоту неписанную’.",есть градъ · межу нобомъ и землею а к ному еде посолъ безъ пути · самъ нимъ везе грамоту непсану ·,есть градъ · межу нобомъ и землею а к ному еде посолъ безъ пути · самъ нимъ везе грамоту непсану ·,21
52,10,https://gramoty.ru/birchbark/document/show/staraya-russa/10/,Старая Русса,1160‒1180 (с вероятным смещением назад или вперёд),1160,1180,1170,12,Грамота № Ст. Р. 10,От Ярилы к Онании (о бедственном положении на Городище),"‛Это грамота от Ярилы к Онании. В Городище, твоем владении, только воду пить (т. е. есть уже нечего). А рушане (жители Русы) скорбят о городищанах. Пожалуйста, припугни дворян, чтобы не пакостили’. {Вариант:} ‛Пожалуйста, припугни дворянина, чтобы не пакостил’.",сь грамота ѿ ѧриль ко онание въ волости твое‐ и толико вода пити в городищѧньх а рушань скорбꙋ про городищѧне аже хоцьши ополош дворѧн аобꙑша нь пакостил-,сь грамота ѿ ѧриль ко онание въ волости твоеи толико вода пити в городищѧньх а рушань скорбꙋ про городищѧне аже хоцьши ополош дворѧн аобꙑша нь пакостил-,27
53,10,https://gramoty.ru/birchbark/document/show/torzhok/10/,Торжок,1200‒1220,1200,1220,1210,13,Грамота № Торж. 10,От Онуфрии к матери (вернуть Лазарю плащ и коня и прислать Петра),"‛От Онуфрии к матери. Пошел Петр к тебе, взяв Лазарева коня и плащ. Верните ({очевидно}, Лазарю) коня и плащ, а самого [Петра] ты пошли сюда. Если же не пошлешь, то пришли мне об этом весть. Кланяюсь тебе и приветствую тебя’.",+ ѿ онуѳрьѣ къ матери пошьлъ петръ къ тебе поемъ конь и мѧтьль лазар(е)‐ въ а воротите конь и мѧтьль а само‐ го посли сѣмо али не послешь [а т]аку же ми вѣсть присли и покланѧю ти сѧ и цѣлую тѧ :,ѿ онуѳрьѣ къ матери пошьлъ петръ къ тебе поемъ конь и мѧтьль лазаревъ а воротите конь и мѧтьль а самого посли сѣмо али не послешь а таку же ми вѣсть присли и покланѧю ти сѧ и цѣлую тѧ :,39
54,10,https://gramoty.ru/birchbark/document/show/smolensk/10/,Смоленск,1200‒1220 (с вероятным смещением назад),1200,1220,1210,13,Грамота № Смол. 10,Церковные поминания,,· дмитра · гафее · ивана · настасиѧ · · ѧкова · ꙩвдотѣе · микитꙑ · ивана · кост‐ ѧна · патрикиѧ · варварꙑ · серьгеѧ · ма‐ ксима · федорꙑ · михеѧ · зарее ·,· дмитра · гафее · ивана · настасиѧ · · ѧкова · ꙩвдотѣе · микитꙑ · ивана · костѧна · патрикиѧ · варварꙑ · серьгеѧ · максима · федорꙑ · михеѧ · зарее ·,36
55,11,https://gramoty.ru/birchbark/document/show/novgorod/11/,Новгород,1430‒1450,1430,1450,1440,15,Грамота №11,От Смёшка к Фоме (о таганах и казане),"‛Поклон от Смешка Фоме. Что касается того, что Воч оставил у Микишка таганы [и] дал Данилку казан, [то] …’.",{по}поклонъ ѿ смешка фоми цо оставиле в‐ оць козе у ми[к]и[шк]а дан[и]лку далъ каз‐ (анъ) (…),поклонъ ѿ смешка фоми цо оставиле воць козе у микишка данилку далъ казанъ [UNK],14
56,11,https://gramoty.ru/birchbark/document/show/staraya-russa/11/,Старая Русса,1160‒1180 (с вероятным смещением назад или вперёд),1160,1180,1170,12,Грамота № Ст. Р. 11,От Ивановой жены к Фиме (требование заплатить и угроза),"‛Иванова жена говорит ({букв.:} сказала) Фиме: либо деньги пришли, либо потребую наложить [на тебя] большой штраф’.",иванѧѧ моловила ѳимь любо коунь восоли пак ли дорго продаю,иванѧѧ моловила ѳимь любо коунь восоли пак ли дорго продаю,10
57,11,https://gramoty.ru/birchbark/document/show/torzhok/11/,Торжок,1180‒1200,1180,1200,1190,12,Грамота № Торж. 11,Фрагмент неопределенного содержания,,…[е] вълож[и]…,[UNK] е въложи [UNK],4
58,12,https://gramoty.ru/birchbark/document/show/novgorod/12/,Новгород,1430‒1450,1430,1450,1440,15,Грамота №12,Ярлычок с именем Сидора,,сидоре · дворѧнъ ꙗколь,сидоре · дворѧнъ ꙗколь,4
59,12,https://gramoty.ru/birchbark/document/show/staraya-russa/12/,Старая Русса,1140‒1160 (с вероятным смещением назад),1140,1160,1150,12,Грамота № Ст. Р. 12,Распоряжения сборщикам податей,"‛…а вы (двое) берите; а если кто вам не даст, [вы мне подавайте] весть, и я шлю судебных исполнителей’. ‛…и прошлогоднюю и нынешнюю’; ‛не оставайтесь (?)…’ ‛а у пришлых людей…’ {(далее, может быть, стояло бери} ‛пусть берет’); ‛…который разверстал’.",…‐ ю а [б]ерита а кето ва не во[д]… весте а ѧ солю ѧбетенике : а сол… и лонескоую и нꙑнешенюю не ле[ж]… емоше жено : а оу прихожано б[е]… че иже то ти розроубиле ·,[UNK] ‐ ю а берита а кето ва не вод [UNK] весте а ѧ солю ѧбетенике : а сол [UNK] и лонескоую и нꙑнешенюю не леж [UNK] емоше жено : а оу прихожано бе [UNK] че иже то ти розроубиле ·,41
60,12,https://gramoty.ru/birchbark/document/show/torzhok/12/,Торжок,1180‒1200,1180,1200,1190,12,Грамота № Торж. 12,Фрагмент неопределенного содержания,,...мови… ...изнановѣ… …е знал[и] … … [с]аме … …не…,[UNK] мови [UNK] изнановѣ [UNK] е знали [UNK] саме [UNK] не [UNK],12
61,12,https://gramoty.ru/birchbark/document/show/smolensk/12/,Смоленск,1140‒1160 (с вероятным смещением назад),1140,1160,1150,12,Грамота № Смол. 12,От Ивана к Русиле (финансовые и деловые указания),"‛От Ивана к Русиле. Исполни ({или:} добудь) мне, пожалуйста (?), … Возьми гривну у Конозюя Нежатича ({или:} Нежатина брата, Нежатина внука {и т. п.}). Если же он не даст, то займи в треть. А я (?) [нахожусь (?) в] …ске. Если у меня [всё] будет хорошо, то я пришлю тебе [весть (?)]. Если хочешь вслед за мной ({или:} Если хочешь по-моему), то пришли [ко мн]е человека …’ {Приписка на обороте, по-видимому, предназначена уже не для Русилы, а для посланца, который был отправлен к Русиле с этой грамотой:} ‛Если же он (Русила) начнет как-либо хитрить (?) …, то не вздумай ({букв.:} не моги) ничего сказать’.",(ѿ) [и]вана ко роусиле вꙑправи ми дъбр… ---ю ѧрине въземи оу кънъзюѧ грв҃ноу оу неж[ѧ]… ал[и] ти не въдасть а въземи (в)ъ треть а ѧ ти… …кь да же ти ми боудете дъбр[о] (а) присълоу ти … оже хъчеши пъ -ъне а присъли -----[е] челъв[е](к)… чи ти поченете (ч)етъ лести(ти) … а не мъзи четъ (м)ълъвити,ѿ ивана ко роусиле вꙑправи ми дъбр [UNK] ю ѧрине въземи оу кънъзюѧ грв҃ноу оу нежѧ [UNK] али ти не въдасть а въземи въ треть а ѧ ти [UNK] кь да же ти ми боудете дъбро а присълоу ти [UNK] оже хъчеши пъъне а присъли [UNK] е челъвек [UNK] чи ти поченете четъ лестити [UNK] а не мъзи четъ мълъвити,62
62,13,https://gramoty.ru/birchbark/document/show/staraya-russa/13/,Старая Русса,1075‒1100 (с вероятным смещением назад),1075,1100,1087,11,Грамота № Ст. Р. 13,Фрагмент долгового списка,,оу ньжатъкиньӏ :г: кнь : оу … оу стрѣина :в: кнь : оу …,оу ньжатъкиньӏ :г: кнь : оу [UNK] оу стрѣина :в: кнь : оу [UNK],18
63,13,https://gramoty.ru/birchbark/document/show/torzhok/13/,Торжок,1180‒1200,1180,1200,1190,12,Грамота № Торж. 13,Деловые указания,"‛… весть, а я пошлю княжеского детского. А Ивану скажи, чтобы прислал семнадцать кун’.",(…) …ꙑ[ль со пѧт]… вьсть : а ·ѧ· посолоу дьскꙑе кнѧжь : а иваноу молови оти восоль сьмь н[а д-сѧ]ть коуно,[UNK] ꙑль со пѧт [UNK] вьсть : а ·ѧ· посолоу дьскꙑе кнѧжь : а иваноу молови оти восоль сьмь на дсѧть коуно,24
64,13,https://gramoty.ru/birchbark/document/show/smolensk/13/,Смоленск,1140‒1160 (с вероятным смещением назад),1140,1160,1150,12,Грамота № Смол. 13,Фрагмент делового содержания,'себе' … 'я (или: ты) купил'…,… …ин[ъ п]ро… …[ъ] собѣ вѣ… … крилъ ес…,[UNK] инъ про [UNK] ъ собѣ вѣ [UNK] крилъ ес [UNK],11
65,14,https://gramoty.ru/birchbark/document/show/novgorod/14/,Новгород,1420‒1430,1420,1430,1425,15,Грамота №14,От Фомы к Есифу (о судебном деле с Саввой),"‛Привет от Фомы Есифу. Что [касается того, что] тебя вызвал [на суд] Савва, то здесь суда нет’.",слово добро ѿ фомѣ к ѥсиф‐ у цто позвалъ тебе · сав‐ а здѣ су[ду] нѣт[ь] (…),слово добро ѿ фомѣ к ѥсифу цто позвалъ тебе · сава здѣ суду нѣть [UNK],15
66,14,https://gramoty.ru/birchbark/document/show/staraya-russa/14/,Старая Русса,1160‒1180 (с вероятным смещением назад),1160,1180,1170,12,Грамота № Ст. Р. 14,Долговой список,"{Из имен должников сохранились:} Кулотинич, Голузь (или Голуза), Лодыга, Играт, Савва.",уо куолотин[и]ца :-҃: гри и девѣ куо[н]- … уо голуози :е҃: гри : у[о] лодꙑге :д҃: гри : [у](о) … уо играта :д҃: гри : [у](о) [с]аве :[е҃]: гри,уо куолотиница :-҃: гри и девѣ куон- [UNK] уо голуози :е҃: гри : уо лодꙑге :д҃: гри : уо [UNK] уо играта :д҃: гри : уо саве :е҃: гри,45
67,14,https://gramoty.ru/birchbark/document/show/torzhok/14/,Торжок,1180‒1200,1180,1200,1190,12,Грамота № Торж. 14,Деловые указания,,Фрагменты 1 и 2 …евьник… …[ъ]д… …(кꙋ)пи съ дъв(а) … соли и не … Фрагмент 3 [х]од----ма [а] ко[щ](ѣ)… [ѣ] не к[ꙋ]пи а то воют[-]… Фрагмент 4 …мъ на полъ …,Фрагменты 1 и 2 [UNK] евьник [UNK] ъд [UNK] кꙋпи съ дъва [UNK] соли и не [UNK] Фрагмент 3 ход [UNK] ма а кощѣ [UNK] ѣ не кꙋпи а то воют- [UNK] Фрагмент 4 [UNK] мъ на полъ [UNK],40
68,14,https://gramoty.ru/birchbark/document/show/smolensk/14/,Смоленск,1140‒1160,1140,1160,1150,12,Грамота № Смол. 14,Фрагмент письма,поручи встать на ночлег (?)… а пошли к Я…,…ѫлечи порꙋчи(‐) …[в]ъ · а посъли къ ѧ…,[UNK] ѫлечи порꙋчи‐ [UNK] въ · а посъли къ ѧ [UNK],12
69,15,https://gramoty.ru/birchbark/document/show/novgorod/15/,Новгород,1410‒1420,1410,1420,1415,15,Грамота №15,От Нестерка к Ивану Борисовичу,,члбтьѥ (ѿ) нестерка гну ивану борисо(вичу) … … [м]ѧ гн҃е ѥси пожа[л]овал… …,члбтьѥ ѿ нестерка гну ивану борисовичу [UNK] мѧ гн҃е ѥси пожаловал [UNK],16
70,15,https://gramoty.ru/birchbark/document/show/staraya-russa/15/,Старая Русса,1140‒1160 (с вероятным смещением назад),1140,1160,1150,12,Грамота № Ст. Р. 15,От Петра к Василю (распоряжение о выдаче денег Вышате),"‛От Петра к Василю. Дай шесть кун и гривну Вышате’. {Дальнейшее обращено уже к Вышате:} ‛Если же он (Василь) не даст, то пошли на него отрока’.",(ѿ) петра къ василеви въдаи :ꙅ: коунъ и гривьноу вꙑшѧтѣ али ти не дасть а пристави на нь отро‐ (к)ъ,ѿ петра къ василеви въдаи :ꙅ: коунъ и гривьноу вꙑшѧтѣ али ти не дасть а пристави на нь отрокъ,21
71,15,https://gramoty.ru/birchbark/document/show/smolensk/15/,Смоленск,1140‒1160,1140,1160,1150,12,Грамота № Смол. 15,"Фрагмент, возможно, обсценного содержания",,(…) васидъпизд[ъ]… …,[UNK] васидъпиздъ [UNK],3
72,16,https://gramoty.ru/birchbark/document/show/novgorod/16/,Новгород,1410‒1420,1410,1420,1415,15,Грамота №16,Фрагмент письма с упоминанием крестьян-страдников,,… ты пришл(и) страдникы …,[UNK] ты пришли страдникы [UNK],5
73,16,https://gramoty.ru/birchbark/document/show/staraya-russa/16/,Старая Русса,1140‒1160 (с вероятным смещением назад),1140,1160,1150,12,Грамота № Ст. Р. 16,Долговой список,"{Имена должников:} Кюрил, Олекша, Кузьма Нежебудич, Дмитр Дорогонежич, Точкович (?) {(он назван только по отчеству)}, Жизнобуд, Данила (?).",ѫ кюрила ногата · [ѫ] олекшѣ кна : ѫ коузьмѣ ·[г](· к)оунѣ ѫ нѣжебоудица · ѫ [дъ]митра ѫ до(ро)[г]онѣжица ·в(· но)[г]атѣ ѫ тоць-овица ·в(· ног)атѣ : ѫ жизнобоуда ·ꙅ къ[р]---- ѫ дан[ӏ]‐ -- (·-· к)оунѣ … …,ѫ кюрила ногата · ѫ олекшѣ кна : ѫ коузьмѣ ·г· коунѣ ѫ нѣжебоудица · ѫ дъмитра ѫ дорогонѣжица ·в· ногатѣ ѫ тоцьовица ·в· ногатѣ : ѫ жизнобоуда ·ꙅ кър [UNK] ѫ данӏ‐ [UNK] коунѣ [UNK],45
74,16,https://gramoty.ru/birchbark/document/show/smolensk/16/,Смоленск,1180‒1200,1180,1200,1190,12,Грамота № Смол. 16,Фрагмент письма с упоминанием ладьи,‛Вверх по реке ладья ушла раньше’ {или} ‛У такого-то ладья ушла вперед (или: в Переяславль)’,… шь лодьѧ (-)шьла пере… …,[UNK] шь лодьѧшьла пере [UNK],5
75,17,https://gramoty.ru/birchbark/document/show/novgorod/17/,Новгород,1410‒1420,1410,1420,1415,15,Грамота №17,От Михайлы к Тимофею (просьба отдать распоряжение о начале сева),"‛Поклон от Михайлы господину своему Тимофею. Земля готова, нужны семена. Пришли, господин, человека сразу же, а то мы даже брать рожь не смеем без твоего слова’.",поклонъ ѿ миха[ӏ]л[ѣ] · к осподину своѥму тимофию · землѧ готова надобь сѣмѧна пришли ꙩсподине цлвкъ · с проста · а мꙑ н‐ е смиѥмъ ни · ӏмать ржи безъ твоѥго сло‐ ва,поклонъ ѿ михаӏлѣ · к осподину своѥму тимофию · землѧ готова надобь сѣмѧна пришли ꙩсподине цлвкъ · с проста · а мꙑ не смиѥмъ ни · ӏмать ржи безъ твоѥго слова,31
76,17,https://gramoty.ru/birchbark/document/show/staraya-russa/17/,Старая Русса,1160‒1180 (с вероятным смещением назад),1160,1180,1170,12,Грамота № Ст. Р. 17,От Мир(о)слава к Жирошке,"‛Поклон от Мир(о)слава Жирошке. Пожалуйста, взявши почестье, поезжай (или: пошли) …’",покланѧнье ѿ мирслава ко жирошькѣ ство‐ рѧ добрѣ въз‐ мѧ поцостое по--[и] ж(е) … …,покланѧнье ѿ мирслава ко жирошькѣ створѧ добрѣ възмѧ поцостое по [UNK] и же [UNK],14
77,17,https://gramoty.ru/birchbark/document/show/torzhok/17/,Торжок,1180‒1200,1180,1200,1190,12,Грамота № Торж. 17,Отрывок из «Слова о премудрости» Кирилла Туровского,"‛Мачехины же дети — это гордыня, непокорность, переченье, высокомерие, хула, клевета, злоумышление, гнев, вражда, пьянство, сатанинские игрища и всякое зло. А грязь — это клевета, хула, гнев, осуждение, переченье, ссора, драка, зависть, вражда, злопамятство, непокорность, злобность, злые помыслы, забавы со смехом и все игрища бесовские; также упивание, ростовщичество, грабеж, разбой, воровство, убийство, напускание порчи, поклеп, отравление, блуд, прелюбодеяние, колдовство’.",мацешини же дети се соуте гордосте : непокорение : прекословее : пре‐ зоресво : хоула : кевета : зломꙑслие : глево : вражда : пеѧнесво : игрꙑ не‐ приѧзнинꙑ и всѧкаѧ злобе : а кало есте клевета · хоула · гнево осоужение прекословее : сваро : бои : зависте : вражда злопоминание : непокорение злосердее : злии помꙑсли : смехотворение : и всѧ игрꙑ бесовескꙑѧ : та же пакꙑ запоисво : резоимание : грабление : разбои : татба · дшегоубление потвори поклепо отрава блоуди прелюбодеѧние цѧротворение,мацешини же дети се соуте гордосте : непокорение : прекословее : презоресво : хоула : кевета : зломꙑслие : глево : вражда : пеѧнесво : игрꙑ неприѧзнинꙑ и всѧкаѧ злобе : а кало есте клевета · хоула · гнево осоужение прекословее : сваро : бои : зависте : вражда злопоминание : непокорение злосердее : злии помꙑсли : смехотворение : и всѧ игрꙑ бесовескꙑѧ : та же пакꙑ запоисво : резоимание : грабление : разбои : татба · дшегоубление потвори поклепо отрава блоуди прелюбодеѧние цѧротворение,86
78,18,https://gramoty.ru/birchbark/document/show/novgorod/18/,Новгород,1410‒1420,1410,1420,1415,15,Грамота №18,Фрагмент письма к господину о крестьянском переходе,"{Реконструкция:} ‛( … …)вич(-а) и брат(-а, -ев) его к Ти(мофею …) На росчисти поселить… (такой-то крестьянин) переходит на новое поселение к Па... (возможно, к Павлу)… а теперь, господин, если от вас… (поступит какое-то указание о том, чем такого-то) вы жалуете, то (мне [?] должно в указанном вами месте) побывать и вам (сообщить).’",…вич и брат ѥго к ти‐ (мофѣю) …ъ на дорѣ помѣ‐ … (…)иде на ново к па‐ … …нѣ гн҃е буде ѿ ва‐ (съ) … …е жалуѥте ино … (…)бꙑвать · а вамъ (…) (повѣдать),[UNK] вич и брат ѥго к тимофѣю [UNK] ъ на дорѣ помѣ‐ [UNK] иде на ново к па‐ [UNK] нѣ гн҃е буде ѿ васъ [UNK] е жалуѥте ино [UNK] бꙑвать · а вамъ [UNK] повѣдать,39
79,18,https://gramoty.ru/birchbark/document/show/staraya-russa/18/,Старая Русса,1140‒1160 (с вероятным смещением назад),1140,1160,1150,12,Грамота № Ст. Р. 18,Долговой список,"{Имена должников:} …славич, Жирослав ({или} Жирята {и т. п.}) и Храп.",… …[л]ав[и]ца г· рѣзанѣ : ѫ ж(и)[р]… … рѣзана : ѫ храпа р(ѣ)[з]ана,[UNK] лавица г· рѣзанѣ : ѫ жир [UNK] рѣзана : ѫ храпа рѣзана,16
80,18,https://gramoty.ru/birchbark/document/show/torzhok/18/,Торжок,1180‒1200,1180,1200,1190,12,Грамота № Торж. 18,От Рожнеги к Ме… (требование вернуть долг и угроза),"‛Грамота от Рожнеги к Ме… Пришли мои полгривны (до) … дня, если не прислешь, то … (Если же) я тебе должен за соль, то сообщи’.",(гр)амота ѿ рожнѣгѣ · къ м[ѣ]… (…) присъли · полъ · гривнѣ мо… дьне не присълеши ли · а … (…) въ сол[ь т]и есмь дъ… (…) повѣжь,грамота ѿ рожнѣгѣ · къ мѣ [UNK] присъли · полъ · гривнѣ мо [UNK] дьне не присълеши ли · а [UNK] въ соль ти есмь дъ [UNK] повѣжь,28
81,19,https://gramoty.ru/birchbark/document/show/novgorod/19/,Новгород,1410‒1420 (с вероятным смещением назад или вперёд),1410,1420,1415,15,Грамота №19,О годовом поминании по отцу и о предстоящей поездке на Водлу,"‛… Да чтоб тебе справить годовое поминание по отцу, то было бы хорошо. Да если будет у кого-нибудь намерение [ехать] до Водлы ({или}: на Водлу), то надо бы дворянина, а [что касается] пристава, то здесь хочет ехать Филист. А судно у меня есть и хлебы сухие есть, и ты сам, помянув, приезжай сюда. А хлеб здесь …’",да цо бъ ти година ѿт[ъ]править ѻт‐ ьцу ино бъ добро да только буде кото‐ рому мъсель до водълѣ ино надо бꙑ дворѧнине а приставе ино здѣсе фи‐ листь ѥхать хоце а судъно ѥсть у мене а хлѣб[ѣ] сухѣи су и тъ саме ѿп‐ разновавъ да поѥдь сѣмъ а хлѣбе з‐ дѣсе в,да цо бъ ти година ѿтъправить ѻтьцу ино бъ добро да только буде которому мъсель до водълѣ ино надо бꙑ дворѧнине а приставе ино здѣсе филисть ѥхать хоце а судъно ѥсть у мене а хлѣбѣ сухѣи су и тъ саме ѿпразновавъ да поѥдь сѣмъ а хлѣбе здѣсе в,48
82,19,https://gramoty.ru/birchbark/document/show/staraya-russa/19/,Старая Русса,1140‒1160 (с вероятным смещением назад),1140,1160,1150,12,Грамота № Ст. Р. 19,Долговой список,"{Имена должников:} Мил, Михаль, Илейка, Коснила, Клопуша, Ярина, Путила, Сновида (?), Неговит.",оу мила гривена : оу михалѧ гривен[а] : оу ильикѣ д{в}овѣ грѣвенѣ оу коснилѣ довѣ : оу к[л]опоушѣ довѣ грѣвенѣ : оу [ѧр]инѣ гривена : оу поутилѣ гривена (оу) ------ (гр)ивена : оу снови-ѣ гривена : оу нѣговита поло (гривенѣ),оу мила гривена : оу михалѧ гривена : оу ильикѣ довѣ грѣвенѣ оу коснилѣ довѣ : оу клопоушѣ довѣ грѣвенѣ : оу ѧринѣ гривена : оу поутилѣ гривена оу [UNK] гривена : оу сновиѣ гривена : оу нѣговита поло гривенѣ,42
83,19,https://gramoty.ru/birchbark/document/show/torzhok/19/,Торжок,1140‒1160,1140,1160,1150,12,Грамота № Торж. 19,"О товаре, прибывающем на судне","‛… либо сюда пришли. А твой приплывает — если уцелеет, то …’ {Далее возможны варианты:} ‛сгрузим на подводы’; ‛сгрузим на стан’; ‛положим на продажу’.",… любо сѣмо присъли · а · твои п(рип)‐ лꙑваеть · а·же · оу·сторовѣе · а · съд(еж)‐ емъ на товаръ,[UNK] любо сѣмо присъли · а · твои приплꙑваеть · а·же · оу·сторовѣе · а · съдежемъ на товаръ,23
84,20,https://gramoty.ru/birchbark/document/show/novgorod/20/,Новгород,1380‒1400,1380,1400,1390,14,Грамота №20,Фрагмент (хозяйственные дела),,… (ѥ)[с]ми сикли · суки · на рики · …у · давꙑдовꙑ присиквали … (оу) …ана оу шеменкина конь пале,[UNK] ѥсми сикли · суки · на рики · [UNK] у · давꙑдовꙑ присиквали [UNK] оу [UNK] ана оу шеменкина конь пале,22
85,20,https://gramoty.ru/birchbark/document/show/staraya-russa/20/,Старая Русса,1140‒1160 (с вероятным смещением назад),1140,1160,1150,12,Грамота № Ст. Р. 20,Денежный реестр,"{По-видимому, перед нами запись солеторговца о том, сколько берковцев соли ему должны поставить различные лица (Руса была одним из важнейших центров солеварения). Их имена:} Малята, Лбына, Втора (Взора?), Корга, Домажир, Жаско, Мал…, Рык, Страхота, Промысл, Небереша, Че…",+ оу малѧтѣ ·в҃· бьрковьска · оу лъбꙑнѣ (бьр)ковьске · оу въ-орѣ ·г҃· бьрковьск- (·) оу къргь бьрковьске · оу домажира бьрков(ьске · о)у жасъка б(ьрковь)ске : оу мал---- (б)ьрковьске оу рꙑка бьрковьске · оу страхот[ѣ] ------ е҃ бьрков(ьскъ · о)[у] промꙑсла [бь]рковьске : оу не[б]ерешѣ бьрко[в](ь)ске оу це… (мелкие изолированные отрезки не воспроизводятся) … …ъногѣ ·в҃· ногатѣ,оу малѧтѣ ·в҃· бьрковьска · оу лъбꙑнѣ бьрковьске · оу въорѣ ·г҃· бьрковьск- · оу къргь бьрковьске · оу домажира бьрковьске · оу жасъка бьрковьске : оу мал [UNK] бьрковьске оу рꙑка бьрковьске · оу страхотѣ [UNK] е҃ бьрковьскъ · оу промꙑсла бьрковьске : оу неберешѣ бьрковьске оу це [UNK] мелкие изолированные отрезки не воспроизводятся [UNK] ъногѣ ·в҃· ногатѣ,77
86,21,https://gramoty.ru/birchbark/document/show/novgorod/21/,Новгород,1410‒1420,1410,1420,1415,15,Грамота №21,К ткачихе о присылке вытканной холстинки,"‛[Если ты взяла (?) у] Огафии холстинку и выткала, то ты ко мне ее пришли. А не найдется, с кем прислать, то ты у себя ее выбели’.",… ----- (ог)[а]фиѥ уозцинку и вꙑткала и тꙑ ко мнѣ при‐ шли а не угодице с кꙑмъ п‐ рислать и тꙑ у себѧ избѣ‐ ли,[UNK] огафиѥ уозцинку и вꙑткала и тꙑ ко мнѣ пришли а не угодице с кꙑмъ прислать и тꙑ у себѧ избѣли,21
87,21,https://gramoty.ru/birchbark/document/show/staraya-russa/21/,Старая Русса,1140‒1160 (с вероятным смещением назад),1140,1160,1150,12,Грамота № Ст. Р. 21,Долговой список,"{В основной части списка фигурируют только женщины:} жена Орьши, жена Боришка, жена Корчка, жена Гюргия, жена Теха (возможно, ей же принадлежит имя Неделька) и женщина по прозвищу Беззубая. {Конец основной записи допускает две интерпретации: а)} ‛у Теховой жены Недельки [долгу] 2 ногаты, Беззубая ó 2 ногаты’ {(со сменой конструкции при обозначении последней должницы} б) ‛у Теховой жены [долгу] 2 ногаты, у Недельки Беззубая [имеет получить, держит в качестве долга] 2 ногаты’ {(т. е. в отличие от остальных должниц, которые, по-видимому, должны автору записки, Неделька должна некоей Беззубой).} {Дополнительная запись:} ‛У Милки Яким четыре с половиной’ (денежная единица не названа) — может быть интерпретирована, если не предполагать ошибок или пропусков, только по модели ""б"".","оу орьшинее поло пѧть рѣзане : оу боришьковее :в҃: ногать : оу короцьковеи :в҃: ногать : оу гюрегевее :з҃: рьзано : оу тьшье :в҃: ногать : оу неделеке безоубаѧ :в҃: ногать : при повороте листа на 180 читается еще одна запись (почерком, похожим на основной, но, видимо, все же не тождественным ему), которая затем была зачеркнута оу милокѣ ѧкиме : пло пѧтѣ","оу орьшинее поло пѧть рѣзане : оу боришьковее :в҃: ногать : оу короцьковеи :в҃: ногать : оу гюрегевее :з҃: рьзано : оу тьшье :в҃: ногать : оу неделеке безоубаѧ :в҃: ногать : при повороте листа на 180 читается еще одна запись почерком, похожим на основной, но, видимо, все же не тождественным ему, которая затем была зачеркнута оу милокѣ ѧкиме : пло пѧтѣ",82
88,22,https://gramoty.ru/birchbark/document/show/novgorod/22/,Новгород,1380‒1400,1380,1400,1390,14,Грамота №22,От Лёнтия (о зерне),"‛Челобитие от Лёнтия к … Ходил господину сын мой …’ {На обороте в 1-й строке упоминается пшенка; вероятно, здесь это} просо. {Далее:} ‛… взял 10 кадей пшеницы (…) А теперь что у нас …’",целоб[ит]иѥ  лен[ь](т)ь(ѧ к) …‐ ю ходилъ · ѻ̈сподину · снъ мо(и) (…) … …ѧн[ъ п]шенъке … взѧлъ ·ӏ· кадець пшениц[и] (…) [а нꙑ]ни [ц]то [у] на[съ] … (…),целобитиѥ  леньтьѧ к [UNK] ‐ ю ходилъ · ѻ̈сподину · снъ мои [UNK] ѧнъ пшенъке [UNK] взѧлъ ·ӏ· кадець пшеници [UNK] а нꙑни цто у насъ [UNK],34
89,22,https://gramoty.ru/birchbark/document/show/staraya-russa/22/,Старая Русса,1160‒1180 (с вероятным смещением назад),1160,1180,1170,12,Грамота № Ст. Р. 22,Долговой список,"{В списке фигурируют:} Негошка, Деденя (или Дедена, или Дедня), Чудка, Дертка, жена Несдича, жена Тайши, Коснила, жена Боришка, жена Хыла (или Хола), жена Надейка, жена Путьши, жена Безуя.",+ негошека дове на десѧть коуно оу дедене пѧть коуно оу чюдоке пѧть коуно оу деретокь пѧть коуно оу несодицевее пѧть коуно оу та‐ ишинее семе резано оу косениле пѧть коуно оу борише‐ ковее тьри коно оу хъловее пѧте коуно оу надеековее пѧте коуно оу поутешине{н}е тьри коуне оу безоуевее цетꙑри коуне,негошека дове на десѧть коуно оу дедене пѧть коуно оу чюдоке пѧть коуно оу деретокь пѧть коуно оу несодицевее пѧть коуно оу таишинее семе резано оу косениле пѧть коуно оу боришековее тьри коно оу хъловее пѧте коуно оу надеековее пѧте коуно оу поутешинее тьри коуне оу безоуевее цетꙑри коуне,49
90,23,https://gramoty.ru/birchbark/document/show/novgorod/23/,Новгород,1400‒1410,1400,1410,1405,15,Грамота №23,От Карпа к Фоме (сообщение о разделе ржи),"‛Поклон от Карпа господину моему Фоме. Я был, господин, на Пустоперже, разделил рожь с Олексой и с Гафанком (Огафанком). Не много, господин, ржи [пришлось] на твою долю — два овина четвертного оброка; а Пянтелик видел сам (т. е. тому свидетель)’.",поклоно ѿ карпа · к осподину · моѥму фоми · бꙑло ѥсми ѡспо‐ динь · на пустопьржи · рожь ѥсмь роздилило · с ольксо[ӏ] ·ӏ· съ гафанко‐ мо · ньмного ѡсподинь · ржи · на твою · цасть · два ѡви‐ на · цьтвьрти · а пѧнтьликь ви‐ дьль самь,поклоно ѿ карпа · к осподину · моѥму фоми · бꙑло ѥсми ѡсподинь · на пустопьржи · рожь ѥсмь роздилило · с ольксоӏ ·ӏ· съ гафанкомо · ньмного ѡсподинь · ржи · на твою · цасть · два ѡвина · цьтвьрти · а пѧнтьликь видьль самь,48
91,23,https://gramoty.ru/birchbark/document/show/staraya-russa/23/,Старая Русса,1140‒1160 (с вероятным смещением назад),1140,1160,1150,12,Грамота № Ст. Р. 23,Фрагмент (денежные дела),,(…) … (гри)вна [и ӏ] коу·но · о[у т]… …дк-·о·ро·мѧ·вь… (…),[UNK] гривна и ӏ коу·но · оу т [UNK] дк-·о·ро·мѧ·вь [UNK],22
92,24,https://gramoty.ru/birchbark/document/show/novgorod/24/,Новгород,1400‒1410,1400,1410,1405,15,Грамота №24,«с человеком грамотку пришли тайно»,,… …‐ [имъ ц]оловѣкомъ грамотку при‐ шли · таино,[UNK] ‐ имъ цоловѣкомъ грамотку пришли · таино,8
93,24,https://gramoty.ru/birchbark/document/show/staraya-russa/24/,Старая Русса,1380‒1400 (с вероятным смещением назад),1380,1400,1390,14,Грамота № Ст. Р. 24,Азбука,,а б в г д е ж [ꙅ] з и ӏ к л м н о п р с т у ф х [ѿ] ѡ ц ч ш щ ъ ꙑ ь ѣ ѧ,а б в г д е ж ꙅ з и ӏ к л м н о п р с т у ф х ѿ ѡ ц ч ш щ ъ ꙑ ь ѣ ѧ,34
94,25,https://gramoty.ru/birchbark/document/show/novgorod/25/,Новгород,1400‒1410,1400,1410,1405,15,Грамота №25,Указания в связи с предстоящим судом по поводу краденого коня,"‛… свидетельское показание («ухо»), [обращенное] к тебе с Василием Желудковым, то ты дай показания на суде. А на меня ссылайся в том, что ты опознал коня у немца и дал за меня свидетельское показание, а немец от себя обвинение отвел, а обвинил Вигуя (?). Так что ты, Григорий (или: ты Григорию) …’ {На обороте:} ‛… [не давай (?)] заранее рубля, заранее на меня не надейся’.",… ухо к тобѣ с васил[ь]ѥмъ со желутковꙑмъ и тꙑ ухо поло‐ жи на судѣ а на мене се шли на томъ цто еси конь позн‐ алъ у нѣмцина и ухо ѥси за мене дале и нѣмцине с себе поводъ сложиле а вег[лесе на в]игуѧ и тꙑ г[риго]--‐ … … на передъ рублѧ на перед[ъ] на мене се не на[дѣ]и,[UNK] ухо к тобѣ с васильѥмъ со желутковꙑмъ и тꙑ ухо положи на судѣ а на мене се шли на томъ цто еси конь позналъ у нѣмцина и ухо ѥси за мене дале и нѣмцине с себе поводъ сложиле а веглесе на вигуѧ и тꙑ григо [UNK] на передъ рублѧ на передъ на мене се не надѣи,57
95,25,https://gramoty.ru/birchbark/document/show/staraya-russa/25/,Старая Русса,1340‒1360 (с вероятным смещением назад),1340,1360,1350,14,Грамота № Ст. Р. 25,Азбука,,а б в г … н о - - - т у ѳ х [ѿ] … [ъ] - [ь] ѣ  - …,а б в г [UNK] н о - - - т у ѳ х ѿ [UNK] ъь ѣ  - [UNK],21
96,26,https://gramoty.ru/birchbark/document/show/novgorod/26/,Новгород,1380‒1400,1380,1400,1390,14,Грамота №26,Фрагмент письма от Онтана к господину,,(… ѿ) ѻнтана … …у · мъю … · а съ свъѥ‐ … … (с)въѥи · лю‐ … … (ес)мь зьмл‐ (ю) … (ѥ)[р]мълѣ : ц‐ … … [ѻ]спъд‐ (инь) … на ѥрм‐ (ълѣ) … и · пръ ту … …(в)[ѣ]даю : п‐ … …[л]ѣ : так‐ … …нюю : а … …ть ·,[UNK] ѿ ѻнтана [UNK] у · мъю [UNK] · а съ свъѥ‐ [UNK] свъѥи · лю‐ [UNK] есмь зьмлю [UNK] ѥрмълѣ : ц‐ [UNK] ѻспъдинь [UNK] на ѥрмълѣ [UNK] и · пръ ту [UNK] вѣдаю : п‐ [UNK] лѣ : так‐ [UNK] нюю : а [UNK] ть ·,53
97,26,https://gramoty.ru/birchbark/document/show/staraya-russa/26/,Старая Русса,1280‒1300,1280,1300,1290,13,Грамота № Ст. Р. 26,Реестр соляного сбора,,…а оу плю… …те бере[к](овеско) … … (б)ерекове(ск)- …,[UNK] а оу плю [UNK] те берековеско [UNK] берековеск- [UNK],11
98,27,https://gramoty.ru/birchbark/document/show/novgorod/27/,Новгород,1380‒1400,1380,1400,1390,14,Грамота №27,От Фалея к Есифу (указания по поводу посланной ранее грамоты),"‛Поклон от Фалея Есифу. Я послал к тебе (подразумевается: человека), написав «бересту»’.",поклоно ѿ фалеѧ ко ѥсифу послале ѧзо к тоби · беросто написаво вꙑ‐ шли за[г]-------[ое беросто],поклоно ѿ фалеѧ ко ѥсифу послале ѧзо к тоби · беросто написаво вꙑшли заг [UNK] ое беросто,17
99,28,https://gramoty.ru/birchbark/document/show/novgorod/28/,Новгород,1400‒1410,1400,1410,1405,15,Грамота №28,Фрагмент завещания Фетиньи,,во ӏмѧ ѡц҃а ӏ сн҃а ӏ ст҃го д[х҃а] … ѳетиниѧ ѿход[ѧ се](го свѣта) … …‐ ь при сво[ѥ](мъ животѣ) …,во ӏмѧ ѡц҃а ӏ сн҃а ӏ ст҃го дх҃а [UNK] ѳетиниѧ ѿходѧ сего свѣта [UNK] ‐ ь при своѥмъ животѣ [UNK],28
100,28,https://gramoty.ru/birchbark/document/show/staraya-russa/28/,Старая Русса,1240‒1260,1240,1260,1250,13,Грамота № Ст. Р. 28,Фрагмент письма,"‛… взъехал (т. е. въехал, вступил во владение [землей, усадьбой]). Если же чего-нибудь захочет, то проси …’",…[и] возее‐ хале али ти цега восхоце а молисѧ це‐ …,[UNK] и возеехале али ти цега восхоце а молисѧ це‐ [UNK],12
101,29,https://gramoty.ru/birchbark/document/show/novgorod/29/,Новгород,1400‒1410,1400,1410,1405,15,Грамота №29,Фрагмент неопределенного содержания,,…д… мъне…,[UNK] д [UNK] мъне [UNK],5
102,30,https://gramoty.ru/birchbark/document/show/novgorod/30/,Новгород,1360‒1380,1360,1380,1370,14,Грамота №30,От Якова к Ивану (отказ выступить свидетелем в пользу Ивана),"‛От Якова к Ивану. Что касается твоего письма про деньги, то я знаю, что ты давал за себя деньги. Это знаю, а больше ничего не знаю: как именно ты платил вено (или: договорился о вене), дал ли рубль за себя’.",ѿ ꙗкова · къ ѥвану что слешь ко мнѣ про серебро то вѣдаю аже тꙑ дале серебро на собѣ · то вѣ‐ даю а иного не вѣдаю како ли тꙑ венилесѧ како ли что дале ѥси рубль на собѣ,ѿ ꙗкова · къ ѥвану что слешь ко мнѣ про серебро то вѣдаю аже тꙑ дале серебро на собѣ · то вѣдаю а иного не вѣдаю како ли тꙑ венилесѧ како ли что дале ѥси рубль на собѣ,38
103,30,https://gramoty.ru/birchbark/document/show/staraya-russa/30/,Старая Русса,1180‒1200,1180,1200,1190,12,Грамота № Ст. Р. 30,От Матфея к Винилу (заказ на сети и веревки и поручение вытребовать у Петра два воза сущика),"‛От Матфея к Винилу. Веревок для сетей ищи [в продаже] у себя и покупай по пяти гривен, а отсюда их [получить] не надейся. А Петру скажи: «Куда ты дел два воза сущика? Доставь [их]. Если же не доставишь, то [заплатишь] сто гривен за два воза». А что из сущика у тебя осталось, то оставь на еду. А сети купи непременно’.",`+ ѿ матеѳеѧ ко винилу добꙑваи вереи дома и по пѧти гривоно крини а ѿтоселе сѧ не надеи а молови потру камо еси дело два воза суща исоправи не исоправищи ли а сто гривено за два воза а цето ти сѧ остало суща то остави ести а тенота купи безо отоступа,ѿ матеѳеѧ ко винилу добꙑваи вереи дома и по пѧти гривоно крини а ѿтоселе сѧ не надеи а молови потру камо еси дело два воза суща исоправи не исоправищи ли а сто гривено за два воза а цето ти сѧ остало суща то остави ести а тенота купи безо отоступа,50
104,31,https://gramoty.ru/birchbark/document/show/novgorod/31/,Новгород,1340‒1360,1340,1360,1350,14,Грамота №31,Обязательство крестьян доставлять куницу (подать),"‛… господину своему низко бьют ({менее вероятно:} бью) челом. А крестьяне тебе, господин, и в дальнейшем будут ежегодно доставлять куницу (подать)’.",…‐ дину своѥму много целомъ бью · а с‐ иротѣ тобѣ осподине и по томъ при‐ ходѧ · куньницею на годъ ·,[UNK] ‐ дину своѥму много целомъ бью · а сиротѣ тобѣ осподине и по томъ приходѧ · куньницею на годъ ·,21
105,31,https://gramoty.ru/birchbark/document/show/staraya-russa/31/,Старая Русса,1180‒1200,1180,1200,1190,12,Грамота № Ст. Р. 31,От Коленца к Самуйле: «Не беспокойся: я сел в Коломне на ладью»,‛Поклон от Коленца к Самуйле. Не беспокойся: я сел в Коломне на ладью’.,поклоно ѿ коленеча ко самоуиле не печали се‐ ле ти есемо коломене на лодию,поклоно ѿ коленеча ко самоуиле не печали селе ти есемо коломене на лодию,13
106,32,https://gramoty.ru/birchbark/document/show/novgorod/32/,Новгород,1340‒1360,1340,1360,1350,14,Грамота №32,От Фешка к Юргию (просьба прислать соль),"‛Фешко Юргию челом бьет. [Пришли] соль срочно, не поступала мне от тебя соль два года; да [пришли] …’",фешке юрьгию целомъ [бьѥ] … соле на борзи не бꙑла ѿ тебе сол[ь] по ·в· года мни [д]а п[р]… … купиле (…),фешке юрьгию целомъ бьѥ [UNK] соле на борзи не бꙑла ѿ тебе соль по ·в· года мни да пр [UNK] купиле [UNK],24
107,32,https://gramoty.ru/birchbark/document/show/staraya-russa/32/,Старая Русса,1180‒1200,1180,1200,1190,12,Грамота № Ст. Р. 32,Фрагмент долгового списка,,… [:]в[:] коуне а оу жидене :в: нога‐ (те) …,[UNK] :в: коуне а оу жидене :в: ногате [UNK],13
108,33,https://gramoty.ru/birchbark/document/show/novgorod/33/,Новгород,1380‒1400,1380,1400,1390,14,Грамота №33,"Фрагмент с упоминанием обиды, нанесенной Давыду",,… давꙑда ѻбидѧ и ѻ‐ … … [ѡ]нъ …,[UNK] давꙑда ѻбидѧ и ѻ‐ [UNK] ѡнъ [UNK],9
109,34,https://gramoty.ru/birchbark/document/show/novgorod/34/,Новгород,1340‒1360,1340,1360,1350,14,Грамота №34,Фрагмент письма к господину о жеребце,,… (съ бра)тьєю · … [г]сне ни … …оривъ … … (же)ребец… …ѧ оу се… …литъ …,[UNK] съ братьєю · [UNK] гсне ни [UNK] оривъ [UNK] жеребец [UNK] ѧ оу се [UNK] литъ [UNK],20
110,34,https://gramoty.ru/birchbark/document/show/staraya-russa/34/,Старая Русса,1140‒1160,1140,1160,1150,12,Грамота № Ст. Р. 34,Фрагмент долгового списка,,(…) (ѫ) [и]грь[ц]а полъ (к)ꙋнѣ : ѫ годꙑге ·г· кꙋне [:] (…),[UNK] ѫ игрьца полъ кꙋнѣ : ѫ годꙑге ·г· кꙋне : [UNK],14
111,35,https://gramoty.ru/birchbark/document/show/novgorod/35/,Новгород,1360‒1380,1360,1380,1370,14,Грамота №35,Фрагмент неопределенного содержания,,…ле (о)[у] ф[е]д[ор](а о)[у в]аси‐ … (ска)зивале,[UNK] ле оу федора оу васи‐ [UNK] сказивале,9
112,35,https://gramoty.ru/birchbark/document/show/staraya-russa/35/,Старая Русса,1140‒1160,1140,1160,1150,12,Грамота № Ст. Р. 35,От Радослава к брату Хотеславу (указание взять деньги у прасола) и язвительный ответ Хотеслава,"‛От Радослава к Хотеславу. Возьми у прасола (торговца) 2 гривны и 5 кун’. ‛Брат Яков, не оригинальничай (веди себя как все)’. {К этому Хотеслав присовокупил два замысловатых эпитета для Радослава-Якова: ебехота ‛похотливый’ и менее ясное аѥсова — по-видимому, сложное слово из аѥ ‛яйцо’ и совати.}",ѿ радослава ко хотеславоу възми оу прасъла :в҃: гривене и :е҃: коуно ѧкове брате еби лежѧ ебехото аесово,ѿ радослава ко хотеславоу възми оу прасъла :в҃: гривене и :е҃: коуно ѧкове брате еби лежѧ ебехото аесово,24
113,36,https://gramoty.ru/birchbark/document/show/novgorod/36/,Новгород,1360‒1380,1360,1380,1370,14,Грамота №36,Фрагмент долгового списка,,… (гри)‐ вна : ꙋ селих[ѣ] гривна : ꙋ ѥ… … (ꙋ) [с]мона ·,[UNK] гривна : ꙋ селихѣ гривна : ꙋ ѥ [UNK] ꙋ смона ·,13
114,36,https://gramoty.ru/birchbark/document/show/staraya-russa/36/,Старая Русса,1140‒1160,1140,1160,1150,12,Грамота № Ст. Р. 36,Долговой список,"[{Имена должников:} Перенег, Сбыслав, Братонег, жена Плеша, Стойнег, жена Завида, Ремья, Сушко, Якша, Жаден, Путила Носович, другой Путила, жена Небереши, Малята, Сдан, Носатка, Сестрата]",оу : пе:ре:нѣ:га :ꙅ҃: кн҃ъ : оу : съ:бꙑ:сла:ва :ꙅ҃: кн҃ъ : оу : бра:то:нѣ:га :г҃: кн҃ѣ оу : плѣ:ше:вѣе :в҃: кн҃ѣ : оу : сто:и:нѣ:га :в҃: кнѣ : оу : за:ви:жѣ:е :г҃: кнѣ : оу рь:мье : кна : оу : соу:шка :в҃: кн҃ѣ : оу : ѧ:кшѣ :в҃: кнѣ : оу : жѧ:дѣ:на :г҃: рзнѣ оу : поу:ти:лѣ : оу : носо:ви:чѧ :г҃: кнѣ : оу : поу:ти:лѣ : кн҃а : оу : не:бе:ре:ши:нѣ:е :г҃: кнѣ оу : ма:лѧ:тѣ :в҃: кнѣ : оу съ:да:на :г҃: кн҃ѣ : оу : но:са:тъ:кѣ :в҃: кнѣ : оу сестра:тѣ : кн҃а,оу : пе:ре:нѣ:га :ꙅ҃: кн҃ъ : оу : съ:бꙑ:сла:ва :ꙅ҃: кн҃ъ : оу : бра:то:нѣ:га :г҃: кн҃ѣ оу : плѣ:ше:вѣе :в҃: кн҃ѣ : оу : сто:и:нѣ:га :в҃: кнѣ : оу : за:ви:жѣ:е :г҃: кнѣ : оу рь:мье : кна : оу : соу:шка :в҃: кн҃ѣ : оу : ѧ:кшѣ :в҃: кнѣ : оу : жѧ:дѣ:на :г҃: рзнѣ оу : поу:ти:лѣ : оу : носо:ви:чѧ :г҃: кнѣ : оу : поу:ти:лѣ : кн҃а : оу : не:бе:ре:ши:нѣ:е :г҃: кнѣ оу : ма:лѧ:тѣ :в҃: кнѣ : оу съ:да:на :г҃: кн҃ѣ : оу : но:са:тъ:кѣ :в҃: кнѣ : оу сестра:тѣ : кн҃а,239
115,37,https://gramoty.ru/birchbark/document/show/novgorod/37/,Новгород,1360‒1380,1360,1380,1370,14,Грамота №37,Фрагмент письма Ивана,,… [и]ва[н]а · ко … …[у]бе · те ї м… …ите · ꙗз[ъ] … … (са)[м]е · буду · (…),[UNK] ивана · ко [UNK] убе · те ї м [UNK] ите · ꙗзъ [UNK] саме · буду · [UNK],20
116,37,https://gramoty.ru/birchbark/document/show/staraya-russa/37/,Старая Русса,1180‒1200 (с вероятным смещением назад),1180,1200,1190,12,Грамота № Ст. Р. 37,Фрагмент письма с упоминанием киевлянина,‛… [столько-то] кун. Я дал Кормильцу (или: кормильцу) с киевлянином семь кун’.,… коуно + въдал[ь] есемо короми‐ лѣцоу съ кꙑѧниномо ·з҃· коуно,[UNK] коуно + въдаль есемо коромилѣцоу съ кꙑѧниномо ·з҃· коуно,13
117,38,https://gramoty.ru/birchbark/document/show/novgorod/38/,Новгород,1380‒1400,1380,1400,1390,14,Грамота №38,Фрагмент письма,,…кони-- федор- --[с]тък[ꙋ] ꙩко р‐ остави[л]и [сох-] …,[UNK] кони [UNK] федор- [UNK] стъкꙋ ꙩко роставили сох- [UNK],12
118,38,https://gramoty.ru/birchbark/document/show/staraya-russa/38/,Старая Русса,1180‒1200 (с вероятным смещением назад),1180,1200,1190,12,Грамота № Ст. Р. 38,Фрагмент с упоминанием жены Пруса,‛У жены Пруса гривна без резаны. Дай (или: дал)…’,… [у п]р[у]сов[ѣ]е гривна б[ь]з рѣзанѣ вода …,[UNK] у прусовѣе гривна бьз рѣзанѣ вода [UNK],8
119,39,https://gramoty.ru/birchbark/document/show/novgorod/39/,Новгород,1380‒1400,1380,1400,1390,14,Грамота №39,Фрагмент: «…Федорко (или Тодорко) в городе…»,,… [фе]дорко в горо‐ (д)- …,[UNK] федорко в город- [UNK],6
120,39,https://gramoty.ru/birchbark/document/show/staraya-russa/39/,Старая Русса,1380‒1400,1380,1400,1390,14,Грамота № Ст. Р. 39,От Григория к Ермоле и Озекею (сообщение об отправке шести бочек вина и указанием продать на тех же условиях),"‛Поклон от Григория Ермоле и Озекею. Я послал тебе шесть бочек вина, [уровень] — как палец достанет. Так что ты это хорошенько проверь. А продай как и те, на тех же условиях. А если ты то продал — так ты то отошли. А моим ребятам денег не давай — пошли вместе с долгом’.",поклонъ ѿ грорьи ѥрмолѣ и ѡзѣкѣю · посласмь к тобѣ шесть боцекъ вина · какъ палѣцѣ хвати и тꙑ то ѡ‐ смотри горазно а продаи какъ и тѣ по тому же и ли то продале тꙑ то ѿшли а моимъ роб[ѣт]амъ не даваи серебра по[шл]и з долгомъ,поклонъ ѿ грорьи ѥрмолѣ и ѡзѣкѣю · посласмь к тобѣ шесть боцекъ вина · какъ палѣцѣ хвати и тꙑ то ѡсмотри горазно а продаи какъ и тѣ по тому же и ли то продале тꙑ то ѿшли а моимъ робѣтамъ не даваи серебра пошли з долгомъ,46
121,40,https://gramoty.ru/birchbark/document/show/novgorod/40/,Новгород,1410‒1420,1410,1420,1415,15,Грамота №40,Фрагмент с упоминанием «берёста»,,…[ть] в неи гвозду · а стоѧть во по‐ тклѣтѣ кто п‐ ридеть з беростомъ …,[UNK] ть в неи гвозду · а стоѧть во потклѣтѣ кто придеть з беростомъ [UNK],15
122,40,https://gramoty.ru/birchbark/document/show/staraya-russa/40/,Старая Русса,1380‒1400,1380,1400,1390,14,Грамота № Ст. Р. 40,От Оксиньи и Онании к Родивону и Татьяне (приглашение на свадьбу в Новгород),"‛Поклон от Оксиньи и Онании Родивону и сестре моей Татьяне. Поезжайте в город к этому воскресенью: мне выдавать дочь, а сестре моей быть распорядительницей. А я господину своему Родивону и сестре моей челом бью’.",поклонъ ѿ ѡксини ӏ ѡнани к родиво‐ ну ӏ сестри моѥӏ татиѧни поӏдите в г‐ ородъ к сеӏ недили давати ми доци а се‐ стри моѥӏ приставницать а ѧзъ ѡ‐ сподину своѥму родивону ӏ своӏ сестри моѥӏ много целомъ бию,поклонъ ѿ ѡксини ӏ ѡнани к родивону ӏ сестри моѥӏ татиѧни поӏдите в городъ к сеӏ недили давати ми доци а сестри моѥӏ приставницать а ѧзъ ѡсподину своѥму родивону ӏ своӏ сестри моѥӏ много целомъ бию,36
123,41,https://gramoty.ru/birchbark/document/show/novgorod/41/,Новгород,1340‒1360,1340,1360,1350,14,Грамота №41,Фрагмент письма господам,,…‐ те даи[те] нам[ъ] в[олно] ход[и](ти) … кунахъ землю вамъ ꙩ̈цистимъ · а вамъ кла‐ наѥмсѧ,[UNK] ‐ те даите намъ волно ходити [UNK] кунахъ землю вамъ ꙩ̈цистимъ · а вамъ кланаѥмсѧ,18
124,41,https://gramoty.ru/birchbark/document/show/staraya-russa/41/,Старая Русса,1240‒1260 (с вероятным смещением назад или вперёд),1240,1260,1250,13,Грамота № Ст. Р. 41,Реестр соляного сбора,‛У Несдинича три с половиной размеры. У Шелвы … У Ивана две размеры. У Херитана размера. У Осм… У Липки три с половиной… У попа Павла…’,[у не]здини[ца поло цетвирти р]озмири у шелви [п]… у ивана ·в· розмири у херитана розмира у см-… у липки поло цетвирти… у павла у поп(а)… у…,у нездиница поло цетвирти розмири у шелви п [UNK] у ивана ·в· розмири у херитана розмира у см- [UNK] у липки поло цетвирти [UNK] у павла у попа [UNK] у [UNK],35
125,42,https://gramoty.ru/birchbark/document/show/novgorod/42/,Новгород,1380‒1400,1380,1400,1390,14,Грамота №42,Завещание Михаля,"‛Во имя Отца и Сына и Святого Духа. Вот я, раб Божий Михаль, отходя от сей жизни, пишу завещание при своей жизни. Что касается моих (вероятно, = причитающихся мне) кобылок и двух рублей, то производить расчет братьям моим, а детям моим [до них дела нет] …’",въ имѧ · ѻца · и сꙑна и свѧ[т]-[го д](х҃)‐ а се азъ бъ бж҃и · михаль · ѿхождѧ живота · сего · пишю · рукопсани‐ ѥ при своѥмь · животѣ · что ми ко‐ бил[ъ]ке и ·в҃· рублѧ вѣдатис[ѧ бра]‐ (т)ии моѥи а дѣт[е]мъ · м(о)имъ [н](е) ---- -о · а г[р]амо(т)… (…),въ имѧ · ѻца · и сꙑна и свѧтго дх҃‐ а се азъ бъ бж҃и · михаль · ѿхождѧ живота · сего · пишю · рукопсаниѥ при своѥмь · животѣ · что ми кобилъке и ·в҃· рублѧ вѣдатисѧ братии моѥи а дѣтемъ · моимъ не [UNK] -о · а грамот [UNK],63
126,42,https://gramoty.ru/birchbark/document/show/staraya-russa/42/,Старая Русса,1240‒1260 (с вероятным смещением назад или вперёд),1240,1260,1250,13,Грамота № Ст. Р. 42,Фрагмент неопределенного содержания,,…и око ми кр…,[UNK] и око ми кр [UNK],6
127,43,https://gramoty.ru/birchbark/document/show/novgorod/43/,Новгород,1380‒1400,1380,1400,1390,14,Грамота №43,От Бориса к Настасье (просьба прислать слугу и с ним рубаху),"‛От Бориса к Настасье. Как придет эта грамота, пришли мне человека на жеребце, потому что у меня здесь дел много. Да пришли рубашку — рубашку забыл’.",ѿ бориса · ко ностасии · како · п‐ риде · сѧ · грамота · тако · приш‐ ли ми · цоловѣкъ · на жерепцѣ зане ми · здѣсе · дѣлъ · много · да пришли · сороцицю · сороцицѣ за‐ бꙑле ·,ѿ бориса · ко ностасии · како · приде · сѧ · грамота · тако · пришли ми · цоловѣкъ · на жерепцѣ зане ми · здѣсе · дѣлъ · много · да пришли · сороцицю · сороцицѣ забꙑле ·,40
128,43,https://gramoty.ru/birchbark/document/show/staraya-russa/43/,Старая Русса,1180‒1200,1180,1200,1190,12,Грамота № Ст. Р. 43,Официальная запись о поручительстве вдовы Оленца Гюргию,"‛Оленцевая (т. е. жена или вдова Оленца) дала поручительство Гюргию в трех гривнах и сказала так: как я несу ответственность за те деньги, так же и за эти’. {Запись писца:} ‛Торлина грамота’.",оленечьваѧ въдала роукоу въ трехъ гривенахъ гюрегевии рекла тако ѧко же есмо в анихъ вѣверича‐ хъ тако же во сихъ :×: торолина грамта,оленечьваѧ въдала роукоу въ трехъ гривенахъ гюрегевии рекла тако ѧко же есмо в анихъ вѣверичахъ тако же во сихъ :×: торолина грамта,24
129,44,https://gramoty.ru/birchbark/document/show/novgorod/44/,Новгород,1360‒1380,1360,1380,1370,14,Грамота №44,"Фрагмент с упоминанием Прокла, Наума и Леновихта, крестоцелования и побега к немцам",,… (пр)[оклꙋ и] наꙋмꙋ со лѣновихтомо ӏ цѣлованиѥ не надоби … побѣглѣ во нѣмьцѣ а товаро ꙋ …,[UNK] проклꙋ и наꙋмꙋ со лѣновихтомо ӏ цѣлованиѥ не надоби [UNK] побѣглѣ во нѣмьцѣ а товаро ꙋ [UNK],18
130,44,https://gramoty.ru/birchbark/document/show/staraya-russa/44/,Старая Русса,1180‒1200,1180,1200,1190,12,Грамота № Ст. Р. 44,Фрагмент списка долгов или недоборов,,…цанес… …[н]окаоу… …[л]ѣно… …[а]леск… Оборот …анесм… …ищаоу… …-лим[а]… …скѣза…,[UNK] цанес [UNK] нокаоу [UNK] лѣно [UNK] алеск [UNK] Оборот [UNK] анесм [UNK] ищаоу [UNK] -лима [UNK] скѣза [UNK],20
131,45,https://gramoty.ru/birchbark/document/show/novgorod/45/,Новгород,1320‒1340,1320,1340,1330,14,Грамота №45,Договор Бобра с Семеном об условиях займа,"‛Вот счелся Бобр с Семеном: на два с половиной рубля за три года [процентов] тринадцать с половиной гривен, а рубль …’",се соцетесѧ бобро со семеномо на поло теретеѧ рублѧ на г҃· годꙑ поло цте‐ вертꙑ натцѧ гривно а руб[л]--- (…),се соцетесѧ бобро со семеномо на поло теретеѧ рублѧ на г҃· годꙑ поло цтевертꙑ натцѧ гривно а рубл [UNK],21
132,45,https://gramoty.ru/birchbark/document/show/staraya-russa/45/,Старая Русса,1160‒1180 (с вероятным смещением назад или вперёд),1160,1180,1170,12,Грамота № Ст. Р. 45,Фрагмент неопределенного содержания,,......................нꙑ… ......лати..........коулот… …титьавла.......омовꙑ…,[UNK] .нꙑ [UNK] лати [UNK] .коулот [UNK] титьавла [UNK] .омовꙑ [UNK],14
133,46,https://gramoty.ru/birchbark/document/show/novgorod/46/,Новгород,1320‒1340,1320,1340,1330,14,Грамота №46,Школьная шутка,"‛Невежда написал, пустомеля (букв.: бездумный) сказал, а кто это прочитал (читает), тот ...’","н в ж п с н д м к з а [т] с [ц] т … е ѣ ѧ и а е у а а а х о е и а … Запись читается по вертикали, столбец за столбцом: невѣжѧ писа недума каза а х[т]о се [ц]ита …","н в ж п с н д м к з а т с ц т [UNK] е ѣ ѧ и а е у а а а х о е и а [UNK] Запись читается по вертикали, столбец за столбцом: невѣжѧ писа недума каза а хто се цита [UNK]",50
134,46,https://gramoty.ru/birchbark/document/show/staraya-russa/46/,Старая Русса,1320‒1340 (с вероятным смещением вперёд),1320,1340,1330,14,Грамота № Ст. Р. 46,От Олескадра к матери,"‛Поклон от Олескадра матери. Скажи, Данила, Григане …’.",покло ѿ ѡлѥскадра к матьрь мовли данило григане в---- ѥсм[о с] тво…,покло ѿ ѡлѥскадра к матьрь мовли данило григане в [UNK] ѥсмо с тво [UNK],14
135,47,https://gramoty.ru/birchbark/document/show/staraya-russa/47/,Старая Русса,1320‒1340 (с вероятным смещением вперёд),1320,1340,1330,14,Грамота № Ст. Р. 47,«От Ильина дни до Велика дни»,"{От текста сохранилось только указание срока, на который могла быть заключена финансовая сделка, договор найма или какое-то другое соглашение:} от Ильина дня до Пасхи.",ма · ѿ илӏина дни до ⟦[хр҃т҃о]в⟧ велика дн҃и,ма · ѿ илӏина дни до ⟦хр҃т҃ов⟧ велика дн҃и,17
136,48,https://gramoty.ru/birchbark/document/show/novgorod/48/,Новгород,1320‒1340,1320,1340,1330,14,Грамота №48,Фрагмент долговой записи,,(…) (на) (…)турки(нѣ) … … (ру)[б]лѣ на … …ѣ на м… … и на в… …ѧть р(ублевъ) (…),[UNK] на [UNK] туркинѣ [UNK] рублѣ на [UNK] ѣ на м [UNK] и на в [UNK] ѧть рублевъ [UNK],19
137,48,https://gramoty.ru/birchbark/document/show/staraya-russa/48/,Старая Русса,1340‒1360,1340,1360,1350,14,Грамота № Ст. Р. 48,Фрагмент письма,,ѿ [б]аш[м]-… непо[ѡ]…,ѿ башм- [UNK] непоѡ [UNK],6
138,49,https://gramoty.ru/birchbark/document/show/novgorod/49/,Новгород,1410‒1420,1410,1420,1415,15,Грамота №49,От Настасьи к братьям (сообщение о смерти Бориса),"‛Поклон от Настасьи господам моим братьям. У меня Бориса [больше] нет в живых. Как, господа, позаботитесь обо мне и о моих детях?’",поклонъ · ѿ ностасьи къ гн҃у къ моѥи къ бъратьи · оу мене бориса в животѣ нѣтъ · какъ се гсдо мною попецалуѥте и моими дѣтми ·,поклонъ · ѿ ностасьи къ гн҃у къ моѥи къ бъратьи · оу мене бориса в животѣ нѣтъ · какъ се гсдо мною попецалуѥте и моими дѣтми ·,31
139,49,https://gramoty.ru/birchbark/document/show/staraya-russa/49/,Старая Русса,1280‒1300,1280,1300,1290,13,Грамота № Ст. Р. 49,Реестр соляного сбора,"{В десяток входят следующие лица:} Прут, Лутьян Михайлин, Еван Сычков, Смеч Чудкин, Осляка, Гребеницын, Пошка, Жихно, Гончар, Еван Дваживов.",оу [п]роута полоутора бьрковеска ·:· оу лоутьѧна оу михаилина :е҃: розмиро ·:· оу евана оу сꙑцькова :е҃: розмиро ·:· оу смьца оу цюдок‐ ина :е҃: розмиро ·:· оу ѡслѧки :е҃: розмиро ·:· оу грьбьницина ·д҃· розмири оу пошьки ·д҃· розмири ·:· оу жихна :е҃: розмиро ·:· оу гороньцара ·д҃· розмири оу евана оу дваживова ·д҃· розмири ·:·,оу проута полоутора бьрковеска ·:· оу лоутьѧна оу михаилина :е҃: розмиро ·:· оу евана оу сꙑцькова :е҃: розмиро ·:· оу смьца оу цюдокина :е҃: розмиро ·:· оу ѡслѧки :е҃: розмиро ·:· оу грьбьницина ·д҃· розмири оу пошьки ·д҃· розмири ·:· оу жихна :е҃: розмиро ·:· оу гороньцара ·д҃· розмири оу евана оу дваживова ·д҃· розмири ·:·,99
140,50,https://gramoty.ru/birchbark/document/show/novgorod/50/,Новгород,1360‒1380,1360,1380,1370,14,Грамота №50,Долговой список,‛… 3 дежи … ({может быть:} третьего года). За Радославом седьмая дежа. Воиславовы 2 дежи исполовья. Радославова исполовья 13 улков. За Олександром прошлогоднего ячменя 13 улков. Олександр дал Коромольнику 3 улка зерна. Волос на Хомутине …’ {Конечная часть:} ‛… Ладога 3 дежи. Ондрешку 4 улка искормили. 14 улков овса — Олександр с Волосом’.,Средняя часть … ·г· дежи трьтие-------- (за) радославомо дижѧ сема‐ ѧ воислали ·в· деж[и] · [исполо](виѧ р)[а]дослалѧ исполовиѧ ·г··ӏ· у·‐ локи · за олександромо лонеского жита · ·г·ӏ· улоки олекса‐ ндре дале коромолник·у· ·г· ·у·лки верши волосе на хомутини у‐ … Конечная часть … искорми ладога ·г· дежи ондришк·у ·д· улки искормили д·ӏ· улки овиса олександрь с волосомо,Средняя часть [UNK] ·г· дежи трьтие [UNK] за радославомо дижѧ семаѧ воислали ·в· дежи · исполовиѧ радослалѧ исполовиѧ ·г··ӏ· у·‐ локи · за олександромо лонеского жита · ·г·ӏ· улоки олександре дале коромолник·у· ·г· ·у·лки верши волосе на хомутини у‐ [UNK] Конечная часть [UNK] искорми ладога ·г· дежи ондришк·у ·д· улки искормили д·ӏ· улки овиса олександрь с волосомо,90
141,50,https://gramoty.ru/birchbark/document/show/staraya-russa/50/,Старая Русса,1280‒1300 (с вероятным смещением назад),1280,1300,1290,13,Грамота № Ст. Р. 50,Реестр соляного сбора,"‛... У Бориса две размеры, у Твердяты размера, у Евана полберковца, у ...’",… (ꙋ б)ориса две розмере : ꙋ тве[р]‐ [д]ѧте розмьра ꙋ евана по‐ (л)[ъ берковеска ꙋ] (-)[р]--н-,[UNK] ꙋ бориса две розмере : ꙋ твердѧте розмьра ꙋ евана полъ берковеска ꙋр [UNK] н-,17
142,51,https://gramoty.ru/birchbark/document/show/novgorod/51/,Новгород,1300‒1320,1300,1320,1310,14,Грамота №51,Фрагмент списка,,… …‐ мꙋю а ꙋ рꙋ… … ----- ꙋ зꙋекевица ·в· лососе …,[UNK] ‐ мꙋю а ꙋ рꙋ [UNK] ꙋ зꙋекевица ·в· лососе [UNK],14
143,51,https://gramoty.ru/birchbark/document/show/staraya-russa/51/,Старая Русса,1280‒1300 (с вероятным смещением вперёд),1280,1300,1290,13,Грамота № Ст. Р. 51,От Максима к Онании (распоряжение прислать коней),"‛От Максима к Онании. Приведи трех коней: солового, бурого и Орька, и седла возьми. И поезжай немедленно’.",ѿ маѯима къ онании · поведи кони ·г҃· соловои · боурꙑи орка ї седла възмї а спроста поѥди ·,ѿ маѯима къ онании · поведи кони ·г҃· соловои · боурꙑи орка ї седла възмї а спроста поѥди ·,22
144,52,https://gramoty.ru/birchbark/document/show/novgorod/52/,Новгород,1260‒1280,1260,1280,1270,13,Грамота №52,Фрагмент с упоминанием Кокшенги,,… ·м҃· бьле в пꙋе :а҃: а в кокше[н](ге) … ·м҃· бьло : у [зꙋ]екн…,[UNK] ·м҃· бьле в пꙋе :а҃: а в кокшенге [UNK] ·м҃· бьло : у зꙋекн [UNK],25
145,52,https://gramoty.ru/birchbark/document/show/staraya-russa/52/,Старая Русса,1240‒1260 (с вероятным смещением назад или вперёд),1240,1260,1250,13,Грамота № Ст. Р. 52,Реестр соляного сбора,"‛У Бориса полтора берковца, у Твердяты полтора [берковца], у Чудина берковец, у Павы полберковца, у Игната 2 розмеры, у Дмитра полберковца, у Жаса берковец’.",у бориса полутора бѣрковка у т‐ вьрдѧтѣ полутора у цюдина ⟦по|луто⟧ б{о}‐ ѣ у ⟦шѣлвѣ⟧ павѣ поло бѣ у игната в ро [:] оу дмитра по бѣ у жаса бѣ,у бориса полутора бѣрковка у твьрдѧтѣ полутора у цюдина ⟦по|луто⟧ бѣ у ⟦шѣлвѣ⟧ павѣ поло бѣ у игната в ро : оу дмитра по бѣ у жаса бѣ,34
146,53,https://gramoty.ru/birchbark/document/show/novgorod/53/,Новгород,1320‒1340,1320,1340,1330,14,Грамота №53,От Петра к Марье (просьба прислать копию грамоты о покупке пожни),"‛Поклон от Петра Марье. Я скосил пожню, а озеричи (жители деревни Озера) у меня сено отняли. Спиши список (копию) с купчей грамоты да пришли сюда, чтобы мне было понятно, куда поведет купчая грамота (т. е. как проходит граница купленной земли)’.",поклонъ ѿ потра к марьѣ покосиле єсмь пожню и ѡ‐ зерици · оу мене сѣно ѿѧли спиши списокъ с купнои грамотѣ да пришли сѣмо кудꙑ грамота поведе дать ми розумно,поклонъ ѿ потра к марьѣ покосиле єсмь пожню и ѡзерици · оу мене сѣно ѿѧли спиши списокъ с купнои грамотѣ да пришли сѣмо кудꙑ грамота поведе дать ми розумно,29
147,53,https://gramoty.ru/birchbark/document/show/staraya-russa/53/,Старая Русса,1200‒1220 (с вероятным смещением вперёд),1200,1220,1210,13,Грамота № Ст. Р. 53,Фрагмент делового письма,{вероятная реконструкция:} ‘возьми все деньги’,… [въ]земи вох- к…,[UNK] въземи вохк [UNK],4
148,54,https://gramoty.ru/birchbark/document/show/novgorod/54/,Новгород,1320‒1340,1320,1340,1330,14,Грамота №54,Фрагмент списка с упоминанием соколов,,…а оу микулици соколо оу … …стуѧ соколъ оу микифорцѧ …,[UNK] а оу микулици соколо оу [UNK] стуѧ соколъ оу микифорцѧ [UNK],12
149,54,https://gramoty.ru/birchbark/document/show/staraya-russa/54/,Старая Русса,1180‒1200,1180,1200,1190,12,Грамота № Ст. Р. 54,От Ослицы к Ивану (просьба купить оленьих рукавиц),‘От Ослицы к Ивану. Купи оленьих рукавиц’.,ѿсьлицѣ к ꙑваноу кри‐ ни роукавиць оленихъ,ѿсьлицѣ к ꙑваноу крини роукавиць оленихъ,6
150,55,https://gramoty.ru/birchbark/document/show/novgorod/55/,Новгород,1300‒1320,1300,1320,1310,14,Грамота №55,Фрагмент письма с упоминанием «дворней грамоты»,,покл[оно] … …[вот]омо а гра‐ (мо)[тꙋ] господине возми дворнюю ꙋ ѳоминь жене како соко‐ … … (госп)[од]ин[е] … господине торгъвати беле вод[ал- ѳедоро] а ко мне … дворнюю грамотꙋ ели ꙋ те[бе] (…),поклоно [UNK] вотомо а грамотꙋ господине возми дворнюю ꙋ ѳоминь жене како соко‐ [UNK] господине [UNK] господине торгъвати беле водалѳедоро а ко мне [UNK] дворнюю грамотꙋ ели ꙋ тебе [UNK],31
151,55,https://gramoty.ru/birchbark/document/show/staraya-russa/55/,Старая Русса,1160‒1180 (с вероятным смещением назад или вперёд),1160,1180,1170,12,Грамота № Ст. Р. 55,Фрагмент адресной формулы,,…[л]ава къ ми‐ …,[UNK] лава къ ми‐ [UNK],6
152,56,https://gramoty.ru/birchbark/document/show/novgorod/56/,Новгород,1240‒1260,1240,1260,1250,13,Грамота №56,Фрагмент с упоминанием водмола,,…н[ӏ :] водомоаа локо(т)- … … [под]ошьви [п]ерь-[е]…,[UNK] нӏ : водомоаа локот- [UNK] подошьви перье [UNK],10
153,56,https://gramoty.ru/birchbark/document/show/staraya-russa/56/,Старая Русса,1160‒1180 (с вероятным смещением назад или вперёд),1160,1180,1170,12,Грамота № Ст. Р. 56,Фрагмент неопределенного содержания,,…‐ ка м[ѣсѧ](ц)…,[UNK] ‐ ка мѣсѧц [UNK],5
154,57,https://gramoty.ru/birchbark/document/show/novgorod/57/,Новгород,1320‒1340,1320,1340,1330,14,Грамота №57,Фрагмент (денежные дела),{Возможная реконструкция:} ‛С …жева семь гривен с процентами’.,…жьвь [се]-- (гри)‐ вьно со намꙑ,[UNK] жьвь се [UNK] гривьно со намꙑ,7
155,57,https://gramoty.ru/birchbark/document/show/staraya-russa/57/,Старая Русса,1200‒1220 (с вероятным смещением вперёд),1200,1220,1210,13,Грамота № Ст. Р. 57,Реестр натурального сбора,,(… у т)[у]дорка кдь у жадѣна кдь у пировѣе кдь у облика кдь у їлькь кдь …[виц]а к[дь у кузьм]ѣ [кдь у завидица] (к)[д](ь),[UNK] у тудорка кдь у жадѣна кдь у пировѣе кдь у облика кдь у їлькь кдь [UNK] вица кдь у кузьмѣ кдь у завидица кдь,25
156,58,https://gramoty.ru/birchbark/document/show/staraya-russa/58/,Старая Русса,1160‒1180 (с вероятным смещением назад или вперёд),1160,1180,1170,12,Грамота № Ст. Р. 58,Фрагмент письма с упоминанием приданого,"{возможная реконструкция} ‘… епископу, а жену (прогнал?) …, а приданое не отдает. … (Об этом) я позабочусь, а ты сам …’.",… [еп](к)[п]оу · а [же](ноу) … … · а · кроу·те · [е]и · н(е) … … (н)[а]болю · а · са·м[е] … (…),[UNK] епкпоу · а женоу [UNK] · а · кроу·те · еи · не [UNK] наболю · а · са·ме [UNK],27
157,59,https://gramoty.ru/birchbark/document/show/novgorod/59/,Новгород,1320‒1340,1320,1340,1330,14,Грамота №59,От Омросии к Степану (денежные дела),"‛Поклон от Омросии Степану … я в поруке за крестьян. А теперь … [после (или: до)] половодья я разочтусь с тобой’. {Можно предполагать, что на стыке 3-й и 4-й строк читалось (како про)|мысливсѧ; отсюда дальнейший перевод:} ‛[Как только] раздобуду (очевидно, денег), так приеду к тебе. А ты знаешь … А дар (род подати) к себе возьми, а потом бо́льшего …’",поклоно ѿ ѡ·мроси·и · ко степаноу … ѧзо во : пороуки за си:роти · а нꙑ:н[е :] … полои води · ѧзо : вида·ю·сѧ с тоб(ою) … мꙑ·сливсѧ · та·ко бꙋдꙋ к тоби : а тꙑ · видаеши а… а дар ко соби восми · а по семо : болша боу…,поклоно ѿ ѡ·мроси·и · ко степаноу [UNK] ѧзо во : пороуки за си:роти · а нꙑ:не : [UNK] полои води · ѧзо : вида·ю·сѧ с тобою [UNK] мꙑ·сливсѧ · та·ко бꙋдꙋ к тоби : а тꙑ · видаеши а [UNK] а дар ко соби восми · а по семо : болша боу [UNK],69
158,60,https://gramoty.ru/birchbark/document/show/novgorod/60/,Новгород,1340‒1360,1340,1360,1350,14,Грамота №60,Фрагмент неопределенного содержания,,…ноу · ѥсть · у…,[UNK] ноу · ѥсть · у [UNK],7
159,61,https://gramoty.ru/birchbark/document/show/novgorod/61/,Новгород,1240‒1260 (с вероятным смещением вперёд),1240,1260,1250,13,Грамота №61,Хозяйственные указания,"‛… расплати́тесь (или: расплатиться) по процентам за 25 гривен серебра основного капитала [и] 10 пудов меда, причем [за] три года. А остальное вы сами знаете (или: он сам знает) — когда (или: где) что заплатить, когда (или: где) что получить. А мне сообщайте обо всем’.",… … [ис](п)[равить по и]зростомо поло трьтиѧ дьсѧто гривьно сьрьбра истинꙑ :ӏ҃: пудово мьду а три годъи а ное самь вьдает[е] код цо исправить кодь что взѧти а ко мне кажить о всьмо,[UNK] исправить по изростомо поло трьтиѧ дьсѧто гривьно сьрьбра истинꙑ :ӏ҃: пудово мьду а три годъи а ное самь вьдаете код цо исправить кодь что взѧти а ко мне кажить о всьмо,35
160,62,https://gramoty.ru/birchbark/document/show/novgorod/62/,Новгород,1280‒1300,1280,1300,1290,13,Грамота №62,Фрагмент с упоминанием дня св. Евгении,,…а декѧбрѧ … … еꙋгѣниѧ се … (помо)цница жь н(а)… …техо · а · ꙩнѣ за…,[UNK] а декѧбрѧ [UNK] еꙋгѣниѧ се [UNK] помоцница жь на [UNK] техо · а · ꙩнѣ за [UNK],18
161,63,https://gramoty.ru/birchbark/document/show/novgorod/63/,Новгород,1280‒1300,1280,1300,1290,13,Грамота №63,Фрагмент неопределенного содержания,{возможно:} ‛…объявлю об убытке…’,…[на ӏс]те{л}[р]ю ѥ[в]лю …,[UNK] на ӏстерю ѥвлю [UNK],5
162,64,https://gramoty.ru/birchbark/document/show/novgorod/64/,Новгород,1280‒1300,1280,1300,1290,13,Грамота №64,Фрагмент неопределенного содержания,,…ко ѥсемо …[е] · так[о] · …ен …,[UNK] ко ѥсемо [UNK] е · тако · [UNK] ен [UNK],11
163,65,https://gramoty.ru/birchbark/document/show/novgorod/65/,Новгород,1300‒1320,1300,1320,1310,14,Грамота №65,От Матфея к Есифу Давидову (хозяйственные поручения),"‛Поклон от Матвея к Есифу Давидову. Привези ({букв.:} вывези) мне две медвежьих шкуры да веретища (холщовые пологи) да попоны, а коня (?) ({возможно:} возьми такого-то) …’ {На обороте:} ‛Если собираешься «водить», то продай по три рубля (т. е. продай, причем по указанной цене), если не собираешься — не продавай’.",поклно ѿ матвиѧ ко ѥсиѳу ко д‐ авидову : вꙑвези ми :в҃: медвед‐ на · да веретиша : да попонь : а к‐ [о]… (…) ажь водѧ по :г҃: рꙋблѧ про‐ да : али не водѧ нь продаӏ,поклно ѿ матвиѧ ко ѥсиѳу ко давидову : вꙑвези ми :в҃: медведна · да веретиша : да попонь : а ко [UNK] ажь водѧ по :г҃: рꙋблѧ прода : али не водѧ нь продаӏ,40
164,66,https://gramoty.ru/birchbark/document/show/novgorod/66/,Новгород,1340‒1360,1340,1360,1350,14,Грамота №66,Фрагмент письма,,…ъ нь ѡслушаисѧ …,[UNK] ъ нь ѡслушаисѧ [UNK],7
165,67,https://gramoty.ru/birchbark/document/show/novgorod/67/,Новгород,1300‒1320,1300,1320,1310,14,Грамота №67,От Якова к Василию и Васильевой жене (жалоба на бесчестье от Жирослава),"‛Поклон от Якова Василию и Васильевой жене. Иди, господин, к Тимофею: Жирослав бесчестит, да еще (?) дворян шлет …’",+ поклоно ѿ ѧкова : ко (ва)силью : и ко ва‐ сильеви·и : иди господин(е) : ко тимо‐ ѳью жиросл(а)вь бьщести [л]ишь дв[о]‐ рѧни с[л]ь т[и]… (…),поклоно ѿ ѧкова : ко василью : и ко васильеви·и : иди господине : ко тимоѳью жирославь бьщести лишь дворѧни сль ти [UNK],25
166,68,https://gramoty.ru/birchbark/document/show/novgorod/68/,Новгород,1240‒1260,1240,1260,1250,13,Грамота №68,Торговые указания,"‛… если будет купец (т. е. покупатель), меня жди. Торгуй, посылая (отчисляя?) мне две гривны. Я, как только управлюсь, приеду, оставив [вместо себя] сборщика. А ты, брат, не спеши (?), [независимо от того], здесь ли тебе быть или идти туда в Соши (?). А если запросит Местилов сын чего-нибудь небольшого, то дай — я за этим стою (т. е. за этим заранее стоит и мое согласие)’.",… …[уд]у ожь ти будь гость мьнь жди торгуи м[нь двь гривь]‐ нь правѧ ѧ како доспьво буду а борь[ц]ь оставиво а тꙑ брать нь дь‐ щиси сде ли ти буть тамо ли в соши ити а ци восопрашееть местилов‐ ь сꙑно цого малаго даи ту ѧ стою,[UNK] уду ожь ти будь гость мьнь жди торгуи мнь двь гривьнь правѧ ѧ како доспьво буду а борьць оставиво а тꙑ брать нь дьщиси сде ли ти буть тамо ли в соши ити а ци восопрашееть местиловь сꙑно цого малаго даи ту ѧ стою,45
167,69,https://gramoty.ru/birchbark/document/show/novgorod/69/,Новгород,1280‒1300,1280,1300,1290,13,Грамота №69,От Терентия к Михалю (просьба прислать Терентию лошадь в Ярославль),"‛От Терентия к Михалю. Пришлите коня с Яковцем — поедет Саввина дружина. Мы с Григорием в Ярославле живы-здоровы. Угличские корабли остались во льду на зиму ({букв.:} угличане замерзли) в Ярославле. Так что ты [посылай] до Углича, и как раз туда [едет] дружина ({или:} и как раз там дружина)’.",ѿ тьр ѿ тереньтеѧ къ михалю при‐ шьлить лошакъ съ ѧковьцем[ъ] поедуть дружина савина чадь ѧ на ѧрославли добръ здоровъ и с гри‐ горемь оуглицане замерьзьли на ѧрославли ӏ тꙑ до углеца и ту пакъ дружина,ѿ тьр ѿ тереньтеѧ къ михалю пришьлить лошакъ съ ѧковьцемъ поедуть дружина савина чадь ѧ на ѧрославли добръ здоровъ и с григоремь оуглицане замерьзьли на ѧрославли ӏ тꙑ до углеца и ту пакъ дружина,34
168,70,https://gramoty.ru/birchbark/document/show/novgorod/70/,Новгород,1280‒1300,1280,1300,1290,13,Грамота №70,Фрагмент: «Хрестьянова жена»,,… хр[ь]стеѧнова жена,[UNK] хрьстеѧнова жена,3
169,71,https://gramoty.ru/birchbark/document/show/novgorod/71/,Новгород,1260‒1280,1260,1280,1270,13,Грамота №71,Запись об Ильдатином селище,'Ильдатино селище — [хозяйствует] Терпила'.,ильдатинъ селищь тьр‐ пила,ильдатинъ селищь тьрпила,3
170,72,https://gramoty.ru/birchbark/document/show/novgorod/72/,Новгород,1260‒1280,1260,1280,1270,13,Грамота №72,"Фрагмент: «Иванко, сын Демьянко»",,… иванко сꙑно дьмеѧнко,[UNK] иванко сꙑно дьмеѧнко,4
171,73,https://gramoty.ru/birchbark/document/show/novgorod/73/,Новгород,1220‒1240,1220,1240,1230,13,Грамота №73,Долговая запись,,на смьне тр‐ и гривнь со бра‐ томь,на смьне три гривнь со братомь,6
172,74,https://gramoty.ru/birchbark/document/show/novgorod/74/,Новгород,1200‒1220,1200,1220,1210,13,Грамота №74,Фрагмент азбуки,,а [б в] г д е ж ꙅ з,а б в г д е ж ꙅ з,9
173,75,https://gramoty.ru/birchbark/document/show/novgorod/75/,Новгород,1200‒1220,1200,1220,1210,13,Грамота №75,Фрагмент деловой записи,,…о ти заѧто въ треть …,[UNK] о ти заѧто въ треть [UNK],7
174,76,https://gramoty.ru/birchbark/document/show/novgorod/76/,Новгород,1200‒1220,1200,1220,1210,13,Грамота №76,Фрагмент с упоминанием наемного работника,,… (гривь)‐ но а наимит[оу] … … (:-҃): гривьн[ь] …,[UNK] гривьно а наимитоу [UNK] :-҃: гривьнь [UNK],11
175,78,https://gramoty.ru/birchbark/document/show/novgorod/78/,Новгород,1160‒1180,1160,1180,1170,12,Грамота №78,Наказ забрать у Тимошки конское снаряжение и деньги за коня,"‛Возьми у Тимошки, Войцына (или Войчина) шурина, одиннадцать гривен за коня, а также сани, хомут, вожжи, оголовье и попону’.",+ въземи оу тимоще одиноу на десѧтѣ грив[ь]ноу оу въицина шоурина на конѣ и сани и хомоут[о] и во‐ же и оголове и попоноу ·,въземи оу тимоще одиноу на десѧтѣ гривьноу оу въицина шоурина на конѣ и сани и хомоуто и воже и оголове и попоноу ·,23
176,79,https://gramoty.ru/birchbark/document/show/novgorod/79/,Новгород,1180‒1200,1180,1200,1190,12,Грамота №79,Ярлычок: «Дай Михалю»,,а водаӏ миха‐ леви,а водаӏ михалеви,3
177,80,https://gramoty.ru/birchbark/document/show/novgorod/80/,Новгород,1160‒1180,1160,1180,1170,12,Грамота №80,Фрагмент письма к Иванку,,…[а] ко иванокуо пос…,[UNK] а ко иванокуо пос [UNK],6
178,81,https://gramoty.ru/birchbark/document/show/novgorod/81/,Новгород,1160‒1180,1160,1180,1170,12,Грамота №81,Фрагмент письма,"‛за тебя’, ‛за тобой (временно)’",…ъдъ[ко]-ю-… …аї за тѧ н…,[UNK] ъдъкою- [UNK] аї за тѧ н [UNK],9
179,82,https://gramoty.ru/birchbark/document/show/novgorod/82/,Новгород,1180‒1200,1180,1200,1190,12,Грамота №82,От Творимира к Фоме (деловые поручения),"‛От Творимира к Фоме. Кланяюсь [тебе], брат, заходи в [мой] двор. Если же приедешь верхом, то дай …’ {После разрыва:} ‛… [проси] Внезда, шурина-то моего, пусть вытащит доски …’",+ѡ творимира ко ѳъмь кланѧюсѧ брать прихажѧи во дворо : ожь ти приедѧ вьрьшь а водаи ро‐ … … (м)[ол]и воньзда шюрина и моега оти вꙑволоци доскь и …,ѡ творимира ко ѳъмь кланѧюсѧ брать прихажѧи во дворо : ожь ти приедѧ вьрьшь а водаи ро‐ [UNK] моли воньзда шюрина и моега оти вꙑволоци доскь и [UNK],29
180,83,https://gramoty.ru/birchbark/document/show/novgorod/83/,Новгород,1100‒1120,1100,1120,1110,12,Грамота №83,Фрагмент долговой записи,,на …‐ рѣ … гр҃(вн)- …,на [UNK] ‐ рѣ [UNK] гр҃вн- [UNK],10
181,84,https://gramoty.ru/birchbark/document/show/novgorod/84/,Новгород,1120‒1140,1120,1140,1130,12,Грамота №84,От Твердяты к Зуб(е)рю,‛От Твердяты к Зуб(е)рю. Возьми у госпожи тринадцать резан’.,`+ отъ твьрьдѧтꙑ къ зоубери възми оу господꙑни три на десѧте рѣзанѣ а,отъ твьрьдѧтꙑ къ зоубери възми оу господꙑни три на десѧте рѣзанѣ а,12
182,87,https://gramoty.ru/birchbark/document/show/novgorod/87/,Новгород,1180‒1200,1180,1200,1190,12,Грамота №87,От попа Дрочки к Демьяну и другим,"‛От попа Дрочки поклон Демьяну и Мине и Ванку и всем вам. Пожалуйста, …’ {(следовала какая-то просьба).}",ѿ дрочке ѿ папа пъкланѧние ко демеѧноу и къ мине и къ ваноукоу и къ вьхемо вамо добре створѧ …,ѿ дрочке ѿ папа пъкланѧние ко демеѧноу и къ мине и къ ваноукоу и къ вьхемо вамо добре створѧ [UNK],20
183,88,https://gramoty.ru/birchbark/document/show/novgorod/88/,Новгород,1120‒1140,1120,1140,1130,12,Грамота №88,Фрагменты письма к Иванку и Петриле,"‛(От ... к) Иванку и к Петриле. Вот, здесь, в прошлом году, я ...’. ‛вычли ({возможно,} у Петрока)’. ‛… там. А Иванку скажи так ...’. ‛... я был ...’.",…[з]- (къ) [ив]анъкоу и къ петри[лѣ] (с)е сьдѣ лони есмь на… …ш[ѧго]… оучькли петръ… … [та]мо а ив(анъкоу по)[вѣ]ж[ь т]ак[о] … …ѣ е[с]мь бꙑ[л](ъ) …,[UNK] зкъ иванъкоу и къ петрилѣ се сьдѣ лони есмь на [UNK] шѧго [UNK] оучькли петръ [UNK] тамо а иванъкоу повѣжь тако [UNK] ѣ есмь бꙑлъ [UNK],27
184,90,https://gramoty.ru/birchbark/document/show/novgorod/90/,Новгород,1050‒1075 (с вероятным смещением вперёд),1050,1075,1062,11,Грамота №90,Фрагмент записи долгов или выплат,,(оу) …‐ снѧ дъв[ѣ] … …‐ ши пол[ъ] … …‐ нь на хар[ъ](тиѧхъ) …,оу [UNK] ‐ снѧ дъвѣ [UNK] ‐ ши полъ [UNK] ‐ нь на харътиѧхъ [UNK],15
185,91,https://gramoty.ru/birchbark/document/show/novgorod/91/,Новгород,1360‒1380,1360,1380,1370,14,Грамота №91,Начало письма от Ларьяна к Максиму (Онцифоровичу),,поклонъ ѿ ларьꙗна · ко свату моѥму · ма‐ ксиму · тако …,поклонъ ѿ ларьꙗна · ко свату моѥму · максиму · тако [UNK],12
186,92,https://gramoty.ru/birchbark/document/show/novgorod/92/,Новгород,1340‒1360,1340,1360,1350,14,Грамота №92,Роспись оброка,"{Начальное на Спѣховѣ — скорее всего указание села, где живут все названные люди (менее вероятно, что Спехов — отчество Стефана). Упомянуты:} Стефан и его шурин, Сидор и его брат, Фларь, Заяц, Лавр, Олферий, Зуйко (Зуек), Петр, Стукович, Микита, Сидор. {Цифра 28 после имени Фларя означает число бел. Цифра после имени Петра не совсем ясна: 3 или 13}",на спѣховѣ на стефана · лососъ · на шюрине ѥго‐ о лосо · на сидоре · лосъсъ · на брате ѥго · слсосъ · на ф‐ ларе ·к҃·и҃· ӏ на заꙗце ·д· беле · на лавре ·в· ло‐ соси · на ѻлферьѥ ·ѳ· лососеи · на зуике ·ѳ· лосо оу петра ·г҃[ӏ] лососи · на стуковиць ·в· лососи · на миките ·д҃· лососи · на сидоре ·в· лососи,на спѣховѣ на стефана · лососъ · на шюрине ѥгоо лосо · на сидоре · лосъсъ · на брате ѥго · слсосъ · на фларе ·к҃·и҃· ӏ на заꙗце ·д· беле · на лавре ·в· лососи · на ѻлферьѥ ·ѳ· лососеи · на зуике ·ѳ· лосо оу петра ·г҃ӏ лососи · на стуковиць ·в· лососи · на миките ·д҃· лососи · на сидоре ·в· лососи,89
187,93,https://gramoty.ru/birchbark/document/show/novgorod/93/,Новгород,1340‒1360,1340,1360,1350,14,Грамота №93,Недописанная грамота («Приказ от Микулы…»),,се приказъ ꙩ микули куцееви ꙩ ме,се приказъ ꙩ микули куцееви ꙩ ме,7
188,94,https://gramoty.ru/birchbark/document/show/novgorod/94/,Новгород,1400‒1410,1400,1410,1405,15,Грамота №94,От крестьян к Юрию Онцифоровичу (жалоба на ключника),"‛Бьют челом крестьяне господину Юрию Онцифоровичу о ключнике, потому что, господин, не можем ничем ему угодить. Того, господин, с села (гонит, сего), господин, гонит, а себе, господин, …’",биють целомъ крт҃ьѧне гн҃у юрию ѻнцифо‐ ровицю ѻ клюцникѣ зандо гн҃е не можемъ ницимъ ѥму оудобритисѧ · того гн҃е съ села (гонить се)[го] гн҃[е го]нить · а себѣ гн҃е … (…),биють целомъ крт҃ьѧне гн҃у юрию ѻнцифоровицю ѻ клюцникѣ зандо гн҃е не можемъ ницимъ ѥму оудобритисѧ · того гн҃е съ села гонить сего гн҃е гонить · а себѣ гн҃е [UNK],41
189,95,https://gramoty.ru/birchbark/document/show/novgorod/95/,Новгород,1320‒1340,1320,1340,1330,14,Грамота №95,Фрагмент с упоминанием извещения,‛чтобы по повестке (после повестки)…’ {менее вероятно:} ‛чтобы плата за извещение…’,… цтобо повесто…,[UNK] цтобо повесто [UNK],4
190,96,https://gramoty.ru/birchbark/document/show/novgorod/96/,Новгород,1410‒1420,1410,1420,1415,15,Грамота №96,Фрагмент письма с упоминанием «безземников»,,… (клю)‐ [ц]ника … … [с] н[и]в[ъ зг]он[иле и] пожен(ь) … …‐ ле · беземниковъ · и ѧ ѡмеши двои за ѳедора з бра‐ (т)…,[UNK] клюцника [UNK] с нивъ згониле и пожень [UNK] ‐ ле · беземниковъ · и ѧ ѡмеши двои за ѳедора з брат [UNK],23
191,97,https://gramoty.ru/birchbark/document/show/novgorod/97/,Новгород,1410‒1420,1410,1420,1415,15,Грамота №97,Начало челобитной Юрию Онцифоровичу,,гн҃у · юрию · челомъ бѣѥ · [ѡ]ртьмъ‐ ка и дѣица рожь · продають по …,гн҃у · юрию · челомъ бѣѥ · ѡртьмъка и дѣица рожь · продають по [UNK],17
192,99,https://gramoty.ru/birchbark/document/show/novgorod/99/,Новгород,1340‒1360,1340,1360,1350,14,Грамота №99,От Ондрика (?) к Онцифору (о сборе оброка и недоимок),"‛Поклон от Ондрика (?) Онцифору. Ты даешь распоряжение о рыбе ({букв.:} рыбах). Смерды же не платят мне без разверстки, а ты не послал человека с грамотой. А что касается твоего старого недобора, пришли жеребьи (т. е. запись о распределении долей)’.",{пло} поклоно  --(-)рика к оциѳоруо · прикажзиваѥши про риби · а мни смедри не платѧ без руоба · а ни посла ѥси цоло‐ вѣка · да грамотоу · а цто оу тебе недоборе стари пришли зеребе,поклоно  [UNK] рика к оциѳоруо · прикажзиваѥши про риби · а мни смедри не платѧ без руоба · а ни посла ѥси цоловѣка · да грамотоу · а цто оу тебе недоборе стари пришли зеребе,36
193,101,https://gramoty.ru/birchbark/document/show/novgorod/101/,Новгород,1340‒1360,1340,1360,1350,14,Грамота №101,Фрагмент письма к Онцифору Лукиничу,"‛Поклон к господину к Он[сифору от … Овес (?)], господин, не уродился, а в ж[итнице (осталось) только скотине]-то на корм. А Мот… вот [запрещает брать (?)], ссылаясь на твои слова (Или: а вот медлят… брать, ссылаясь на твои слова). А (еще) сей для господина! Есть, господин…’",поклоно к огну к он… … гнь · не родилсѧ · а в ж… …‐ зобити тои и се мот… … (по твое)‐ му слову · а гну сѣи е гн…,поклоно к огну к он [UNK] гнь · не родилсѧ · а в ж [UNK] ‐ зобити тои и се мот [UNK] по твоему слову · а гну сѣи е гн [UNK],32
194,102,https://gramoty.ru/birchbark/document/show/novgorod/102/,Новгород,1340‒1360,1340,1360,1350,14,Грамота №102,"Письмо от управляющего, возможно, к Онцифору Лукиничу (об условиях перехода крестьян в Олександров погост)","‛Поклон от [… к … У таких-то] ты велел забрать хлеб, объявив их должниками, у Иванка уже три коробьи ({букв.:} одну партию в три коробьи) взял. Староста Олександрова погоста бьет [тебе] челом, чтобы ты, господин, [их] окупил ({т. е.} согласился бы взять за них выкуп) и условился бы [об этом] со мной. Если тебе [угодно (?)] их окупить, ты отошли … ({может быть:} хлеб назад)’.",поклоно  … ѥси {велиле} · велиле верше · имати · тво‐ рѧце · ӏ виновати · ꙩдину · три к‐ оробѣ·ӏ оув ꙑванка · оузѧле · старо‐ ста · ꙩлескандрова · погоста бѣѥть · целомь · сто бꙑ ѥси · госпо‐ дине · ꙩкупиле · ӏ(хъ ӏ с)лово положи‐ ле · со мною · аже ти · ----- · ꙩкупити · ӏх‐ ъ · тꙑ ꙩтошли · …,поклоно  [UNK] ѥси · велиле верше · имати · творѧце · ӏ виновати · ꙩдину · три коробѣ·ӏ оув ꙑванка · оузѧле · староста · ꙩлескандрова · погоста бѣѥть · целомь · сто бꙑ ѥси · господине · ꙩкупиле · ӏхъ ӏ слово положиле · со мною · аже ти · [UNK] · ꙩкупити · ӏхъ · тꙑ ꙩтошли · [UNK],64
195,103,https://gramoty.ru/birchbark/document/show/novgorod/103/,Новгород,1200‒1220,1200,1220,1210,13,Грамота №103,Фрагмент письма от Завида,,по{о}кланѧ ѿ завида ко ѳ… …‐ ѧ пожь возми коро[в]… …‐ ги во [сь] грив[ь]н[о](у) …,покланѧ ѿ завида ко ѳ [UNK] ‐ ѧ пожь возми коров [UNK] ‐ ги во сь гривьноу [UNK],18
196,104,https://gramoty.ru/birchbark/document/show/novgorod/104/,Новгород,1360‒1380,1360,1380,1370,14,Грамота №104,Конец письма к господину,,… а землѧ [г](н҃)е сама сѧ ꙩкупить твоимъ здоровиѥмъ,[UNK] а землѧ гн҃е сама сѧ ꙩкупить твоимъ здоровиѥмъ,11
197,105,https://gramoty.ru/birchbark/document/show/novgorod/105/,Новгород,1160‒1180 (с вероятным смещением вперёд),1160,1180,1170,12,Грамота №105,"Грамота с упоминанием Несды — От Семка к Кулотке (о деньгах, отданных во время поездки в Переяславль)","‛От Семка к Кулотке. Что [касается того, что] ты говорил Несде про те деньги, то когда ты приходил в Русь с Лазовком, тогда взял их у меня Лазовко в Переяславле’.",+ ѿ сьмъка къ коулотъкѣ оже то ѥси казале несъдѣ вѣве‐ ричь тихъ дѣлѧ коли то еси приходиле въ роус[ь] съ лазъ‐ (в)къмъ тъгъдъ възѧле оу мене лазъвке переѧслав[ь]лѣ,ѿ сьмъка къ коулотъкѣ оже то ѥси казале несъдѣ вѣверичь тихъ дѣлѧ коли то еси приходиле въ роусь съ лазъвкъмъ тъгъдъ възѧле оу мене лазъвке переѧславьлѣ,26
198,106,https://gramoty.ru/birchbark/document/show/novgorod/106/,Новгород,1320‒1340,1320,1340,1330,14,Грамота №106,Фрагмент: «От посадника…»,,ѿ посадник(а) …,ѿ посадника [UNK],3
199,107,https://gramoty.ru/birchbark/document/show/novgorod/107/,Новгород,1180‒1200,1180,1200,1190,12,Грамота №107,Фрагмент письма,,… ож[ь] хоцьши поит(и) … цьто ти товара во роукахо …,[UNK] ожь хоцьши поити [UNK] цьто ти товара во роукахо [UNK],11
200,108,https://gramoty.ru/birchbark/document/show/novgorod/108/,Новгород,1200‒1220,1200,1220,1210,13,Грамота №108,Фрагмент записи товаров с ценами,,… дьсѧть …цьту увовъзь п[ь]шьно ти у дьвѧти гривь‐ (но) …чь и кльтище у гривьнь у сумь двь гривьнь кор[о]токꙑхо мородоко,[UNK] дьсѧть [UNK] цьту увовъзь пьшьно ти у дьвѧти гривьно [UNK] чь и кльтище у гривьнь у сумь двь гривьнь коротокꙑхо мородоко,30
201,109,https://gramoty.ru/birchbark/document/show/novgorod/109/,Новгород,1100‒1120,1100,1120,1110,12,Грамота №109,От Жизномира к Микуле (дело о покупке краденой рабыни),"‛Грамота от Жизномира к Микуле. Ты купил рабыню во Пскове, и вот меня за это схватила (подразумевается: уличая в краже) княгиня. А потом за меня поручилась дружина. Так что пошли к тому мужу грамоту, если рабыня у него. А я вот хочу, коней купив и посадив [на коня] (или: снарядив) княжеского мужа, [идти] на очные ставки. А ты, если [еще] не взял тех денег, не бери у него ничего’.",грамота : ѡтъ жизномира : къ микоуле : коупилъ еси : робоу : плъскове : а нꙑне мѧ : въ томъ : ѧла кънѧгꙑни : а нꙑне сѧ дроу‐ жина : по мѧ пороучила : а нꙑнека : посъ‐ ли къ томоу : моужеви : грамотоу : ели оу него роба : а се ти хочоу : коне коупи‐ въ : и кънѧжъ моужъ въсадивъ : та на съ‐ водꙑ : а тꙑ атче еси не възалъ коунъ : техъ : а не емли : ничъто же оу него :,грамота : ѡтъ жизномира : къ микоуле : коупилъ еси : робоу : плъскове : а нꙑне мѧ : въ томъ : ѧла кънѧгꙑни : а нꙑне сѧ дроужина : по мѧ пороучила : а нꙑнека : посъли къ томоу : моужеви : грамотоу : ели оу него роба : а се ти хочоу : коне коупивъ : и кънѧжъ моужъ въсадивъ : та на съводꙑ : а тꙑ атче еси не възалъ коунъ : техъ : а не емли : ничъто же оу него :,86
202,110,https://gramoty.ru/birchbark/document/show/novgorod/110/,Новгород,1240‒1260,1240,1260,1250,13,Грамота №110,Ярлычок «… серебро»,,…льша…ѥво се(р)ебро,[UNK] льша [UNK] ѥво серебро,5
203,111,https://gramoty.ru/birchbark/document/show/novgorod/111/,Новгород,1240‒1260,1240,1260,1250,13,Грамота №111,Фрагмент письма,,…авита сама на своемо ·ӏ· с…,[UNK] авита сама на своемо ·ӏ· с [UNK],10
204,112,https://gramoty.ru/birchbark/document/show/novgorod/112/,Новгород,1200‒1220 (с вероятным смещением вперёд),1200,1220,1210,13,Грамота №112,К Флару (требование рассчитаться или ехать на суд в Новгород),"‛[От такого-то] к Флару. [Вот ты] взял исполовницей мою телку — отдай корову с приплодом. Если же [будет] тяжба (или: если ты [предпочтешь] судиться), то поезжай в город. Хонова (или: Фомина) жена — владелица той грамоты’",(ѿ) -------а : ко : ѳлароу : [се : е:с]и : поѧле : и:споло:вницоу : мо:ю : те:ли:цоу : вода‐ (е ко)[р](о)во(у) со : пле:ме:не:мо и:ли : ти : тѧ:жа : а по:е:ди : во го:родо : хонѧ : же:на · то:е : грамоте : го‐ с:подꙑ:ни,ѿ [UNK] а : ко : ѳлароу : се : е:си : поѧле : и:споло:вницоу : мо:ю : те:ли:цоу : водае коровоу со : пле:ме:не:мо и:ли : ти : тѧ:жа : а по:е:ди : во го:родо : хонѧ : же:на · то:е : грамоте : гос:подꙑ:ни,82
205,113,https://gramoty.ru/birchbark/document/show/novgorod/113/,Новгород,1160‒1180 (с вероятным смещением вперёд),1160,1180,1170,12,Грамота №113,От Чернека к Лудьславу,"Начало письма: ‛От Чернека к Людьславу (или: Лудьславу). Дай Бесстрою (?) …’ {Предположительный смысл последующей части:} ‛[что касается того, что] ты дал [то-то и то-то], то прошло уже два года; так дай же …",ѿ чьрьнѣка къ лоудьславоу въдае бѣст[ръ]… далъ еси то дъва лѣта а въдае [си]…,ѿ чьрьнѣка къ лоудьславоу въдае бѣстръ [UNK] далъ еси то дъва лѣта а въдае си [UNK],16
206,114,https://gramoty.ru/birchbark/document/show/novgorod/114/,Новгород,1200‒1220,1200,1220,1210,13,Грамота №114,От Богши к Уйке,‛От Богши к Уйке (или: к дядюшке). Отдай занятую гривну (без процентов)’.,`+ ѿ богош ко оуике водаи гривеноу истуо,ѿ богош ко оуике водаи гривеноу истуо,7
207,115,https://gramoty.ru/birchbark/document/show/novgorod/115/,Новгород,1180‒1200,1180,1200,1190,12,Грамота №115,От Прокши к Нестеру (денежные дела),"‛От Прокши к Нестеру. Шесть гривен (…) плати (или: заплати), а виры не плати’.",+ ѿ прокошь къ ньстьроу шьсть гр[и]… плати а вире не плати а домит… зь на плотъ а жироць… льи… (…),ѿ прокошь къ ньстьроу шьсть гри [UNK] плати а вире не плати а домит [UNK] зь на плотъ а жироць [UNK] льи [UNK],23
208,117,https://gramoty.ru/birchbark/document/show/novgorod/117/,Новгород,1160‒1180,1160,1180,1170,12,Грамота №117,От Степана к Иванку,,ѿ стьпана ко иванокоу [д]овь…,ѿ стьпана ко иванокоу довь [UNK],6
209,118,https://gramoty.ru/birchbark/document/show/novgorod/118/,Новгород,1180‒1200,1180,1200,1190,12,Грамота №118,От Прокши (?) к Нестеру (денежные дела),"‛От Прокши (?) к Нестеру. Не [бери] гривны у Олекши … ; … я взял. Если же ты взял, то верни: [они] хотят взять [назад (?)]’.",( + ѿ прокош)[ь] къ нестьроу не е‐ (мли гри)[в]ьне [ꙋ] о[л]ькоше дьре‐ --------------- ѧзъ възѧль [т]о али еси въ(зѧ)ль [а вор]оти хотѧть в[ъ]---- (въ)зѧ[т]и,+ ѿ прокошь къ нестьроу не емли гривьне ꙋ олькоше дьре‐ [UNK] ѧзъ възѧль то али еси възѧль а вороти хотѧть въ [UNK] възѧти,25
210,119,https://gramoty.ru/birchbark/document/show/novgorod/119/,Новгород,1120‒1140 (с вероятным смещением назад),1120,1140,1130,12,Грамота №119,От Рознега (денежный отчет),‘От Рознега. Я дал Гюргевичу без девяти кун две гривны. Возьми и раздай людям.’,отъ рознѣга въдале есмь гюрьгевицоу без девѧти коунъ :в҃: гри‐ вьнѣ възьмъши въдаже прочь людьмъ,отъ рознѣга въдале есмь гюрьгевицоу без девѧти коунъ :в҃: гривьнѣ възьмъши въдаже прочь людьмъ,17
211,120,https://gramoty.ru/birchbark/document/show/novgorod/120/,Новгород,1100‒1120,1100,1120,1110,12,Грамота №120,От Якима к Нестеру,‛От Якима к Нестеру. Дай векшу’.,ѿ ѧкима къ нестьруо въдаи вѣкъшуо,ѿ ѧкима къ нестьруо въдаи вѣкъшуо,6
212,121,https://gramoty.ru/birchbark/document/show/novgorod/121/,Новгород,1100‒1120,1100,1120,1110,12,Грамота №121,Фрагмент неопределенного содержания,,[т]оу на соудила ти‐ … [и ·з·ӏ·] … въдадѧть ти ю до‐ …,тоу на соудила ти‐ [UNK] и ·з·ӏ· [UNK] въдадѧть ти ю до‐ [UNK],19
213,122,https://gramoty.ru/birchbark/document/show/novgorod/122/,Новгород,1410‒1420 (с вероятным смещением назад или вперёд),1410,1420,1415,15,Грамота №122,От Есифа к его брату Фоме (о спорном деле с Родиваном Падиногиным),‛Привет ({букв.}: доброе слово) от Есифа брату Фоме. Не забудь Льва в связи с вызовом [на суд] …; а вызвал Родиван Падиногин. А всё остальное в порядке. Так что ты об этом помни’.,слово добро ѿ ѥсифа брату фомѣ не забудь льва ѻ позъвѣ дѻрьжи а позъвале родиване падиногине а иноѥ все добро здорово а тъ то помъни,слово добро ѿ ѥсифа брату фомѣ не забудь льва ѻ позъвѣ дѻрьжи а позъвале родиване падиногине а иноѥ все добро здорово а тъ то помъни,25
214,123,https://gramoty.ru/birchbark/document/show/novgorod/123/,Новгород,1050‒1075,1050,1075,1062,11,Грамота №123,"Фрагменты письма (просьба сообщить, у кого ценности, и прислать грамоту)",,(г)рамота ѿ чр… …дѧтѣ [ꙋ] ко[г](о) … … [а] повѣ(ж)ь ми … … (ѧ)зъ вѣд[а]ю а [п]… … (мъ)нѣ грамотꙋ … …[н]е [п]ьс[ъ],грамота ѿ чр [UNK] дѧтѣ ꙋ кого [UNK] а повѣжь ми [UNK] ѧзъ вѣдаю а п [UNK] мънѣ грамотꙋ [UNK] не пьсъ,22
215,124,https://gramoty.ru/birchbark/document/show/novgorod/124/,Новгород,1400‒1410,1400,1410,1405,15,Грамота №124,Просьба прислать слугу и распоряжение о лодке,‛Пришлите мне слугу — Борана или Уду; мне неможется. А лодку дай Павлу Собольцеву из доли [улова]’.,пришлите ми · паробоко борана · или ꙋдꙋ · мнѣ сѧ не можетсѧ · а лодку даи павлꙋ · соболецеву · изо на‐ ма,пришлите ми · паробоко борана · или ꙋдꙋ · мнѣ сѧ не можетсѧ · а лодку даи павлꙋ · соболецеву · изо нама,23
216,125,https://gramoty.ru/birchbark/document/show/novgorod/125/,Новгород,1400‒1410,1400,1410,1405,15,Грамота №125,От Марины к ее сыну Григорию (просьба купить ткань),"‛Поклон от Марины сыну моему Григорию. Купи мне хорошую зендянь; а деньги я дала Давыду Прибыше. Так ты, дитя мое, сделай [покупку] сам ({букв.:} в своем присутствии) да привези сюда’.",поклонъ · ѿ маринѣ · къ сн҃у · к моѥму григорью купи ми · зѣндѧнцю · до‐ бр·у · а кунꙑ ꙗзъ · дала · дв҃ду · прибꙑ‐ шѣ · и тꙑ чадо · издѣи · при собѣ · да при‐ вези · сѣмо ·,поклонъ · ѿ маринѣ · къ сн҃у · к моѥму григорью купи ми · зѣндѧнцю · добр·у · а кунꙑ ꙗзъ · дала · дв҃ду · прибꙑшѣ · и тꙑ чадо · издѣи · при собѣ · да привези · сѣмо ·,48
217,126,https://gramoty.ru/birchbark/document/show/novgorod/126/,Новгород,1400‒1410,1400,1410,1405,15,Грамота №126,Ярлычок с упоминанием Микитина сына (и) Лашня,,сино · мики·тино · лаш‐ ене · стинково,сино · мики·тино · лашене · стинково,9
218,128,https://gramoty.ru/birchbark/document/show/novgorod/128/,Новгород,1380‒1400,1380,1400,1390,14,Грамота №128,Фрагмент ирмоса,,В первом столбце … чаємъ … дв҃о · всѧка · слава · тобѣ · лѣпо · дв҃о · пѣс · всѧка · дх҃внаѧ · то[бѣ] (·) [лѣ]по (·) … Во втором столбце … щимъ · и грѣховъ · изба‐ влѧющес · тѧ величаємъ · сущую · мт҃рь · сн҃а · би҃ѧ · … В третьем столбце … млть · пребгатую · и до‐ лговъ · избавлѧєши · … В четвертом столбце … чеше · свер… достоино · сдѣваємъ · …,В первом столбце [UNK] чаємъ [UNK] дв҃о · всѧка · слава · тобѣ · лѣпо · дв҃о · пѣс · всѧка · дх҃внаѧ · тобѣ · лѣпо · [UNK] Во втором столбце [UNK] щимъ · и грѣховъ · избавлѧющес · тѧ величаємъ · сущую · мт҃рь · сн҃а · би҃ѧ · [UNK] В третьем столбце [UNK] млть · пребгатую · и долговъ · избавлѧєши · [UNK] В четвертом столбце [UNK] чеше · свер [UNK] достоино · сдѣваємъ · [UNK],101
219,129,https://gramoty.ru/birchbark/document/show/novgorod/129/,Новгород,1410‒1420 (с вероятным смещением назад или вперёд),1410,1420,1415,15,Грамота №129,"От Есифа к его брату Фоме (просьба прислать воску, мыла и овчин)","‛Челобитье от Есифа брату его Фоме. Прислал бы ты воску да мыла да овчины, чтобы мы себе сшили по шубе, а оторочку [здесь добудем]. Да следи за тем, что говорят о Танье, чтобы не занималась темными делами ({букв.:} чтобы не блудила чего зря). Если будет продавать тебе, то ты у нее купи. А Юблу я отправил [куда-то] ({или} прогнал), а она, говорят, опять задолжала. А все остальное здесь в порядке ({букв.:} подобру-поздорову)’.",цолобитьѥ ѿ ѥсиф‐ а брату своѥму фо‐ мѣ цо бъ ѥси присла‐ ль восъку да мъла д‐ а ꙩвьцини добро {сошьѥ} по шубѣ со‐ шьѥмъ а п[уху] (зд)‐ (ѣсѣ доб)у[д]емъ да переслъшиваи ѻ таньи цо бъ не б‐ лодила цого зрѧ только поцьне продавать тобѣ и тъ у ѥи купи а юб‐ лу п[рова]дил[е] (ѥсмь) ------ь а па(къ творѧ)‐ ть виновату а иноѥ все добро здорово здѣсе,цолобитьѥ ѿ ѥсифа брату своѥму фомѣ цо бъ ѥси прислаль восъку да мъла да ꙩвьцини добро по шубѣ сошьѥмъ а пуху здѣсѣ добудемъ да переслъшиваи ѻ таньи цо бъ не блодила цого зрѧ только поцьне продавать тобѣ и тъ у ѥи купи а юблу провадиле ѥсмь [UNK] ь а пакъ творѧть виновату а иноѥ все добро здорово здѣсе,58
220,130,https://gramoty.ru/birchbark/document/show/novgorod/130/,Новгород,1360‒1380 (с вероятным смещением назад или вперёд),1360,1380,1370,14,Грамота №130,Реестр поставок домотканого сукна (по нескольким нас. пунктам Карелии),‛У Вигаря 19 локтей «сери» (небеленого домотканого сукна). У Валита в Кюлолакше 14 локтей «сери». У Вайваса Ваякшина 12 локтей водмола (другой сорт домотканого сукна) и 12 с половиной локтей «сери». У Мелита в Куроле 4 локтя «сери»’.,у вигарѧ :к҃: локото хѣри безо локти у валита в кюлолакши :ӏ҃:д҃: локти хѣри у ваиваса у ваѧкшина :ӏ҃в҃: локти водмолу и поло третиѧ нацате ло‐ кти хѣри у мѣлита в куролѣ :д҃: локти хѣри,у вигарѧ :к҃: локото хѣри безо локти у валита в кюлолакши :ӏ҃:д҃: локти хѣри у ваиваса у ваѧкшина :ӏ҃в҃: локти водмолу и поло третиѧ нацате локти хѣри у мѣлита в куролѣ :д҃: локти хѣри,51
221,131,https://gramoty.ru/birchbark/document/show/novgorod/131/,Новгород,1360‒1380,1360,1380,1370,14,Грамота №131,Отчет сборщика податей,"‛Сколько было в Пудоге празги, ту празгу взял Сергий — просто ранней семгой ({букв.:} ранней семги) из Ояти. А я был в Пудоге на русальной неделе. А что касается сямозерцев, то я ходил [к ним], так как они [в настоящий момент] не платят, а [вообще] платят (= обязаны платить) потому, что нет договора о границах [угодий]. А теперь сямозерцы в городе ({т. е.} в Новгороде), говори с ними сам. Я же, господин, буду, я скоро буду. Я тут тебе рыбки ({букв.:} рыбок) послал. А в Шуе ни людей (?), ни лова’.",цто бꙑло в пудоги празда ту празку сѣргиѣ взѧле изо оѧтѣ закрою с проста  ѧ бꙑле о русалеѧхо в пудогѣ а цто про сѧмо‐ зерци хедꙑле есемо не платѧце а платѧце в томо цто про межи рѧ‐ ду нѣту а нꙑне сѧмезерци в городѣ говорѣ с нѣми саме а ѧс ти осподине буду а ѧ борзо буду а нине есеме к тобѣ рибоко послале а во шуѣ ни лидиѣ ни ловоу,цто бꙑло в пудоги празда ту празку сѣргиѣ взѧле изо оѧтѣ закрою с проста  ѧ бꙑле о русалеѧхо в пудогѣ а цто про сѧмозерци хедꙑле есемо не платѧце а платѧце в томо цто про межи рѧду нѣту а нꙑне сѧмезерци в городѣ говорѣ с нѣми саме а ѧс ти осподине буду а ѧ борзо буду а нине есеме к тобѣ рибоко послале а во шуѣ ни лидиѣ ни ловоу,70
222,132,https://gramoty.ru/birchbark/document/show/novgorod/132/,Новгород,1320‒1340,1320,1340,1330,14,Грамота №132,Фрагмент долгового списка,,… [ꙋ] ца[с]лава [ꙋ кꙋ]пре[ѧ]ница д‐ ви сер[ь]бра ꙋ лебека т[рои] н(ами)…,[UNK] ꙋ цаслава ꙋ кꙋпреѧница дви серьбра ꙋ лебека трои нами [UNK],12
223,133,https://gramoty.ru/birchbark/document/show/novgorod/133/,Новгород,1360‒1380 (с вероятным смещением назад или вперёд),1360,1380,1370,14,Грамота №133,От Григория к Семену (торговые дела),"‛Поклон от Григория [господину моему] Семену. Я послал с …аном, своим компаньоном, кипу домотканого холста [и] 903 [каких-то меры] веревки узкой. Это дали [за] одиннадцать рублей. А ты, господин, продай сам ({букв.}: при себе, в своем присутствии), а деньги к себе возьми’.",поклоно ѿ григории к ос(подину мо)‐ ѥмо ко смену послало [ѥ](см- с) --‐ аномо со своимо су[к]ладн(икомо) кипу непрѣ :ѳ҃: сото и :г҃ в------ вѣревки узкои а то далѣ [ӏз] (оди)н(о)‐ го нацате рублѧ а (тꙑ о)[с]поди‐ не прод[а](и) при собѣ (а с)еребро к собѣ возми,поклоно ѿ григории к осподину моѥмо ко смену послало ѥсмс [UNK] аномо со своимо сукладникомо кипу непрѣ :ѳ҃: сото и :г҃ в [UNK] вѣревки узкои а то далѣ ӏз одиного нацате рублѧ а тꙑ осподине продаи при собѣ а серебро к собѣ возми,48
224,134,https://gramoty.ru/birchbark/document/show/novgorod/134/,Новгород,1360‒1380 (с вероятным смещением назад или вперёд),1360,1380,1370,14,Грамота №134,От Григория к Домне и Репеху (хозяйственные распоряжения),‛Наказ от Григория Домне и Репеху. Готовь (приводи в порядок) изобку (малую избу) и клеть. А Недана пошли в Лугу к Ильину дню’.,приказо ѿ григориѣ ко домонѣ и ко репеху нарѧжѧ истебку и клете а недана пошли во лугу ко илину дн҃и,приказо ѿ григориѣ ко домонѣ и ко репеху нарѧжѧ истебку и клете а недана пошли во лугу ко илину дн҃и,22
225,135,https://gramoty.ru/birchbark/document/show/novgorod/135/,Новгород,1380‒1400 (с вероятным смещением вперёд),1380,1400,1390,14,Грамота №135,От Иева к Василию Игнатьеву (сообщение о казни Васильева слуги),"‛Челобитье от Иева Василию Игнатьеву. Слугу, что ты послал с седлами да с гончей, по этому (т. е. по седлам и гончей) опознали и обвинили в краже. А что было из имущества твоего и моего, то все взяли, а самого [слугу] смертью казнили. Так что позаботься, господин, о детях моих (т. е. прими на себя заботу о моей семье)’.",целобѣтьѥ ѿ иѥва къ василью игна‐ тьву цо ѥси посла дѣтину да сѣдла да вꙑжлѧ по тому ѻпознавъ да ѻтадбѣ‐ ли а цо бꙑло живота твоѥго и моѥго то все взѧли а самого смертью казни‐ ли а нонеце ѻсподин пецалесь дѣть‐ мѣ моими,целобѣтьѥ ѿ иѥва къ василью игнатьву цо ѥси посла дѣтину да сѣдла да вꙑжлѧ по тому ѻпознавъ да ѻтадбѣли а цо бꙑло живота твоѥго и моѥго то все взѧли а самого смертью казнили а нонеце ѻсподин пецалесь дѣтьмѣ моими,39
226,136,https://gramoty.ru/birchbark/document/show/novgorod/136/,Новгород,1360‒1380,1360,1380,1370,14,Грамота №136,Договор Мысловых детей с неназванным феодалом об уплате натурального оброка,"‛Вот договорились Мысловы дети, Труфан с братьями, давать оброка шесть коробей ржи да коробью пшеницы и три солоду, дара три куницы да пуд меду; детям по белке, 80 горстей льна; баран (меру зерна) во время сбора урожая’.",се доконьцѧху мꙑсловѣ дѣтѣ труфане з братьею давати оусповъ ·ꙅ҃· коробеи ржи да коробь‐ ѧ пшеници ·г· солоду · дару ·г· кун‐ ници · да пудъ меду · дѣтемъ · по бѣ‐ лки ·п· горсти лену · боранъ оу новину,се доконьцѧху мꙑсловѣ дѣтѣ труфане з братьею давати оусповъ ·ꙅ҃· коробеи ржи да коробьѧ пшеници ·г· солоду · дару ·г· кунници · да пудъ меду · дѣтемъ · по бѣлки ·п· горсти лену · боранъ оу новину,46
227,137,https://gramoty.ru/birchbark/document/show/novgorod/137/,Новгород,1300‒1320,1300,1320,1310,14,Грамота №137,Фрагмент (судебные дела),‘… [был вызван] на суд и не стал [на суд] Филипец; [тогда] мы послали грамоту бессудную’.,… [н]а суд[ъ] · ӏ не ста филипець … (пос)лахомъ грамоту бесудну‐ (ю) … (в)олод[ѣт]и [ӏ]мъ пожнею по …,[UNK] на судъ · ӏ не ста филипець [UNK] послахомъ грамоту бесудную [UNK] володѣти ӏмъ пожнею по [UNK],18
228,138,https://gramoty.ru/birchbark/document/show/novgorod/138/,Новгород,1300‒1320,1300,1320,1310,14,Грамота №138,Завещание Селивестра,"‛Вот я, раб Божий Селивестр, написал завещание. У Лунька полтина. У Захарьи полтина. У детей Алюя полтина. У детей Кузьмы Онисимова две гривны. У Семена Яковлева две цепи ценою в два рубля с крестом и доспехи ценою в две [гривны] серебра. У Кюрика Тюльпина семьдесят гривен. У Бориска полтора рубля. У Петряича ватный тюфяк и корова поручная (т. е. взятая в качестве залога). У Селилы 10 гривен. У Слинька шапка ценою в 13 гривен. У Иваниса войлочный плащ. У Федорца две гривны. У Селькуевича три гривны. У Григория Роготина два рубля [и две (или: три, четыре)] гривны’.",се азо рабо бж҃и селивьстро · напсахъ · роукописаниѥ · оу лоунька полтина оу захарьи · полтина · оу алюѥвиць · полтина · оу коузми‐ ць · оу ѻнисимова ·в҃· грв҃нѣ · оу смена · оу ѧколѧ · двои чепи · въ ·в҃· рꙋ‐ блѧ · съ хт҃мь · брони · во ·в҃· серебра · оу кюрика · оу тюлпина · семь десѧто грв҃нъ · оу бориска · полоутора · роублѧ [и] оу петрѧица · бꙋ‐ мажнико · и корова · пороуцьнаѧ · оу селилѣ ·ӏ҃· грв҃нъ · оу слинька · ша‐ пка · въ ·г҃ӏ· грв҃нѣ · оу иваниса · ѧпкꙑто · оу федореца ·в҃· грв҃нѣ · оу [се]‐ лекоуѥвица ·г҃· грв҃нѣ · оу григорьи · оу роготина ·в҃· роублѧ (и ·-·) грв҃нѣ,се азо рабо бж҃и селивьстро · напсахъ · роукописаниѥ · оу лоунька полтина оу захарьи · полтина · оу алюѥвиць · полтина · оу коузмиць · оу ѻнисимова ·в҃· грв҃нѣ · оу смена · оу ѧколѧ · двои чепи · въ ·в҃· рꙋблѧ · съ хт҃мь · брони · во ·в҃· серебра · оу кюрика · оу тюлпина · семь десѧто грв҃нъ · оу бориска · полоутора · роублѧ и оу петрѧица · бꙋмажнико · и корова · пороуцьнаѧ · оу селилѣ ·ӏ҃· грв҃нъ · оу слинька · шапка · въ ·г҃ӏ· грв҃нѣ · оу иваниса · ѧпкꙑто · оу федореца ·в҃· грв҃нѣ · оу селекоуѥвица ·г҃· грв҃нѣ · оу григорьи · оу роготина ·в҃· роублѧ и [UNK] грв҃нѣ,162
229,139,https://gramoty.ru/birchbark/document/show/novgorod/139/,Новгород,1260‒1280,1260,1280,1270,13,Грамота №139,Фрагмент письма от Аврама к Вячку,,ѿ аврама покла‐ нѧние ко в[ѧ]цькоу …,ѿ аврама покланѧние ко вѧцькоу [UNK],6
230,140,https://gramoty.ru/birchbark/document/show/novgorod/140/,Новгород,1320‒1340 (с вероятным смещением назад),1320,1340,1330,14,Грамота №140,От Марка к Семену (просьба выступить свидетелем),"‛Господину Семену Марк бьет челом: вспомни (т. е. засвидетельствуй при разборе дела), сколько я при тебе (как свидетеле) платил денег Давыду. Тогда уличане поминали …’",господинꙋ · сьменꙋ · марко цело‐ мо · бьѥть · ꙋпомни · цто · ѥсмь · плати‐ лъ · серебро · перьдо [· тобою ·] д[ав]ꙑд[ꙋ] а тогдꙑ ꙋлицанѣ · поминалѣ · …,господинꙋ · сьменꙋ · марко целомо · бьѥть · ꙋпомни · цто · ѥсмь · платилъ · серебро · перьдо · тобою · давꙑдꙋ а тогдꙑ ꙋлицанѣ · поминалѣ · [UNK],31
231,141,https://gramoty.ru/birchbark/document/show/novgorod/141/,Новгород,1280‒1300 (с вероятным смещением назад),1280,1300,1290,13,Грамота №141,Документ об отдаче вещей на хранение,"‛У Сидора, Тадуя и Ладопги ({другой вариант:} у Сидора-Тадуя, по прозвищу Ладопга) положил Гришка с Костой в сумках [вещи]: Гришкины — шуба, свита, рубашка, шапка, Костины — свита, рубашка; а [сами] сумки Костины; да [еще] сапоги Костины, а другие Гришкины. А если что случится на Мовозере, приславши [за вещами], возьмет [их] ({или:} возьмете)’.",+ оу сидора · оу тадоуѧ · оу ладопги · по‐ ложиле гри·{и}шка · с костою а во тоболахо а гришки ко‐ жюхе · свита сороцица · шѧпка · а ко‐ стина свита · сороцица · а тоболи кости‐ ни · а сапоги костини · а дроуги:и : гришки·‐ ни : а цто сѧ подите на мовозери присл{л}а‐ въши възмете,оу сидора · оу тадоуѧ · оу ладопги · положиле гри·шка · с костою а во тоболахо а гришки кожюхе · свита сороцица · шѧпка · а костина свита · сороцица · а тоболи костини · а сапоги костини · а дроуги:и : гришки·‐ ни : а цто сѧ подите на мовозери приславъши възмете,60
232,142,https://gramoty.ru/birchbark/document/show/novgorod/142/,Новгород,1300‒1320,1300,1320,1310,14,Грамота №142,"От Есифа к Онфиму (о делах, связанных с покупкой села)","‛От Есифа к Онфиму. Если Олекса пришлет к тебе или к жене моей людей от Марка, отвечай ему (Марку) так: «Как ты, Марк, порядился со мной, я должен выехать на Петров день к тебе и осмотреть село свое, а ты должен рожь свою убрать; я должен отдать тебе проценты, а исто (собственно долг) отдано». А если пришлют ({по-видимому,} Марк и Олекса) лемеха́, то вы им отдайте моего голубого коня, [да] при людях, с тем чтобы он (Марк) не запрягал его в соху. А если он не возьмет, то вы пустите коня в стадо при людях. Пусть на нем (Марке) будет вина ({букв.:} тяжба, юридическая претензия), а не на мне. А я сам с ним разочтусь’.",· ѿ есифа · к ънфиму · чтъ пришле ѿ маркь к то‐ бѣ людии ѡ̈лькса · или къ жене мъѥи · ѿвѣ‐ цаи ѥму · такъ · какъ ѥси дъкънчалъ марке съ мнъю · мнѣ вꙑѥхати на петръво дн҃е · к тобѣ и росмътрити сьла своѥгъ · тъбѣ ръже свъѧ снѧти а мнѣ накладꙑ твоѥ дати · а истина дана · а че‐ тъ · ѡмьшѣ пришлю · и вꙑ имъ къне мъи голу‐ бꙑи даите съ людми дате съхѣ не кла‐ де · а не възме и вꙑ · во стадъ пустите педъ лю‐ дми · пусти на немъ тѧжѧ а не на мнѣ · а ѧзо сѧ саме с нимо [ꙋ]ведаю ·,· ѿ есифа · к ънфиму · чтъ пришле ѿ маркь к тобѣ людии ѡ̈лькса · или къ жене мъѥи · ѿвѣцаи ѥму · такъ · какъ ѥси дъкънчалъ марке съ мнъю · мнѣ вꙑѥхати на петръво дн҃е · к тобѣ и росмътрити сьла своѥгъ · тъбѣ ръже свъѧ снѧти а мнѣ накладꙑ твоѥ дати · а истина дана · а четъ · ѡмьшѣ пришлю · и вꙑ имъ къне мъи голубꙑи даите съ людми дате съхѣ не кладе · а не възме и вꙑ · во стадъ пустите педъ людми · пусти на немъ тѧжѧ а не на мнѣ · а ѧзо сѧ саме с нимо ꙋведаю ·,113
233,144,https://gramoty.ru/birchbark/document/show/novgorod/144/,Новгород,1320‒1340,1320,1340,1330,14,Грамота №144,От Есифа к Косарику (распоряжение закупить сигов),‛Распоряжение Косарику от Есифа. Возьми у Тимофея 50 сигов примерно на три рубля. А срок [платы] — на Рождество’.,приказъ · косарикꙋ · ѿ есиѳа · възми · ꙋ тимоѳѣѧ ·н҃· сиго‐ въ · [ѡ] ·г҃· рꙋблѧ а роко · на роство ·,приказъ · косарикꙋ · ѿ есиѳа · възми · ꙋ тимоѳѣѧ ·н҃· сиговъ · ѡ ·г҃· рꙋблѧ а роко · на роство ·,29
234,145,https://gramoty.ru/birchbark/document/show/novgorod/145/,Новгород,1320‒1340,1320,1340,1330,14,Грамота №145,Фрагмент неопределенного содержания,,…о всимо с…,[UNK] о всимо с [UNK],5
235,146,https://gramoty.ru/birchbark/document/show/novgorod/146/,Новгород,1320‒1340 (с вероятным смещением назад),1320,1340,1330,14,Грамота №146,От Давыда к Матфею,"‛Поклон от Давыда к Матфею. Кум, без промедления (немедленно)…’",поклоно ѿ д‐ авꙑда къ матѳию кꙋме не и[з]м[о]т[ча](въ) … …,поклоно ѿ давꙑда къ матѳию кꙋме не измотчавъ [UNK],9
236,147,https://gramoty.ru/birchbark/document/show/novgorod/147/,Новгород,1220‒1240,1220,1240,1230,13,Грамота №147,"От подвойского к Филиппу (заверение в том, что почестье будет хорошим)","‛Поклон от подвойского Филиппу. Не прогневайся, господин, из-за сигов — еще сигов нет. А почестье тебе будет хорошее. А я тебе кланяюсь’.",поклоно ѿ подвоискаго ко ѳили‐ пу нь пожали г(ос)подине про сигꙑ ѣще сигово нету а поцта тобь буде гъже а ѧзо тобе кланѧюсѧ,поклоно ѿ подвоискаго ко ѳилипу нь пожали господине про сигꙑ ѣще сигово нету а поцта тобь буде гъже а ѧзо тобе кланѧюсѧ,22
237,148,https://gramoty.ru/birchbark/document/show/novgorod/148/,Новгород,1280‒1300,1280,1300,1290,13,Грамота №148,От Иева к Прокопье (о денежных отношениях в связи с чьим-то завещанием),"‛Поклон от Иева к Прокопье. Господин, [такой-то] завещал тебе у меня (т. е. из того, что я ему должен) 10 гривен серебра’. {Наиболее вероятный смысл дальнейшего:} ‛… не занимай — я, как Бог даст, [с тобой] … разочтусь’.",поклно ѿ иева ко прокопѥ го҃спод(ине) … ѿказале тоби ꙋ мене ·ӏ҃· гривено с(еребра) … не заимаѥ ѧзъ како бо҃ дасте … ꙋвидаюсѧ,поклно ѿ иева ко прокопѥ го҃сподине [UNK] ѿказале тоби ꙋ мене ·ӏ҃· гривено серебра [UNK] не заимаѥ ѧзъ како бо҃ дасте [UNK] ꙋвидаюсѧ,29
238,149,https://gramoty.ru/birchbark/document/show/novgorod/149/,Новгород,1280‒1300,1280,1300,1290,13,Грамота №149,Фрагмент с упоминанием Домажира,,… да домажи[р]ова ·ӏ·ь же[р](ебьевъ) …,[UNK] да домажирова ·ӏ·ь жеребьевъ [UNK],9
239,150,https://gramoty.ru/birchbark/document/show/novgorod/150/,Новгород,1180‒1200 (с вероятным смещением вперёд),1180,1200,1190,12,Грамота №150,Фрагмент письма,,… возо[у и]л[и п]о[уст]иши [п](е)родо собоѫ во ----о не [о]станеть ти сѧ ни моуже -------------[л]ъса се см[ь] и побѣгли (…),[UNK] возоу или поустиши перодо собоѫ во [UNK] о не останеть ти сѧ ни моуже [UNK] лъса се смь и побѣгли [UNK],22
240,151,https://gramoty.ru/birchbark/document/show/novgorod/151/,Новгород,1220‒1240,1220,1240,1230,13,Грамота №151,Фрагмент долговой записи,, ви… …  до[м]…, ви [UNK]  дом [UNK],6
241,152,https://gramoty.ru/birchbark/document/show/novgorod/152/,Новгород,1180‒1200 (с вероятным смещением вперёд),1180,1200,1190,12,Грамота №152,Фрагмент письма от Афанаса,,(покланѧн)ие ѿ афанаса къ гъспъ(диноу) … …[в]ꙑхъ ко тобь а при[ш]ь-- …,покланѧние ѿ афанаса къ гъспъдиноу [UNK] вꙑхъ ко тобь а пришь [UNK],12
242,153,https://gramoty.ru/birchbark/document/show/novgorod/153/,Новгород,1180‒1200 (с вероятным смещением вперёд),1180,1200,1190,12,Грамота №153,"Указание купить лосиную шкуру у Фодора Уроки, живущего в Славне",‛Купи лосиную шкуру у Фодора Уроки … ({может быть:} за такую-то сумму); а живет он в Славне — отыщи (?)’.,крини лосиноу ꙋ ѳодора оу ꙋроке в[о] … а живе во славне сокоуи же,крини лосиноу ꙋ ѳодора оу ꙋроке во [UNK] а живе во славне сокоуи же,14
243,154,https://gramoty.ru/birchbark/document/show/novgorod/154/,Новгород,1420‒1430,1420,1430,1425,15,Грамота №154,Протокол тяжбы Филиппа с Иваном Стойком,"‛Спросили праведчики Оманта [по поводу того, что] начал тяжбу Филипп с Иваном Стойком. [Омант сказал]: «Я видел и слышал [то, что произошло] между Филиппом и Иваном. Дал Филипп Стойку три рубля серебром и семь гривен кун и коня». [Теперь] Стойко под клятвой рассчитается с посадником и с сотскими. Это происходило сегодня, на Пасху; это происходило на погосте, на торговой площади’.",воспросилѣ правищикѣ ꙩ‐ манта ростѧгалесь фи‐ пе с ꙑваномъ стоикомъ ви‐ деле ѥсмь и цюле промежи фи‐ липомъ иваномъ дале филипе стоику ·г҃· рублѣ серебромъ и з҃ гривенъ кунъ и конь а увѣ‐ даѥтсѧ стоике в вири и с поса‐ дникомъ и с сочкꙑми а то сѧ диꙗлось се‐ днѣ во велики дн҃ь а то диꙗлось на погостѣ на торгѣ,воспросилѣ правищикѣ ꙩманта ростѧгалесь фипе с ꙑваномъ стоикомъ виделе ѥсмь и цюле промежи филипомъ иваномъ дале филипе стоику ·г҃· рублѣ серебромъ и з҃ гривенъ кунъ и конь а увѣдаѥтсѧ стоике в вири и с посадникомъ и с сочкꙑми а то сѧ диꙗлось седнѣ во велики дн҃ь а то диꙗлось на погостѣ на торгѣ,59
244,155,https://gramoty.ru/birchbark/document/show/novgorod/155/,Новгород,1160‒1180 (с вероятным смещением вперёд),1160,1180,1170,12,Грамота №155,От Пол(о)чка (требование расплатиться и угроза),"‛От Полчка (или: Полочка) к … [После того, как ты (?)] взял девку у Домаслава, с меня Домаслав взял 12 гривен. Пришли же 12 гривен. Если же не пришлешь, то я встану ({подразумевается:} с тобой на суд) перед князем и епископом; тогда к большему убытку готовься’.",+ ѿ полоцька къ --------[а]к---(-) [п]оѧле дѣвъкꙋ оу дома‐ слава на мнѣ ти дом[асл]аве възѧле :в҃ӏ: грв҃нѣ : а при‐ сли :в҃ӏ: грв҃нѣ или не прислеши а мнѣ ти стати [о](у кнѧ)‐ зѧ и ꙋ влд҃кѣ а больши ти протерѧ гоши(ти) (…),ѿ полоцька къ [UNK] ак [UNK] поѧле дѣвъкꙋ оу домаслава на мнѣ ти домаславе възѧле :в҃ӏ: грв҃нѣ : а присли :в҃ӏ: грв҃нѣ или не прислеши а мнѣ ти стати оу кнѧзѧ и ꙋ влд҃кѣ а больши ти протерѧ гошити [UNK],54
245,156,https://gramoty.ru/birchbark/document/show/novgorod/156/,Новгород,1140‒1160,1140,1160,1150,12,Грамота №156,От Завида к жене и детям (о расправе над некоей женщиной),"'От Завида к жене и к детям. А вот женщину-то (или: жену-то) били, почему же не поставили [ее] на пытку? (или: почему же не замучили?)'. {Приписка:} 'К Луке иди'.",отъ завида къ мън къ женѣ и къ дѣтьмъ а женоу ти били не измоучили чего же между строк къ лоукѣ иди,отъ завида къ мън къ женѣ и къ дѣтьмъ а женоу ти били не измоучили чего же между строк къ лоукѣ иди,22
246,157,https://gramoty.ru/birchbark/document/show/novgorod/157/,Новгород,1410‒1420,1410,1420,1415,15,Грамота №157,От крестьян-черенщан к Михаилу Юрьевичу (о починке двора),"‛Господину Михаилу Юрьевичу бьют челом крестьяне черенщане. Ты, господин, велел нам переставлять ({т. е.} ставить заново) двор, а ключник нам, господин, велит переставлять … ({вероятно:} что-то еще)’.",гн҃у михаилу юрьѥвичю биютъ челомъ хрс҃тѧне черенщани чо ѥси гн҃е велѣлъ намъ перест(а)вли‐ вати дворъ и ключникъ намъ гн҃е велитъ пер(е)[с]та‐ (вливати) … …и гн҃е ли--вꙑ … не оупра‐ …,гн҃у михаилу юрьѥвичю биютъ челомъ хрс҃тѧне черенщани чо ѥси гн҃е велѣлъ намъ переставливати дворъ и ключникъ намъ гн҃е велитъ переставливати [UNK] и гн҃е ли [UNK] вꙑ [UNK] не оупра‐ [UNK],41
247,158,https://gramoty.ru/birchbark/document/show/novgorod/158/,Новгород,1140‒1160,1140,1160,1150,12,Грамота №158,Фрагмент с упоминанием Петровича,,…ну п[е]тровицъ,[UNK] ну петровицъ,3
248,159,https://gramoty.ru/birchbark/document/show/novgorod/159/,Новгород,1160‒1180,1160,1180,1170,12,Грамота №159,Фрагмент письма от Клиши к Чудину,,+ ѿ клишь ко цюди[н]оу и ко жен[е] …,ѿ клишь ко цюдиноу и ко жене [UNK],8
249,160,https://gramoty.ru/birchbark/document/show/novgorod/160/,Новгород,1140‒1160,1140,1160,1150,12,Грамота №160,От Василя к Ростиху (хозяйственные распоряжения),"‛От Василя к Ростиху. Продайте полового коня, а рыжего купите в конюшню, а бурого запишите {(по-видимому, в какую-то опись)}. Отрядите человека, отправьте с ним 4 резаны’.",ѿ василѧ къ ростих[ѫ] продаите половъи конь а ризьи кърините въ [х]лѣвъ а бѫ{ръ}ръи напишите нарѧдите же мѫжь въложите же :д҃: рзнѣ,ѿ василѧ къ ростихѫ продаите половъи конь а ризьи кърините въ хлѣвъ а бѫръи напишите нарѧдите же мѫжь въложите же :д҃: рзнѣ,25
250,161,https://gramoty.ru/birchbark/document/show/novgorod/161/,Новгород,1410‒1420,1410,1420,1415,15,Грамота №161,Роспись хлебного оброка,,перха г҃ кад ржи наумь г҃ ржи ѻгафаноко кад ржи грига в҃ кад ржи · кулба кад ржи фи‐ лимонь г҃ кад ржи ѻфро‐ мѣѥць кад ржи васке в҃ кад ржи у ѻбакунцѧ в҃ кад ржи у максимцѧ в҃ кад ржи шестьники е҃ кад ржи у ѻкиша в҃ кад ржи у тораха ·г҃· кад ржи исакь поль г҃ третьи ржи у съсьѧ в҃ ржи у токарѧ в҃ ржи у микитци кад ржи у до‐ манта г҃ ржи у ѻвсѧника кад ржи у понарьи поль тре‐ ть ржи у юрка в҃  у чупровꙑхь е҃ ржи На нижней кромке листа кверху ногами: перхи в,перха г҃ кад ржи наумь г҃ ржи ѻгафаноко кад ржи грига в҃ кад ржи · кулба кад ржи филимонь г҃ кад ржи ѻфромѣѥць кад ржи васке в҃ кад ржи у ѻбакунцѧ в҃ кад ржи у максимцѧ в҃ кад ржи шестьники е҃ кад ржи у ѻкиша в҃ кад ржи у тораха ·г҃· кад ржи исакь поль г҃ третьи ржи у съсьѧ в҃ ржи у токарѧ в҃ ржи у микитци кад ржи у доманта г҃ ржи у ѻвсѧника кад ржи у понарьи поль треть ржи у юрка в҃  у чупровꙑхь е҃ ржи На нижней кромке листа кверху ногами: перхи в,130
251,162,https://gramoty.ru/birchbark/document/show/novgorod/162/,Новгород,1420‒1430,1420,1430,1425,15,Грамота №162,Долговой список,"{В списке фигурируют:} Григорий, Мина, Машко, Терех и Лутьян (Лукьян) вместе с их внуком Микифором, еще один Григорий, Онанья, пелемцы (по-видимому, жители населенного пункта, называвшегося Пельма или Пелем), Мешко (?).",на ргигорьи ·е· коробѣ ꙩ‐ вса да коробьѧ жита н‐ а минѣ ·в· гривни на ма‐ шкѣ ·в· гривни на терехѣ и на лоутьѧнѣ роубль и на ихъ вноучате на микифорѣ на григорь д· гри‐ вни на ѻнане на [п]елем‐ чѧхъ полтин на меш‐ (кѣ - к)[оро]бѣ ржи,на ргигорьи ·е· коробѣ ꙩвса да коробьѧ жита на минѣ ·в· гривни на машкѣ ·в· гривни на терехѣ и на лоутьѧнѣ роубль и на ихъ вноучате на микифорѣ на григорь д· гривни на ѻнане на пелемчѧхъ полтин на мешкѣкоробѣ ржи,53
252,163,https://gramoty.ru/birchbark/document/show/novgorod/163/,Новгород,1180‒1200,1180,1200,1190,12,Грамота №163,От Демьяна к Д… (указание продать коня),"‛Поклон от Демьяна к Д…’ {Далее:} ‛А ты продай коня, [возьми], сколько дадут; а что [на этом] потеряешь, запомни. А за Кузькой следи, чтобы не погубил денег: он дурной (ненадежный, нечестный)’.",покланѧн(ие ѿ) дьмиѧна ко д----е парꙋ дова [ти]----- а тꙑ прода[е] коне колико ти водадѧ а чето потерѧеш[и] а то помени а кꙋзеке соци абꙑ не истьрѧле кꙋно · лихе есте,покланѧние ѿ дьмиѧна ко д [UNK] е парꙋ дова ти [UNK] а тꙑ продае коне колико ти водадѧ а чето потерѧеши а то помени а кꙋзеке соци абꙑ не истьрѧле кꙋно · лихе есте,34
253,164,https://gramoty.ru/birchbark/document/show/novgorod/164/,Новгород,1120‒1140,1120,1140,1130,12,Грамота №164,Фрагмент письма,,(ѿ) …жимира гра[м](ота) … … (ко)невꙑхъ коу(н)… …ти коунѣ въ…,ѿ [UNK] жимира грамота [UNK] коневꙑхъ коун [UNK] ти коунѣ въ [UNK],12
254,165,https://gramoty.ru/birchbark/document/show/novgorod/165/,Новгород,1180‒1200,1180,1200,1190,12,Грамота №165,От Михаля к Степану (о торговых делах),"‛От Михаля к Степану. Вот Гюргий дошел благополучно; а Путила пришел (т. е. вернулся), а товар он продал’. {Следующая фраза, возможно, начиналась словами а боле — например,} ‛а больше он не пойдет’ {или что-то подобное.)}",ѿ миха(л)ѧ ко стьпаноу гюрег[и ти д]ошьле сто(ров)е а поутила пришьле а товаро продале а б[о]…,ѿ михалѧ ко стьпаноу гюреги ти дошьле сторове а поутила пришьле а товаро продале а бо [UNK],17
255,166,https://gramoty.ru/birchbark/document/show/novgorod/166/,Новгород,1400‒1410,1400,1410,1405,15,Грамота №166,Фрагмент письма к господину,,… доити до ва… …[ш]ь · чл҃вкъ · бош… …асо · аже ѡгн҃(е) …,[UNK] доити до ва [UNK] шь · чл҃вкъ · бош [UNK] асо · аже ѡгн҃е [UNK],20
256,167,https://gramoty.ru/birchbark/document/show/novgorod/167/,Новгород,1380‒1400,1380,1400,1390,14,Грамота №167,От мельника к Юрию Онцифорову (просьба прислать человека),"‛Челобитье от мельника из Лостьицы (?) к Юрию Онцифорову. Позаботился бы ты, господин, о жерновах. Так что пошли своего человека’.",чолобитьѥ · ѿ мелника · и‐ з лостьици · к юрью · к оньци‐ форову · чо би · господине попецелилесѧ · зоронами · а н‐ нь · посли · свои · чоловекъ ·,чолобитьѥ · ѿ мелника · из лостьици · к юрью · к оньцифорову · чо би · господине попецелилесѧ · зоронами · а ннь · посли · свои · чоловекъ ·,31
257,168,https://gramoty.ru/birchbark/document/show/novgorod/168/,Новгород,1140‒1160,1140,1160,1150,12,Грамота №168,Фрагмент долгового списка,,… [о]у дъмитра пълъ :а҃:ї҃: гривень оу радъка :[в҃](: г)р(и)[в](ен)[е] … …[ъка] [грв҃]н[а] а по нъгат[е] (н)[а] …,[UNK] оу дъмитра пълъ :а҃:ї҃: гривень оу радъка :в҃: гривене [UNK] ъка грв҃на а по нъгате на [UNK],29
258,169,https://gramoty.ru/birchbark/document/show/novgorod/169/,Новгород,1400‒1410,1400,1410,1405,15,Грамота №169,Запись о сборе рыбного оброка,‛[Люди] Василя Софонтьева [послали] Овдокиму: Онтан послал два леща да щуку; из Василевой рыбы леща послал; леща Степан — четвертого’.,василевѣ · софонтѣѥва · ѻ̈нтане · послале · ѻвдо‐ киму · два клеща · да · щу‐ ка · с василевꙑ · рꙑбꙑ · клещь послале · клещь стопане · цетвортꙑ ·,василевѣ · софонтѣѥва · ѻ̈нтане · послале · ѻвдокиму · два клеща · да · щука · с василевꙑ · рꙑбꙑ · клещь послале · клещь стопане · цетвортꙑ ·,32
259,170,https://gramoty.ru/birchbark/document/show/novgorod/170/,Новгород,1160‒1180,1160,1180,1170,12,Грамота №170,Фрагмент письма (денежные дела),,(ѿ … къ …)[и]рꙋ кꙋнѣ ѥсем- … … (по)имаю въ дрꙋ(г)ꙋю трьть …[ж]ѣи на тѧ,ѿ [UNK] къ [UNK] ирꙋ кꙋнѣ ѥсем- [UNK] поимаю въ дрꙋгꙋю трьть [UNK] жѣи на тѧ,17
260,171,https://gramoty.ru/birchbark/document/show/novgorod/171/,Новгород,1360‒1380,1360,1380,1370,14,Грамота №171,Фрагмент (о веянии злаков),‛…потому что когда веяли [пшеницу (?)]…’,… лаз[ить] зано‐ до какъ виꙗли п…,[UNK] лазить занодо какъ виꙗли п [UNK],7
261,172,https://gramoty.ru/birchbark/document/show/novgorod/172/,Новгород,1360‒1380,1360,1380,1370,14,Грамота №172,Фрагмент неопределенного содержания,,…иѧ · ѿ …дисвѣ …-вꙑ·ѣ·,[UNK] иѧ · ѿ [UNK] дисвѣ [UNK] -вꙑ·ѣ·,12
262,173,https://gramoty.ru/birchbark/document/show/novgorod/173/,Новгород,1400‒1410,1400,1410,1405,15,Грамота №173,От Панфила к Марку (?) и попу (просьба купить лампадного масла),‛Поклон от Панфила Марку (?) и попу. Купите маслица лампадного да пришлите сюда’.,поклонъ ѿ панфил к мар-- и ко попу купите маслеца древѧного да пришлите симъ,поклонъ ѿ панфил к мар [UNK] и ко попу купите маслеца древѧного да пришлите симъ,15
263,174,https://gramoty.ru/birchbark/document/show/novgorod/174/,Новгород,1160‒1180,1160,1180,1170,12,Грамота №174,Фрагмент с упоминанием оленьей шкуры,,…‐ дье ольнина моѧ,[UNK] ‐ дье ольнина моѧ,5
264,175,https://gramoty.ru/birchbark/document/show/novgorod/175/,Новгород,1140‒1160,1140,1160,1150,12,Грамота №175,Фрагмент письма,,… не‐ деле а тобе сѧ кланѧю,[UNK] неделе а тобе сѧ кланѧю,6
265,176,https://gramoty.ru/birchbark/document/show/novgorod/176/,Новгород,1140‒1160,1140,1160,1150,12,Грамота №176,Фрагмент письма,,… по полоу ц[етѣ рѣзн](ѣ) [д](а поу)‐ стисѧ в бъръзѣ домови,[UNK] по полоу цетѣ рѣзнѣ да поустисѧ в бъръзѣ домови,10
266,177,https://gramoty.ru/birchbark/document/show/novgorod/177/,Новгород,1360‒1380 (с вероятным смещением назад или вперёд),1360,1380,1370,14,Грамота №177,Письмо Максима Онцифоровича — От Максима к попу (деловое поручение),"‛Поклон от Максима попу. Дай ключи Фоме. А ты (Фома) пошли Григория Онфимова. Если что будет надобно, … ({может быть:} из товара [из припасов], то доставит) Фома’.",поконо ѿ маскима ко поп‐ у даи ключи ѳоми а т‐ ꙑ поши григорию ѡне‐ ѳимова что б(у)[д](е на)‐ доби ---ат--------‐ е ѳома,поконо ѿ маскима ко попу даи ключи ѳоми а тꙑ поши григорию ѡнеѳимова что буде надоби [UNK] ат [UNK] е ѳома,21
267,178,https://gramoty.ru/birchbark/document/show/novgorod/178/,Новгород,1380‒1400,1380,1400,1390,14,Грамота №178,От Синофонта к Офоносу (Онцифоровичу) (о покупке земли и крестьян),"‛Поклон от Синофонта брату моему Офоносу. Да будет тебе известно, что я купил раньше Максима Ещерский уезд и Замолмосовье и крестьян себе в Симовле и на [озере] Хвойне. А Максим и Иван Широкий при этом присутствовали’.",поклонъ · ѿ синофонта · ко брату моѥму · ꙩфоносу · буди тоби · сведо‐ мо · купиле · ѥсомъ · перво · макси‐ ма · ѣщерски · уѥздъ · ӏ замолмо‐ всови · ӏ сво:ѥ · сироти · в симовли · а на хвоӏни · а максиме · ӏване · ш‐ ироки · ту же бꙑле ·,поклонъ · ѿ синофонта · ко брату моѥму · ꙩфоносу · буди тоби · сведомо · купиле · ѥсомъ · перво · максима · ѣщерски · уѥздъ · ӏ замолмовсови · ӏ сво:ѥ · сироти · в симовли · а на хвоӏни · а максиме · ӏване · широки · ту же бꙑле ·,56
268,179,https://gramoty.ru/birchbark/document/show/novgorod/179/,Новгород,1380‒1400,1380,1400,1390,14,Грамота №179,Фрагмент долгового списка,,(коробиѧ) [р](ж)[и у гр]а[ц]ѧ кор(о)[б](иѧ) р[ж]и · у лу‐ … …р[ъ]бѣикина и ·г· бѣлѣ на замкѣ коробиѧ ржи у ко[рб]атъва в[ъ] {ан} а[м]б[а]рѣ ·и· (б)ѣл[ъ] у бобачк[ѣ] полъ ·г҃· бѣл · у скудлѣ ·г҃· куньнич,коробиѧ ржи у грацѧ коробиѧ ржи · у лу‐ [UNK] ръбѣикина и ·г· бѣлѣ на замкѣ коробиѧ ржи у корбатъва въ амбарѣ ·и· бѣлъ у бобачкѣ полъ ·г҃· бѣл · у скудлѣ ·г҃· куньнич,45
269,180,https://gramoty.ru/birchbark/document/show/novgorod/180/,Новгород,1340‒1360,1340,1360,1350,14,Грамота №180,"Фрагмент, вероятно, челобитной Онцифору Лукиничу",,…[ков]иӏ ӏ ѿ дѣтиӏ ѥӏ : к онсиѳорꙋ …,[UNK] ковиӏ ӏ ѿ дѣтиӏ ѥӏ : к онсиѳорꙋ [UNK],10
270,181,https://gramoty.ru/birchbark/document/show/novgorod/181/,Новгород,1050‒1075,1050,1075,1062,11,Грамота №181,От Дробна…(фрагмент письма),,грамота ѿ дробьна къ [мѣ]… … (гора)‐ здо вьз[ьми] …,грамота ѿ дробьна къ мѣ [UNK] гораздо вьзьми [UNK],9
271,182,https://gramoty.ru/birchbark/document/show/novgorod/182/,Новгород,1360‒1380,1360,1380,1370,14,Грамота №182,Фрагмент челобитной,,… (с)воѥму ѡспо[д](ину… бью чело)‐ мо,[UNK] своѥму ѡсподину [UNK] бью челомо,6
272,183,https://gramoty.ru/birchbark/document/show/novgorod/183/,Новгород,1360‒1380,1360,1380,1370,14,Грамота №183,Фрагмент письма,,…‐ [въ а] надо мною снъ мои ѡло‐ фереи · с дорофѣѥмъ з дѧдею · слова тв[оѥг](о) …,[UNK] ‐ въ а надо мною снъ мои ѡлофереи · с дорофѣѥмъ з дѧдею · слова твоѥго [UNK],22
273,186,https://gramoty.ru/birchbark/document/show/novgorod/186/,Новгород,1360‒1380,1360,1380,1370,14,Грамота №186,От Степана к Семенку (о взыскании долгов),"‛Поклон от Степана Семенку. Возьми у Канунниковых десять лососей, а еще десять возьми у Данилки Бешкова; и отдай [всё] Семену Флареву. А я тебе кланяюсь’.",поклоно ѿ стьпана ко смьнку возми · оу · кануниковꙑхо · де‐ сѧть лосои · а · другую десѧ‐ ть возми · оу данилки оу бѣ‐ шкова · а да·и · смьну фларе‐ ву · а · ѧзо тобѣ сѧ кла‐ нѧ·ю ·,поклоно ѿ стьпана ко смьнку возми · оу · кануниковꙑхо · десѧть лосои · а · другую десѧть возми · оу данилки оу бѣшкова · а да·и · смьну флареву · а · ѧзо тобѣ сѧ кланѧ·ю ·,42
274,187,https://gramoty.ru/birchbark/document/show/novgorod/187/,Новгород,1360‒1380 (с вероятным смещением назад или вперёд),1360,1380,1370,14,Грамота №187,Хозяйственное распоряжение,"‛… Поезжайте в Сокорья (?), убери сорную траву и камни, а что нужно, вы знаете (или: и [всё], что нужно, — вы [сами] знаете). А поезжайте до покосного времени’.",(…) … поѣдите -- сокорѣѧ уѥмли сѣнику и камѣнѣѧ и цто надоби вꙑ вѣдаѥте а поѣдите [д]‐ (о) пожѣного веремѧни,[UNK] поѣдите [UNK] сокорѣѧ уѥмли сѣнику и камѣнѣѧ и цто надоби вꙑ вѣдаѥте а поѣдите до пожѣного веремѧни,18
275,188,https://gramoty.ru/birchbark/document/show/novgorod/188/,Новгород,1320‒1340,1320,1340,1330,14,Грамота №188,Фрагмент делового содержания,,…-е коробьи ---… …[ндр]а же василь ж[огине а] тара…,[UNK] -е коробьи [UNK] ндра же василь жогине а тара [UNK],12
276,189,https://gramoty.ru/birchbark/document/show/novgorod/189/,Новгород,1300‒1320,1300,1320,1310,14,Грамота №189,Фрагмент («От посадника…»),,(ѿ пос)адника  …,ѿ посадника  [UNK],4
277,190,https://gramoty.ru/birchbark/document/show/novgorod/190/,Новгород,1300‒1320,1300,1320,1310,14,Грамота №190,Фрагмент с упоминанием клироса,,…а [тог]о сѧ к[л]ир[о]с…,[UNK] а того сѧ клирос [UNK],6
278,193,https://gramoty.ru/birchbark/document/show/novgorod/193/,Новгород,1360‒1380 (с вероятным смещением назад или вперёд),1360,1380,1370,14,Грамота №193,Просьба о хозяйственном распоряжении,"‛… а я тебе при них дам (вручу); или же, если велишь, я здесь Остафье дам, или бобров … ({может быть:} пришлю, дам)’.",(…) … [а ѧзо тобѣ п]р[и ихо] водамо ил‐ и велиши ѧзо ѡстафии с[едѣ] [д]амо и[л]и бо[б]р[ꙑ] … (…),[UNK] а ѧзо тобѣ при ихо водамо или велиши ѧзо ѡстафии седѣ дамо или бобрꙑ [UNK],16
279,194,https://gramoty.ru/birchbark/document/show/novgorod/194/,Новгород,1200‒1220,1200,1220,1210,13,Грамота №194,Фрагмент долгового списка,‘[У такого-то хлебов] не считал (?). У Городши [и] у Домаслава четыре коня. .У Молдина — посевы ячменя’.,…‐ бо нь чол[о ѫ] … [ѫ г]ородошо ѫ домаслава ч[оти]ри кон[и] ѫ м[о]лд[и]на [жит]а (…),[UNK] ‐ бо нь чоло ѫ [UNK] ѫ городошо ѫ домаслава чотири кони ѫ молдина жита [UNK],17
280,195,https://gramoty.ru/birchbark/document/show/novgorod/195/,Новгород,1300‒1320,1300,1320,1310,14,Грамота №195,От Олексея к Гавриле (о состоянии хлебов),"‛От Олексея к Гавриле. Ты говорил, что в твоем селе хлеба все хороши и яровой ячмень …’",(ѿ о)[л]ексѣѧ ко гаврилѣ реклъ ѥси бꙑлъ во своѥмь селѣ верши всѣ добры и ѧраѧ жита …,ѿ олексѣѧ ко гаврилѣ реклъ ѥси бꙑлъ во своѥмь селѣ верши всѣ добры и ѧраѧ жита [UNK],17
281,196,https://gramoty.ru/birchbark/document/show/novgorod/196/,Новгород,1300‒1320,1300,1320,1310,14,Грамота №196,Указания по поводу оброка,"‛… Я Милослава … {(может быть:} пожаловал, освободил [от долга] {и т. п. или, наоборот,} не освободил) и оставил четыре кади пшеницы, а также две полти — и прошлогоднюю и нынешнюю. А рожь Петрову я приказал, измолотив, отдать Криву’.",(…) … [ѥсе]м‐ о милослава [и] оставило ·д҃· кадце пшенице · поже полти ·в҃· и лоньски и нꙑнецнеи · а рожь петровоу по‐ велело ѥсемо измолотиво кривꙋ дати,[UNK] ѥсемо милослава и оставило ·д҃· кадце пшенице · поже полти ·в҃· и лоньски и нꙑнецнеи · а рожь петровоу повелело ѥсемо измолотиво кривꙋ дати,31
282,197,https://gramoty.ru/birchbark/document/show/novgorod/197/,Новгород,1280‒1300 (с вероятным смещением назад),1280,1300,1290,13,Грамота №197,Фрагмент официального документа,,се даѧ иеве · серебро · матѳею · … (де)‐ сѧте сере[бр]а · аже и…,се даѧ иеве · серебро · матѳею · [UNK] десѧте серебра · аже и [UNK],15
283,198,https://gramoty.ru/birchbark/document/show/novgorod/198/,Новгород,1260‒1280 (с вероятным смещением вперёд),1260,1280,1270,13,Грамота №198,"Расписка в получении наследства Шибенца, выданная Храрю Семьюном",‛От Семьюна. Вот я взял у Храря наследство Шибенца. А больше нет дела никому’ (т. е. больше никто не имеет права предъявлять имущественные претензии к Храрю).,ѿ сьмьюна сь возѧло есмь у храрѧ задни‐ цю шибьньцьву а боль нь надобѣ никому,ѿ сьмьюна сь возѧло есмь у храрѧ задницю шибьньцьву а боль нь надобѣ никому,14
284,199,https://gramoty.ru/birchbark/document/show/novgorod/199/,Новгород,1240‒1260,1240,1260,1250,13,Грамота №199,"Грамота мальчика Онфима: рисунок, подпись к рисунку, азбука, склады, адресная формула",,": а б в г д ¦ е ж ꙅ з и и к л м н о п р с т у ѳ х ѿ ц ч ш щ ъ ꙑ [ь] ѣ ꙋ ю  ѧ ¦ ба ва га да жа за ка ла ма на па ра са та ѳа ха ца ча ша ща бе ве ге де же зе ке ле ме не пе ре се те ѳе хе це че ше ще : Далее на другой полосе бересты: би ви ги ди жи зи ки ли ми ни пи {ир} ри си : поклоно ѿ ‐ нѳима ко да‐ нилѣ Кроме того, подпись к рисунку зверя: ѧ звѣре",": а б в г д ¦ е ж ꙅ з и и к л м н о п р с т у ѳ х ѿ ц ч ш щ ъ ꙑ ь ѣ ꙋ ю  ѧ ¦ ба ва га да жа за ка ла ма на па ра са та ѳа ха ца ча ша ща бе ве ге де же зе ке ле ме не пе ре се те ѳе хе це че ше ще : Далее на другой полосе бересты: би ви ги ди жи зи ки ли ми ни пи ри си : поклоно ѿ ‐ нѳима ко данилѣ Кроме того, подпись к рисунку зверя: ѧ звѣре",117
285,200,https://gramoty.ru/birchbark/document/show/novgorod/200/,Новгород,1240‒1260,1240,1260,1250,13,Грамота №200,"Грамота мальчика Онфима: рисунок, подпись к рисунку, начало азбуки",,"а б в г д е ж ꙅ з и ӏ к Кроме того, подпись к рисунку всадника, поражающего врага: нѳиме","а б в г д е ж ꙅ з и ӏ к Кроме того, подпись к рисунку всадника, поражающего врага: нѳиме",25
286,201,https://gramoty.ru/birchbark/document/show/novgorod/201/,Новгород,1240‒1260,1240,1260,1250,13,Грамота №201,Грамота мальчика Онфима: азбука и склады,,а б : в г : д е : ж ꙅ : з и : ӏ к : л м : н о : п р : с т : у ѳ х ѿ : ц ч : ш щ : ъ ꙑ : ь ѣ : ꙋ ю :  ѧ : ба : ва га : да : жа : за : ка : ла : ма : на : па : ра : са : та : ѳа : ах ца : ча : ша ща :,а б : в г : д е : ж ꙅ : з и : ӏ к : л м : н о : п р : с т : у ѳ х ѿ : ц ч : ш щ : ъ ꙑ : ь ѣ : ꙋ ю :  ѧ : ба : ва га : да : жа : за : ка : ла : ма : на : па : ра : са : та : ѳа : ах ца : ча : ша ща :,90
287,202,https://gramoty.ru/birchbark/document/show/novgorod/202/,Новгород,1240‒1260,1240,1260,1250,13,Грамота №202,"Грамота мальчика Онфима: деловая запись, рисунок",‛На Дмитре взять должки (?)’.,на до‐ митрѣ во‐ зѧти доложзи‐ кѣ,на домитрѣ возѧти доложзикѣ,4
288,203,https://gramoty.ru/birchbark/document/show/novgorod/203/,Новгород,1240‒1260,1240,1260,1250,13,Грамота №203,"Грамота мальчика Онфима: молитва, рисунок",,ги помози рабу св‐ оѥму онѳиму :,ги помози рабу своѥму онѳиму :,6
289,204,https://gramoty.ru/birchbark/document/show/novgorod/204/,Новгород,1240‒1260,1240,1260,1250,13,Грамота №204,Грамота мальчика Онфима: «якоже» + склады,,ѧко же бе ве ге де же зе ке ле ме не пе ре се те ѳе хе це че ше ще,ѧко же бе ве ге де же зе ке ле ме не пе ре се те ѳе хе це че ше ще,22
290,205,https://gramoty.ru/birchbark/document/show/novgorod/205/,Новгород,1240‒1260,1240,1260,1250,13,Грамота №205,Грамота мальчика Онфима: азбука,,"а б в г д е ж ꙅ з и ӏ к л м н о п р с т у ѳ х отъ ц ч ш щ ъ ꙑ ь ѣ ꙋ ю  ѧ Кроме того, мелкими буквами: он[ѳ]","а б в г д е ж ꙅ з и ӏ к л м н о п р с т у ѳ х отъ ц ч ш щ ъ ꙑ ь ѣ ꙋ ю  ѧ Кроме того, мелкими буквами: онѳ",43
291,206,https://gramoty.ru/birchbark/document/show/novgorod/206/,Новгород,1240‒1260,1240,1260,1250,13,Грамота №206,"Грамота мальчика Онфима: начало тропаря шестого часа, склады",,иже во ѕ҃ чс҃а насо ба ва г‐ га да жа за ка а ра са ка ра,иже во ѕ҃ чс҃а насо ба ва гга да жа за ка а ра са ка ра,20
292,207,https://gramoty.ru/birchbark/document/show/novgorod/207/,Новгород,1240‒1260,1240,1260,1250,13,Грамота №207,Грамота мальчика Онфима: фрагменты литургических текстов,,ѧко со нами бо҃ ꙋслꙑшите до послꙋ ѧко‐ ко же мо ли‐ че твоѥ на ра‐ ба твоѥго бо҃,ѧко со нами бо҃ ꙋслꙑшите до послꙋ ѧкоко же мо личе твоѥ на раба твоѥго бо҃,18
293,208,https://gramoty.ru/birchbark/document/show/novgorod/208/,Новгород,1240‒1260,1240,1260,1250,13,Грамота №208,Грамота мальчика Онфима: фрагмент литургического текста,,… (при)‐ гвоз[д](и… грѣ)‐ хꙑ н[а](ша) …,[UNK] пригвозди [UNK] грѣхꙑ наша [UNK],6
294,210,https://gramoty.ru/birchbark/document/show/novgorod/210/,Новгород,1240‒1260,1240,1260,1250,13,Грамота №210,Грамота мальчика Онфима: фрагмент рисунка с подписью,,Подпись к рисунку человека: (п)авле,Подпись к рисунку человека: павле,6
295,211,https://gramoty.ru/birchbark/document/show/novgorod/211/,Новгород,1240‒1260,1240,1260,1250,13,Грамота №211,Документ о денежных отношениях в связи с покосами и пашнями,"‛… [такие-то суммы] я дал на село (именуемое) в Ёгьях — в общей сложности насчиталось пять гривен, и дал запахать [участок] от межи. Погосту надлежало взять две гривны …’ {(или:} ‛и дал погосту запахать [участок] от межи. Две гривны надлежало взять …’",(…) на село во ѥгиѥхо вдало ѥсомо :е: гривено вхого соцклосѧ и ѿ меже дахо сарати пого‐ стꙋ :в: гривни возѧти бꙑло … (…),[UNK] на село во ѥгиѥхо вдало ѥсомо :е: гривено вхого соцклосѧ и ѿ меже дахо сарати погостꙋ :в: гривни возѧти бꙑло [UNK],26
296,213,https://gramoty.ru/birchbark/document/show/novgorod/213/,Новгород,1240‒1260 (с вероятным смещением вперёд),1240,1260,1250,13,Грамота №213,Память на Радослава (т. е. о его обязательствах) по поводу Местятки,"‛Память на Радослава ({т. е.} памятная записка о его обязательствах) по поводу Местятки — о том, что он (Радослав) завещал {(не указано, кому)} получить с Местятки 7 гривен за кражу у жены ({очевидно,} Радослава), если станут в такую сумму судные деньги, а сам он получил в другом суде [свою] четвертую часть’.",про местѧткꙋ памѧть на радослава како ѿ‐ казало бꙑло на местѧтке ·з҃· гривено про женьню татбꙋ бꙋди с то сꙋднеѥ кꙋне а само пощипало в ꙑномо сꙋде за то цетвертои же‐ ребеи,про местѧткꙋ памѧть на радослава како ѿказало бꙑло на местѧтке ·з҃· гривено про женьню татбꙋ бꙋди с то сꙋднеѥ кꙋне а само пощипало в ꙑномо сꙋде за то цетвертои жеребеи,33
297,215,https://gramoty.ru/birchbark/document/show/novgorod/215/,Новгород,1240‒1260 (с вероятным смещением вперёд),1240,1260,1250,13,Грамота №215,Долговой список,"‛… процент по 10 резан. У Марка-испольщика три гривны, [процент] по 10 резан, и полоть дара и почестья. У Домаслава-поповича две гривны, [процент] по 10 резан’.",…‐ лнаѧ же по :ӏ: резоно намо ¦ ꙋ марка ꙋ половни‐ ика :г: гривне по :ӏ: резано и полоте дарꙋ и поцте ꙋ дома(с)[л]ава :в: гривне ꙋ поповицѧ по :ӏ: резано (…),[UNK] ‐ лнаѧ же по :ӏ: резоно намо ¦ ꙋ марка ꙋ половниика :г: гривне по :ӏ: резано и полоте дарꙋ и поцте ꙋ домаслава :в: гривне ꙋ поповицѧ по :ӏ: резано [UNK],43
298,218,https://gramoty.ru/birchbark/document/show/novgorod/218/,Новгород,1240‒1260 (с вероятным смещением вперёд),1240,1260,1250,13,Грамота №218,Долговой список,"‛У Осипа туски две гривны, [процент] по 10 ({вероятно,} резан), и полоть почестья. У Воилы 6 гривен, [процент] по 5 бел, полоть почестья и четверть пшеницы; а прошлогодних процентов он недоплатил 8 ногат. У кума Мануйлы полчетверти … ({вероятно,} пшеницы) от Жупанка перешло, процент по семнице, не считая почестья. У Некраса гривна. У Дмитра …’",+ ꙋ ѡси[па ·в҃] · гривне · на тꙋске по ·ӏ҃· и полоть поцтꙑ ⁞ ꙋ воилꙑ ·ꙅ҃· гривенъ · по ·[е҃]· бело и полоть почтꙑ и четвереть пшенице · а лоньскꙑхо намо недоплатило ·и҃· ногато ⁞ ꙋ манꙋиле ꙋ кꙋма поло цетве[р](ти) - - - - - - - - - ѿ жюпанка перешло по семнице наме кроме поцте ⁞ ꙋ некраса гривна ꙋ [д]ми[т](ра) … (…),ꙋ ѡсипа ·в҃ · гривне · на тꙋске по ·ӏ҃· и полоть поцтꙑ ⁞ ꙋ воилꙑ ·ꙅ҃· гривенъ · по ·е҃· бело и полоть почтꙑ и четвереть пшенице · а лоньскꙑхо намо недоплатило ·и҃· ногато ⁞ ꙋ манꙋиле ꙋ кꙋма поло цетверти - - - - - - - - - ѿ жюпанка перешло по семнице наме кроме поцте ⁞ ꙋ некраса гривна ꙋ дмитра [UNK],80
299,219,https://gramoty.ru/birchbark/document/show/novgorod/219/,Новгород,1200‒1220,1200,1220,1210,13,Грамота №219,Долговой список,"‛У Ивана за землю девять гривен; возьми три с половиной гривны [и] пятнадцать кадей овса. У Буякова брата две гривны [и] пять кун. У Даньшиничей за три гривны возьмите зерном. В низовье Сяси у Ярошевича ({или:} Ярошевичей) за два берковца ({по-видимому,} соли) две гривны и десять кун. У Тушуевичей (?) гривна за соль и две ногаты за рыбьи внутренности …’",оу ивана въ земль девѧть гривень възми полъ ч{в}ьтвьрть гривьии овеса пѧть на десѧ дежекъ овьса оу боуѧкъва брата дови гривене пѧтъ кнъ ⁞ оу данешиници за три гривене възи‐ мить верьшью на низъ сѧси оу ѧръшъвиц на доувоу бьрькъвьскоу дове гривене и десѧть кнъ оу тоушоуевиви гривена на съли и дови ногаи на чьрьвьѧхъ сьм,оу ивана въ земль девѧть гривень възми полъ чьтвьрть гривьии овеса пѧть на десѧ дежекъ овьса оу боуѧкъва брата дови гривене пѧтъ кнъ ⁞ оу данешиници за три гривене възимить верьшью на низъ сѧси оу ѧръшъвиц на доувоу бьрькъвьскоу дове гривене и десѧть кнъ оу тоушоуевиви гривена на съли и дови ногаи на чьрьвьѧхъ сьм,55
300,220,https://gramoty.ru/birchbark/document/show/novgorod/220/,Новгород,1240‒1260 (с вероятным смещением вперёд),1240,1260,1250,13,Грамота №220,Долговой список,"‛У попа на Черменце (т. е. церкви святого Петра на озере Черменце) два горшка масла. У Несдылы, старосты (той же церкви), полдежи пшеницы. У Кюрилы четвертина гороху — тоже при церкви святого Петра; ее я поручил тому же Несдыле. У Мануйлы полдежи ржи там же’.",ꙋ попа на церменце ·в҃· горошка ма‐ сла ·:· а ꙋ нездꙑле ꙋ старосте поло де‐ же пшенице · а ꙋ кюриле горохꙋ цетве‐ ртина · ꙋ свгто же петра а тꙋ приказахо нездꙑле же · а ꙋ манꙋиле поло деже рожи тꙋ же,ꙋ попа на церменце ·в҃· горошка масла ·:· а ꙋ нездꙑле ꙋ старосте поло деже пшенице · а ꙋ кюриле горохꙋ цетвертина · ꙋ свгто же петра а тꙋ приказахо нездꙑле же · а ꙋ манꙋиле поло деже рожи тꙋ же,48
301,221,https://gramoty.ru/birchbark/document/show/novgorod/221/,Новгород,1240‒1260,1240,1260,1250,13,Грамота №221,Фрагмент письма с распоряжениями,,… [грн]е оу оливоринѧ воземи … серебра а онанею посли с[е]моу со [прост]а н[е посли] …,[UNK] грне оу оливоринѧ воземи [UNK] серебра а онанею посли семоу со проста не посли [UNK],16
302,222,https://gramoty.ru/birchbark/document/show/novgorod/222/,Новгород,1200‒1220,1200,1220,1210,13,Грамота №222,Письмо к посаднику Гюргию Иванковичу — От Матея к Гюргию (о юридических и финансовых делах),"‛От Матея к Гюргию. Я только что приехал, поэтому не шел [к тебе]. Встречу тебя … [и отправлюсь (?)] на Песь. … Если же в самом деле они {(из-за лакуны неясно, кто)} запираются ({т. е.} не признаю́тся), то я даю княжескому детскому гривну серебра и еду с ним, потому что они поставили меня [своим запирательством] в положение вора. Колбяги [на самом деле] не бежали. В твоих руках распределение долей, деньги по людям ({т. е.} деньги, которые различные люди должны) — нет тут тебе убытка ни единой векши’.",·:· ѿ матьѧ къ гюргю : топьрьво есмо пришль тога д[ьлѧ] н[ь шль] оусрѧцю тѧ н[ь -----(-)сь(-)------ко] пьси · ожь ли право запираютьс(ѧ) а ѧ даю кнѧжю дьцьскамоу гривноу сьрьбра · едоу с нимо · ожь мѧ тать‐ мо поставили · оужь ти нь бьжѧли колобѧгь оу тьбь жрьбье скоть по людьмо · ни тоу тобь тощины вькшь одоное,·:· ѿ матьѧ къ гюргю : топьрьво есмо пришль тога дьлѧ нь шль оусрѧцю тѧ нь [UNK] сь [UNK] ко пьси · ожь ли право запираютьсѧ а ѧ даю кнѧжю дьцьскамоу гривноу сьрьбра · едоу с нимо · ожь мѧ татьмо поставили · оужь ти нь бьжѧли колобѧгь оу тьбь жрьбье скоть по людьмо · ни тоу тобь тощины вькшь одоное,63
303,223,https://gramoty.ru/birchbark/document/show/novgorod/223/,Новгород,1200‒1220,1200,1220,1210,13,Грамота №223,Долговой список,,Наибольший из фрагментов таков: …рька[хъ]ть ⁞ оу ивана шесть … …ъсъскоули ⁞ оу съвъкъѧ … … (п)олъ съръцька ⁞ оу са… …са осьмь бьлъ ⁞ (…) … бьлъ ⁞ На другом фрагменте сохранилась одна целая запись: …ъ оу дьснива чьтъ[р]и бьли От остальных записей этого фрагмента и от всех записей еще одного фрагмента сохранились лишь ничтожные остатки: …рьльсев… оу ли… оу ли… …в[ъ]съд… …[гъ]цева ⁞ оу съ… оу сам… …дьса…,Наибольший из фрагментов таков: [UNK] рькахъть ⁞ оу ивана шесть [UNK] ъсъскоули ⁞ оу съвъкъѧ [UNK] полъ съръцька ⁞ оу са [UNK] са осьмь бьлъ ⁞ [UNK] бьлъ ⁞ На другом фрагменте сохранилась одна целая запись: [UNK] ъ оу дьснива чьтъри бьли От остальных записей этого фрагмента и от всех записей еще одного фрагмента сохранились лишь ничтожные остатки: [UNK] рьльсев [UNK] оу ли [UNK] оу ли [UNK] въсъд [UNK] гъцева ⁞ оу съ [UNK] оу сам [UNK] дьса [UNK],82
304,224,https://gramoty.ru/birchbark/document/show/novgorod/224/,Новгород,1220‒1240,1220,1240,1230,13,Грамота №224,Фрагмент долгового списка,,… [ѫ] олемова [з](ѧти) … … [ѫ р](а)дом[и](р)а дове : ѫ стан[ѧте] …,[UNK] ѫ олемова зѧти [UNK] ѫ радомира дове : ѫ станѧте [UNK],12
305,225,https://gramoty.ru/birchbark/document/show/novgorod/225/,Новгород,1180‒1200,1180,1200,1190,12,Грамота №225,От Торчина к Гюргию (о беличьих шкурках),"‛От Торчина к Гюргию. Михалем отобрана ({т. е.} отсортирована) половина беличьих шкурок, только (?) хорошие — один мешок ({другой вариант:} один мех, т. е. чистый мех)’.",ѿ тороцина ко гю[р](егю) оу михалѧ ѿберан(а по)‐ ловина беле са-- добра же мехе од(ине),ѿ тороцина ко гюрегю оу михалѧ ѿберана половина беле са [UNK] добра же мехе одине,15
306,226,https://gramoty.ru/birchbark/document/show/novgorod/226/,Новгород,1160‒1180,1160,1180,1170,12,Грамота №226,Письмо к Иванку и Мирошке (с упоминанием полюдья),‛Поклон Иванку и Мирошке от … [Вы мои] господа. Вот я проверил … [Три] раза я [ходил] (или: мы [ходили]) в полюдье сюда …’ {Далее после большой лакуны сохранились только слова} ‛по Паше’.,(поклан)[ѧ]ние ко [и](в)анокоу и ко мирошь[к](е ѿ) … (вꙑ моѧ г)осподина : а испꙑтал[ь т]и есьмо к… --- (три р)[а]зꙑ ти есьм[ь] (ходил)- въ полюдие семо м… … …а по паше,покланѧние ко иванокоу и ко мирошьке ѿ [UNK] вꙑ моѧ господина : а испꙑталь ти есьмо к [UNK] три разꙑ ти есьмь ходилвъ полюдие семо м [UNK] а по паше,30
307,227,https://gramoty.ru/birchbark/document/show/novgorod/227/,Новгород,1160‒1180,1160,1180,1170,12,Грамота №227,Письмо к матери (поручения и советы),"‛[От такого-то] поклон матери. Выдай сему (т. е. подателю письма) две гривны. Не вздумай, матушка, [слукавить. Если] у себя не найдется, так даже занявши непременно выдай. От этого нам двоим ({менее вероятно:} от этих процентов) будет благо. [Такое-то место — это] тебе земля. Выдано тебе шесть гривен, [получить] тебе (предстоит) сто гривен. Вместе [тебе следует с Дав]ыдовой женой сидеть. А Радкова жена [тут садится (?)] — просит [этого], потому что это была земля ее деверя Павла. … хотя бы не считайся … получая прокорм ({букв.:} пья-едя) … получишь суд … уважаемой (знатной) женщиной … [сидя] с Давыдовой женой, получая почет и прокорм. А если бросим (?) мы двое торговлю, то ты там будешь жить (?) … и кланяюсь. А вот еще что: сходи возьми десять гривен ногатами у А…’",(ѿ … покл)[а]нѧние ко матьри водае семоу :в: гривьне не моги же ми матоко согре‐ (шити … оже ли) оу себе не боуде а и заемоши моги же водати ѿ тога ти нама хоце болого … [т]о ти зем[л]ѧ вода[н]о ти :ꙅ: гр[ив](ьно по)лоуц[и](т)и ти сот(о г)ривьно одиномо ти мь‐ (сте … со дав)ꙑжею сед[ети] а радоковаѧ т- -едае прашѧе [о]-е дьвьри т[и е]ѥ бꙑла землѧ павьлова … …[м]оу со зем(л)е ти хотѧци сѧ не [ц]ьтисѧ пеюци едоуц соудо воземеше доброю женою п[оро]‐ … … (се)[д]ѧци цьсть енюци пеюци едоуци со давꙑжею а торого риневь тамо поценеши тиро‐ (вати … кла)нѧю ти сѧ а се пакꙑ шьдоши воземи десѧть гривьно ногатами оу а‐ … …аз[ок]а н[е]цето ес[о]-‐ …,ѿ [UNK] покланѧние ко матьри водае семоу :в: гривьне не моги же ми матоко согрешити [UNK] оже ли оу себе не боуде а и заемоши моги же водати ѿ тога ти нама хоце болого [UNK] то ти землѧ водано ти :ꙅ: гривьно полоуцити ти сото гривьно одиномо ти мьсте [UNK] со давꙑжею седети а радоковаѧ т- -едае прашѧе ое дьвьри ти еѥ бꙑла землѧ павьлова [UNK] моу со земле ти хотѧци сѧ не цьтисѧ пеюци едоуц соудо воземеше доброю женою поро‐ [UNK] седѧци цьсть енюци пеюци едоуци со давꙑжею а торого риневь тамо поценеши тировати [UNK] кланѧю ти сѧ а се пакꙑ шьдоши воземи десѧть гривьно ногатами оу а‐ [UNK] азока нецето есо [UNK],122
308,228,https://gramoty.ru/birchbark/document/show/novgorod/228/,Новгород,1160‒1180 (с вероятным смещением вперёд),1160,1180,1170,12,Грамота №228,Долговой список,"‛У Доброжира (долгу) полторы {(денежная единица не указана)}, у Ярошковой жены девять, у Завида семь векш и резана, у Олисея резана, у Горгия девять’.",оу даброжира полоуторе : оу ѧръшековее дѧвѧте : оу завида [се]м[е] в[е]кош[е] ӏ резана : оу олисеѧ резана : оу горег[ѧ девѧте] (…),оу даброжира полоуторе : оу ѧръшековее дѧвѧте : оу завида семе векоше ӏ резана : оу олисеѧ резана : оу горегѧ девѧте [UNK],23
309,230,https://gramoty.ru/birchbark/document/show/novgorod/230/,Новгород,1200‒1220,1200,1220,1210,13,Грамота №230,Запись о долге Оявелги,,оу [о]ѧвьлъгь по тр[ьтиѧ] (съ)‐ рицека и била,оу оѧвьлъгь по трьтиѧ сърицека и била,7
310,231,https://gramoty.ru/birchbark/document/show/novgorod/231/,Новгород,1180‒1200 (с вероятным смещением назад),1180,1200,1190,12,Грамота №231,От Твердилы к Данил… (денежные поручения),"‛От Твердилы к Даниле. Я [узнал (?), что] Нежил, попов [сын], две гривны отдал тебе (в твои руки). Отдай же [их] теперь Степану’.",+ѡ твьрьдилъ къ да[нил]- …‐ ль есьмъ ньжиль пъпъвь дъвь гривьнь въдаль за та а нꙑ‐ нь в[ъд]ае стьпан[оу] (…),ѡ твьрьдилъ къ данил- [UNK] ‐ ль есьмъ ньжиль пъпъвь дъвь гривьнь въдаль за та а нꙑнь въдае стьпаноу [UNK],21
311,232,https://gramoty.ru/birchbark/document/show/novgorod/232/,Новгород,1140‒1160 (с вероятным смещением вперёд),1140,1160,1150,12,Грамота №232,Фрагмент письма,,… (в)озьми а ѧзо [среб](р)- … …номо орат·и · и цѧстꙑ… … (по)[де]рнити а оже хоцет- … на обороте: …ца,[UNK] возьми а ѧзо сребр- [UNK] номо орат·и · и цѧстꙑ [UNK] подернити а оже хоцет- [UNK] на обороте: [UNK] ца,26
312,233,https://gramoty.ru/birchbark/document/show/novgorod/233/,Новгород,1180‒1200,1180,1200,1190,12,Грамота №233,От Домажира к Нажиру,"‛От Домажира к Нажиру. Кто при ветре пойдет [на Ильмень?], тот пусть возьмет …’",ѿ домажира къ нажирꙋ иже то при ветре (поид)[е] в[ъз]ьми ж[е]… (…),ѿ домажира къ нажирꙋ иже то при ветре поиде възьми же [UNK],12
313,234,https://gramoty.ru/birchbark/document/show/novgorod/234/,Новгород,1140‒1160 (с вероятным смещением вперёд),1140,1160,1150,12,Грамота №234,Фрагмент долгового списка,,(…) ѫ люта [·ӏ҃·] отъ фолар- [ѿ] мерьтова ѫ лют‐ а,[UNK] ѫ люта ·ӏ҃· отъ фоларѿ мерьтова ѫ люта,12
314,235,https://gramoty.ru/birchbark/document/show/novgorod/235/,Новгород,1160‒1180,1160,1180,1170,12,Грамота №235,От Судиши к Нажиру (жалоба на незаконную конфискацию имущества),"‛От Судиши к Нажиру. Вот Жадко послал двух судебных исполнителей, и они ограбили меня за братний долг. А я не поручитель [за брата] перед Жадком. Запрети же ему, пусть не посылает на меня стражу … Еду ({или:} поеду) в … {(вероятно, в город, т. е. в Новгород)}’.",+ отъ сꙋдише : къ нажирꙋ : се жѧдъке пославъ : ѧбе‐ тника дова : и пограбила мѧ : въ братни долгь а ѧ [не п]орꙋцене : жѧдкꙋ : а възборони емоу оти не п[осл]е на мѧ опас[а] … едꙋ в… (…),отъ сꙋдише : къ нажирꙋ : се жѧдъке пославъ : ѧбетника дова : и пограбила мѧ : въ братни долгь а ѧ не порꙋцене : жѧдкꙋ : а възборони емоу оти не после на мѧ опаса [UNK] едꙋ в [UNK],40
315,236,https://gramoty.ru/birchbark/document/show/novgorod/236/,Новгород,1160‒1180,1160,1180,1170,12,Грамота №236,Фрагмент неопределенного содержания,,…ъмоивьп…,[UNK] ъмоивьп [UNK],3
316,237,https://gramoty.ru/birchbark/document/show/novgorod/237/,Новгород,1160‒1180,1160,1180,1170,12,Грамота №237,От Бориса к Станиле и Жир(о)ше: «Вот из-за вас таскают меня …»,‛От Бориса к Станиле и Жирше ({или:} Жироше). Вот за вас двоих таскают ({подразумевается:} в суд) меня …’,ѿ бъриса къ стани[л]ь и къ жи[рошь се] мьне въ[лоца] въ в[а]ю …,ѿ бъриса къ станиль и къ жирошь се мьне вълоца въ ваю [UNK],13
317,238,https://gramoty.ru/birchbark/document/show/novgorod/238/,Новгород,1100‒1120,1100,1120,1110,12,Грамота №238,Вызов на испытание водой,"‛… [Ты дал (?)] Несдичу четыре с половиной резаны, а [мне] ты дал две куны. Что же ты утверждаешь, будто за мной восемь кун и гривна? Пойди же в город — могу вызваться с тобой на испытание водой’.",… несъдицеви полъ пѧтѣ рѣза[нѣ : а] (мъ)нѣ еси въдале дъвѣ коунѣ цьто же за м[ъ](но)[ю] твориши [за] мъною осмь коунъ и гривьна : поиди же въ горо‐ (дъ) [мо]гоу сѧ съ тобою ѧти на водоу,[UNK] несъдицеви полъ пѧтѣ рѣзанѣ : а мънѣ еси въдале дъвѣ коунѣ цьто же за мъною твориши за мъною осмь коунъ и гривьна : поиди же въ городъ могоу сѧ съ тобою ѧти на водоу,35
318,239,https://gramoty.ru/birchbark/document/show/novgorod/239/,Новгород,1160‒1180,1160,1180,1170,12,Грамота №239,От Жадка и Степана к Гюргию (начало письма),,ѿ жадъка и ѿ степана къ гюргю …,ѿ жадъка и ѿ степана къ гюргю [UNK],8
319,240,https://gramoty.ru/birchbark/document/show/novgorod/240/,Новгород,1160‒1180 (с вероятным смещением вперёд),1160,1180,1170,12,Грамота №240,Долговой список,,ѫ (в)[ъ]нѣга со братьею ⁞г⁞ гривьнѣ ⁞ ѫ дражь‐ ниць :в: гривьнѣ ⁞ ѫ пьсана гривьна ⁞ ѫ ко‐ [ло]--- (гри)[в]ьна ⁞,ѫ вънѣга со братьею ⁞г⁞ гривьнѣ ⁞ ѫ дражьниць :в: гривьнѣ ⁞ ѫ пьсана гривьна ⁞ ѫ коло [UNK] гривьна ⁞,25
320,241,https://gramoty.ru/birchbark/document/show/novgorod/241/,Новгород,1100‒1120,1100,1120,1110,12,Грамота №241,От Коснятина к Ждану (требование заплатить и угроза),"‛От Коснятина к Ждану. Заплати Степанцу к Рождеству. Не заплатишь — [потеря] на отроке (т. е. при взыскании долга через отрока) раза в два больше, пожалуй, будет’.",ѿ къснѧтина къ жьданѫ запла[ти] стьпаньцю к[ъ] ро[жеств]ѫ н[е] з[апла]‐ тиши а на отроке [о] д[ъ]во[е] то[го] бѫди,ѿ къснѧтина къ жьданѫ заплати стьпаньцю къ рожествѫ не заплатиши а на отроке о дъвое того бѫди,17
321,242,https://gramoty.ru/birchbark/document/show/novgorod/242/,Новгород,1420‒1430,1420,1430,1425,15,Грамота №242,От Кощея и испольщиков (просьба дать коней),"‛Челобитье от Кощея и от испольщиков. У кого есть кони, и те плохи, а у иных [вовсе] нет. Чем, господин, пожалуешь крестьян? А рожь, господин, велишь мне молотить — как укажешь? (или: так это, как укажешь)’.",цолобитьѥ ѿ кощѣꙗ · и ꙩѿтъ половниковъ : у кого : конѣ а тѣ худѣ · а · у нꙑх[ъ] нѣть · какъ · ѻспо‐ дине жалуѥшь хрѣстьꙗнъ а · рожь · ѻсподине велишь мнѣ молотить (ка)къ укажешь (…),цолобитьѥ ѿ кощѣꙗ · и ꙩѿтъ половниковъ : у кого : конѣ а тѣ худѣ · а · у нꙑхъ нѣть · какъ · ѻсподине жалуѥшь хрѣстьꙗнъ а · рожь · ѻсподине велишь мнѣ молотить какъ укажешь [UNK],38
322,243,https://gramoty.ru/birchbark/document/show/novgorod/243/,Новгород,1420‒1430,1420,1430,1425,15,Грамота №243,Сообщение Семенка-карела землевладельцу о переходе в его село,"‛Поклон от Семенка-карела (или: от Семенка Корелина). Он пришел (т. е. перешел жить), господин, к тебе на Пытарево село. [Коли] чем его пожалуешь, то ты, господин, дай [на этот счет] все распоряжения. А я тебе, своему господину, бью челом’.",поклонъ ѿ сменка ѿ корѣлина пришле гн҃е т кобѣ на село на пꙑтарево цимъ ѥго жалуѥ‐ шь и тꙑ ѡспд҃не · прикажи всѧкоѥ слово а ꙗзъ то‐ бѣ своѥму гн҃у цоломъ бѣю,поклонъ ѿ сменка ѿ корѣлина пришле гн҃е т кобѣ на село на пꙑтарево цимъ ѥго жалуѥшь и тꙑ ѡспд҃не · прикажи всѧкоѥ слово а ꙗзъ тобѣ своѥму гн҃у цоломъ бѣю,36
323,244,https://gramoty.ru/birchbark/document/show/novgorod/244/,Новгород,1400‒1410,1400,1410,1405,15,Грамота №244,Фрагмент с просьбой замолвить слово владыке,,… з[а](молви)‐ [те] слово · за мене · владꙑцѣ и б҃а дѣ‐ лѧ · а цто позвале · ѥсмь ---[и]ж[ин](а) (с)[н҃а] …,[UNK] замолвите слово · за мене · владꙑцѣ и б҃а дѣлѧ · а цто позвале · ѥсмь [UNK] ижина сн҃а [UNK],25
324,245,https://gramoty.ru/birchbark/document/show/novgorod/245/,Новгород,1075‒1100 (с вероятным смещением назад),1075,1100,1087,11,Грамота №245,Фрагмент (о сукнах),"‛Сукна мои за тобой: красное, очень хорошее — 7 аршин, {такое-то — столько-то, такое-то — столько-то}’.",… [соукъ]на моѧ за то[бою] … … (чь)р[ь]мьно : вельми добро ·з҃· [л]ок[ъ](тъ) …,[UNK] соукъна моѧ за тобою [UNK] чьрьмьно : вельми добро ·з҃· локътъ [UNK],16
325,246,https://gramoty.ru/birchbark/document/show/novgorod/246/,Новгород,1025‒1050 (с вероятным смещением вперёд),1025,1050,1037,11,Грамота №246,От Жировита к Стояну (угроза злостному должнику),"‛От Жировита к Стояну. С тех пор, как ты поклялся мне на кресте (или: взял крест) и не присылаешь мне денег, идет девятый год. Если же не пришлешь мне четырех с половиной гривен, то я собираюсь за твою вину конфисковать товар у знатнейшего новгородца. Пошли же добром’.",ѿ жировита къ стоѧнови како тꙑ оу мене и чьстьное дрѣво възъмъ и вевериць ми не присълеши то девѧтое лето а не присълеши ми полоу пѧтꙑ гривьнꙑ а хоцоу ти вꙑроути въ тѧ лоуцьшаго новъгорожѧнина посъли же добръмь,ѿ жировита къ стоѧнови како тꙑ оу мене и чьстьное дрѣво възъмъ и вевериць ми не присълеши то девѧтое лето а не присълеши ми полоу пѧтꙑ гривьнꙑ а хоцоу ти вꙑроути въ тѧ лоуцьшаго новъгорожѧнина посъли же добръмь,38
326,247,https://gramoty.ru/birchbark/document/show/novgorod/247/,Новгород,1025‒1050 (с вероятным смещением вперёд),1025,1050,1037,11,Грамота №247,Дело о ложном обвинении в грабеже,"‛… обвиняет этого [человека] в ущербе на 40 резан. А замок цел и двери целы, и хозяин по этому поводу иска не предъявляет. Так что накажи штрафом того обвинителя. А с этого смерда епископ должен получить [такую-то сумму]’. {Далее могли стоять слова со значением типа} ‛если же захотят’ или ‛могут ведь’, {после чего читается:} ‛… смерды избить обвинителя …’",… … [п]о[клѣ](п)ает[ь] сего :м҃:ми рѣзанами а замъке кѣле а двьри кѣлѣ а господарь въ не тѧжѣ не дѣе а продаи клеветьника того а оу сего смьръда въз[ѧти] еп҃оу - - - - - - - - - - - - - - смьрьди побити клеветьник[а] … (…),[UNK] поклѣпаеть сего :м҃:ми рѣзанами а замъке кѣле а двьри кѣлѣ а господарь въ не тѧжѣ не дѣе а продаи клеветьника того а оу сего смьръда възѧти еп҃оу - - - - - - - - - - - - - - смьрьди побити клеветьника [UNK],52
327,250,https://gramoty.ru/birchbark/document/show/novgorod/250/,Новгород,1380‒1400,1380,1400,1390,14,Грамота №250,Перечень крестьянских (?) семей,,… (с д)ѣтми съ племенемъ луцнов‐ … …[к]ине со братѥю федоре лену‐ … … иѥве · на рицици …ове костке · с дѣтми би‐ … … …ко ѻ[л]ексинъ,[UNK] с дѣтми съ племенемъ луцнов‐ [UNK] кине со братѥю федоре лену‐ [UNK] иѥве · на рицици [UNK] ове костке · с дѣтми би‐ [UNK] ко ѻлексинъ,30
328,251,https://gramoty.ru/birchbark/document/show/novgorod/251/,Новгород,1380‒1400 (с вероятным смещением назад),1380,1400,1390,14,Грамота №251,Фрагмент (судебные дела),,…‐ ну свою и не ста [н]а (с)[у](дъ) … (гра)‐ мтоту бесудную по среци на тре[тии днь] ѳедорцю на н(его),[UNK] ‐ ну свою и не ста на судъ [UNK] грамтоту бесудную по среци на третии днь ѳедорцю на него,20
329,252,https://gramoty.ru/birchbark/document/show/novgorod/252/,Новгород,1360‒1380,1360,1380,1370,14,Грамота №252,Фрагмент (жалоба по поводу грабежа),"‛… сноху мою избили и добро мое разграбили — (разграбили) меня бродяги в суматохе (в драке, в побоище). И с делом о снохе и о грабеже поедем в город, положивши куну…’",… ---- [снох]у есть у мьн‐ ь убилѣ а живото есть у мьнь розграбилѣ лѣзни мѧ въ плищь оборот: ӏ снохою ӏ своӏмъ грабь‐ жъмъ поедъмъ в го‐ родъ к[у]н[у п]ок[лад]ъ‐ (ше) (…),[UNK] сноху есть у мьнь убилѣ а живото есть у мьнь розграбилѣ лѣзни мѧ въ плищь оборот: ӏ снохою ӏ своӏмъ грабьжъмъ поедъмъ в городъ куну покладъше [UNK],29
330,253,https://gramoty.ru/birchbark/document/show/novgorod/253/,Новгород,1360‒1380 (с вероятным смещением назад или вперёд),1360,1380,1370,14,Грамота №253,Письмо Максима Онцифоровича — От Максима к десятщанам (распоряжение о выдаче зерна),"‛От Максима к десятчанам. Дать Мельяну (Емельяну) 8 кадей [зерна — само] зерно и наклад (т. е. проценты). А ты, староста, собери’.",ѿ маскима ко десѧсцѧн‐ амо дать мелеѧну ·и҃· д‐ еже накладо и веши а тꙑ старосто сбери,ѿ маскима ко десѧсцѧнамо дать мелеѧну ·и҃· деже накладо и веши а тꙑ старосто сбери,18
331,254,https://gramoty.ru/birchbark/document/show/novgorod/254/,Новгород,1360‒1380 (с вероятным смещением назад или вперёд),1360,1380,1370,14,Грамота №254,Хозяйственные распоряжения Максима Онцифоровича,"‛… триста ({или:} четыреста) яиц. А Есифу … ({общий смысл:} ‛должны давать’) боровицкие две коробьи пшеницы, две коробьи [ржи (?)] …, колачицкие [несут повинность] по ржи и по пшенице, причем из [такой-то] пшеницы, а по войсковой ({т. е.} идущей в войсковой провиант) ржи и по ячменю — …скиной дружине. А ко [мне весть пришли о] том, дал ли Есиф рубль …’ {После разрыва:} ‛… бери зерно …’",(…) -------- [ст]а ѧече а е[си](ѳ)[у] … ------ [б]орови[ц]ки ·в҃· короби пшеници ·в҃· короби -----оши колачицкии во жи и во пшеници а с ве‐ ----еи пшеници а в[о]скои рожи и во жи-------‐ скини дружини а ко м… мо [д]а[л]е ли есиѳе рубеле у… -------- емли вереше … (…),[UNK] ста ѧече а есиѳу [UNK] боровицки ·в҃· короби пшеници ·в҃· короби [UNK] оши колачицкии во жи и во пшеници а с ве‐ [UNK] еи пшеници а воскои рожи и во жи [UNK] скини дружини а ко м [UNK] мо дале ли есиѳе рубеле у [UNK] емли вереше [UNK],56
332,256,https://gramoty.ru/birchbark/document/show/novgorod/256/,Новгород,1360‒1380,1360,1380,1370,14,Грамота №256,Фрагмент документа с упоминанием кражи,‛… [обвиняет (?)] его в краже котомки (или из котомки) [на сумму в] пять …’ {После разрыва:} ‛… пропажу свою [на сумму в] 10 рублей с Григорьича …’,…‐ ци ѥ[г]о во крошенои тадби во пѧ[т](и) … …‐ ре тадбу свою ·ӏ҃· рублово на григорици и …,[UNK] ‐ ци ѥго во крошенои тадби во пѧти [UNK] ‐ ре тадбу свою ·ӏ҃· рублово на григорици и [UNK],23
333,257,https://gramoty.ru/birchbark/document/show/novgorod/257/,Новгород,1380‒1400,1380,1400,1390,14,Грамота №257,Деловые поручения,"‛… а Якуну серебро дай, а жеребей (долю) возьми. А грамоту мы с тобой напишем — зимой [рассчитаемся (?)]. А к нам, господин, обо всем [весть] пришли’.",… а ѧ{к}куну серьбро даи а жебеи воз[е]‐ ми а грамоту · с тобо спишемо · на зими -----[ае]мо · а к намо · гн҃ь · ꙩ всемо --------шли,[UNK] а ѧкуну серьбро даи а жебеи воземи а грамоту · с тобо спишемо · на зими [UNK] аемо · а к намо · гн҃ь · ꙩ всемо [UNK] шли,32
334,258,https://gramoty.ru/birchbark/document/show/novgorod/258/,Новгород,1360‒1380 (с вероятным смещением назад или вперёд),1360,1380,1370,14,Грамота №258,Записи Максима Онцифоровича — роспись рыбного оброка,"‛У Давыда 9 лососей сушеных и 3 малосольных, у Ивана 7 лососей сушеных’.",(…) у давꙑда ·ѳ҃· лососи сухꙑхо ·г҃· просо‐ лни · у ивана ·з҃· лососии с[ухꙑ](хо) (… …),[UNK] у давꙑда ·ѳ҃· лососи сухꙑхо ·г҃· просолни · у ивана ·з҃· лососии сухꙑхо [UNK],24
335,260,https://gramoty.ru/birchbark/document/show/novgorod/260/,Новгород,1360‒1380,1360,1380,1370,14,Грамота №260,От Сидора к Остафье (о взыскании долгов),"‛Наказ Остафье от Сидора. Возьми у Григория Тимошкина рубль и 4 лосося, да возьми у Григория полрубля, которые он обещал Сидору. У Клима Щекарева возьми рубль [и] 10 бел и 4 лосося наклада (роста). У Олександра Ратславова возьми 50 бел, у Ондрея Чирицына полсорочка, у Кондра Возгреши полсорочка. У попа Михайлы возьми полрубля [и] 10 лососей: он поручитель за Иванка. У Вигалы Остафьи возьми 50 бел’.",(прик)азо ко ѡстафии [ѿ си]дора возми у гри‐ гории у тимощина рубль · и ·д҃· лососи · д·а во‐ зми · у григориӏ поло рублѧ цто сидору су‐ лиль · у клима возми у щекарова рубль ·ӏ҃· било и ·д҃· лососѣ наклад · у ꙩльксандра у рацлалѧ возми ·н҃· било · у ѻндриꙗ [у ц]ирицина возми поло сорока · у кондра у [в]озгреши возми поло сорока · у попа у миха‐ или возми поло ру[б]лѧ ·ӏ҃· лососѣи · то за ива‐ нка поруцнь · у вигали у ѻстафии · възми ·н҃· било,приказо ко ѡстафии ѿ сидора возми у григории у тимощина рубль · и ·д҃· лососи · д·а возми · у григориӏ поло рублѧ цто сидору сулиль · у клима возми у щекарова рубль ·ӏ҃· било и ·д҃· лососѣ наклад · у ꙩльксандра у рацлалѧ возми ·н҃· било · у ѻндриꙗ у цирицина возми поло сорока · у кондра у возгреши возми поло сорока · у попа у михаили возми поло рублѧ ·ӏ҃· лососѣи · то за иванка поруцнь · у вигали у ѻстафии · възми ·н҃· било,107
336,267,https://gramoty.ru/birchbark/document/show/novgorod/267/,Новгород,1380‒1400 (с вероятным смещением назад),1380,1400,1390,14,Грамота №267,Фрагмент долгового списка,,…[ѣ]фѣньѥ… [оу] коренѧ (-)[а]…,[UNK] ѣфѣньѥ [UNK] оу коренѧа [UNK],6
337,268,https://gramoty.ru/birchbark/document/show/novgorod/268/,Новгород,1360‒1380 (с вероятным смещением назад или вперёд),1360,1380,1370,14,Грамота №268,Фрагмент деловой записи,,…‐ мошкою ·ӏ҃· к… …,[UNK] ‐ мошкою ·ӏ҃· к [UNK],9
338,269,https://gramoty.ru/birchbark/document/show/novgorod/269/,Новгород,1360‒1380 (с вероятным смещением назад или вперёд),1360,1380,1370,14,Грамота №269,Фрагмент неопределенного содержания,,(…) …кима … …,[UNK] кима [UNK],3
339,270,https://gramoty.ru/birchbark/document/show/novgorod/270/,Новгород,1380‒1400,1380,1400,1390,14,Грамота №270,Фрагмент письма к господину,"Поклон от Окру… (или: окружного старосты). Ту землю, которая… …нкины дети… Свою часть дал мне…, господин, дал…",поклонъ ѿ ꙩкру… … а что землѧ · п… …‐ совѣ а ту землю … …‐ нъкинѣ дѣти · … свою ча даль ми … (ꙩ)‐ сподинь дал…,поклонъ ѿ ꙩкру [UNK] а что землѧ · п [UNK] ‐ совѣ а ту землю [UNK] ‐ нъкинѣ дѣти · [UNK] свою ча даль ми [UNK] ꙩсподинь дал [UNK],29
340,271,https://gramoty.ru/birchbark/document/show/novgorod/271/,Новгород,1360‒1380,1360,1380,1370,14,Грамота №271,От Якова к куму и другу Максиму (Онцифоровичу) (просьба купить овса),"‛Поклон от Якова куму и другу Максиму. Купи мне, прошу тебя, овса у Ондрея. Если продаст, возьми у него грамоту ({очевидно,} об акте продажи) да пришли мне, [причем] удобочитаемую. Да прикажи везти [овес] ко мне, [а сделай это] в подходящий момент. Если же там не будет овса, то …’ {На обороте:} ‛… возьми с собой’.",поклоно ѿ ѧкова куму и другу максиму укупи ми кланѧюсѧ ѡвса у ѡндреѧ ѡже прода возми у него грамоту да приш[ли] ми цтениѧ доброго да вести ми прикажи [ѡ]--------- дее во годе ѡже ти ту не буде ѡвса и … (…) … возми со собою,поклоно ѿ ѧкова куму и другу максиму укупи ми кланѧюсѧ ѡвса у ѡндреѧ ѡже прода возми у него грамоту да пришли ми цтениѧ доброго да вести ми прикажи ѡ [UNK] дее во годе ѡже ти ту не буде ѡвса и [UNK] возми со собою,44
341,272,https://gramoty.ru/birchbark/document/show/novgorod/272/,Новгород,1360‒1380,1360,1380,1370,14,Грамота №272,От Савлия к Максиму (Онцифоровичу) (требование немедленно прислать коня),"‛От Савлия к Максиму. Немедленно пришли коня. Зачем ты меня погубил? Второй раз рать ударила под Копорьем, и я без второго коня имущество побросал, а иное растерял. Так что пришли … Если будет тревога, на одном коне нет дома [возможности что-то сделать] … ни дров, и матери послать не на чем …’",ѿ савлиѧ ко максиму како стоѧ пришли конь цему мѧ єси погубиль · въ другꙑ рѧдъ рать уда‐ рила подо копорию · а ѧ · безъ другого конѧ животъ по‐ металь · а иноє розронѧль : а нонѣ пришл[и] … полохе ли буде на ꙩдиномо конѣ · нѣ дома … ни дровна · ни матери послати на цемъ · а … ти … …т[е] а съ мною … (…),ѿ савлиѧ ко максиму како стоѧ пришли конь цему мѧ єси погубиль · въ другꙑ рѧдъ рать ударила подо копорию · а ѧ · безъ другого конѧ животъ пометаль · а иноє розронѧль : а нонѣ пришли [UNK] полохе ли буде на ꙩдиномо конѣ · нѣ дома [UNK] ни дровна · ни матери послати на цемъ · а [UNK] ти [UNK] те а съ мною [UNK],66
342,273,https://gramoty.ru/birchbark/document/show/novgorod/273/,Новгород,1360‒1380,1360,1380,1370,14,Грамота №273,Начало письма от Павла и всех муравьичей (?) к Юрию и Офоносу Онцифоровичам,,поклоно ѿ павла ӏ ѿ всих мра‐ вгици ко юрегꙋ ӏ ко ѻфоносꙋ … …[р]ию… …[аш]ꙋ …,поклоно ѿ павла ӏ ѿ всих мравгици ко юрегꙋ ӏ ко ѻфоносꙋ [UNK] рию [UNK] ашꙋ [UNK],17
343,274,https://gramoty.ru/birchbark/document/show/novgorod/274/,Новгород,1360‒1380,1360,1380,1370,14,Грамота №274,Расписка о разделе наследства,‛… Дмитру (?) причитается десять рублей. А братьям до этого дела нет’.,… (за дми)‐ тромъ · пошло ·ӏ҃· рубльвъ · а братѣ · не надъби ·,[UNK] за дмитромъ · пошло ·ӏ҃· рубльвъ · а братѣ · не надъби ·,17
344,276,https://gramoty.ru/birchbark/document/show/novgorod/276/,Новгород,1360‒1380 (с вероятным смещением назад или вперёд),1360,1380,1370,14,Грамота №276,От Ондрея с братьями к Василию и Сидору: «Была жалоба перед вами …»,"‛Поклон от Ондрея с братьями Василию и Сидору. Была жалоба перед вами, и по Гземи…’",поклоно ѿ ѡдреѧ со братию ко василию ӏ ко сидру [бꙑл]а жалоба передо вами ӏ по гземи …,поклоно ѿ ѡдреѧ со братию ко василию ӏ ко сидру бꙑла жалоба передо вами ӏ по гземи [UNK],18
345,277,https://gramoty.ru/birchbark/document/show/novgorod/277/,Новгород,1360‒1380 (с вероятным смещением назад или вперёд),1360,1380,1370,14,Грамота №277,"Фрагмент письма к женщине с упоминанием Юрия (вероятно, Онцифоровича)","‛…если окажется, что ты [уже] взяла …’ {Во 2-й строке можно понять:} ‛… остался у Юры на охоте …’",… … (п)ришлю : ѡже буше поимала се‐ …- - - - -[е ѡс]та[ле] у июри на ѡхво‐ (т)…,[UNK] пришлю : ѡже буше поимала се‐ [UNK] - - - - -е ѡстале у июри на ѡхвот [UNK],21
346,278,https://gramoty.ru/birchbark/document/show/novgorod/278/,Новгород,1360‒1380 (с вероятным смещением назад или вперёд),1360,1380,1370,14,Грамота №278,Долговой список (по нескольким населенным пунктам Карелии),"‛У Икагала-Кривца 3 куницы. У жены Иголайда в Лайдиколе полрубля и 2 куницы. У Лейнуя в Лайдиколе 6 бел. У Филиппа-дьяка 30 бел. У Захарьи Калинича полсорочка и 5 бел. У Сидуя Авинича 4 куницы. У Микиты Иванова в Ное исто (собственно долг, без процентов) 6 куниц. У Муномела, Игалина брата, в Куроле полрубля и 2 куницы. У Лег…’",у икагала у кривца :г҃: куницѣ у иголаидовѣи в лаидиколѣ поло рублѧ и :в҃: куницѣ : у лѣинуѧ в лаидиколѣ :ꙅ҃: бѣло : у ф‐ илипа у дѣѧка :л҃: бѣло : у захарии ⁞ в калиница поло сорока {и е} и :е҃: бѣло : у сидуѧ : у авиници :д҃: куници : у микитѣ исто в нои у ѥванова :ꙅ҃: куници : у муномѣла в куролѣ у игалина брата поло рублѧ и :в҃: куницѣ : у лег,у икагала у кривца :г҃: куницѣ у иголаидовѣи в лаидиколѣ поло рублѧ и :в҃: куницѣ : у лѣинуѧ в лаидиколѣ :ꙅ҃: бѣло : у филипа у дѣѧка :л҃: бѣло : у захарии ⁞ в калиница поло сорока и :е҃: бѣло : у сидуѧ : у авиници :д҃: куници : у микитѣ исто в нои у ѥванова :ꙅ҃: куници : у муномѣла в куролѣ у игалина брата поло рублѧ и :в҃: куницѣ : у лег,98
347,279,https://gramoty.ru/birchbark/document/show/novgorod/279/,Новгород,1360‒1380 (с вероятным смещением назад или вперёд),1360,1380,1370,14,Грамота №279,Начало письма от пашезерцев к сотским,,поклонъ ѿ старостѣ ѿ михалѣ · и ѿ всѣхъ пашезерчевъ · къ сотьс[кꙑ]‐ мъ · к [м](а)[]иму · и ко ѡнаниӏ · и к кост[ъ](кѣ) …,поклонъ ѿ старостѣ ѿ михалѣ · и ѿ всѣхъ пашезерчевъ · къ сотьскꙑмъ · к маиму · и ко ѡнаниӏ · и к костъкѣ [UNK],27
348,280,https://gramoty.ru/birchbark/document/show/novgorod/280/,Новгород,1360‒1380 (с вероятным смещением назад или вперёд),1360,1380,1370,14,Грамота №280,Записи Максима Онцифоровича — роспись рыбного оброка,"‛… 3 тайменя, 2 (из них или сверх них) — просол (т. е. малосольные), и 5 сигов и 5 тайменей Яковлевых’.",… ·г҃· таимени ·в҃· просоле и ·е҃· сигово ·е҃· таимени ѧко‐ [л]и[хо],[UNK] ·г҃· таимени ·в҃· просоле и ·е҃· сигово ·е҃· таимени ѧколихо,23
349,281,https://gramoty.ru/birchbark/document/show/novgorod/281/,Новгород,1360‒1380 (с вероятным смещением назад или вперёд),1360,1380,1370,14,Грамота №281,От Наума и Григория к данщику новгородскому,"‛Поклон от Наума и от Григория данщику новгородскому и новгородцам, кто окажется там. Мы послали (или: Я послал) своих людей, трех человек …’",поклоно ѿ наума и ѿ григории к данику новгороцдему и к новгор‐ одцамо кто изгодидце тамо послале ѥсме свои люди г҃ целовѣкѣ свои …,поклоно ѿ наума и ѿ григории к данику новгороцдему и к новгородцамо кто изгодидце тамо послале ѥсме свои люди г҃ целовѣкѣ свои [UNK],24
350,282,https://gramoty.ru/birchbark/document/show/novgorod/282/,Новгород,1380‒1400 (с вероятным смещением назад),1380,1400,1390,14,Грамота №282,О доставке закупленной соли,‛… исполни. [А соли] не покупай: я купил немецкую соль. Доставил бы ты ее сюда’.,(…) … [уп]равь (а со)[ли] не купи · купилъ ѥсмь · со‐ ль нѣмецкую · то бъ ѥси сѣмъ припровадилъ,[UNK] управь а соли не купи · купилъ ѥсмь · соль нѣмецкую · то бъ ѥси сѣмъ припровадилъ,18
351,283,https://gramoty.ru/birchbark/document/show/novgorod/283/,Новгород,1360‒1380,1360,1380,1370,14,Грамота №283,Письмо к брату — просьба вдовы о помощи по хозяйству,"‛… помоги, бога ради, сиротам; да позаботься обо мне, переставь ({т. е.} поставь заново) сенник, сделай милость. А я тебе, брату своему, низко кланяюсь. Да еще купи мне … {вероятно:} изобку. А Василько-литвин …’",… … уцинилъ пособи ба дѣлѧ по сиро[т]а‐ [хъ] да попецалусѧ ѡ мнѣ перостави сѣникъ уцини ми до‐ бро а ѧзъ тобѣ много кланѧсѧ брату своѥму а да купи ми [ӏс]т[еп]ку а васи[л]ко [л]итвин[ъ] … (…),[UNK] уцинилъ пособи ба дѣлѧ по сиротахъ да попецалусѧ ѡ мнѣ перостави сѣникъ уцини ми добро а ѧзъ тобѣ много кланѧсѧ брату своѥму а да купи ми ӏстепку а василко литвинъ [UNK],35
352,284,https://gramoty.ru/birchbark/document/show/novgorod/284/,Новгород,1340‒1360,1340,1360,1350,14,Грамота №284,Фрагмент письма господам,,…‐ и своѧ а нь сѧ вамо [кл]анѧю ѻсподь своеи,[UNK] ‐ и своѧ а нь сѧ вамо кланѧю ѻсподь своеи,11
353,285,https://gramoty.ru/birchbark/document/show/novgorod/285/,Новгород,1360‒1380 (с вероятным смещением назад или вперёд),1360,1380,1370,14,Грамота №285,Требование возместить ущерб,,…еб… …иб… …даи… …(пра)‐ вите исте(рю … се)‐ ребра,[UNK] еб [UNK] иб [UNK] даи [UNK] правите истерю [UNK] серебра,11
354,286,https://gramoty.ru/birchbark/document/show/novgorod/286/,Новгород,1360‒1380 (с вероятным смещением назад или вперёд),1360,1380,1370,14,Грамота №286,От Григория к Дмитру (письмо одного сборщика податей другому — о подтверждении Ореховецкого мира со Швецией и вопросах сбора податей с карел),"‛От Григория к Дмитру. [У нас всё в порядке (?)]. А ты ходи (т. е. совершай свои обходы), не бойся — заключили мир по старой границе князя Юрия. [А меня] послали к карелам на Каяно море. И поди не помешай, не напакости каянцам и себе не заполучи худой славы (претензий, укора)! Если ты уже собрал прошлогоднюю дань, собери и за меня. А узнаешь, [что] я не пойду [к Носу (или: к Ное)], тогда ты иди. А дома всё в порядке. А ко мне кое-что из вестей переправляй. Если сможешь, помогай мне чем-нибудь’.",(ѿ г)ригориӏ ко дмитроу м(ꙑ зд)[о]ровѣ а тꙑ ходи не боисѧ миро взѧлѣ на (с)[т]арои межѣ юриѧ кнѧзѧ (а ме)[н]ѧ послалѣ корѣлѣ на каѧно море а (не п)омѣшаӏ не испакости каѧнецамо ни соби присловиѧ возми а‐ ---и пои[ма]ло дани лонескиӏ возми ӏ моӏ а уцюѥши а не поӏду к но‐ -- ӏ тꙑ тогодъ иди а дома здорово а на менѧ вѣстѣӏ пере‐ цинѧ ц[т]о аже возможеши пособлѧӏ мнѣ цимо,ѿ григориӏ ко дмитроу мꙑ здоровѣ а тꙑ ходи не боисѧ миро взѧлѣ на старои межѣ юриѧ кнѧзѧ а менѧ послалѣ корѣлѣ на каѧно море а не помѣшаӏ не испакости каѧнецамо ни соби присловиѧ возми а‐ [UNK] и поимало дани лонескиӏ возми ӏ моӏ а уцюѥши а не поӏду к но‐ [UNK] ӏ тꙑ тогодъ иди а дома здорово а на менѧ вѣстѣӏ перецинѧ цто аже возможеши пособлѧӏ мнѣ цимо,72
355,288,https://gramoty.ru/birchbark/document/show/novgorod/288/,Новгород,1320‒1340,1320,1340,1330,14,Грамота №288,Список товаров,"‛… полотна 3 локтя …, золотник зеленого шелка, другой [золотник] красного, третий — желто-зеленого, золотник белил на белу, «бургальского» мыла на белу, а еще на одну белу … (или: золотник белил на отбелку, «бургальского» мыла на отбелку, а еще на одну отбелку …)’.",… хамоу ·г· лок[ти] … золотнике зелоного шолкоу дроугии церленого · третии зелоного жолтого золотнъ бѣлилъ на бѣлкоу мꙑла · на бѣлкоу боургалскога · а на дроугоую бѣлкоу …,[UNK] хамоу ·г· локти [UNK] золотнике зелоного шолкоу дроугии церленого · третии зелоного жолтого золотнъ бѣлилъ на бѣлкоу мꙑла · на бѣлкоу боургалскога · а на дроугоую бѣлкоу [UNK],33
356,289,https://gramoty.ru/birchbark/document/show/novgorod/289/,Новгород,1320‒1340 (с вероятным смещением назад или вперёд),1320,1340,1330,14,Грамота №289,От Дорофея к Осипу с братьями (просьба о помощи в связи с вызовом в суд),"‛Поклон от Дорофея Осипу с братьями. Позаботься обо мне: вызвал [меня в суд] дворянин Федор, Внездов внук. А если что дашь дворянину, я …’",поклонъ т дороѳеѧ к осипу съ братеиею попецалуисѧ мною позвале дворѧнине ѳедоре внездове внуке а чт‐ о даси дворѧнину ѧ пзъвъ‐ …,поклонъ т дороѳеѧ к осипу съ братеиею попецалуисѧ мною позвале дворѧнине ѳедоре внездове внуке а что даси дворѧнину ѧ пзъвъ‐ [UNK],23
357,290,https://gramoty.ru/birchbark/document/show/novgorod/290/,Новгород,1360‒1380 (с вероятным смещением назад или вперёд),1360,1380,1370,14,Грамота №290,Письмо Максима Онцифоровича — От Максима к Гюргию: «Бей челом батьке …»,‛Поклон Максима к Юрию. Бей челом батьке …’,поклоно ѿ маскима ко гюргю беи чело батку …,поклоно ѿ маскима ко гюргю беи чело батку [UNK],9
358,291,https://gramoty.ru/birchbark/document/show/novgorod/291/,Новгород,1280‒1300 (с вероятным смещением назад),1280,1300,1290,13,Грамота №291,Фрагмент («…земля и вода…»),,нашь ----- (на)‐ шѧ зьмлѧ и вода (…),нашь [UNK] нашѧ зьмлѧ и вода [UNK],7
359,292,https://gramoty.ru/birchbark/document/show/novgorod/292/,Новгород,1240‒1260 (с вероятным смещением назад),1240,1260,1250,13,Грамота №292,Заговор на карельском языке,"Божья стрела, 10 имен твоих Стрела сверкни, стрела выстрели Бог суд так производит (правит) {Хелимский 1986}",юмолануолиїнимижи ноулирѣханолиомобоу юмоласоудьнипохови,юмолануолиїнимижи ноулирѣханолиомобоу юмоласоудьнипохови,3
360,293,https://gramoty.ru/birchbark/document/show/novgorod/293/,Новгород,1240‒1260 (с вероятным смещением назад),1240,1260,1250,13,Грамота №293,От попа к Завиду (денежные дела),"‛От попа к Завиду. На двадцать гривен ({букв.:} двадцати гривнам) без гривны двойные проценты ({т. е.} проценты за два срока; {букв.:} двое процентов) [по 7] резан — это 5 гривен и 8 кун. Отдай [эту сумму] Волотковой жене, [а остаток] возьми к себе. А я кланяюсь той гривне серебра ({т. е.} прощаюсь с ней, она для меня пропала)’.",+ ѿ по(п)а къ завидꙋ : дъвѣма десѧтьма гр҃ивь · безъ гривьнѣ · на[м]… рѣзанъ · дъвое · то ти ·е҃· гривьнъ и ·и҃· кꙋнъ · въдаи волотъковѣи … … (в)[ъ]зми за сѧ : и кланѧюсѧ : тои гиривьнѣ серебъра :,ѿ попа къ завидꙋ : дъвѣма десѧтьма гр҃ивь · безъ гривьнѣ · нам [UNK] рѣзанъ · дъвое · то ти ·е҃· гривьнъ и ·и҃· кꙋнъ · въдаи волотъковѣи [UNK] възми за сѧ : и кланѧюсѧ : тои гиривьнѣ серебъра :,48
361,294,https://gramoty.ru/birchbark/document/show/novgorod/294/,Новгород,1240‒1260 (с вероятным смещением назад или вперёд),1240,1260,1250,13,Грамота №294,Фрагмент неопределенного содержания,,… [хоце] · кого а по о…,[UNK] хоце · кого а по о [UNK],8
362,295,https://gramoty.ru/birchbark/document/show/novgorod/295/,Новгород,1220‒1240,1220,1240,1230,13,Грамота №295,Фрагмент письма к сборщикам платежей,"‛… [оставив (?)] «знатьбу» свою и расщепивши с вами жеребей ({здесь:} деревянную палочку с зарубками). [Пошлите же (?) с этим м]ужем обратно расчет (т. е. расчетный документ), в том числе и по прежним деньгам — пятидесяти гривнам ({другой вариант:} по пятидесяти гривнам старыми кунами). В противном случае я посылаю [детского и такая-то сумма] будет погона’.",(…) … з[натьбꙋ свою : и] жер[ебьи] р[ощѣпив]ше [съ] вами : по‐ … … (м)[ꙋ]жьмъ вѣдание опѧть : и о старꙑхъ кꙋнахъ о :н҃: гр҃нъ : пакꙑ ли али [ѧ сл]ю [дѣ]---‐ … … бꙋде · погона :,[UNK] знатьбꙋ свою : и жеребьи рощѣпивше съ вами : по‐ [UNK] мꙋжьмъ вѣдание опѧть : и о старꙑхъ кꙋнахъ о :н҃: гр҃нъ : пакꙑ ли али ѧ слю дѣ [UNK] бꙋде · погона :,41
363,296,https://gramoty.ru/birchbark/document/show/novgorod/296/,Новгород,1180‒1200,1180,1200,1190,12,Грамота №296,О намерении уйти в паломничество,"‛[От … к …] поклон и к брату. Дай, хотя бы и Бога ради (т. е. хотя бы как милостыню), гривен пять [и пришли сюда (?)], прошу тебя, а если есть человек, то с ним. А я хочу [продать (?)] …’ {После разрыва:} ‛Я обеднел (?), [пока сидел] в темнице. [Теперь] иду к святым (т. е. в паломничество). Дай [же мне] также …’",… (покланѧ)ние и къ братѫ а водае и бога дьлѧ съ :е҃: гривь‐ (нъ) … [к]ланѧю ти сѧ а есть мѫжь съ нимь а хоцѫ про‐ … …дьлъ ти есьмь въ погрьбь идоу къ свѧтꙑмъ и вода‐ …,[UNK] покланѧние и къ братѫ а водае и бога дьлѧ съ :е҃: гривьнъ [UNK] кланѧю ти сѧ а есть мѫжь съ нимь а хоцѫ про‐ [UNK] дьлъ ти есьмь въ погрьбь идоу къ свѧтꙑмъ и вода‐ [UNK],42
364,297,https://gramoty.ru/birchbark/document/show/novgorod/297/,Новгород,1420‒1430,1420,1430,1425,15,Грамота №297,От Сергия и его братьев к Михаилу Юрьевичу (о краже ржи),"‛Челобитье от Сергия и его братьев из Рагуйлова господину Михайле Юрьевичу. Стог ржи, господин, твой четвертной воры раскрали, овинов на пять, свезли весь …’",целобитьѥ ѿ сергиꙗ з братьѥи изъ рагуилова гн҃у михаили юрьѥ‐ вицу стогъ гн҃е твои · ржанꙑи ц‐ етверетьнъи тати покрали ѡвиновъ · пѧть свезли въ[х]ъ и …,целобитьѥ ѿ сергиꙗ з братьѥи изъ рагуилова гн҃у михаили юрьѥвицу стогъ гн҃е твои · ржанꙑи цетверетьнъи тати покрали ѡвиновъ · пѧть свезли въхъ и [UNK],29
365,298,https://gramoty.ru/birchbark/document/show/novgorod/298/,Новгород,1430‒1450,1430,1450,1440,15,Грамота №298,Список вызываемых свидетелей,"‛Костка Лукина, Ефремова внука; Купра Иванова, Онишкова внука; Купра Фомина; Игнатия Юрьева’.",ко҃стка сна · лу҃кина · ѡф҃рѣмова · сн҃а · ку‐ пра · ив҃анова · сн҃а ѡн҃ишкьва · ку҃пра · фо҃мина · сн҃а · иг҃нат‐ ъ·ꙗ юрьѥва сн҃(а),ко҃стка сна · лу҃кина · ѡф҃рѣмова · сн҃а · купра · ив҃анова · сн҃а ѡн҃ишкьва · ку҃пра · фо҃мина · сн҃а · иг҃натъ·ꙗ юрьѥва сн҃а,55
366,299,https://gramoty.ru/birchbark/document/show/novgorod/299/,Новгород,1430‒1450,1430,1450,1440,15,Грамота №299,Фрагмент долгового списка,,а оу гриска смина жри оу са… (рж)‐ и оу михали оу шила ѡсм[ин](а) … (рж)‐ и оу лѧгаца смина ржи и оу н… смина ржи оу феф[ана] … (см)‐ ина ржи оу фефилата смна в[ъс]а оу в… … да полъ смин[и] жита,а оу гриска смина жри оу са [UNK] ржи оу михали оу шила ѡсмина [UNK] ржи оу лѧгаца смина ржи и оу н [UNK] смина ржи оу фефана [UNK] смина ржи оу фефилата смна въса оу в [UNK] да полъ смини жита,49
367,300,https://gramoty.ru/birchbark/document/show/novgorod/300/,Новгород,1420‒1430,1420,1430,1425,15,Грамота №300,От Тереха и Тимошки к Михаилу Юрьевичу (о переезде в другой дом),"‛[Челобитье] господину Михаилу Юрьевичу от Тереха и от Тимошки. Терех въезжал (переезжал) в …химов дом, а Тимошка в Терехов …’",-----иѣ [·] гн҃у · михаи‐ (лу ·) [ю]рь·евицю · ѿ теро‐ ха (·) и ѿ тимощѣ · и теро‐ хъ · возилесь · бꙑле · в --[х]имовѣ [·] хоромѣ · а (ти)мошка · въ терохо‐ (вѣ) … (…),[UNK] иѣ · гн҃у · михаилу · юрь·евицю · ѿ тероха · и ѿ тимощѣ · и терохъ · возилесь · бꙑле · в [UNK] химовѣ · хоромѣ · а тимошка · въ тероховѣ [UNK],39
368,301,https://gramoty.ru/birchbark/document/show/novgorod/301/,Новгород,1420‒1430 (с вероятным смещением вперёд),1420,1430,1425,15,Грамота №301,От «парубка» Кли к сыну посадничьему Михаилу Юрьевичу (просьба об уменьшении податей),"‛Господину Михаилу Юрьевичу, сыну посадничьему, слуга твой Кля бьет челом. Чем, господин, пожалуешь [свою] волость (или: [свои] волости)? Половина пуста, а кто остался, те хотят, чтобы их пожаловали, хотят, господин, чтобы их пожаловали — подати убавили. А тебе, своему господину, челом бьют’.",сподиню михаилу юрьвицу синю посадницу паробокъ твои клѧ · цоло биѥ како сподине по‐ жалуѥши волости половинѧ пуста и которъ сталисѧ · и ти хотѧ жалуби хотѧ сподине жалоби цо би сподине подати оубавити а тоби своѥму сподиню цоломи бию,сподиню михаилу юрьвицу синю посадницу паробокъ твои клѧ · цоло биѥ како сподине пожалуѥши волости половинѧ пуста и которъ сталисѧ · и ти хотѧ жалуби хотѧ сподине жалоби цо би сподине подати оубавити а тоби своѥму сподиню цоломи бию,47
369,302,https://gramoty.ru/birchbark/document/show/novgorod/302/,Новгород,1420‒1430 (с вероятным смещением вперёд),1420,1430,1425,15,Грамота №302,Просьба не допустить выдачи бессудной грамоты (с упоминанием посадника Якова Федоровича),"‛… господин, за посадником Яковом [Федоро]вичем. Как, господин, позаботишься о моей голове, чтобы на меня не появилась (т. е. не была составлена) бессудная грамота? А я тебе, своему господину, низко об этом [челом бью]’.",… (ꙩсподи)‐ не [·] за ѧковомꙑ (·) за по[сад](никомъ · за) -----(-)‐ вичомꙑ како · ꙩсподи · попечалуѥшь · ꙩ м[о](ѥи) голови · чо бꙑ сѧ · на менѧ · не родила · грамота · бе‐ суднаѧ · а ѧзъ · тобѣ · своѥму · ꙩсподину · много · ѻ томъ (челомъ · бью),[UNK] ꙩсподине · за ѧковомꙑ · за посадникомъ · за [UNK] вичомꙑ како · ꙩсподи · попечалуѥшь · ꙩ моѥи голови · чо бꙑ сѧ · на менѧ · не родила · грамота · бесуднаѧ · а ѧзъ · тобѣ · своѥму · ꙩсподину · много · ѻ томъ челомъ · бью,52
370,303,https://gramoty.ru/birchbark/document/show/novgorod/303/,Новгород,1420‒1430 (с вероятным смещением вперёд),1420,1430,1425,15,Грамота №303,От Ондреяна Михайловича к Пучне,,приказъ ѿ ꙩ̈ндрѣꙗна михаїлович · к пуцнѣ здѣсе ми билъ че[ломъ] -- …,приказъ ѿ ꙩ̈ндрѣꙗна михаїлович · к пуцнѣ здѣсе ми билъ челомъ [UNK],14
371,304,https://gramoty.ru/birchbark/document/show/novgorod/304/,Новгород,1420‒1430 (с вероятным смещением вперёд),1420,1430,1425,15,Грамота №304,Фрагмент письма к господам,"‛… теперь, господа, как думаете [поступить]? На Бога надежда да на вашу силу (т. е. на вас)’.",… [нꙑнѣ]ца ѡспо‐ (до к)[а]к[о] пом[ꙑш](лѧ)[е]те в бозѣ · гадка да в ва‐ шемо здоровиѣ,[UNK] нꙑнѣца ѡсподо како помꙑшлѧете в бозѣ · гадка да в вашемо здоровиѣ,13
372,305,https://gramoty.ru/birchbark/document/show/novgorod/305/,Новгород,1400‒1410 (с вероятным смещением вперёд),1400,1410,1405,15,Грамота №305,Фрагмент письма к господину (дело о краденом коне),"‛… у меня коня опознали, и я, господин, к коню вызываю ({подразумевается:} того, от кого конь получен), а он (букв.: этот), господин, к коню не едет. А я, господин, из-за того коня… ({возможно:} погиб, пропал). Дай мне Господь свет [Божий] видеть. А я [тебе, своему господину, челом] бью’.",… … у мьнь конѧ познали ӏ [ѧ ѻ](спо)‐ динь коню зову : ӏ : сьӏ ѻсподинь коню нь ѣдь а‐ зъ ѻсподинь в томъ кони по(гибль есм)[ь] : даӏ ми (ѻсп)одь свѣта видить · а т(обѣ своѥму ѻсподин)[у] (челомъ б)ию,[UNK] у мьнь конѧ познали ӏ ѧ ѻсподинь коню зову : ӏ : сьӏ ѻсподинь коню нь ѣдь азъ ѻсподинь в томъ кони погибль есмь : даӏ ми ѻсподь свѣта видить · а тобѣ своѥму ѻсподину челомъ бию,38
373,306,https://gramoty.ru/birchbark/document/show/novgorod/306/,Новгород,1420‒1430 (с вероятным смещением вперёд),1420,1430,1425,15,Грамота №306,Челобитная Михаилу Юрьевичу (фрагмент),,покло(нъ) … (миха)‐ илу · юрьѥвицю · ув… … бабикъ · мене · и д… господину · целом[ъ] · бь…,поклонъ [UNK] михаилу · юрьѥвицю · ув [UNK] бабикъ · мене · и д [UNK] господину · целомъ · бь [UNK],21
374,307,https://gramoty.ru/birchbark/document/show/novgorod/307/,Новгород,1420‒1430 (с вероятным смещением вперёд),1420,1430,1425,15,Грамота №307,"От крестьян-избоищан к Ондреяну Михайловичу, Миките Михайловичу и Настасье, Михайловой жене (о появлении в волости фальшивых повесток и завещаний)","‘Господину Ондреяну Михайловичу, господину Миките Михайловичу, госпоже нашей Настасье, Михайловой жене, бьют челом крестьяне избоищане. Здесь, господа, в вашей волости Городней предъявляются повестки, здесь предъявляются фальшивые повестки, здесь, господа, предъявляются фальшивые завещания. А переписывают повестки и завещания ваш Нетребуй-дьяк и ваш Парфей. А притворяются, мол, «мы [только] запечатывали завещания [но не переписывали]». А крестьяне ваши вам, своим господам, челом бьют’.",ѻсподѣну ꙩнд(рѣѧ)[н]у михаиловицю ꙩспо[д](ѣ)ну микꙑти ми‐ хаилоцю ꙩспож(ѣ н)ашеи настасѣи михаиловѣ женѣ чоломъ бѣю хрѣстьѧнѣ избоищѧнѣ · здѣсе ꙩсподо оу вашеи вълости ѧвлѧютсѧ позовницѣ оу горот[ъ]неи здѣ ѧвлѧтсѧ {п}позовници ложивꙑ‐ и здѣсе ꙩсподо ѧ(влѧютсѧ ру)куписание лживꙑѧ · а · перепѣ{сꙑ}сꙑ‐ сꙑвають вашь нетребуи дѣѧкъ позовници и рукопѣсаниа лживꙑѧ · а · творѧтьсѧ печаталесм{и}ꙑ ва парфѣ рукусани{уе}ѧ а хрѣстьѧну вашь вамъ своеи ꙩсподи чоломъ бѣю,ѻсподѣну ꙩндрѣѧну михаиловицю ꙩсподѣну микꙑти михаилоцю ꙩспожѣ нашеи настасѣи михаиловѣ женѣ чоломъ бѣю хрѣстьѧнѣ избоищѧнѣ · здѣсе ꙩсподо оу вашеи вълости ѧвлѧютсѧ позовницѣ оу горотънеи здѣ ѧвлѧтсѧ позовници ложивꙑи здѣсе ꙩсподо ѧвлѧютсѧ рукуписание лживꙑѧ · а · перепѣсꙑсꙑвають вашь нетребуи дѣѧкъ позовници и рукопѣсаниа лживꙑѧ · а · творѧтьсѧ печаталесмꙑ ва парфѣ рукусаниѧ а хрѣстьѧну вашь вамъ своеи ꙩсподи чоломъ бѣю,61
375,308,https://gramoty.ru/birchbark/document/show/novgorod/308/,Новгород,1410‒1420 (с вероятным смещением вперёд),1410,1420,1415,15,Грамота №308,Фрагмент челобитной Михаилу Юрьевичу от «паробня» Зеновия,,[г]н҃у михаилу юрьѥвичю (бьѥть челомъ) па[р]о[бе]нь твои зѣнов[еи] …,гн҃у михаилу юрьѥвичю бьѥть челомъ паробень твои зѣновеи [UNK],11
376,309,https://gramoty.ru/birchbark/document/show/novgorod/309/,Новгород,1410‒1420 (с вероятным смещением вперёд),1410,1420,1415,15,Грамота №309,"Возможно, ярлычок при челобитной",,а се билъ челомъ ивашь · с симано‐ мъ · ꙩ жеребьцѣ,а се билъ челомъ ивашь · с симаномъ · ꙩ жеребьцѣ,11
377,310,https://gramoty.ru/birchbark/document/show/novgorod/310/,Новгород,1400‒1410 (с вероятным смещением вперёд),1400,1410,1405,15,Грамота №310,Челобитная посаднику Андрею Ивановичу — От ключника Вавулы и от крестьян Захарки и Нестерка к посаднику новгородскому Ондрею Ивановичу (о переходе крестьян на новое место),"‛Челобитье господину посаднику новгородскому Ондрею Ивановичу от твоего ключника Вавулы и от твоих крестьян, каковые крестьяне, Захарка да Нестерко, с Илова пришли жить за тобой (т. е. перешли к тебе), [а прежде] жили за Олексеем Щукой. Теперь, господин, Олексей не хочет нам давать ржи. Как ты, господин, о нас, своих крестьянах, позаботишься? Надеемся, господин, на Бога и на тебя, своего господина’.",цълобитиѥ · ѡсподину посаднику но·вгороцкому · ѡнедрию · ивановицю ѿ твъѥ·гъ клюцника ѿ ва‐ вулꙑ и · ѿ твоихъ хрестиѧно которꙑѥ хрестиѧни · с ꙑлова пришли за тебѧ захарка · да нестерке жи‐ ли за ѡлексеѥ · за щукою · ноне ѡсподине ѡлекси·и не хоце намъ ржꙑ дати како сѧ ѡсподине нами своими хрестиѧнꙑ попецѧлишсе на·де·ѥмсѧ ѡсподине · на бога · и на тебѧ на сво·ѥго ѡсподна,цълобитиѥ · ѡсподину посаднику но·вгороцкому · ѡнедрию · ивановицю ѿ твъѥ·гъ клюцника ѿ вавулꙑ и · ѿ твоихъ хрестиѧно которꙑѥ хрестиѧни · с ꙑлова пришли за тебѧ захарка · да нестерке жили за ѡлексеѥ · за щукою · ноне ѡсподине ѡлекси·и не хоце намъ ржꙑ дати како сѧ ѡсподине нами своими хрестиѧнꙑ попецѧлишсе на·де·ѥмсѧ ѡсподине · на бога · и на тебѧ на сво·ѥго ѡсподна,77
378,311,https://gramoty.ru/birchbark/document/show/novgorod/311/,Новгород,1400‒1410,1400,1410,1405,15,Грамота №311,От крестьян-черенщан к Михаилу Юрьевичу (протест против передачи деревеньки Климцу Опарину),"‛Господину своему Михаилу Юрьевичу крестьяне твои черенщане (жители села Черенское) бьют челом. Ты отдал деревеньку Климцу Опарину, а мы его не хотим: не соседний человек. Волен Бог да ты’.",[гн҃у с]воѥм·у · миха·илу · юреѥ·ви·‐ [ч]у [хрест]ѧ·ни · твоі [·] череншани чело · бию·те што ѥси ѡдода · дереве‐ неку · климецу ѡпарину а мꙑ ѥго не хът‐ имо ⁞ не сусѣднеи [·] человѣко · волено б҃ъ де і тꙑ,гн҃у своѥм·у · миха·илу · юреѥ·ви·‐ чу хрестѧ·ни · твоі · череншани чело · бию·те што ѥси ѡдода · деревенеку · климецу ѡпарину а мꙑ ѥго не хътимо ⁞ не сусѣднеи · человѣко · волено б҃ъ де і тꙑ,61
379,312,https://gramoty.ru/birchbark/document/show/novgorod/312/,Новгород,1410‒1420,1410,1420,1415,15,Грамота №312,Фрагмент сообщения,"‛Мы должны сообщить лишь вот что. Пр[ислал такой-то к Онкефу (?):] Поезжай, Онанья-староста (?) тебя вызывает …’. {После разрыва:} ‛… а Онкеф, господин, [в действительности] не служил провожатым …’",тол{к}ко · за · нами · словъ · пр… поѣдъ · ѻнаньꙗ · тебе · зове ста… и ѻнкѣф[ъ] гн҃е не вожевалъ · ꙗ…,толко · за · нами · словъ · пр [UNK] поѣдъ · ѻнаньꙗ · тебе · зове ста [UNK] и ѻнкѣфъ гн҃е не вожевалъ · ꙗ [UNK],29
380,313,https://gramoty.ru/birchbark/document/show/novgorod/313/,Новгород,1410‒1420,1410,1420,1415,15,Грамота №313,Челобитная Михаилу Юрьевичу (фрагмент),,гн҃у михаӏ·лу юрьѥвичю · челомь бьють · хт҃ьꙗни [твои] · смердꙑньскиӏ : здѣсе · гн҃е у насъ · глѣбъ · не по‐ … … [ст҃](м)[у] ------ъ нѣ чимъ и …,гн҃у михаӏ·лу юрьѥвичю · челомь бьють · хт҃ьꙗни твои · смердꙑньскиӏ : здѣсе · гн҃е у насъ · глѣбъ · не по‐ [UNK] ст҃му [UNK] ъ нѣ чимъ и [UNK],41
381,314,https://gramoty.ru/birchbark/document/show/novgorod/314/,Новгород,1380‒1400,1380,1400,1390,14,Грамота №314,От Олоферья к Олександру (о согнанном со своего участка Микифоре),"‛Челобитье от Олоферия Олександру. Ты велел Микифора согнать. [А] я слышал от людей, что Микифорко хочет у тебя проситься на Лунину. А на Лунине [сидит] хороший человек. А бродяге не [доверяй]’.",(че)лобѣтьѥ ѿ ѡлоферьѧ · къ ѡлендру · велѣлъ ѥсѣ · ѥго мѣкѣфора · съгнатѣ ---- чюлъ · ѥсмь · ѿ людь·ӏ · мѣкѣфорко · хъцьть · оу тьбе · прошатѣ‐ сѧ · на лунѣну · а на лунѣнѣ · человѣкъ · добръ · а {с}сбродну · -- (вѣрꙑ) не · ӏ·мѣ,челобѣтьѥ ѿ ѡлоферьѧ · къ ѡлендру · велѣлъ ѥсѣ · ѥго мѣкѣфора · съгнатѣ [UNK] чюлъ · ѥсмь · ѿ людь·ӏ · мѣкѣфорко · хъцьть · оу тьбе · прошатѣсѧ · на лунѣну · а на лунѣнѣ · человѣкъ · добръ · а сбродну · [UNK] вѣрꙑ не · ӏ·мѣ,56
382,315,https://gramoty.ru/birchbark/document/show/novgorod/315/,Новгород,1380‒1400,1380,1400,1390,14,Грамота №315,Фрагмент с упоминанием Григория,,… [ми]кулѣ грѣгорьѣ [ӏ ко] … …чѧтоѥ …,[UNK] микулѣ грѣгорьѣ ӏ ко [UNK] чѧтоѥ [UNK],8
383,316,https://gramoty.ru/birchbark/document/show/novgorod/316/,Новгород,1360‒1380,1360,1380,1370,14,Грамота №316,Фрагмент деловой записи,,…[м]ѣль[ꙗ](на) … … у рач… … у фла(рѧ) … …ниць …,[UNK] мѣльꙗна [UNK] у рач [UNK] у фларѧ [UNK] ниць [UNK],11
384,317,https://gramoty.ru/birchbark/document/show/novgorod/317/,Новгород,1340‒1360 (с вероятным смещением назад),1340,1360,1350,14,Грамота №317,Фрагмент церковного увещания или проповеди,"‛… слезы проливаются перед Богом. За то гнев Божий на вас мечет, язычники. Так что покайтесь в том беззаконии! А на то дело окаянное немногих попускает; а [вам] бы их хотя бы не стесняться (т. е. хорошо бы, чтобы вы хотя бы не боялись осуждения с их стороны)’.",(…) …[хо сль]зꙑ пролива‐ юстѧ прѣдъ бъмо за то гнѣ бж҃ии на васо меце поганꙑи а нꙑнѣ покаи‐ тесѧ того безакониѧ а на то дѣло ѡканѣное немного поводитъ а тꙑх бꙑ хотѧ и не постꙑдѣтисѧ,[UNK] хо сльзꙑ проливаюстѧ прѣдъ бъмо за то гнѣ бж҃ии на васо меце поганꙑи а нꙑнѣ покаитесѧ того безакониѧ а на то дѣло ѡканѣное немного поводитъ а тꙑх бꙑ хотѧ и не постꙑдѣтисѧ,39
385,318,https://gramoty.ru/birchbark/document/show/novgorod/318/,Новгород,1340‒1360 (с вероятным смещением назад),1340,1360,1350,14,Грамота №318,Купчая Михала на ряд деревень,"‛Вот купил Михал у Василия, великокняжеского сборщика податей, Одреяна-кузнеца и [деревни] Токову, Островну, Ротковичи Кодрача и Ведрово. Дал [Михал] два рубля, и три гривны даст Яков. Если же произойдет помеха, то [виновный] заплатит Михалу [и] брату его деньги вдвойне’.",се купило михало у кн҃зѧ вели‐ кого бороце у василиѧ ꙩдреѧна кузнецѧ и токову и ꙩстровну и ротковици кодрацѧ и ведрово да в҃ рублѧ и г҃ гринꙑ дасте ѧковъ атно се замѣшете миха‐ лу брату ѥг дасте сере‐ бро двоѥ,се купило михало у кн҃зѧ великого бороце у василиѧ ꙩдреѧна кузнецѧ и токову и ꙩстровну и ротковици кодрацѧ и ведрово да в҃ рублѧ и г҃ гринꙑ дасте ѧковъ атно се замѣшете михалу брату ѥг дасте серебро двоѥ,41
386,319,https://gramoty.ru/birchbark/document/show/novgorod/319/,Новгород,1300‒1320,1300,1320,1310,14,Грамота №319,Ярлычок («Попа Ивана»),,ѥва·нове : по·по·ве,ѥва·нове : по·по·ве,9
387,321,https://gramoty.ru/birchbark/document/show/novgorod/321/,Новгород,1340‒1360 (с вероятным смещением назад),1340,1360,1350,14,Грамота №321,Фрагмент письма,,… прьдальсе къ мни [в] в[и]----(-)[ьце] за---- -[и]‐ гожирь лбиске и та[иша] … [ѧ]зꙑко‐ (…),[UNK] прьдальсе къ мни в ви [UNK] ьце за [UNK] -игожирь лбиске и таиша [UNK] ѧзꙑко‐ [UNK],19
388,322,https://gramoty.ru/birchbark/document/show/novgorod/322/,Новгород,1300‒1320 (с вероятным смещением назад),1300,1320,1310,14,Грамота №322,Фрагмент списка крестьянских повинностей,"‛... пятисот кадей (или: пятистам кадям) без пяти...’ {Последующее а оу пьти ... может значить} ‛а у пяти ...’; {но скорее это начало записи типа} ‛а у Пятинича’, ‛а у пятинцев’ {и т. п. В последней строке:} ‛А росписи (разверстки) нет ни для денег, ни для зерна’.",…тоу и на … безо пѧти д[ежь] пѧти сотъ · а оу пѧти …[въ] · бела а жеребеꙗ нетоу ть ни коунамъ ни вершӏ,[UNK] тоу и на [UNK] безо пѧти дежь пѧти сотъ · а оу пѧти [UNK] въ · бела а жеребеꙗ нетоу ть ни коунамъ ни вершӏ,26
389,324,https://gramoty.ru/birchbark/document/show/novgorod/324/,Новгород,1320‒1340 (с вероятным смещением назад),1320,1340,1330,14,Грамота №324,Фрагмент с упоминанием Княжострова,,…до · селу · на кнѧжоꙩсторови · …,[UNK] до · селу · на кнѧжоꙩсторови · [UNK],9
390,325,https://gramoty.ru/birchbark/document/show/novgorod/325/,Новгород,1320‒1340 (с вероятным смещением назад или вперёд),1320,1340,1330,14,Грамота №325,«Ортемий берет недоборный»,"‛Ортемий берет недоборный (вероятно, хлеб)…’",ртими · ене · нѣдоборнои …,ртими · ене · нѣдоборнои [UNK],7
391,326,https://gramoty.ru/birchbark/document/show/novgorod/326/,Новгород,1320‒1340 (с вероятным смещением назад),1320,1340,1330,14,Грамота №326,Фрагмент долгового списка,,… …‐ во жта оу первѧк… … жта ӏ ·д҃· гр҃внѣ · оу тѣ…,[UNK] ‐ во жта оу первѧк [UNK] жта ӏ ·д҃· гр҃внѣ · оу тѣ [UNK],20
392,328,https://gramoty.ru/birchbark/document/show/novgorod/328/,Новгород,1300‒1320 (с вероятным смещением вперёд),1300,1320,1310,14,Грамота №328,От Евфимьи Передьславе (денежные дела),"‛Поклон от Евфимьи Передьславе. Я … ({возможно}: предложила такому-то за то-то) полтину, а он не взял ({или:} а они не взяли). Тогда я объявила полтину … ({или:} Тогда я сказала: «Полтину …»)’ {продолжения могли быть разнообразными}",поклонъ · ѿ ѥвъѳимеѥ · къ пер[е]деслав[е] ѧз(ъ) … …м[о] по[ло]тиноу · ине · н[е] възѧле : и ѧзъ рекла полтиноу … (…),поклонъ · ѿ ѥвъѳимеѥ · къ передеславе ѧзъ [UNK] мо полотиноу · ине · не възѧле : и ѧзъ рекла полтиноу [UNK],22
393,329,https://gramoty.ru/birchbark/document/show/novgorod/329/,Новгород,1280‒1300 (с вероятным смещением вперёд),1280,1300,1290,13,Грамота №329,"«Господи, помози рабу своему»",,(г҃и по)мози рибꙋ сво(емꙋ),г҃и помози рибꙋ своемꙋ,6
394,330,https://gramoty.ru/birchbark/document/show/novgorod/330/,Новгород,1260‒1280,1260,1280,1270,13,Грамота №330,"Начало азбуки // «Господи, помози рабу своему» // Запись обсценного содержания",,оборот а б в г д,оборот а б в г д,6
395,331,https://gramoty.ru/birchbark/document/show/novgorod/331/,Новгород,1240‒1260 (с вероятным смещением вперёд),1240,1260,1250,13,Грамота №331,Грамота мальчика Онфима: фрагменты литургических текстов,,… го слово пло[щ]… г[и] аще на не азо ги не ѧростию ·,[UNK] го слово площ [UNK] ги аще на не азо ги не ѧростию ·,17
396,332,https://gramoty.ru/birchbark/document/show/novgorod/332/,Новгород,1180‒1200 (с вероятным смещением вперёд),1180,1200,1190,12,Грамота №332,Фрагмент письма с требованием прислать денег и угрозой конфисковать товар // От Кюрьяка к Вышене (указания в связи с возможным походом),"‛… [столько-то] гривен в треть. [Если же] не пришлешь, я, путем конфискации, возмещу убыток (из расчета процентов) в две трети’. ‛От Кюрьяка к Вышене. Если князь пойдет [в поход], пришли шлем, доспехи, щит и копье Ивана Хрушкинича, а Воронца Войка — [такие-то вещи]’ …‛срочно’, ‛немедленно’ …‛[Если же] не пойдет, [то] не присылай’.",(…) …[т]ом[ъ] ------ [п]рис[ъ]… … (гри)вьнъ в[ъ] тр(еть али) нь прис[ъ](леши) а хочѫ в[ꙑ]рѫ[т]и ѫро[ст]‐ [ть]ч[ь] въ дрѫгѫю тр(е)[ть],[UNK] томъ [UNK] присъ [UNK] гривьнъ въ треть али нь присълеши а хочѫ вꙑрѫти ѫросттьчь въ дрѫгѫю треть,18
397,333,https://gramoty.ru/birchbark/document/show/novgorod/333/,Новгород,1220‒1240,1220,1240,1230,13,Грамота №333,Фрагмент с упоминанием Хотена и Несды,,…[оу] хътьна …ъ ньсъдь …ю любо вѣ‐ …ии моеи …[р]и и аѳон- …тоѣ,[UNK] оу хътьна [UNK] ъ ньсъдь [UNK] ю любо вѣ‐ [UNK] ии моеи [UNK] ри и аѳон- [UNK] тоѣ,21
398,334,https://gramoty.ru/birchbark/document/show/novgorod/334/,Новгород,1220‒1240,1220,1240,1230,13,Грамота №334,От Мирослава к Ратмиру (денежные дела),‛От Мирослава к Ратмиру. Я пошлю Федоту три гривны серебра и гривну кун. Возьми у Драча кадь ржи’.,ѿ мирослава · ко ратмироу · вослю · [ѳе]д[о]то[у] три гри‐ вне · серебра · и гривноу · [ко]уно · во[зм]и · оу [дра]ц[ѧ рожи] дежк[оу],ѿ мирослава · ко ратмироу · вослю · ѳедотоу три гривне · серебра · и гривноу · коуно · возми · оу драцѧ рожи дежкоу,25
399,335,https://gramoty.ru/birchbark/document/show/novgorod/335/,Новгород,1160‒1180,1160,1180,1170,12,Грамота №335,Заказ на золотые колтки и шлем,‛… тоже хорошее. Выменяй же мне четыре колтка — из золотых колтков [ценой] по полугривне. А за тобой 12 кун из денег за рабыню; [купи] же на эти деньги шлем … напиши в ответ’.,…‐ нье : добро же : мѣни же ми : кълътъкѣ : цетꙑри : по полоу гривнѣ : кълътъкъ : зо‐ лотꙑхъ : а за тобою :в҃ї: коунѣ : робьихъ : вѣ‐ (вериць : крьни) же : тими : вѣверицами шело‐ (мъ) … …[е] : оп[ѧ]т- : н[ап]и‐ (ши …),[UNK] ‐ нье : добро же : мѣни же ми : кълътъкѣ : цетꙑри : по полоу гривнѣ : кълътъкъ : золотꙑхъ : а за тобою :в҃ї: коунѣ : робьихъ : вѣвериць : крьни же : тими : вѣверицами шеломъ [UNK] е : опѧт- : напиши [UNK],52
400,336,https://gramoty.ru/birchbark/document/show/novgorod/336/,Новгород,1120‒1140 (с вероятным смещением назад),1120,1140,1130,12,Грамота №336,Грамота с упоминанием Рожнета — От Петра к Волчку (о денежных делах),"‛Грамота от Петра к Волчку. Это ты сказал Рожнету, что с Нустуя надлежит взять два сорочка. Не должен ни векши (Нустуй). А потом я у Даньши забрал ({или:} занял) два [и] два сорочка в счет ({или:} под отдачу) пяти сорочков. И взимает с него ({вероятно,} Нустуя) пусть Даньша’.",ѿ петра гр[а](мот)а · къ влъчькови · то еси тꙑ повѣдалъ къ рожънѣтови · на нусту[и] ема‐ ти ·в· срочька · ни векшею не длъжьнъ · а нꙑ‐ не · оу даньши · заѧлъ есмь ·в҃· ·в҃· срочька въ ·е҃·‐ ть · срочькъ · а емли на немь даньша ·,ѿ петра грамота · къ влъчькови · то еси тꙑ повѣдалъ къ рожънѣтови · на нустуи емати ·в· срочька · ни векшею не длъжьнъ · а нꙑне · оу даньши · заѧлъ есмь ·в҃· ·в҃· срочька въ ·е҃·‐ ть · срочькъ · а емли на немь даньша ·,60
401,338,https://gramoty.ru/birchbark/document/show/novgorod/338/,Новгород,1140‒1160 (с вероятным смещением назад),1140,1160,1150,12,Грамота №338,Фрагмент деловой записи,,… [захв]а[т]иле ко[с]ношкове … (соро)‐ слосѧ во :з҃: гр҃вн҃о :[д҃]: гр҃[в](н)- …,[UNK] захватиле косношкове [UNK] сорослосѧ во :з҃: гр҃вн҃о :д҃: гр҃вн- [UNK],24
402,340,https://gramoty.ru/birchbark/document/show/novgorod/340/,Новгород,1360‒1380,1360,1380,1370,14,Грамота №340,Начало письма,,понъ ѡ сте…,понъ ѡ сте [UNK],4
403,342,https://gramoty.ru/birchbark/document/show/novgorod/342/,Новгород,1320‒1340,1320,1340,1330,14,Грамота №342,Цифры натурального ряда,,а҃ : в҃ : г ---: з҃ : и҃ : ѳ҃ : ӏ҃ : к҃ : л҃ : м҃ - : ѯ҃ : о҃ : п҃ : ч : р : с҃ : т҃ : у҃ : ф҃ : х҃ : ѱ҃ : --- в҃ : г҃ : д҃ : е҃ : ꙅ҃ : з҃ : и҃ : ѳ҃ : а в г д [е] ----,а҃ : в҃ : г [UNK] : з҃ : и҃ : ѳ҃ : ӏ҃ : к҃ : л҃ : м҃ - : ѯ҃ : о҃ : п҃ : ч : р : с҃ : т҃ : у҃ : ф҃ : х҃ : ѱ҃ : [UNK] в҃ : г҃ : д҃ : е҃ : ꙅ҃ : з҃ : и҃ : ѳ҃ : а в г д е [UNK],109
404,343,https://gramoty.ru/birchbark/document/show/novgorod/343/,Новгород,1280‒1300,1280,1300,1290,13,Грамота №343,Фрагмент (список свидетелей),,… -- [пос]л[ꙋ]хе : бор[исе : попе :] … [с]паса : петре сомолѧнине : прок[о]ша [во]дин[иц]- (…) …‐ ма [д]омитре милославов[е] ---е · (…),[UNK] послꙋхе : борисе : попе : [UNK] спаса : петре сомолѧнине : прокоша водиниц- [UNK] ‐ ма домитре милославове [UNK] е · [UNK],25
405,344,https://gramoty.ru/birchbark/document/show/novgorod/344/,Новгород,1300‒1320,1300,1320,1310,14,Грамота №344,От Петра к его брату Кузьме (деловое указание),"‛От Петра к Кузьме. Я тебе, брату своему, приказываю ({букв.:} приказал) в отношении тебя так: урядился ли он (Дрочила) с тобой или не урядился, а ты с Дрочилой [всё равно] исполняй [всё] по уговору. А я кланяюсь’.",[ѿо пе]тра ко коузм[е] ꙗзо тобе братоу своѥмоу приказале про себе [так]о оурѧдил[о] ли сѧ со тобою ци ли не оурѧдил[о]сѧ ти тꙑ со дроцилою по сомоло‐ ве прави а ꙗзо сѧ кланею,ѿо петра ко коузме ꙗзо тобе братоу своѥмоу приказале про себе тако оурѧдило ли сѧ со тобою ци ли не оурѧдилосѧ ти тꙑ со дроцилою по сомолове прави а ꙗзо сѧ кланею,32
406,345,https://gramoty.ru/birchbark/document/show/novgorod/345/,Новгород,1340‒1360,1340,1360,1350,14,Грамота №345,Упрек в непослушании и угроза,"‛… А я звал вас в город, но вы моего слова не послушали. А как приедут за вами дворяне, то …’",(…) … а звало ѥсмь васо в городо и вꙑ моѥго слова нь послушали а како приѥду‐ то по васо дворѧнь тако буди т-‐ …,[UNK] а звало ѥсмь васо в городо и вꙑ моѥго слова нь послушали а како приѥдуто по васо дворѧнь тако буди т [UNK],23
407,346,https://gramoty.ru/birchbark/document/show/novgorod/346/,Новгород,1280‒1300,1280,1300,1290,13,Грамота №346,От Микифора к тетке (просьба заставить Ратмира рассчитаться),"‛От Микифора к тетке. Скажи Ратмиру, пусть сочтется со мной. Скажи же … …ич соль взял в Торжке. [А Х-а] не отряжай: плохо исполняет’.",ѿ микиѳора : ко тьтоке молови ра‐ темирꙋ · оти сѧ соцете со моною молови ж[е] … …[и]ч[ь сол]- ѧле во торожеку … (а--------- не на)[р]ѧжѧе лихо деете :,ѿ микиѳора : ко тьтоке молови ратемирꙋ · оти сѧ соцете со моною молови же [UNK] ичь солѧле во торожеку [UNK] а [UNK] не нарѧжѧе лихо деете :,28
408,347,https://gramoty.ru/birchbark/document/show/novgorod/347/,Новгород,1260‒1280,1260,1280,1270,13,Грамота №347,Фрагмент недописанной грамоты с угрозой прислать ябетника,‛…ты меня знаешь! Если же ябе[тник]…’,… [т]ꙑ вьдаеши мьнь ожь ти ѧбе,[UNK] тꙑ вьдаеши мьнь ожь ти ѧбе,7
409,348,https://gramoty.ru/birchbark/document/show/novgorod/348/,Новгород,1260‒1280,1260,1280,1270,13,Грамота №348,Долговой список,"{Грамота содержит список лиц, за которыми числится то или иное количество четвертей (мера объема) зерна — по-видимому, ржи. Скорее всего это реестр крестьянских повинностей.} Названы имена: Илья, Тудор, Милошко, Ратша, Страхон, Мал, Ярыш, Надей, Хоч, Сдилка (?), Селята, В(о)нег, Васька (или Васека), Несул, Терпил, Тешила, Обиден, Дешевко, Станята, Наслав, Иевлева жена (т. е. жена Иева).",ретънихо у илее у тудора :д: цетверти у милошка цетверете у ратше :в: цетверети у страхона цетвете у мала цетвете у ѧрꙑ‐ ша :в: цетверети у надеѧ цетвьрте у хоцу у сꙑна его цетверте у содлилке {це}цетверте у сѣлѧте цетверте у вонега цетве‐ рте у васѣке цетверте у несула цетверте у терпиа :в: цетве‐ рти у тешиле цетверте у обидена :в: цетверти у дешевка церте у станѧте цетверте у наслава цетверте у иелее :з: цетверти,ретънихо у илее у тудора :д: цетверти у милошка цетверете у ратше :в: цетверети у страхона цетвете у мала цетвете у ѧрꙑша :в: цетверети у надеѧ цетвьрте у хоцу у сꙑна его цетверте у содлилке цетверте у сѣлѧте цетверте у вонега цетверте у васѣке цетверте у несула цетверте у терпиа :в: цетверти у тешиле цетверте у обидена :в: цетверти у дешевка церте у станѧте цетверте у наслава цетверте у иелее :з: цетверти,84
410,349,https://gramoty.ru/birchbark/document/show/novgorod/349/,Новгород,1260‒1280,1260,1280,1270,13,Грамота №349,Список расходов,‛… «Парома» 18 кун в стену (т. е. в казну [?]). За соль 5 кун и гривна. За рыбу семница. За рыбьи внутренности 5 кун’. {После лакуны:} ‛… 9 гривен без пяти кун’.,(…) … …[с]ѣ порома :и҃·ӏ: коуно во плото на соли :е· коуно и гривна · на рꙑбахо семница на церевахо :е: коуно к‐ … … …[жике] :ѳ: гривоно · бе :е: коуно,[UNK] сѣ порома :и҃·ӏ: коуно во плото на соли :е· коуно и гривна · на рꙑбахо семница на церевахо :е: коуно к‐ [UNK] жике :ѳ: гривоно · бе :е: коуно,44
411,350,https://gramoty.ru/birchbark/document/show/novgorod/350/,Новгород,1240‒1260,1240,1260,1250,13,Грамота №350,"От Степана и от матери к Полюду: «Пришли ржи, продавши коня»","‛От Степана и от матери к Полюду. Пришли ржи, продавши коня’.",ѿ стьпана и о[т] матьри ко полюдоу восоли рожи конь про‐ даво,ѿ стьпана и от матьри ко полюдоу восоли рожи конь продаво,11
412,351,https://gramoty.ru/birchbark/document/show/novgorod/351/,Новгород,1260‒1280,1260,1280,1270,13,Грамота №351,"Сообщение Степану о том, что весь товар цел","‛… Душила (?) и Белына живы-здоровы, и товар весь цел, не беспокойся, Степан, …’",--- дꙋшила и бьлꙑна сто‐ (ро)вь добрь · и товарь вохь · кьль бес пецали бꙋди степан[ь] · [землѧ] … (…),[UNK] дꙋшила и бьлꙑна сторовь добрь · и товарь вохь · кьль бес пецали бꙋди степань · землѧ [UNK],19
413,352,https://gramoty.ru/birchbark/document/show/novgorod/352/,Новгород,1420‒1430,1420,1430,1425,15,Грамота №352,Письмо сыну посадника Александра Игнатьевича и управляющему Мосюку (о ходе обмолота),"‛[Господину] … Олександровичу, сыну посадничьему, слуги твои, господин, [челом бьют] и Мосюку. Хлеб, господин, который ты велел [молотить по пустошам], тот хлеб, господин, крестьяне перемолотили, а … [возможно, Мосюка], господин, не слушали. А что касается остатков [которые остались], то мы их, господин, молотим и сыплем, господин, в житницу [до поры]. Хлеба, господин, перемолотили крестьяне…’",… (ѻлекс)[а]ндровичю сну посадничю · слуги твоӏ гн҃е … мосюку што ѥси · гн҃е хлѣбо велѣло … (пу)стошомо · ӏно тото хлѣбо гн҃е · крѣстьꙗне перемо‐ (лотили) … гн҃е · не слушали · а которꙑѥ · гн҃е · ѻ̈стат‐ (ки) … [и м]ꙑ тꙑ гн҃е · молотимо · да сꙑплемо · гн҃е · в жꙑ‐ (тницу) … …[р]ꙑ [хл]ѣб[а] · гн҃е · перемолотили · кретеꙗне · …,[UNK] ѻлександровичю сну посадничю · слуги твоӏ гн҃е [UNK] мосюку што ѥси · гн҃е хлѣбо велѣло [UNK] пустошомо · ӏно тото хлѣбо гн҃е · крѣстьꙗне перемолотили [UNK] гн҃е · не слушали · а которꙑѥ · гн҃е · ѻ̈статки [UNK] и мꙑ тꙑ гн҃е · молотимо · да сꙑплемо · гн҃е · в жꙑтницу [UNK] рꙑ хлѣба · гн҃е · перемолотили · кретеꙗне · [UNK],84
414,353,https://gramoty.ru/birchbark/document/show/novgorod/353/,Новгород,1380‒1400,1380,1400,1390,14,Грамота №353,Просьба дать вдовьим детям коней и семена,"‛… у вдовьих детей на тех сохах (земельных участках) семян нету ни кади. [Если] теперь дашь коней и семена, [вспахана будет земля] …’",…‐ н[ꙑ] нѣту · у вдовкинꙑ·хъ дѣтѣӏ на тꙑхъ · сохахъ · сѣмѧнъ нѣту ни дѣжѣ ӏ нонѣ дашь · кони ӏ · ӏ сѣмѧна · п[од]н[ѧ]т[а] бу[д]е [зе]м[лѧ] (…),[UNK] ‐ нꙑ нѣту · у вдовкинꙑ·хъ дѣтѣӏ на тꙑхъ · сохахъ · сѣмѧнъ нѣту ни дѣжѣ ӏ нонѣ дашь · кони ӏ · ӏ сѣмѧна · поднѧта буде землѧ [UNK],33
415,354,https://gramoty.ru/birchbark/document/show/novgorod/354/,Новгород,1340‒1360,1340,1360,1350,14,Грамота №354,Письмо посадника Онцифора Лукинича — От Онсифора к матери (хозяйственные распоряжения),"‛Челобитье госпоже матери от Онсифора. Вели Нестеру собрать рубль да идти к Юрию-складнику. Проси его (Юрия), чтобы купил коня. Да иди с Обросием к Степану, взявши [мою] долю. Если он (Степан) [согласится] взять рубль [за коня], купи и другого коня. Да проси у Юрия полтину и купи с Обросием соли. А если мешков и денег он не добудет до поездки, то пошли их сюда с Нестером. Да [еще] пошли два тагана, коракулю, клейма, полсти, веретища, мешки и медвежью шкуру. Вели попросить у Максима-ключника пшенки (?), и деду поклонись, чтобы ехал в Юрьев монастырь попросить пшенки (?); а здесь [ее достать] нечего и надеяться’.",челомъ битиѥ к огж҃и мт҃ри ѿ ѻнсифора · вели нестерю · ру‐ бль · скопити · да ити · к июрию · к сукладнику · молисѧ ѥм что бꙑ конь купилъ да иди с обросиемъ к степану жеребии во‐ змѧ · или возметъ рубль · купи и другии конь · да прошаи оу юриѧ · по‐ лтини · да купи соли · с обросиѥмъ · а михи и серебра не добудеть · до пути · пошли с нестеромъ симъ · да пошли ·в҃· кози корѧкулю пѧтенъ полъсти · веретища михи и медвидно · вели оу максима оу ключни‐ ка пшенки попрошати ·.· и диду молисѧ что бꙑ ихалъ в июриѥвъ · монастиръ пшенки по‐ прошалъ · а сдисе не надиисѧ ·,челомъ битиѥ к огж҃и мт҃ри ѿ ѻнсифора · вели нестерю · рубль · скопити · да ити · к июрию · к сукладнику · молисѧ ѥм что бꙑ конь купилъ да иди с обросиемъ к степану жеребии возмѧ · или возметъ рубль · купи и другии конь · да прошаи оу юриѧ · полтини · да купи соли · с обросиѥмъ · а михи и серебра не добудеть · до пути · пошли с нестеромъ симъ · да пошли ·в҃· кози корѧкулю пѧтенъ полъсти · веретища михи и медвидно · вели оу максима оу ключника пшенки попрошати ·.· и диду молисѧ что бꙑ ихалъ в июриѥвъ · монастиръ пшенки попрошалъ · а сдисе не надиисѧ ·,125
416,355,https://gramoty.ru/birchbark/document/show/novgorod/355/,Новгород,1300‒1320,1300,1320,1310,14,Грамота №355,Долговой список,,на симане · на лисид{н}ци‐ никѣ · гривна · на дорофѣи на кожевникѣ :ꙅ: семенци · на климѧтѣ · на парфѣневе ·г· гривнѣ · на василѣ на …,на симане · на лисидциникѣ · гривна · на дорофѣи на кожевникѣ :ꙅ: семенци · на климѧтѣ · на парфѣневе ·г· гривнѣ · на василѣ на [UNK],31
417,356,https://gramoty.ru/birchbark/document/show/novgorod/356/,Новгород,1360‒1380,1360,1380,1370,14,Грамота №356,Сообщение феодалу о женитьбе на крестьянке из его села,"‛… прокруту (свадебный дар) пришли ({или:} [дав] прокруту, посели [меня[): на твоей ({т. е., по-видимому,} на твоей крестьянке) я женюсь, у тебя сел ({т. е.} в твоей деревне поселился). Воля Божья и твоя’.",… прокроутоу пос[ь]ли · [т]вое[ӏ] ж[ь]н[юсѧ] оу тьбь сьль гж҃ѧ · волѧ · ӏ твоѧ,[UNK] прокроутоу посьли · твоеӏ жьнюсѧ оу тьбь сьль гж҃ѧ · волѧ · ӏ твоѧ,17
418,357,https://gramoty.ru/birchbark/document/show/novgorod/357/,Новгород,1300‒1320,1300,1320,1310,14,Грамота №357,Фрагмент письма от Юрки к Марье,,поклоно ѿто юрки ко мари цто ѥс‐ омо оу тебе свезли на [сл]а[в]…,поклоно ѿто юрки ко мари цто ѥсомо оу тебе свезли на слав [UNK],13
419,358,https://gramoty.ru/birchbark/document/show/novgorod/358/,Новгород,1340‒1360 (с вероятным смещением назад),1340,1360,1350,14,Грамота №358,Письмо посадника Онцифора Лукинича — От Онсифора к матери (хозяйственные распоряжения),"‛Поклон госпоже матери. Я послал тебе с посадничьим Мануйлом 20 бел. А ты, Нестер, про шишак пришли мне грамоту, с кем [его] пошлешь. А приехавши в Торжок, коней корми хорошим сеном. К житнице свой замок приложи. А когда молотят, стой на гумне. А коней пусть кормят овсом при тебе, да в меру. А в клеть ржи [свези (?) да ее] перемерь и овес тоже. И сообщай, кому надобна рожь или овес …’",поклонъ ѡс҃пжи мт҃ри · послалъ ѥсмь с посадницимъ мануиломъ ·к· бѣлъ · к тобѣ · а тꙑ нестере про чицѧкъ пришли ко мни грамоту с кимъ будешъ послалъ · а в торжокъ приихавъ · кони корми добрꙑ‐ мъ синомъ · к житници свои замокъ приложи · а на гумни стои коли молотѧть · а кони корми ѡвсомъ при [соби] а в ми[ру] а в [кл](и)т[ь р]жи [с]----------- [п]еремиръ и ѡвесъ тако же · а сказꙑваи кому надоби рож ли · или ѡ‐ (весъ) …,поклонъ ѡс҃пжи мт҃ри · послалъ ѥсмь с посадницимъ мануиломъ ·к· бѣлъ · к тобѣ · а тꙑ нестере про чицѧкъ пришли ко мни грамоту с кимъ будешъ послалъ · а в торжокъ приихавъ · кони корми добрꙑмъ синомъ · к житници свои замокъ приложи · а на гумни стои коли молотѧть · а кони корми ѡвсомъ при соби а в миру а в клить ржи с [UNK] перемиръ и ѡвесъ тако же · а сказꙑваи кому надоби рож ли · или ѡвесъ [UNK],89
420,359,https://gramoty.ru/birchbark/document/show/novgorod/359/,Новгород,1400‒1410 (с вероятным смещением назад),1400,1410,1405,15,Грамота №359,От Парфения к игумену (сообщение о самоуправстве Василька),"‛Поклон от Парфения игумену. Господин, как я порядился, так и живу. А Василько село разоряет, вежу свез, три двери свез. А что касается [жителей] села, то он всем [им] грозится вызвать [их на суд] в Ладогу. Господин, позаботься обо всем этом’.",покло ѿ парфѣниѧ к угумѧну ꙩсподи‐ не како ѥсьмъ порѧдилесе тако и живу а василке село пустоши вежу свезле двѣ‐ рѣ ·г· свезле а село а на вхꙑхъ се грозить‐ це у ладогу звати ѡсподине ꙩ всѣмъ то‐ мо понаболисе,покло ѿ парфѣниѧ к угумѧну ꙩсподине како ѥсьмъ порѧдилесе тако и живу а василке село пустоши вежу свезле двѣрѣ ·г· свезле а село а на вхꙑхъ се грозитьце у ладогу звати ѡсподине ꙩ всѣмъ томо понаболисе,38
421,361,https://gramoty.ru/birchbark/document/show/novgorod/361/,Новгород,1380‒1400 (с вероятным смещением вперёд),1380,1400,1390,14,Грамота №361,Челобитная от шижнян и братиловичей к Якову,"‛Поклон от шижнян и от братиловичей господину Якову. Поезжай, господин, за своим хлебом, чтобы, господин, не гнил. А мы, господин, теперь погибли (разорены): хлеб померз, сеять, господин, нечего, и есть тоже нечего. Вы, господин, между собой никак не договоритесь, а мы между вами погибли’.",поклонъ ѿ шижнѧнъ и ѿ братиловиць гн҃у ꙗкову поѥди гн҃е по свою верешь дать гн҃е не гнеѥ̈ а нꙑнеца ѥсме гн҃е погибли верешь позѧбла сѣꙗ̈ти гн҃е не чего ӓ ѥ̈‐ сти тако же не чего вꙑ гн҃е промежю собо‐ ю исправꙑ не учините а мъ промежю ва‐ ми поги‐ бли,поклонъ ѿ шижнѧнъ и ѿ братиловиць гн҃у ꙗкову поѥди гн҃е по свою верешь дать гн҃е не гнеѥ̈ а нꙑнеца ѥсме гн҃е погибли верешь позѧбла сѣꙗ̈ти гн҃е не чего ӓ ѥ̈‐ сти тако же не чего вꙑ гн҃е промежю собою исправꙑ не учините а мъ промежю вами погибли,65
422,362,https://gramoty.ru/birchbark/document/show/novgorod/362/,Новгород,1380‒1400 (с вероятным смещением вперёд),1380,1400,1390,14,Грамота №362,От Ондрика к Юрию Онцифоровичу (сообщение о посылке тысячи сущика),‛Господину Юрию Онцифоровичу Ондрик бьет челом. Я послал тысячу сущика (мелкой сушеной рыбы) своим господам …’,ѡсподѣну юрию ѡнцифороцю ѡндрике цоло бѥ послалъ ѥсме тъ[с]ѧцю су[щ]а [ко ѡс](под)‐ и сво[ѥ](и) (…),ѡсподѣну юрию ѡнцифороцю ѡндрике цоло бѥ послалъ ѥсме тъсѧцю суща ко ѡсподи своѥи [UNK],14
423,363,https://gramoty.ru/birchbark/document/show/novgorod/363/,Новгород,1380‒1400,1380,1400,1390,14,Грамота №363,От Семена к невестке (хозяйственные распоряжения),"‛Поклон от Семена невестке моей. Если ты еще не поминала, то [имей в виду:] у тебя солод был. Солод ржаной в подклете. Ты возьми пригоршню (?), а муки сколько нужно, и испеки [пирога] в меру. А мясо на сеннике. А что [касается того, чтобы] дать рубль Игнату, то ты дай’.",поклонъ ѿ смена к невѣстъ‐ кѣ моѥ ажѥ будешь не помина‐ [л]а ино у тебе солоду бꙑло а сол‐ одъ ржанꙑи в потклѣтѣ и тꙑ возми колобью · а мукѣ колко надобь и тꙑ испеки в мѣру а мѧсо на сѣньникѣ а цто рубль дать игнату и тꙑ даи,поклонъ ѿ смена к невѣстъкѣ моѥ ажѥ будешь не поминала ино у тебе солоду бꙑло а солодъ ржанꙑи в потклѣтѣ и тꙑ возми колобью · а мукѣ колко надобь и тꙑ испеки в мѣру а мѧсо на сѣньникѣ а цто рубль дать игнату и тꙑ даи,46
424,364,https://gramoty.ru/birchbark/document/show/novgorod/364/,Новгород,1380‒1400 (с вероятным смещением назад),1380,1400,1390,14,Грамота №364,От Семена Чиха к Сидору (просьба продать ржи),"‛Поклон от Семена Чиха Сидору. Когда будешь продавать, дай нам ржи на полтину — как людям станешь давать (т. е. на тех же условиях). А грамота к тебе с моим слугой’.",поклонъ{н} ѿ смена ѿ циха к сидору какъ имешь продавать и тꙑ даи намъ ржи на полти‐ ну какъ людомъ поц‐ нешь давать а гра‐ мота к тобѣ с моимъ дѣтиною ·,поклонъ ѿ смена ѿ циха к сидору какъ имешь продавать и тꙑ даи намъ ржи на полтину какъ людомъ поцнешь давать а грамота к тобѣ с моимъ дѣтиною ·,29
425,365,https://gramoty.ru/birchbark/document/show/novgorod/365/,Новгород,1360‒1380 (с вероятным смещением назад),1360,1380,1370,14,Грамота №365,Фрагмент с упоминанием Обдорской земли,‛… да пришли сюда с Обдоры … {возможно:} сочтемся …’,… да пришли сѣмъ с [ъ]бдор[и] … …‐ ѥмъ съ[ц]тьмъ(сѧ) … по[ло] …,[UNK] да пришли сѣмъ с ъбдори [UNK] ‐ ѥмъ съцтьмъсѧ [UNK] поло [UNK],13
426,366,https://gramoty.ru/birchbark/document/show/novgorod/366/,Новгород,1360‒1380 (с вероятным смещением назад),1360,1380,1370,14,Грамота №366,Документ о расчете Якова с Гюргием и Харитоном по бессудной грамоте,"‛Вот расчелся Яков с Гюргием и с Харитоном по бессудной грамоте, которую Гюргий взял [в суде] по поводу вытоптанной при езде пшеницы, а Харитон по поводу своих убытков. Взял Гюргий за все то рубль и три гривны и коробью пшеницы, а Харитон взял десять локтей сукна и гривну. А больше нет дела Гюргию и Харитону до Якова, ни Якову до Гюргия и Харитона. А на то свидетели Давыд, Лукин сын, и Степан Тайшин’.",сь урѧдѣсѧ · ѧковь съ гюрь‐ гьмо · и съ харѣтономъ по бьсудьнои грамотѣ цто бꙑлъ возѧлъ гюрьгѣ грамоту в ꙑзьѣжьнои пьшьнѣцѣ а ха‐ рѣтоно во проторѣхо своѣхъ и возѧ гюрьгѣ за вьсь то рубьль и трѣ грѣвонꙑ и коробью пьшь‐ нѣцѣ · а харѣтонъ возѧ · дьсѧть локотъ сукона и грѣвону · а боль нь надобѣ гюрьгю нѣ харѣтону до ѧкова нѣ ѧкову до гюрьгѧ нѣ до харитона · а на то рѧдьцѣ и послусѣ давꙑдъ лукѣнъ сꙑнъ сьтьпанъ таишѣнъ,сь урѧдѣсѧ · ѧковь съ гюрьгьмо · и съ харѣтономъ по бьсудьнои грамотѣ цто бꙑлъ возѧлъ гюрьгѣ грамоту в ꙑзьѣжьнои пьшьнѣцѣ а харѣтоно во проторѣхо своѣхъ и возѧ гюрьгѣ за вьсь то рубьль и трѣ грѣвонꙑ и коробью пьшьнѣцѣ · а харѣтонъ возѧ · дьсѧть локотъ сукона и грѣвону · а боль нь надобѣ гюрьгю нѣ харѣтону до ѧкова нѣ ѧкову до гюрьгѧ нѣ до харитона · а на то рѧдьцѣ и послусѣ давꙑдъ лукѣнъ сꙑнъ сьтьпанъ таишѣнъ,78
427,367,https://gramoty.ru/birchbark/document/show/novgorod/367/,Новгород,1380‒1400,1380,1400,1390,14,Грамота №367,Фрагмент с упоминанием опознавательного знака,,… посули а знамѧцко … [со оу]имꙑ [а] н[а]мъ [с]ап(ог)- …,[UNK] посули а знамѧцко [UNK] со оуимꙑ а намъ сапог- [UNK],12
428,368,https://gramoty.ru/birchbark/document/show/novgorod/368/,Новгород,1360‒1380 (с вероятным смещением вперёд),1360,1380,1370,14,Грамота №368,Фрагмент официального документа,,се бл҃гви · попе · максим[е] … село · а землѧ тому · селоу · по зарубъ · синофо‐ (нтовъ) … …ньѥму,се бл҃гви · попе · максиме [UNK] село · а землѧ тому · селоу · по зарубъ · синофонтовъ [UNK] ньѥму,23
429,369,https://gramoty.ru/birchbark/document/show/novgorod/369/,Новгород,1360‒1380 (с вероятным смещением вперёд),1360,1380,1370,14,Грамота №369,Фрагмент завещания,,… (св҃)[т]аго дх҃а се ѧзъ рабъ б(ж҃ии) … … (сꙑ)[н]у · своѥму конъдра[т](у) … … бѣлки оу петра в ла[в]… … (с)емена шюбиницѧ з…,[UNK] св҃таго дх҃а се ѧзъ рабъ бж҃ии [UNK] сꙑну · своѥму конъдрату [UNK] бѣлки оу петра в лав [UNK] семена шюбиницѧ з [UNK],29
430,370,https://gramoty.ru/birchbark/document/show/novgorod/370/,Новгород,1360‒1380 (с вероятным смещением назад),1360,1380,1370,14,Грамота №370,«От всех крестьян» к Юрию и Максиму (Онцифоровичам) (жалоба на ключника),"‛Поклон Юрию и Максиму от всех крестьян. Кого ты нам поставил ключником, тот за нас не стоит, разоряет нас штрафами, мы им ограблены. А сиди и не смей от него отъехать! А мы из-за этого погибли (разорены). Если ему предстоит [и дальше] сидеть, нам сидеть силы нет. Дай же нам смирного человека — на том тебе [бьем] челом’.",поклонъ · ко юрью · и к миѯсиму · ѿ всихъ · сиротъ · цто ѥси даль · намъ за клуцка · за насъ · не стоть · насъ · продаѥть · и крадони · ѿ ного · ѥсми · а лежи ни · ѿ ного · не ѿѥзде да · а ми · ѥсми · в томъ · погибли · аже ѥму · будьть · сидить · нам{ам}ъ · сили : ниту · сидити : а да · намъ · смирного : чл҃вка : а на томъ : тобѣ · цоломъ,поклонъ · ко юрью · и к миѯсиму · ѿ всихъ · сиротъ · цто ѥси даль · намъ за клуцка · за насъ · не стоть · насъ · продаѥть · и крадони · ѿ ного · ѥсми · а лежи ни · ѿ ного · не ѿѥзде да · а ми · ѥсми · в томъ · погибли · аже ѥму · будьть · сидить · намъ · сили : ниту · сидити : а да · намъ · смирного : чл҃вка : а на томъ : тобѣ · цоломъ,95
431,372,https://gramoty.ru/birchbark/document/show/novgorod/372/,Новгород,1360‒1380 (с вероятным смещением вперёд),1360,1380,1370,14,Грамота №372,Фрагмент письма к господину,,… [ѻс]подине сино не … а нꙑнеце ѻсподине наб… -[оц]и -- зан[е]ж[е] …,[UNK] ѻсподине сино не [UNK] а нꙑнеце ѻсподине наб [UNK] -оци [UNK] занеже [UNK],15
432,373,https://gramoty.ru/birchbark/document/show/novgorod/373/,Новгород,1410‒1420 (с вероятным смещением вперёд),1410,1420,1415,15,Грамота №373,Фрагмент письма о конфликте,"‛… серебра не дают (или: не даю); а теперь говори [это] тем, кто зна[ки под]­менял (?). А здесь Курила отнял летнюю семгу и деньги [требует (?). А теперь] позаботься о том, как тому …’",… серебра не даю а нине говори тим[ъ] х[то] з[на]-----‐ ини[вал]ъ а здисе коурила мезенъ ѿꙗлъ ӏ куни ------- (а нин)е ꙩ томъ попецалисе како тому би‐ …,[UNK] серебра не даю а нине говори тимъ хто зна [UNK] инивалъ а здисе коурила мезенъ ѿꙗлъ ӏ куни [UNK] а нине ꙩ томъ попецалисе како тому би‐ [UNK],30
433,374,https://gramoty.ru/birchbark/document/show/novgorod/374/,Новгород,1420‒1430,1420,1430,1425,15,Грамота №374,Сообщение о ситуации на таможне и требование решить вопрос о конях,"‛… за них деньги отдашь [в возмещение] убытка (?). Люди предъявляли ({подразумевается:} свой товар на таможне) — свальная пошлина на людей не идет ({т. е., по-видимому,} с них не взимается). Мои кони у тебя, а твой конь у меня. Если же не окажется моих коней у тебя, то ты дай мне рубль’.",(…) … ко[нѧ н]а [них ку]не да‐ ше стора луди елали свале на луди не ӏде моӏ кони оу тебе а твоӏ конь оу мене не буде моӏхь конвь оу тебе ӏ тꙑ даӏ ми рубелъ ------------- [мо]ӏ кони к[о]… (…),[UNK] конѧ на них куне даше стора луди елали свале на луди не ӏде моӏ кони оу тебе а твоӏ конь оу мене не буде моӏхь конвь оу тебе ӏ тꙑ даӏ ми рубелъ [UNK] моӏ кони ко [UNK],39
434,375,https://gramoty.ru/birchbark/document/show/novgorod/375/,Новгород,1360‒1380,1360,1380,1370,14,Грамота №375,Фрагмент (денежные дела),"‛(Я продал …) за два рубля Ивану -спиничу, когда его слуга был (в городе?)’",… нъѥ за два рубѧ иван- …‐ спин[иц](ю ко)[ли б]ы[лъ] па[р](обокъ) …,[UNK] нъѥ за два рубѧ иван- [UNK] ‐ спиницю коли былъ паробокъ [UNK],14
435,376,https://gramoty.ru/birchbark/document/show/novgorod/376/,Новгород,1280‒1300 (с вероятным смещением назад),1280,1300,1290,13,Грамота №376,Надписи при рисунке,,Вверху рисунка а҃ в҃ г҃ д҃ Слева от рисунка [-]к[ѧ][ѧ] нъза[-] [-]ѧѧкꙋ стражь верхом вниз жѧь[ь],Вверху рисунка а҃ в҃ г҃ д҃ Слева от рисункакѧѧ нъза- -ѧѧкꙋ стражь верхом вниз жѧьь,21
436,377,https://gramoty.ru/birchbark/document/show/novgorod/377/,Новгород,1280‒1300 (с вероятным смещением назад),1280,1300,1290,13,Грамота №377,От Микиты к Малании (брачное предложение),"‛От Микиты к Малании. Пойди за меня — я тебя хочу, а ты меня; а на то свидетель Игнат Моисеев …’",ѿ микити к маланӏи поиди за мьне ѧзъ тьбе хоцю а тꙑ мене а на то послоухо игнато мо[исиѥвъ а] во жи[во](т)- … (…),ѿ микити к маланӏи поиди за мьне ѧзъ тьбе хоцю а тꙑ мене а на то послоухо игнато моисиѥвъ а во живот- [UNK],24
437,378,https://gramoty.ru/birchbark/document/show/novgorod/378/,Новгород,1260‒1280 (с вероятным смещением вперёд),1260,1280,1270,13,Грамота №378,Запись имен и прозвищ,"{Версия а)} ‛Смола Сава и Колдун Лазота’; {Версия б)} ‛Сава — смола (= нечто липкое), Лазота — колдун’.",серицѧ сава ведуно лазо[та],серицѧ сава ведуно лазота,4
438,379,https://gramoty.ru/birchbark/document/show/novgorod/379/,Новгород,1160‒1180 (с вероятным смещением вперёд),1160,1180,1170,12,Грамота №379,Фрагмент письма к Тугораду и к Кволине (?),,… (къ) т[ѫ]горадоу и къ [к]волинѣ(-) вꙑправи [м]и [к]ъ(р)ъчѧгоу …и п[р]оудъ о(бь)чь ѫст(р)ои [ц]ин(ю) покланѧние,[UNK] къ тѫгорадоу и къ кволинѣвꙑправи ми къръчѧгоу [UNK] и проудъ обьчь ѫстрои циню покланѧние,15
439,380,https://gramoty.ru/birchbark/document/show/novgorod/380/,Новгород,1140‒1160 (с вероятным смещением назад или вперёд),1140,1160,1150,12,Грамота №380,От Гостяты (?) к Яже,‛От Гостяты (?) к Яже. Собери денег [и храни (?)]; а я приду после Пасхи’.,…остѧтѣ къ ѧжи съкопивъши вѣверъ… …[ъ]жи же ѧз[ъ] ти придоу по великѣ дъ(ни) (… …),[UNK] остѧтѣ къ ѧжи съкопивъши вѣверъ [UNK] ъжи же ѧзъ ти придоу по великѣ дъни [UNK],16
440,381,https://gramoty.ru/birchbark/document/show/novgorod/381/,Новгород,1160‒1180,1160,1180,1170,12,Грамота №381,От Игната к Климяте (просьба купить женскую шубу),‛От Игната к Климяте. Возьми у Душилы Фоминича три с половиной гривны и купи шубу чермничную женскую и [еще] купи …’,ѿ игната къ климѧтѣ възми оу доушилѣ (о)[у ѳ]оминица полъ цетвьртѣ гр҃внѣ и крь‐ (ни ко)[жюхъ] чьрмьницнъ женьс(к)-[и] и крьни …,ѿ игната къ климѧтѣ възми оу доушилѣ оу ѳоминица полъ цетвьртѣ гр҃внѣ и крьни кожюхъ чьрмьницнъ женьски и крьни [UNK],22
441,382,https://gramoty.ru/birchbark/document/show/novgorod/382/,Новгород,1380‒1400,1380,1400,1390,14,Грамота №382,Фрагмент с упоминанием штрафа за увечье,,…[у] (ч)олъвѣка и вѣка … … е[си] (при)е[х]а[л]ъ [в]…,[UNK] у чолъвѣка и вѣка [UNK] еси приехалъ в [UNK],10
442,383,https://gramoty.ru/birchbark/document/show/novgorod/383/,Новгород,1380‒1400,1380,1400,1390,14,Грамота №383,От Романа к Пятелею (распоряжение о выдаче подшлемника),"‛Наказ от Романа Пятелею. Подшлемник, который находится у тебя, — Ондреев подшлемник. Отдай [его] Ондрею’.",приказъ ѿ романа к пѧте‐ лѣю цо прилбица · ꙋ тебе ꙩ‐ ндрѣѥва · прилбица · да‐ ӏ ꙩндрѣю ·,приказъ ѿ романа к пѧтелѣю цо прилбица · ꙋ тебе ꙩндрѣѥва · прилбица · даӏ ꙩндрѣю ·,17
443,384,https://gramoty.ru/birchbark/document/show/novgorod/384/,Новгород,1160‒1180,1160,1180,1170,12,Грамота №384,"От Стойнега к матери (список вещей, отданных Савве)","‛От Стойнега к матери. Вот я дал Савве 5 кун. Вожжи, полотно, две ложки, два ножа, точильный камень. Вожжи льняные (?)’.",ѿъ стъенѣга къ матери то ти есмь дале савѣ :е: кꙋнъ въже трькъвище лъжици :в: ножа :в: брꙋсе : вожѣ оленики ·,ѿъ стъенѣга къ матери то ти есмь дале савѣ :е: кꙋнъ въже трькъвище лъжици :в: ножа :в: брꙋсе : вожѣ оленики ·,28
444,385,https://gramoty.ru/birchbark/document/show/novgorod/385/,Новгород,1360‒1380 (с вероятным смещением назад),1360,1380,1370,14,Грамота №385,К посаднику Онсифору (просьба позаботиться о позовной грамоте),"‛Поклон посаднику Онсифору. Если ты сейчас можешь (если тебе это сейчас удобно), позаботься о позовной грамоте …’",поклоно посаднику онсиѳору ож[е ѥ](си во) пор[и] наболисѧ посзовно грамото‐ (ю) …,поклоно посаднику онсиѳору оже ѥси во пори наболисѧ посзовно грамотою [UNK],11
445,386,https://gramoty.ru/birchbark/document/show/novgorod/386/,Новгород,1360‒1380 (с вероятным смещением назад),1360,1380,1370,14,Грамота №386,Фрагмент письма,,…ь ꙋ тьбѧ [т]о ӏ [г]о… (о)[т]вецꙋ ӏ о земл[е]…,[UNK] ь ꙋ тьбѧ то ӏ го [UNK] отвецꙋ ӏ о земле [UNK],13
446,387,https://gramoty.ru/birchbark/document/show/novgorod/387/,Новгород,1340‒1360 (с вероятным смещением вперёд),1340,1360,1350,14,Грамота №387,Фрагмент документа с упоминанием Остафьи и бесчестья,,Первый фрагмент …оп… Второй фрагмент …кы… Третий фрагмент (о)стаф[ӏ]ѧ па… …мъ · ско… (бе)[щ]ести·е сво[е] … Четвертый фрагмент …ни…,Первый фрагмент [UNK] оп [UNK] Второй фрагмент [UNK] кы [UNK] Третий фрагмент остафӏѧ па [UNK] мъ · ско [UNK] бещести·е свое [UNK] Четвертый фрагмент [UNK] ни [UNK],29
447,388,https://gramoty.ru/birchbark/document/show/novgorod/388/,Новгород,1340‒1360,1340,1360,1350,14,Грамота №388,Перечень имен святых,,…[ъ] ѡ[вьр]к[ӏи и и]рак[ъ] и созо и оула[сӏи],[UNK] ъ ѡвьркӏи и иракъ и созо и оуласӏи,9
448,389,https://gramoty.ru/birchbark/document/show/novgorod/389/,Новгород,1320‒1340,1320,1340,1330,14,Грамота №389,Письмо Луки Варфоломеевича — От Луки к Марфе (о денежных делах),"‛От Луки к Марфе. Что [касается того, что] Олекса Колбинец поручился относительно денег, [а именно, в том], чтобы дать деньги в Петров день, [то] в русалии…’",ѿ лоукꙑ : ко марфи · цто олекса · колбинць · далъ : пороукоу · в коуна‐ хъ : дати бꙑ дати : коунꙑ : на пьтровъ дн҃ь : в [р]оуса[л]ь… (…),ѿ лоукꙑ : ко марфи · цто олекса · колбинць · далъ : пороукоу · в коунахъ : дати бꙑ дати : коунꙑ : на пьтровъ дн҃ь : в роусаль [UNK],33
449,390,https://gramoty.ru/birchbark/document/show/novgorod/390/,Новгород,1280‒1300,1280,1300,1290,13,Грамота №390,Запись о границах земельных владений,"‛Бологже — 2 [земельных] участка. Козельско, Плутцы — 2 участка. В Подгорье плесина — 2 участка. Старое Поле, Заветренье (земли за рекой Ветренкой) по Рыдино — 2 участка. Да бортный лес по Глиной (т. е. ‛гнилой’) ручей и по княжескую дорогу до устья Волмы — 2 участка. А по Глиной ручей Занетечье (земли за Нетцем) и до изгиба [ручья] (?), и за Ивницу — всё мое. А Бориславу другая сторона Нетца по Чертов ручей до его верховья и по Рыдинскую дорогу’. ‛Козельско, плесина Дорогунь (или Дорогуни), Заветренье’.",(№ 390а) бологожь :в: жерьбьѧ : козьлеско : плꙋ:тьць :в: жерьбеѧ : во подогореи : плисина :в: жь‐ ребьѧ : старо поле : завьтьрение : по рꙑдино :в: жеребьѧ : а бороть : по рꙋцьи : по го‐ линое : и по конѧжь : людьщико : до ꙋсть воломи :в: жьрьбеѧ : а по голиное : рꙋцье зань‐ тьцье : и до колина : вохо мое : и за ивьницꙋ : а бориславꙋ : дорꙋгаѧ : соторона : нетьца : по цьрьтово рꙋцьи : и до вьрьховьѧ и по пꙋть рꙑдьньскои (№ 390б - почерк другой) козелеско дорогуне плисина завьтьрьние,№ 390а бологожь :в: жерьбьѧ : козьлеско : плꙋ:тьць :в: жерьбеѧ : во подогореи : плисина :в: жьребьѧ : старо поле : завьтьрение : по рꙑдино :в: жеребьѧ : а бороть : по рꙋцьи : по голиное : и по конѧжь : людьщико : до ꙋсть воломи :в: жьрьбеѧ : а по голиное : рꙋцье заньтьцье : и до колина : вохо мое : и за ивьницꙋ : а бориславꙋ : дорꙋгаѧ : соторона : нетьца : по цьрьтово рꙋцьи : и до вьрьховьѧ и по пꙋть рꙑдьньскои № 390бпочерк другой козелеско дорогуне плисина завьтьрьние,107
450,391,https://gramoty.ru/birchbark/document/show/novgorod/391/,Новгород,1280‒1300,1280,1300,1290,13,Грамота №391,Письмо посадника Варфоломея Юрьевича — От Олфоромея к Доманцу и другим (об устройстве подсеки),"‛От Олфоромея к Доманцу, Лахну, Ивану и Олексе. Вырубайте большую подсеку ({букв.:} рубите много сучьев), а ржи много …’",`+ ѿ олѳоромеѧ к доманцю и ко лахнꙋ и ко еванꙋ и к олее секите сꙋко нмого · а рожи много · … (…),ѿ олѳоромеѧ к доманцю и ко лахнꙋ и ко еванꙋ и к олее секите сꙋко нмого · а рожи много · [UNK],24
451,392,https://gramoty.ru/birchbark/document/show/novgorod/392/,Новгород,1280‒1300,1280,1300,1290,13,Грамота №392,Фрагмент (денежные дела),,оу тешена возѧле ·к҃· гривено … и гривна · из · ногато ·,оу тешена возѧле ·к҃· гривено [UNK] и гривна · из · ногато ·,16
452,393,https://gramoty.ru/birchbark/document/show/novgorod/393/,Новгород,1280‒1300,1280,1300,1290,13,Грамота №393,Фрагмент списка с упоминанием Кузьмы,‛Кузьма дал 70 и своих (или: и из своих) 12 с 20-ью (или: с 20-ти). А что Григорий …’,кузма · далъ ·о҃· и и ·в҃ӏ· своӏхъ · с ·к҃· а что · гри·го‐ …,кузма · далъ ·о҃· и и ·в҃ӏ· своӏхъ · с ·к҃· а что · гри·го‐ [UNK],29
453,394,https://gramoty.ru/birchbark/document/show/novgorod/394/,Новгород,1280‒1300 (с вероятным смещением вперёд),1280,1300,1290,13,Грамота №394,Фрагмент письма,,(…) … [во]з[ов]але : и на… ------еипо---ть проси : бе сорома ид(и) … доеди [д]о сь[л]а : со[бе]р[и св]… (…),[UNK] возовале : и на [UNK] еипо [UNK] ть проси : бе сорома иди [UNK] доеди до сьла : собери св [UNK],22
454,395,https://gramoty.ru/birchbark/document/show/novgorod/395/,Новгород,1260‒1280 (с вероятным смещением вперёд),1260,1280,1270,13,Грамота №395,От Григория к матери (просьба дать 30 гривен),‛Поклон от Григория к матери. Дай 30 гривен и тем (букв.: так) упроси истца по делу о краже [приехать (вернуться)] сюда’.,поклоно ѿ григори ко ма‐ тери ꙋдаи л҃ гринво и та ꙋм[у]ли исца с та[т]бе · сюда,поклоно ѿ григори ко матери ꙋдаи л҃ гринво и та ꙋмули исца с татбе · сюда,17
455,397,https://gramoty.ru/birchbark/document/show/novgorod/397/,Новгород,1180‒1200 (с вероятным смещением вперёд),1180,1200,1190,12,Грамота №397,«Грамота Коснятина»,,къснѧтинѧ грамата,къснѧтинѧ грамата,2
456,398,https://gramoty.ru/birchbark/document/show/novgorod/398/,Новгород,1280‒1300,1280,1300,1290,13,Грамота №398,Фрагмент письма,,(…) …[и] дорогобꙋд[е] … …гꙋ : ож[е] зов[е] … (…),[UNK] и дорогобꙋде [UNK] гꙋ : оже зове [UNK],9
457,400,https://gramoty.ru/birchbark/document/show/novgorod/400/,Новгород,1180‒1200 (с вероятным смещением назад),1180,1200,1190,12,Грамота №400,"Фрагмент коллективного письма от Тугоши, Воюты и Кузьмы к женщине","‛От… Тугоши и от Воюты и от Кузьмы и от… Разве (?) (у тебя что-то) пропало, что ты нас назвала холопами? Нет уж, (?) я тебя не назову …’",(ѿ …) [и ѿ т]оу[г]ош[ѣ и] (ѿ в)[о]ю[т]ꙑ [и ѿ коузь]мꙑ [и ѿ] … … (пог)[ꙑб]ло [оже] нꙑ ѥси холопꙑ нарек[л]а ---оут[и] · [ꙗз]ъ те[б]е не наре[к]…,ѿ [UNK] и ѿ тоугошѣ и ѿ воютꙑ и ѿ коузьмꙑ и ѿ [UNK] погꙑбло оже нꙑ ѥси холопꙑ нарекла [UNK] оути · ꙗзъ тебе не нарек [UNK],28
458,402,https://gramoty.ru/birchbark/document/show/novgorod/402/,Новгород,1410‒1420 (с вероятным смещением назад или вперёд),1410,1420,1415,15,Грамота №402,Фрагмент письма,"‛Поклон от Ива... Отдала бы ты, госпожа, ту женщину за своего же слугу…’",поклонъ ·  [ива]… гж҃е · жонку ту дала за своѥго ж паро‐ (бка) …,поклонъ ·  ива [UNK] гж҃е · жонку ту дала за своѥго ж паробка [UNK],17
459,403,https://gramoty.ru/birchbark/document/show/novgorod/403/,Новгород,1360‒1380 (с вероятным смещением назад или вперёд),1360,1380,1370,14,Грамота №403,Долговой список // Русско-прибалтийско-финский словарик,"‛У Марка коробья (по-видимому, ржи). В Сандалакше у Гымуева брата полторы белы, у Мунданахта две белы, у Пюхтиных (?) коробья. Да в Погии у работника бела’. {Вторая часть — маленький словарик, в котором для русских слов указаны их прибалтийско-финские переводы. Соромо <-мъ>} ‛срам’, ‛стыдно’ — {гулкиѧ (ср. финск. hylkiä ‛брезговать’, ‛гнушаться’). Вѣли <вели>} ‛прикажи’ — {кѧски (ср. финск. и карельск. käske ‛прикажи’). Кисело <-лъ>} ‛кислый’ — {хапала (ср. финск. и карельск. hapan ‛кислый’). Социле} ‛требовал’, ‛взыскивал’ {— кюзу вѣлѣка (или вѣлѣкад, или вѣлѣкадо; ср. финск. kysyi velka ‛требовал долг’; конец отрезка вѣлѣкадониндалы пока еще не получил надежной интерпретации, и словоделение здесь не вполне ясно). Церево} ‛живот’ {— кохти (ср. карельск. kohtu ‛живот’).",у марка коробѣѧ у гꙑмуѥва брата полуторѣ бѣлки в сандалакши у мунданахта :в҃: бѣлѣ у пюхтино коробѣѧ то в погии у наимита бѣ‐ лка,у марка коробѣѧ у гꙑмуѥва брата полуторѣ бѣлки в сандалакши у мунданахта :в҃: бѣлѣ у пюхтино коробѣѧ то в погии у наимита бѣлка,26
460,404,https://gramoty.ru/birchbark/document/show/novgorod/404/,Новгород,1220‒1240,1220,1240,1230,13,Грамота №404,От Михаля к отцу (указания в связи с возможным походом),"‛От Михаля к отцу. Если князь пойдет [в поход], то возьми коня у Федора и седло возьми. А хлебов не шли — здесь дешево’.",ѿ михалѧ к атцеви оже поиде кнѧзе а поими коне оу ѳедора и седло возми а к‐ овриго не сли семо дешево,ѿ михалѧ к атцеви оже поиде кнѧзе а поими коне оу ѳедора и седло возми а ковриго не сли семо дешево,21
461,406,https://gramoty.ru/birchbark/document/show/novgorod/406/,Новгород,1360‒1380,1360,1380,1370,14,Грамота №406,От каких-то крестьян к Офоносу (о размере арендной платы и оброка),"‛… и рыбы и масло и сыры — это празга (арендная плата) за три года, [ты знай (?)] это. А мы тебе, господин Офонос, кланяемся. А дар (оброк) ты знаешь: три куницы за три года’. {Далее следует указание для посланного:} ‛А если он (Офонос) начнет просить для жены или для сына, то жене две белки, а сыну белка’.",… и риби и масло [и си]р[и] а [то п]раз[к]а [·г· го]д(о) ----[даи] то а ми тоби ги҃не фоносе кланѧесме а даро веда‐ еше ·г· куници ·г· годо а поцне прошати жени или синови жени ·в· бели а сину белка,[UNK] и риби и масло и сири а то празка ·г· годо [UNK] даи то а ми тоби ги҃не фоносе кланѧесме а даро ведаеше ·г· куници ·г· годо а поцне прошати жени или синови жени ·в· бели а сину белка,60
462,407,https://gramoty.ru/birchbark/document/show/novgorod/407/,Новгород,1280‒1300 (с вероятным смещением вперёд),1280,1300,1290,13,Грамота №407,Фрагмент (денежные дела),,…‐ (-)а десѧте гривено ѳедоре [с]…ꙑславе,[UNK] ‐ -а десѧте гривено ѳедоре с [UNK] ꙑславе,10
463,408,https://gramoty.ru/birchbark/document/show/novgorod/408/,Новгород,1280‒1300 (с вероятным смещением вперёд),1280,1300,1290,13,Грамота №408,Фрагмент письма к сборщикам долгов,"‛… 2 берковска соли… Если вы взяли проценты, то отдайте. А я в …’",… (бьрковьс)ка : соли : … … (а)[ли есте п]оимале : на(м)ь а вода[д]ить : а ѧ во …,[UNK] бьрковьска : соли : [UNK] али есте поимале : намь а водадить : а ѧ во [UNK],18
464,409,https://gramoty.ru/birchbark/document/show/novgorod/409/,Новгород,1280‒1300,1280,1300,1290,13,Грамота №409,Долговой список,"‛У Фларя (?), у Сбыслава и у Саввы … пудов меда. У Гаврилы …’",…арѧ : ꙋ собꙑслава : ꙋ саве … … [п]ꙋдово медꙋ : ꙋ гавриле ꙋ … …,[UNK] арѧ : ꙋ собꙑслава : ꙋ саве [UNK] пꙋдово медꙋ : ꙋ гавриле ꙋ [UNK],16
465,410,https://gramoty.ru/birchbark/document/show/novgorod/410/,Новгород,1280‒1300,1280,1300,1290,13,Грамота №410,Долговой список,"‛… у смерда Бояна тройные проценты (за три года) … [2?] гривны. У Митрошки 2 гривны процентов. У Дмитра 2 гривны процентов. У Домана-смерда полторы гривны, процент по 6 ногат. У По-ьши 18 бел и 2 гривны кун. У Козла 5 бел и полгривны. У Братьши-смерда 25 бел. У Демьяна-смерда 10 бел и полгривны процентов. У Колки-а 5 кун и гривна процентов’.",…‐ ---[а ꙋ с]мьрд[а] [ꙋ б]о[ѧ]н[а тр]о[и нам]- … [гри]вь‐ [н]е : ꙋ митрощь :в: гривнь намо : ꙋ домитра :в: гривнь намо ꙋ [д]омана ꙋ смьрда полꙋторе гривнь по :ꙅ: ногато намь : ꙋ по‐ -[ь]шь о:и:ӏ: бьло и :в: гривьнь кꙋно : ꙋ козьла :е: бело и поло гривнь : ꙋ братьши ꙋ сь‐ (м)ьрьда поло :л: бьло [ꙋ] (смьрда ꙋ дь)мьѧна :ӏ: бьло и поло гривнь намо ꙋ колокꙑ‐ -[а] :е: кꙋно и гривна намо :,[UNK] ‐ [UNK] а ꙋ смьрда ꙋ боѧна трои нам- [UNK] гривьне : ꙋ митрощь :в: гривнь намо : ꙋ домитра :в: гривнь намо ꙋ домана ꙋ смьрда полꙋторе гривнь по :ꙅ: ногато намь : ꙋ по‐ -ьшь о:и:ӏ: бьло и :в: гривьнь кꙋно : ꙋ козьла :е: бело и поло гривнь : ꙋ братьши ꙋ сьмьрьда поло :л: бьло ꙋ смьрда ꙋ дьмьѧна :ӏ: бьло и поло гривнь намо ꙋ колокꙑ‐ -а :е: кꙋно и гривна намо :,105
466,411,https://gramoty.ru/birchbark/document/show/novgorod/411/,Новгород,1280‒1300,1280,1300,1290,13,Грамота №411,От …ора к Оксенье (указания по поводу поимки беглого холопа),"‛От Микифора (?) к Оксенье. Если поймал {(не указано, кто)} Матфейца, хорошенько его закуйте; а цепей [уж] сумейте раздобыть, [да] прикуйте в пивном погребе. И поручи его Кснятинцу, пусть стережет до моего приезда … Сразу же поезжай в село’.",(ѿ) …ора к оксьнье ѡжь ѧль будь матѳьеца добрь скуеть а цьпье могить добꙑ‐ (ти) … [п]рикуеть в подкльть в пивномо а дае кснѧтиньцу его оть блюдь до мьнь … (по)[ед]и в сьло с посто,ѿ [UNK] ора к оксьнье ѡжь ѧль будь матѳьеца добрь скуеть а цьпье могить добꙑти [UNK] прикуеть в подкльть в пивномо а дае кснѧтиньцу его оть блюдь до мьнь [UNK] поеди в сьло с посто,35
467,412,https://gramoty.ru/birchbark/document/show/novgorod/412/,Новгород,1260‒1280 (с вероятным смещением вперёд),1260,1280,1270,13,Грамота №412,От Лихочи к Микифору (указания по поводу ржи),"‛Поклон от Лихочи Микифору. По поводу Сдославовой (?) ржи …’ {Далее, после лакуны:} ‛… не велел никому давать, также и …’",поклоно ѿ · ли·хо·це · ко ми·ки·ѳо·роу · про · ро·же · про · со·до·сла‐ (лю) … [не · ве·л]е·ле · ни·ко·моу · же · во·да·ти · та·ко · жь …,поклоно ѿ · ли·хо·це · ко ми·ки·ѳо·роу · про · ро·же · про · со·до·слалю [UNK] не · ве·ле·ле · ни·ко·моу · же · во·да·ти · та·ко · жь [UNK],60
468,413,https://gramoty.ru/birchbark/document/show/novgorod/413/,Новгород,1400‒1410 (с вероятным смещением вперёд),1400,1410,1405,15,Грамота №413,От Семена к попу Ивану (просьба проследить за положенным в церковь имуществом),"‛Челобитье от Семена попу Ивану. Пересмотрел бы ты мое добро ({по-видимому,} меха и/или шерстяные ткани), чтобы моль не попортила — я тебе, своему господину, бью челом о коробке́ (лубяном сундучке). А ключ я послал со Степаном. А помета — горностай’.",цолобитье ѻть смона к попу ив‐ ану цо бꙑ еси моего москотьѧ {моего} пересмотреле дад бꙑ хорь не попортиль а ѧ тоби своему ѻсподину цоломь би‐ ю в коробки а послаль есмь клу‐ ць стопаномь а помитка горн‐ осталь,цолобитье ѻть смона к попу ивану цо бꙑ еси моего москотьѧ пересмотреле дад бꙑ хорь не попортиль а ѧ тоби своему ѻсподину цоломь бию в коробки а послаль есмь клуць стопаномь а помитка горносталь,34
469,414,https://gramoty.ru/birchbark/document/show/novgorod/414/,Новгород,1340‒1360,1340,1360,1350,14,Грамота №414,Письмо наместника Филикса — От Филикса к Семену и к Юргию (деловое поручение),"‛Поклон от Филикса Семену и Юргию. Надежда на Бога и на вас. Если при взвешивании (в весе?) окажется сколько-нибудь прибавки, то положи в церковь. А если что будет надобно жене моей, то ты, брат Семен, дай жене моей. А я тебе низко кланяюсь’.",покло ѿ ѳиликса ко сменꙋ и ко юргю на бозѣ полжено и на васо аже {бꙋ} цто прибꙑтка вовѣсѧ бꙋдете то вложи во церкове : а цто бꙋде надобе жене моѥи и тꙑ брате смене даи жене моѥи а ѧзо тобе много кланѧюсѧ,покло ѿ ѳиликса ко сменꙋ и ко юргю на бозѣ полжено и на васо аже цто прибꙑтка вовѣсѧ бꙋдете то вложи во церкове : а цто бꙋде надобе жене моѥи и тꙑ брате смене даи жене моѥи а ѧзо тобе много кланѧюсѧ,42
470,415,https://gramoty.ru/birchbark/document/show/novgorod/415/,Новгород,1340‒1360,1340,1360,1350,14,Грамота №415,От Фовронии к Филиксу с плачем (жалоба на самоуправство пасынка),‛Поклон от Фовронии Филиксу с плачем. Избил меня пасынок и выгнал со двора. Велишь ли мне ехать в город? Или сам приезжай сюда. Я избита’.,поклоно ѡ ѳовронее к ѳиликсу с плацомо убиле мѧ пасꙑ‐ нке · и · вꙑгониле мѧ изо двора велише ми ехате в го{о}родо или самь поеди семо убита есемо,поклоно ѡ ѳовронее к ѳиликсу с плацомо убиле мѧ пасꙑнке · и · вꙑгониле мѧ изо двора велише ми ехате в городо или самь поеди семо убита есемо,28
471,416,https://gramoty.ru/birchbark/document/show/novgorod/416/,Новгород,1360‒1380,1360,1380,1370,14,Грамота №416,Вызов на судебное разбирательство,"‛Вот пропало сено у Дорофея; было сено в Острове. И Семен, поехав к сену, позвал Зуба (на суд)’.",(с)[е] погибло · сено · оу дорофеѧ (бꙑ)‐ ло · сено в острове и смене · п(оѣ)‐ дѧ к сену : и зуба позвал(е),се погибло · сено · оу дорофеѧ бꙑло · сено в острове и смене · поѣдѧ к сену : и зуба позвале,22
472,417,https://gramoty.ru/birchbark/document/show/novgorod/417/,Новгород,1320‒1340,1320,1340,1330,14,Грамота №417,Отчет о доставке дани из Заволочья,"‛Приехавши из Заволочья, носили серебро Климец и его родичи на другой день после Петрова дня — носили Фодорку Слепеткову с братьями. А за серебром ({букв.:} с серебром) ходили Григорий Фларев, Давыд Попов, Матвейко Нищ (Нищий), Лука Онишков, Софрон М-шкин’.",приѣхавъ · и заволоцѣѧ · носилѣ · серебро · климѣц[ь] с племенъ·мъ · на завѣтрѣ · по петровѣ дн҃и · носилѣ фодорку · слепеткову · съз братѣю · а серебромъ хо(ди)‐ лъ григорѣи фларевъ · давꙑдъ поповъ · ма‐ твѣике нище · лука ѻнишковъ · софронъ · м-‐ шкинъ,приѣхавъ · и заволоцѣѧ · носилѣ · серебро · климѣць с племенъ·мъ · на завѣтрѣ · по петровѣ дн҃и · носилѣ фодорку · слепеткову · съз братѣю · а серебромъ ходилъ григорѣи фларевъ · давꙑдъ поповъ · матвѣике нище · лука ѻнишковъ · софронъ · м [UNK] шкинъ,52
473,418,https://gramoty.ru/birchbark/document/show/novgorod/418/,Новгород,1320‒1340 (с вероятным смещением вперёд),1320,1340,1330,14,Грамота №418,Фрагмент письма,,… метель за тобою п… (сер)‐ ебра не сли а цто за то(бою) … …‐ инꙑ присли,[UNK] метель за тобою п [UNK] серебра не сли а цто за тобою [UNK] ‐ инꙑ присли,17
474,419,https://gramoty.ru/birchbark/document/show/novgorod/419/,Новгород,1280‒1300 (с вероятным смещением вперёд),1280,1300,1290,13,Грамота №419,Берестяная книжечка: две молитвы из начала Октоиха,,Стр. 1: ис҃ хтꙋ · ѧко со бо҃‐ мь поциваѥмо г҃и благослови оц҃ь Вьцерьнѧѧ на‐ ша молитвꙑ приими свѧтꙑ г҃и и подаже Стр. 2: намо оставль‐ н{о}иѥ грьхово ѧ‐ ко ѥдино ѥси ѧ‐ влии во мирь воскрьсьни‐ е Стр. 3: Обидьть лоу‐ дие сиона и обои‐ имьть и дади‐ ть славꙋ во не‐ мь‐ мь воскрьсошь‐ моу и мьртꙑ‐ ихо ѧко тъ е‐ Стр. 4: сть бого на‐ шь избавли‐ и ото бьза‐ конии нашихо Придьть {л}лꙋ‐ дие поимо и поклонимасѧ Стр. 5: х҃оу славѧщь ѥ‐ го свѧтое во‐ скрьсени·е ѧ‐ ко то есть бо҃ нашь изба‐ влѧѧ ото беза‐ кони нашихо Стр. 6: Страстию твоею ѿъ {сстра}‐ страстии свободихо‐ мосѧ и воскр‐ ьсениѥме Стр. 7: твоимь из исте‐ лениꙗ избꙑ‐ хъмо ги҃ слава тобь ·,Стр. 1: ис҃ хтꙋ · ѧко со бо҃‐ мь поциваѥмо г҃и благослови оц҃ь Вьцерьнѧѧ наша молитвꙑ приими свѧтꙑ г҃и и подаже Стр. 2: намо оставльниѥ грьхово ѧко ѥдино ѥси ѧвлии во мирь воскрьсьние Стр. 3: Обидьть лоудие сиона и обоиимьть и дадить славꙋ во немьмь воскрьсошьмоу и мьртꙑихо ѧко тъ еСтр. 4: сть бого нашь избавлии ото бьзаконии нашихо Придьть лꙋдие поимо и поклонимасѧ Стр. 5: х҃оу славѧщь ѥго свѧтое воскрьсени·е ѧко то есть бо҃ нашь избавлѧѧ ото безакони нашихо Стр. 6: Страстию твоею ѿъстрастии свободихомосѧ и воскрьсениѥме Стр. 7: твоимь из истелениꙗ избꙑхъмо ги҃ слава тобь ·,127
475,420,https://gramoty.ru/birchbark/document/show/novgorod/420/,Новгород,1240‒1260,1240,1260,1250,13,Грамота №420,От Панка к Захарии и Огафону (о продаже бобровых шкур),"‛От Панка к Захарье и к Огафону. Я продал Миляте сорок бобров за десять гривен серебра. Когда получишь деньги, тогда отдай бобров. А деньги отдай Захарье’.",ѿ панка къ захарьи · и ко ѡгаѳоноу продалъ есмь сорокъ бобровъ милѧте на десѧти гривнъ серьбра олна же · взьмъ серьбро то же даи бобрꙑ а да[и] серобро за‐ харьи,ѿ панка къ захарьи · и ко ѡгаѳоноу продалъ есмь сорокъ бобровъ милѧте на десѧти гривнъ серьбра олна же · взьмъ серьбро то же даи бобрꙑ а даи серобро захарьи,30
476,421,https://gramoty.ru/birchbark/document/show/novgorod/421/,Новгород,1120‒1140,1120,1140,1130,12,Грамота №421,От Братяты к его сыну Нежилу (об уплате за него штрафа),"‛От Братяты к Нежилу. Иди, сын, домой — ты свободен. Если же не пойдешь, я пошлю за тобой судебного исполнителя. Я заплатил 20 гривен, и ты свободен’.",`+ ѿ братѧтѣ къ нежилоу поиди соуноу домовь свободне еси паки ли не идеши а послоу н тѧ ѧбьтьникъ ѧ заплатиль ·к҃· грв҃нъ а тꙑ свбонь,ѿ братѧтѣ къ нежилоу поиди соуноу домовь свободне еси паки ли не идеши а послоу н тѧ ѧбьтьникъ ѧ заплатиль ·к҃· грв҃нъ а тꙑ свбонь,30
477,422,https://gramoty.ru/birchbark/document/show/novgorod/422/,Новгород,1140‒1160,1140,1160,1150,12,Грамота №422,От Местяты к Гавше и Сдиле (просьба подыскать коня),"‛От Местяты к Гавше и Сдиле. Поищите для меня коня. А Местята вам (двоим) кланяется. Если вам что нужно, то шлите ко мне, а [посланному] дайте грамоту. А денег попросите у Павла. А Местя[та] …’",ѿ мѣ:стѧ:ть : ко га:во:шь : и : ко : со:ди:ль : по:пꙑ:та:и:та ми : ко‐ нѧ : а : мѣ:стѧ:та : сѧ : ва:ма покла‐ нѧ : а:же : ва : ць:то : на:до:бь : а соли‐ та : ко монь : а грамотуо : водаита а уо павла : скота попроси:та а мь:стѧ,ѿ мѣ:стѧ:ть : ко га:во:шь : и : ко : со:ди:ль : по:пꙑ:та:и:та ми : конѧ : а : мѣ:стѧ:та : сѧ : ва:ма покланѧ : а:же : ва : ць:то : на:до:бь : а солита : ко монь : а грамотуо : водаита а уо павла : скота попроси:та а мь:стѧ,90
478,423,https://gramoty.ru/birchbark/document/show/novgorod/423/,Новгород,1100‒1120,1100,1120,1110,12,Грамота №423,Фрагмент неопределенного содержания,,… къ моне …,[UNK] къ моне [UNK],4
479,424,https://gramoty.ru/birchbark/document/show/novgorod/424/,Новгород,1100‒1120,1100,1120,1110,12,Грамота №424,От Гюргия к отцу и матери (предложение переехать в Смоленск или в Киев),"‛Грамота от Гюргия к отцу и к матери. Продавши двор, идите сюда — в Смоленск или в Киев: дешев [здесь] хлеб. Если же не пойдете, то пришлите мне грамотку, как вы живы-здоровы’.",(г)р[а](мота) ѡ[тъ гю]р[ьг]ѧ к[ъ] о[ть]чеви и къ матери : прода‐ въше дворъ идите же сѣмо смольньску ли кꙑ‐ евоу ли : дешеве ти хлебе : али не идете а присъте ми грамотичу сторови ли есте,грамота ѡтъ гюрьгѧ къ отьчеви и къ матери : продавъше дворъ идите же сѣмо смольньску ли кꙑевоу ли : дешеве ти хлебе : али не идете а присъте ми грамотичу сторови ли есте,33
480,426,https://gramoty.ru/birchbark/document/show/novgorod/426/,Новгород,1100‒1120 (с вероятным смещением вперёд),1100,1120,1110,12,Грамота №426,Фрагмент неопределенного содержания,,…оньсоупо …дрѧми,[UNK] оньсоупо [UNK] дрѧми,4
481,427,https://gramoty.ru/birchbark/document/show/novgorod/427/,Новгород,1075‒1100 (с вероятным смещением вперёд),1075,1100,1087,11,Грамота №427,Фрагмент письма к Рагулу,,покланѧние (ѿ) пьр… (къ) рагоулови …,покланѧние ѿ пьр [UNK] къ рагоулови [UNK],7
482,428,https://gramoty.ru/birchbark/document/show/novgorod/428/,Новгород,1075‒1100 (с вероятным смещением вперёд),1075,1100,1087,11,Грамота №428,Фрагмент письма,,…нѣ : промꙑшлѧи о дѣтии : си[х]…,[UNK] нѣ : промꙑшлѧи о дѣтии : сих [UNK],9
483,429,https://gramoty.ru/birchbark/document/show/novgorod/429/,Новгород,1160‒1180,1160,1180,1170,12,Грамота №429,Опись приданого,"‛Монисто, серьги, две шубы с чехлами, [каких-то женских головных уборов] три с обшивкой, украшенной лентами (или: из лент, разноцветной), и с очельем …, шесть губок, перины (?) и изголовье, плащи (или: плащ), … пять крашеных в красное и три белых, окованный ларчик медный, …, кувшин (рукомойник), сундук’.",монисто оусьрѧзи кожоуха ·в(·) сь пьльд… три отоцька польпьна и съ цьльцьмо -од… шьсть гоубиць пьрьни и възогъловие лоудиц… е҃· роужьнꙑхо а три бѣла оков(ьц)ь мѣд[ѧн]… гълько ларь,монисто оусьрѧзи кожоуха ·в· сь пьльд [UNK] три отоцька польпьна и съ цьльцьмоод [UNK] шьсть гоубиць пьрьни и възогъловие лоудиц [UNK] е҃· роужьнꙑхо а три бѣла оковьць мѣдѧн [UNK] гълько ларь,36
484,430,https://gramoty.ru/birchbark/document/show/novgorod/430/,Новгород,1180‒1200,1180,1200,1190,12,Грамота №430,Фрагмент письма от Хоритана к Моисею,"‛От Хоритана к Моисею. Если окажется, что Иван не дал …, то возьми гривну серебра у …’",ѿ хоритана ко моисе[ю] [а в](озьми) [г]рвну се‐ оже ти иване не дале бу‐ р[е](бр)[а] оу … [де] …,ѿ хоритана ко моисею а возьми грвну сеоже ти иване не дале буребра оу [UNK] де [UNK],17
485,433,https://gramoty.ru/birchbark/document/show/novgorod/433/,Новгород,1120‒1140,1120,1140,1130,12,Грамота №433,"От Завида к Онтану, к Пуне, к Жадену (?) и ко всем братьям","‛От Завида к Онтану, к Пуне, к Жадену (?) и ко всем братьям поклон …’",+ ѿ за[в](ида къ о)нот(а)ноу къ пꙋнѣ къ жад… и къ вохъи [б](р)ат[ь](ѣ) поклан[ѧ](ние) … …,ѿ завида къ онотаноу къ пꙋнѣ къ жад [UNK] и къ вохъи братьѣ покланѧние [UNK],15
486,434,https://gramoty.ru/birchbark/document/show/novgorod/434/,Новгород,1100‒1120,1100,1120,1110,12,Грамота №434,Фрагмент письма,,ѿ жирѧ[ц]ѧ ко … шесте на дес(ѧте) …,ѿ жирѧцѧ ко [UNK] шесте на десѧте [UNK],8
487,435,https://gramoty.ru/birchbark/document/show/novgorod/435/,Новгород,1100‒1120,1100,1120,1110,12,Грамота №435,Фрагмент неопределенного содержания,,…ѧтина… …свен…,[UNK] ѧтина [UNK] свен [UNK],5
488,436,https://gramoty.ru/birchbark/document/show/novgorod/436/,Новгород,1200‒1220,1200,1220,1210,13,Грамота №436,О купеческих делах,"‛… да прочих [денег] девять гривен осталось. Прошу же, добудь серебра и пришли. А я заключил договоренности и [уже] в пути’.",… ---еша а тоу ------ [д]а [и]н[е]х[о] д[ев]ѧте гривено осталосѧ а кл‐ анѧюсѧ добꙑво серебра при‐ соли же а ѧзо ти на поути [а] о[ур]е‐ к[ꙑ] воземо,[UNK] еша а тоу [UNK] да инехо девѧте гривено осталосѧ а кланѧюсѧ добꙑво серебра присоли же а ѧзо ти на поути а оурекꙑ воземо,24
489,437,https://gramoty.ru/birchbark/document/show/novgorod/437/,Новгород,1200‒1220 (с вероятным смещением вперёд),1200,1220,1210,13,Грамота №437,О купеческих делах,,… …--[о]во во семе гривено …[т]ꙑхо молодꙑхо коне …да дороге… …еце и вохе за коне …[а] доѥни [к]… …ле по ос(м)и коуно по … гривен… …це по девѧти резано,[UNK] ово во семе гривено [UNK] тꙑхо молодꙑхо коне [UNK] да дороге [UNK] еце и вохе за коне [UNK] а доѥни к [UNK] ле по осми коуно по [UNK] гривен [UNK] це по девѧти резано,35
490,438,https://gramoty.ru/birchbark/document/show/novgorod/438/,Новгород,1180‒1200 (с вероятным смещением вперёд),1180,1200,1190,12,Грамота №438,Опись купеческого имущества,"‛подошвы [общей стоимостью в] 36 резан’; {далее} — ‛в первой коробье на 12 гривен {род товара, по-видимому, был указан ранее}, в другой коробье мелочь … по резане, а большие по 3 резаны; ножей 50 — полгривны; головки (вероятно, раскроенные заготовки кожаной обуви) — [на столько-то]; … ; на гребнях гривна’; {в конце списка упоминается} шуба.",(…) … м҃· рѣзанъ · подъшьвѣ ·ꙅ҃· рѣ и ·л҃· а въ ·л҃· рѣзан[ъ] … … грв҃на : въ пьрвое коробье на ·в҃·ӏ· грв҃нѣ · въ дрꙋгее коробье дробь … (п)о рѣзанѣ · а большѣе по ·г҃· рѣзанѣ · ножевъ ·н҃· полъ грв҃нѣ · головице …мъ ·в҃· грв҃нѣ · на гребеньхъ грв҃на · ------- н[о]гатѣ … … (ко)жюхъмъ ·,[UNK] м҃· рѣзанъ · подъшьвѣ ·ꙅ҃· рѣ и ·л҃· а въ ·л҃· рѣзанъ [UNK] грв҃на : въ пьрвое коробье на ·в҃·ӏ· грв҃нѣ · въ дрꙋгее коробье дробь [UNK] по рѣзанѣ · а большѣе по ·г҃· рѣзанѣ · ножевъ ·н҃· полъ грв҃нѣ · головице [UNK] мъ ·в҃· грв҃нѣ · на гребеньхъ грв҃на · [UNK] ногатѣ [UNK] кожюхъмъ ·,92
491,439,https://gramoty.ru/birchbark/document/show/novgorod/439/,Новгород,1200‒1220,1200,1220,1210,13,Грамота №439,От Моисея к Спирку (распоряжения купца своему компаньону),"‛От Моисея к Спирку. Если Матей не взял ({или:} Что касается того, что Матей не взял) у тебя капь [воска], отправь ее с Прусом ко мне. А я олово распродал и свинец и весь кованый товар. Уже мне не ехать в Суздаль. Воску куплено три капи. А тебе прибыть сюда. Возьми с собой олова примерно четыре безмена [и] примерно два красных полотенца ({по-видимому,} листы красной меди). А деньги плати сразу же’.",( + ѿ) [моисе]ѧ [ко] спирокоу оже ти не возѧло матее капи воложи ю со проусомо ко мне ѧзо ти олово попродале и свинеце и клепание вохо оуже мне не ехати во соужедале воскоу коупле‐ нꙑ :г: пи а тобе поити соуда воложи олова со цетꙑри безм‐ ене полотенеца со дова цереленаѧ а коунꙑ прави со проста,+ ѿ моисеѧ ко спирокоу оже ти не возѧло матее капи воложи ю со проусомо ко мне ѧзо ти олово попродале и свинеце и клепание вохо оуже мне не ехати во соужедале воскоу коупленꙑ :г: пи а тобе поити соуда воложи олова со цетꙑри безмене полотенеца со дова цереленаѧ а коунꙑ прави со проста,56
492,440,https://gramoty.ru/birchbark/document/show/novgorod/440/,Новгород,1180‒1200,1180,1200,1190,12,Грамота №440,Фрагмент (денежные дела),,…ѧти векоше ново[г]…,[UNK] ѧти векоше новог [UNK],5
493,441,https://gramoty.ru/birchbark/document/show/novgorod/441/,Новгород,1220‒1240,1220,1240,1230,13,Грамота №441,Фрагмент письма,,…[ь]ноу ѧ слю к тобѣ …,[UNK] ьноу ѧ слю к тобѣ [UNK],7
494,442,https://gramoty.ru/birchbark/document/show/novgorod/442/,Новгород,1220‒1240,1220,1240,1230,13,Грамота №442,Фрагмент письма от Радилы к матери,,ѿ радиле ко матери [во]… … :ѳ: гривено поло воза рож(и) …,ѿ радиле ко матери во [UNK] :ѳ: гривено поло воза рожи [UNK],14
495,443,https://gramoty.ru/birchbark/document/show/novgorod/443/,Новгород,1200‒1220,1200,1220,1210,13,Грамота №443,От Дмитра к Фларю и Несдиле,,ѿ домитра ко ко ѳеларю и ко несодиле,ѿ домитра ко ко ѳеларю и ко несодиле,8
496,445,https://gramoty.ru/birchbark/document/show/novgorod/445/,Новгород,1320‒1340 (с вероятным смещением назад),1320,1340,1330,14,Грамота №445,Мольба о возвращении долга,"‛Взял гончар (или: Гончар) два сорока куниц, кобылу, три кожи, шапку, сани, хомуты. Ты целовал мне [крест в том, что пришлешь], а сам не прислал. Я погиб (разорен)!’",всѧло горончаро ·в҃· сорока · куницю · кобꙑлу ·г҃· кожи · шапка · сани хомутꙑ · а целовало · ѥси ко мнѣ · а не прислало ѥси ѧсо · погибло ·,всѧло горончаро ·в҃· сорока · куницю · кобꙑлу ·г҃· кожи · шапка · сани хомутꙑ · а целовало · ѥси ко мнѣ · а не прислало ѥси ѧсо · погибло ·,37
497,446,https://gramoty.ru/birchbark/document/show/novgorod/446/,Новгород,1380‒1400 (с вероятным смещением назад),1380,1400,1390,14,Грамота №446,От Кондрата «и от всех селян» к Юрию (Онцифоровичу) (жалоба на ключника),"‛Поклон от Кондрата и от всех селян господину своему Юрию. Тех коней, господин, которых ты [нам] дал ({букв.:} поотдавал), Захарья у нас, господин, отдает ({подразумевается:} кому-то постороннему). Унял бы ты его, господин! Если же, господин, не уймешь, то ты, господин, пошли забрать остальных [коней]. А нам, господин, невозможно жить’.",поклонъ · ѿ кондрата · ѻсподину своѥму юрью и ѿѻ всихъ селѧнъ · что ѥси · ѻсподине конѣ подава‐ лъ · и тꙑи · ѻсподине · конѣ · захарьꙗ въдаваѥ‐ ть · оу насъ · что бꙑ ѥсь ѻсподине · оу‐ нѧлъ ѥго · или ѻсподине · не оуимешь · и тꙑ · ѻспо‐ дине · пошли по ѻстатокъ · а намъ ѻсподине · немоч[ь]но жить ·,поклонъ · ѿ кондрата · ѻсподину своѥму юрью и ѿѻ всихъ селѧнъ · что ѥси · ѻсподине конѣ подавалъ · и тꙑи · ѻсподине · конѣ · захарьꙗ въдаваѥть · оу насъ · что бꙑ ѥсь ѻсподине · оунѧлъ ѥго · или ѻсподине · не оуимешь · и тꙑ · ѻсподине · пошли по ѻстатокъ · а намъ ѻсподине · немочьно жить ·,63
498,448,https://gramoty.ru/birchbark/document/show/novgorod/448/,Новгород,1220‒1240,1220,1240,1230,13,Грамота №448,Фрагмент письма,,…‐ дѫ оженивосѧ тѫ,[UNK] ‐ дѫ оженивосѧ тѫ,5
499,449,https://gramoty.ru/birchbark/document/show/novgorod/449/,Новгород,1180‒1200,1180,1200,1190,12,Грамота №449,К Тудору (денежные дела),‛От … к … и к Тудору. Вы (двое) взяли деньги по моей долговой записи у Ярышевых. Вы взяли по ней 6 гривен. А еще [остается] в долговой записи’.,(ѿ) ------- [къ] --л--оу [и] ко тоуд[ъроу и]з[ѧла еста мою] дълож[ь]ницоу оу ѧрꙑш[е]въ : [в]ъзѧла еста оу неи :ꙅ҃: гривьнъ : и ещь : въ дъложениц[ь],ѿ [UNK] къ [UNK] л [UNK] оу и ко тоудъроу изѧла еста мою дъложьницоу оу ѧрꙑшевъ : възѧла еста оу неи :ꙅ҃: гривьнъ : и ещь : въ дъложениць,32
500,451,https://gramoty.ru/birchbark/document/show/novgorod/451/,Новгород,1180‒1200,1180,1200,1190,12,Грамота №451,Фрагмент неопределенного содержания,,…[и]лъкѣ ив…,[UNK] илъкѣ ив [UNK],4
501,452,https://gramoty.ru/birchbark/document/show/novgorod/452/,Новгород,1180‒1200,1180,1200,1190,12,Грамота №452,Фрагмент: «Девять с половиной кун»,,… (полъ д)есѧть кѫнѣ …,[UNK] полъ десѧть кѫнѣ [UNK],5
502,453,https://gramoty.ru/birchbark/document/show/novgorod/453/,Новгород,1180‒1200,1180,1200,1190,12,Грамота №453,Фрагмент неопределенного содержания,,…е [б]ꙑле на ла[в]…,[UNK] е бꙑле на лав [UNK],6
503,454,https://gramoty.ru/birchbark/document/show/novgorod/454/,Новгород,1180‒1200,1180,1200,1190,12,Грамота №454,«Жирко Гамизиле дал куны»,,жиръке гамизиле даль коун…,жиръке гамизиле даль коун [UNK],5
504,455,https://gramoty.ru/birchbark/document/show/novgorod/455/,Новгород,1180‒1200,1180,1200,1190,12,Грамота №455,Фрагмент письма,,…‐ дѫ в--р… …‐ сти въдаита же ми …,[UNK] ‐ дѫ в [UNK] р [UNK] ‐ сти въдаита же ми [UNK],13
505,456,https://gramoty.ru/birchbark/document/show/novgorod/456/,Новгород,1180‒1200,1180,1200,1190,12,Грамота №456,Фрагмент письма (торгово-денежные дела),,а въдае емѫ г҃ рѣзан[ѣ] … … (д)о сꙑти крени сѫща а маса … … …[хѫ]-осѫда,а въдае емѫ г҃ рѣзанѣ [UNK] до сꙑти крени сѫща а маса [UNK] хѫосѫда,15
506,459,https://gramoty.ru/birchbark/document/show/novgorod/459/,Новгород,1180‒1200,1180,1200,1190,12,Грамота №459,Фрагмент письма (денежные дела),,…даи мѣстъкѫ п… … грив…,[UNK] даи мѣстъкѫ п [UNK] грив [UNK],7
507,460,https://gramoty.ru/birchbark/document/show/novgorod/460/,Новгород,1180‒1200,1180,1200,1190,12,Грамота №460,Азбука,,а б в г д е ж ꙅ з и ї к л м н о п р с т уо ѳ х ѡ ц ч ш щ ъ ѣ ѫ ю  ѧ,а б в г д е ж ꙅ з и ї к л м н о п р с т уо ѳ х ѡ ц ч ш щ ъ ѣ ѫ ю  ѧ,34
508,461,https://gramoty.ru/birchbark/document/show/novgorod/461/,Новгород,1180‒1200,1180,1200,1190,12,Грамота №461,Фрагмент неопределенного содержания,,…мина…,[UNK] мина [UNK],3
509,462,https://gramoty.ru/birchbark/document/show/novgorod/462/,Новгород,1180‒1200,1180,1200,1190,12,Грамота №462,Цитата из псалма,,ги҃ ѫслюши молитвоу,ги҃ ѫслюши молитвоу,4
510,463,https://gramoty.ru/birchbark/document/show/novgorod/463/,Новгород,1300‒1320 (с вероятным смещением вперёд),1300,1320,1310,14,Грамота №463,От Федора и Кузьмы и «от всего десятка» к Сидору и Матфею (о сборе недоимок) // Два начала азбуки,,поклонъ ѿ ѳедорѧ и ѿ коузми и ѿ хого десѧикѧ сидору и к маѳи‐ ю переми посѧдници кунѧми неси подѧи а ото в лонихъ в недо‐ борехъ в нинишнихъ и проси борца  петрови дни лонщии бориць своим‐ ъ недоборомъ а нишнии бориць своимъ в недоборехъ плати ми сѧ живо‐ тиною,поклонъ ѿ ѳедорѧ и ѿ коузми и ѿ хого десѧикѧ сидору и к маѳию переми посѧдници кунѧми неси подѧи а ото в лонихъ в недоборехъ в нинишнихъ и проси борца  петрови дни лонщии бориць своимъ недоборомъ а нишнии бориць своимъ в недоборехъ плати ми сѧ животиною,47
511,464,https://gramoty.ru/birchbark/document/show/novgorod/464/,Новгород,1420‒1430 (с вероятным смещением вперёд),1420,1430,1425,15,Грамота №464,Начало письма от Игнатья и Григория Матфеевича,,поклонъ  игнатьѧ · и ѿ григорьи ѿ м‐ атфѣѥви[ца ко] …,поклонъ  игнатьѧ · и ѿ григорьи ѿ матфѣѥвица ко [UNK],11
512,465,https://gramoty.ru/birchbark/document/show/novgorod/465/,Новгород,1420‒1430 (с вероятным смещением вперёд),1420,1430,1425,15,Грамота №465,Фрагмент челобитной великому князю Константину Дмитриевичу,,цолобитье [ѿ] … (к осподи)‐ ну к осподар(ю моему кнѧзю ве)‐ (ли)[к]ому коста(нтину) …,цолобитье ѿ [UNK] к осподину к осподарю моему кнѧзю великому костантину [UNK],12
513,466,https://gramoty.ru/birchbark/document/show/novgorod/466/,Новгород,1420‒1430 (с вероятным смещением вперёд),1420,1430,1425,15,Грамота №466,Сообщение об убийстве и грабеже,"‛… [у такого-то] Софонтий во дворе человека убил, а остальные пропали без вести, а имущество он взял. Как, господин, распорядишься?’",… …на софонтеѥ во дворь голову оуби‐ ле а нꙑхъ бе{в}з вѣстѣ нѣть · а животъ взѧле как‐ ъ сподине пецалуѥше,[UNK] на софонтеѥ во дворь голову оубиле а нꙑхъ без вѣстѣ нѣть · а животъ взѧле какъ сподине пецалуѥше,20
514,467,https://gramoty.ru/birchbark/document/show/novgorod/467/,Новгород,1420‒1430 (с вероятным смещением вперёд),1420,1430,1425,15,Грамота №467,Фрагмент письма,,… того а ѧзъ тобѣ цол(омъ бью),[UNK] того а ѧзъ тобѣ цоломъ бью,7
515,470,https://gramoty.ru/birchbark/document/show/novgorod/470/,Новгород,1380‒1400 (с вероятным смещением вперёд),1380,1400,1390,14,Грамота №470,Фрагмент письма феодалу о ключнике,,…цю ꙩстаѳь‐ …слѧѥ клюц‐ … (ц)ерковъ · поста‐ … … [живе] ту,[UNK] цю ꙩстаѳь‐ [UNK] слѧѥ клюц‐ [UNK] церковъ · поста‐ [UNK] живе ту,16
516,471,https://gramoty.ru/birchbark/document/show/novgorod/471/,Новгород,1410‒1420,1410,1420,1415,15,Грамота №471,Запись о задолженности Окинфа,"‛У Онкифа 6 коробей ржи и коробья пшеницы 6 лет ({или:} шестой год). А в повестке, [посланной] от бирича, [значатся] белы. Бил мне [челом об этом] Труфан’.",оу ꙩнкифа ·ꙅ҃· коробѣ · ржи · коробьѧ · пшени‐ цѣ ·ꙅ҃· годъ · а ѿ бирица бѣлъ в отъсилкѣ би‐ лъ ми трꙋфане,оу ꙩнкифа ·ꙅ҃· коробѣ · ржи · коробьѧ · пшеницѣ ·ꙅ҃· годъ · а ѿ бирица бѣлъ в отъсилкѣ билъ ми трꙋфане,28
517,474,https://gramoty.ru/birchbark/document/show/novgorod/474/,Новгород,1380‒1400 (с вероятным смещением вперёд),1380,1400,1390,14,Грамота №474,Жалоба на нарушение границ земельного участка,"‛От … [поклон к … У моей семьи (?) нива], господин, пережата через межи. Детки мои изобижены, жена моя изобижена. Бога ради, господин, защити, я тебе челом [бью]’.",[ѿ] … …‐ цѧ гн҃е пережата церосъ межѣ дѣт[ъ]кѣ мо[и зоби]жонꙑ жона моѧ зобижона ба҃ [д]ѣ[л]ѧ гн҃е ѡб[оро]ни ѧ[зъ] тобѣ [цоло]‐ (мъ бью),ѿ [UNK] ‐ цѧ гн҃е пережата церосъ межѣ дѣтъкѣ мои зобижонꙑ жона моѧ зобижона ба҃ дѣлѧ гн҃е ѡборони ѧзъ тобѣ цоломъ бью,27
518,475,https://gramoty.ru/birchbark/document/show/novgorod/475/,Новгород,1380‒1400 (с вероятным смещением назад),1380,1400,1390,14,Грамота №475,Фрагмент письма,,… (къ) …[шѣ] ѿ велка и ѿ … идемъ …,[UNK] къ [UNK] шѣ ѿ велка и ѿ [UNK] идемъ [UNK],11
519,476,https://gramoty.ru/birchbark/document/show/novgorod/476/,Новгород,1360‒1380 (с вероятным смещением назад),1360,1380,1370,14,Грамота №476,Фрагмент письма,,… (с)тар[ѣ]шимъ сидовꙑ‐ (мъ) (…) дѣтемъ ѡбо[ро]ните ѡ‐ …,[UNK] старѣшимъ сидовꙑмъ [UNK] дѣтемъ ѡбороните ѡ‐ [UNK],9
520,477,https://gramoty.ru/birchbark/document/show/novgorod/477/,Новгород,1360‒1380 (с вероятным смещением вперёд),1360,1380,1370,14,Грамота №477,От Микифора к Анне (просьба дать документ на право «сидеть» на земельном участке),"‛Поклон Анне от Микифора с Дорофеева участка. Пожню, что ты [мне] дала в Быковщине, Шуйга отнимает, а другую [отнимает] Осипок. Землицы мало, а пожни отнимают. Нечем [горю] пособить, не из-за чего и сидеть [на этом участке]. Так что дай мне это место Быковщину’.",поклоно анѣ  микꙑфора з дорофѣѥва жеребеѧ что ѥси дала пожню в бꙑко‐ щинѣ то шюѥга ӏмаѥть : другую ꙩси‐ поко землици мало а пожни ӏмають нн чимь пособити нѣ ꙩ че и сѣдит[и] а нꙑне даӏ ми то мѣсто бꙑковщи[н]у,поклоно анѣ  микꙑфора з дорофѣѥва жеребеѧ что ѥси дала пожню в бꙑкощинѣ то шюѥга ӏмаѥть : другую ꙩсипоко землици мало а пожни ӏмають нн чимь пособити нѣ ꙩ че и сѣдити а нꙑне даӏ ми то мѣсто бꙑковщину,41
521,478,https://gramoty.ru/birchbark/document/show/novgorod/478/,Новгород,1340‒1360,1340,1360,1350,14,Грамота №478,Фрагмент (хозяйственные распоряжения),,… (ку)‐ нѣ оу ращка · аже не боу‐ де кунъ оу рашка · коупи своими кунами колушк[ю] шапоцникоу,[UNK] кунѣ оу ращка · аже не боуде кунъ оу рашка · коупи своими кунами колушкю шапоцникоу,17
522,479,https://gramoty.ru/birchbark/document/show/novgorod/479/,Новгород,1320‒1340 (с вероятным смещением вперёд),1320,1340,1330,14,Грамота №479,"Фрагменты письма Глебу, Дрочиле (?) и другим (просьба приехать в город)",,…а и ѿ [ѳ]… --ста---и ӏ ко глеб(ꙋ) … --оци-- - ко т----ꙋ пое[д](ите) … (в)о гор(о)до а м-----ꙋ воз(мите) …,[UNK] а и ѿ ѳ [UNK] ста [UNK] и ӏ ко глебꙋ [UNK] оци [UNK] - ко т [UNK] ꙋ поедите [UNK] во городо а м [UNK] ꙋ возмите [UNK],30
523,480,https://gramoty.ru/birchbark/document/show/novgorod/480/,Новгород,1280‒1300 (с вероятным смещением вперёд),1280,1300,1290,13,Грамота №480,Отчет управляющего о сборе оброка,,… (в)зѧло [ѥс]м[е] · а [прив]… ино томуо исправа,[UNK] взѧло ѥсме · а прив [UNK] ино томуо исправа,10
524,481,https://gramoty.ru/birchbark/document/show/novgorod/481/,Новгород,1280‒1300 (с вероятным смещением назад),1280,1300,1290,13,Грамота №481,От ловца к Остафии (просьба прислать грамоту и деньги),"‛Поклон от ловца к Остафии. Пошли грамоту и деньги на сеть и на оплату работника. А рожь, когда смогу (?), [как] Бог даст лов, тогда и возьмут’.",поклонъ · ѿ ловца ко ѡ̈стаѳии посли грамоту ѡ̈же кунꙑ · на сѣть · и наимиту · а роже како въ·зѣиду бо҃ дасть ловъ · та·‐ ко въ·змуть,поклонъ · ѿ ловца ко ѡ̈стаѳии посли грамоту ѡ̈же кунꙑ · на сѣть · и наимиту · а роже како въ·зѣиду бо҃ дасть ловъ · та·‐ ко въ·змуть,39
525,482,https://gramoty.ru/birchbark/document/show/novgorod/482/,Новгород,1280‒1300 (с вероятным смещением вперёд),1280,1300,1290,13,Грамота №482,Отчет управляющего о сборе оброка,"‛… [у такого-то] я взял пятнадцать [возов] овса — и прошлогоднего [оброка] и нынешнего. А что [касается того, что] ты велел взять у Евши воз овса и другой [воз] ячменя старых оброков (т. е. недоимок), то он утверждает, что [ничего] не должен. А нынешних оброков …’",… …[о] взѧ ѥсме пѧть наца‐ (те во)[з](о ꙩ̈)[вс]а · и · лоне·скоко · и · нинешнеко а цто ѥси повельло уо ѥвши взѧти возо ꙩ̈в‐ са · и жита друогꙑ старꙑхо уо·сопо то сѧ не (вино)[ва]т[о] твори [· а] · нꙑне[ши][х](о) [уос](опо) (…),[UNK] о взѧ ѥсме пѧть нацате возо ꙩ̈вса · и · лоне·скоко · и · нинешнеко а цто ѥси повельло уо ѥвши взѧти возо ꙩ̈вса · и жита друогꙑ старꙑхо уо·сопо то сѧ не виновато твори · а · нꙑнешихо уосопо [UNK],50
526,483,https://gramoty.ru/birchbark/document/show/novgorod/483/,Новгород,1260‒1280 (с вероятным смещением вперёд),1260,1280,1270,13,Грамота №483,К Захарии (указания получить у попа часть долга),"‛… три с половиной гривны. На эти-то [деньги] я (или: Поэтому-то я) … у Семена-мясника. Остаток суммы, из которой ты взял у меня две гривны, возьми, Захарья, у попа. Если не даст, отдаст с процентами’.",(…) … (п)[оло цет]‐ [ве]ре[т]и гривни тиме ти есем- ---------- ꙋ смена ꙋ мѧсника за цето е‐ си ·в҃· гривни ꙋзѧле мое лише возми захарие ꙋ попа · се [ли не] ꙋдасте да с‐ о изростꙑ водасте,[UNK] поло цетверети гривни тиме ти есем- [UNK] ꙋ смена ꙋ мѧсника за цето еси ·в҃· гривни ꙋзѧле мое лише возми захарие ꙋ попа · се ли не ꙋдасте да со изростꙑ водасте,37
527,486,https://gramoty.ru/birchbark/document/show/novgorod/486/,Новгород,1180‒1200 (с вероятным смещением назад или вперёд),1180,1200,1190,12,Грамота №486,Фрагмент неопределенного содержания,,…семь…,[UNK] семь [UNK],3
528,487,https://gramoty.ru/birchbark/document/show/novgorod/487/,Новгород,1140‒1160 (с вероятным смещением назад),1140,1160,1150,12,Грамота №487,Увещевательное письмо к женщине,"‛… [X тебе таким-то образом] велел (или: велела) делать, а ты делала через силу. Если бы ты добром жила с братом (или: с обоими братьями) …’ {На обороте:} ‛… поживи же с Гургием и с Лукой. А вызывал я тебя через сестру, а не извещением’.",(…) … [вь]лѧшь дѣѧти а тꙑ чьрьсо силу дѣѧшь ажь бꙑ тꙑ дбромь жила братом… (…) (…) … [по]жи[в]и жь съ гурьгьмь жь со лукою а возꙑ‐ вахо тѧ сьстрою нь вѣстокою,[UNK] вьлѧшь дѣѧти а тꙑ чьрьсо силу дѣѧшь ажь бꙑ тꙑ дбромь жила братом [UNK] поживи жь съ гурьгьмь жь со лукою а возꙑвахо тѧ сьстрою нь вѣстокою,28
529,488,https://gramoty.ru/birchbark/document/show/novgorod/488/,Новгород,1380‒1400 (с вероятным смещением назад),1380,1400,1390,14,Грамота №488,Литургические записи на латинском языке,,"Venit[e], exultem(us) d(omi)no, iubilemus de[o s]alutari n(ost)ro, p(rae)ocupem(us) facie(m) ei(us) in (con)fessi[(one)] (et) i(n) psalmis iubile[(mus)] Viro. Viri. Virtute.Voce. D(omi)ne H(ymnus) M(ari)a V(irgo). V(ersus). Weni e(lecta). Libri testament sancti. Kalendae aprilis lectiones III ewangelii","Venite, exultemus domino, iubilemus deo salutari nostro, praeocupemus faciem eius in confessione et in psalmis iubilemus Viro. Viri. Virtute.Voce. Domine Hymnus Maria Virgo. Versus. Weni electa. Libri testament sancti. Kalendae aprilis lectiones III ewangelii",46
530,489,https://gramoty.ru/birchbark/document/show/novgorod/489/,Новгород,1320‒1340 (с вероятным смещением назад),1320,1340,1330,14,Грамота №489,От попа к Моисею (просьба о помощи в каком-то конфликте),"‛… от попа Моисею. Вступись [за меня (…), ради Бога]. Если даже тебе доведется понести [какие-либо] убытки (…), то это будет за мной. А дома …’",…  попа · ко моисею · воступисѧ …[л]ѧ · хотѧ бꙑ ти · истерѧти … [ѧ]зо во томо · а дома п[р]о‐…,[UNK]  попа · ко моисею · воступисѧ [UNK] лѧ · хотѧ бꙑ ти · истерѧти [UNK] ѧзо во томо · а дома про‐ [UNK],26
531,490,https://gramoty.ru/birchbark/document/show/novgorod/490/,Новгород,1340‒1360 (с вероятным смещением назад или вперёд),1340,1360,1350,14,Грамота №490,"Упрек адресату в том, что его невозможно отыскать",‛... продажи три дня в городе; и к тебе (?) ходил во двор и к складнику (компаньону) твоему. А ты ко мне всё не приходишь. Я ношу с собой связки кун (или: ношу сшивать куны)’.,(…) … продажи три дни [в г]ороди а ко [би] ходило оу дворо и ко складникоу товоѥмоу а тꙑ ко мни нь ѧвишисѧ коуни шити ношю,[UNK] продажи три дни в городи а ко би ходило оу дворо и ко складникоу товоѥмоу а тꙑ ко мни нь ѧвишисѧ коуни шити ношю,25
532,491,https://gramoty.ru/birchbark/document/show/novgorod/491/,Новгород,1360‒1380 (с вероятным смещением назад или вперёд),1360,1380,1370,14,Грамота №491,Начало челобитной,,цолом битѥ ѿ с[мена] … т[ь]п--…,цолом битѥ ѿ смена [UNK] тьп [UNK],7
533,492,https://gramoty.ru/birchbark/document/show/novgorod/492/,Новгород,1360‒1380 (с вероятным смещением назад или вперёд),1360,1380,1370,14,Грамота №492,Фрагмент долгового списка,,… [е]ном[ъ] оу ѻстафьи со вхим[и] за[лѣ]шн(ѧ)‐ не полтина оу дудѣ в гостьмеричахъ -----ти т[р]и ч[е]вте[р]откѣ ржи коробь(ꙗ) …,[UNK] еномъ оу ѻстафьи со вхими залѣшнѧне полтина оу дудѣ в гостьмеричахъ [UNK] ти три чевтероткѣ ржи коробьꙗ [UNK],19
534,493,https://gramoty.ru/birchbark/document/show/novgorod/493/,Новгород,1180‒1200 (с вероятным смещением вперёд),1180,1200,1190,12,Грамота №493,Запись о посылке,,послала н… на пор[ѣ]ѥ …,послала н [UNK] на порѣѥ [UNK],6
535,495,https://gramoty.ru/birchbark/document/show/novgorod/495/,Новгород,1450‒1500,1450,1500,1475,15,Грамота №495,Долговой список,,у ѡндриѧ три денги ивана денга у степана денга у вана де‐ нга у зуба московка у степана московка,у ѡндриѧ три денги ивана денга у степана денга у вана денга у зуба московка у степана московка,18
536,496,https://gramoty.ru/birchbark/document/show/novgorod/496/,Новгород,1430‒1450 (с вероятным смещением вперёд),1430,1450,1440,15,Грамота №496,Сообщение о «находе» (грабительском нападении),"‛Я должен сказать только вот что ({букв.:} За мною никаких речей [кроме следующей]). Напали разбоем на двор Михалицы, на новый двор его сына Иванка, — а [это были] Жигаля с сыном Офоноском, Игнатко Симуев с братом Макхимком, Василь Вечерко, Грихно, Василько и Климентейко Стехновы, Мартын Татая (?), Храп, Селюев крестник, — да двор разграбили и имущество захватили; да у Елизаря верх житницы и двор разграбили, а людей перебили и переранили. Я в том селе не один был. А это происходило всю неделю до Проклова дня’.",ни[ко]єв за мною рѣцѣи оударивсѧ розбоємъ на михаилицн҃ъ дворъ на сн҃а єво на ива‐ (н)[ка] д[во]ръ нов а жигалꙗ с сꙑном с офоноском : игнаткѣ симꙋєвѣ з братомъ с макхи‐ [мк]ом ва[си]лѣ вѣцѣркѣ грихънѣ васлко климѣнтѣикѣ стѣхънов · мартꙑнѣ [т]атаѧ храпѣ [с]ѣ[люєв] крѣстник да дворъ розграбили а животъ взѧл да и [ж]итницꙋ єлиза‐ рѣвꙋ вѣрхъ [да] д[в]оръ разграбили да и людѣи пѣрѣбили пѣрѣкололи : азъ в томъ сѣлѣ [н]ѣ одинъ бꙑл а то деѧлось всю нѣделю до прокла :,никоєв за мною рѣцѣи оударивсѧ розбоємъ на михаилицн҃ъ дворъ на сн҃а єво на иванка дворъ нов а жигалꙗ с сꙑном с офоноском : игнаткѣ симꙋєвѣ з братомъ с макхимком василѣ вѣцѣркѣ грихънѣ васлко климѣнтѣикѣ стѣхънов · мартꙑнѣ татаѧ храпѣ сѣлюєв крѣстник да дворъ розграбили а животъ взѧл да и житницꙋ єлизарѣвꙋ вѣрхъ да дворъ разграбили да и людѣи пѣрѣбили пѣрѣкололи : азъ в томъ сѣлѣ нѣ одинъ бꙑл а то деѧлось всю нѣделю до прокла :,92
537,497,https://gramoty.ru/birchbark/document/show/novgorod/497/,Новгород,1340‒1360 (с вероятным смещением вперёд),1340,1360,1350,14,Грамота №497,От Гаврилы Постни к его зятю Григорию и сестре Улите (приглашение в гости в Новгород),"‛Поклон от Гаврилы Постни зятю моему – куму Григорию и сестре моей Улите. Поехали бы вы в город к радости моей, а нашего слова не забыли бы (не оставили бы без внимания). Дай Бог вам радость. {Ответ Григория и Улиты:} Мы все вашего слова не забудем (не забываем)’.",поколоно ѡ гаврили ѡ посени ко з‐ ати моемоу ко горигори жи коумоу и к‐ о сестори моеи ко оулити чо би есте п‐ оихали во городо ко радости м‐ оеи а нашего солова не ѡста‐ вили да бого вамо радосте ми вашего солова вохи не ѡсота‐ вимо,поколоно ѡ гаврили ѡ посени ко зати моемоу ко горигори жи коумоу и ко сестори моеи ко оулити чо би есте поихали во городо ко радости моеи а нашего солова не ѡставили да бого вамо радосте ми вашего солова вохи не ѡсотавимо,42
538,500,https://gramoty.ru/birchbark/document/show/novgorod/500/,Новгород,1320‒1340 (с вероятным смещением назад),1320,1340,1330,14,Грамота №500,Опись имущества,"‛… полтора рубля серебром, воротник … , другой с хрусталем [т. е. с хрустальными пуговицами], шуба немецкая, кожа выделанная, ржи семь коробей, две необработанных кожи, цепь для котла, мешок куньих шкурок (?), пять телячьих и пять овечьих шкур, котел, сковорода, скобкарь (деревянный двуручный жбан), полотна два локтя, … , полсть, три хомута ременных, узда кованая {(последующее робична неясно)}, икона с гайтаном (шнурком для ношения на груди), попона конская’.",… полъра роублѧ серьбромъ · ѡжерьлиѥ въ -------- дроугоѥ съ хроустаю · шюба не‐ мечькаꙗ · кожа дьланаꙗ · ржи ·з· коробьи · а ·в҃· недьланꙑ · кожи · чепь котьльнаꙗ · мь‐ хъ коунъ ·е҃· телѧнъ ·е҃· ѡвьцинъ : котлець · сковорода · скобъкарь полътна ·в҃· локти · ѡ ------- полъсть ·г҃· хомоутꙑ рьмѧнꙑ · оузда кована · робична · икона с[ъ гот]аном[ъ] (по)п[о]н[а к]онев[а]ꙗ · …‐ [р]о · оу ꙗковли кобꙑлк[и] (…),[UNK] полъра роублѧ серьбромъ · ѡжерьлиѥ въ [UNK] дроугоѥ съ хроустаю · шюба немечькаꙗ · кожа дьланаꙗ · ржи ·з· коробьи · а ·в҃· недьланꙑ · кожи · чепь котьльнаꙗ · мьхъ коунъ ·е҃· телѧнъ ·е҃· ѡвьцинъ : котлець · сковорода · скобъкарь полътна ·в҃· локти · ѡ [UNK] полъсть ·г҃· хомоутꙑ рьмѧнꙑ · оузда кована · робична · икона съ готаномъ попона коневаꙗ · [UNK] ‐ ро · оу ꙗковли кобꙑлки [UNK],90
539,501,https://gramoty.ru/birchbark/document/show/novgorod/501/,Новгород,1320‒1340 (с вероятным смещением назад),1320,1340,1330,14,Грамота №501,От Некефа к Марку (хозяйственное поручение),‛Поклон от Некефа Марку. Возьми «подбор» по мерке (т. е. подходящего размера); и мне тоже бери. А я тебе кланяюсь’.,а поколоно ѿ некефа ко маруку подо[б]оро [п]о[ѥ]ни по розмери [ӏ] ме‐ не ѥни а ѧза тобе колоне‐ юсѧ,а поколоно ѿ некефа ко маруку подоборо поѥни по розмери ӏ мене ѥни а ѧза тобе колонеюсѧ,17
540,502,https://gramoty.ru/birchbark/document/show/novgorod/502/,Новгород,1180‒1200 (с вероятным смещением назад),1180,1200,1190,12,Грамота №502,От Мир(о)слава к Олисею Гречину (о предстоящем допросе полочанина Гавка),"‛От Мир(о)слава к Олисею Гречину. Тут войдет Гавко-полочанин. Спрашивай у него, где он стоит на постое. Если он видел, как я Ивана арестовал, поставь его перед свидетелями, как он скажет (т. е. перед теми свидетелями, которых он назовет)’.",ѿ мирслава к олисьеви ко грициноу а [т]оу [т]и вънидьте гавъко полоцанино прашаи его ко‐ дь ти на господь витаеть ать ти видьло како ти бꙑло ѧ ивана ѧлъ постави ·и· пьредъ людьми како ти взмоловить,ѿ мирслава к олисьеви ко грициноу а тоу ти вънидьте гавъко полоцанино прашаи его кодь ти на господь витаеть ать ти видьло како ти бꙑло ѧ ивана ѧлъ постави ·и· пьредъ людьми како ти взмоловить,38
541,503,https://gramoty.ru/birchbark/document/show/novgorod/503/,Новгород,1140‒1160 (с вероятным смещением назад),1140,1160,1150,12,Грамота №503,От Изосимы (фрагмент монашеского письма),"‛Поклон от Изосимы …’ {После разрыва:} ‛[Я провел (?) пол]жизни у вас и ныне не имею [никакого] достояния, кроме вас. И я за вас Бога молю: Сдила и Гаврия (?) и Мария и Олисава и Домника — многая же вам лета’.",Начальная часть ѿ изосиме покланѧ(ние) … … Конечная часть …‐ л[ъ] века ѫ в[а]съ а нꙑнѧ не [и](м)[амь въ]‐ лости лише въсъ а ѧ за вꙑ бга молю съдила и гравриѧ и мариѧ и олисава и домьника мънога же в[ꙑ] лѣта,Начальная часть ѿ изосиме покланѧние [UNK] Конечная часть [UNK] ‐ лъ века ѫ васъ а нꙑнѧ не имамь вълости лише въсъ а ѧ за вꙑ бга молю съдила и гравриѧ и мариѧ и олисава и домьника мънога же вꙑ лѣта,42
542,504,https://gramoty.ru/birchbark/document/show/novgorod/504/,Новгород,1160‒1180 (с вероятным смещением вперёд),1160,1180,1170,12,Грамота №504,Список имен — церковные поминания и/или заказ на иконы,,ѳом · тимоѳ лариѧна · о-‐ ск-ь · оньн,ѳом · тимоѳ лариѧна · о [UNK] скь · оньн,10
543,505,https://gramoty.ru/birchbark/document/show/novgorod/505/,Новгород,1200‒1220 (с вероятным смещением назад),1200,1220,1210,13,Грамота №505,Фрагмент неопределенного содержания,,ѧд… аост…,ѧд [UNK] аост [UNK],4
544,506,https://gramoty.ru/birchbark/document/show/novgorod/506/,Новгород,1160‒1180 (с вероятным смещением вперёд),1160,1180,1170,12,Грамота №506,Список имен — церковные поминания и/или заказ на иконы,,+ петре : евана : маримиѧна : ѧна : георегиѧ : ѳедорь прокопиѧ оводокиѧ ев[а]на · рожво еоу[п]…,петре : евана : маримиѧна : ѧна : георегиѧ : ѳедорь прокопиѧ оводокиѧ евана · рожво еоуп [UNK],18
545,507,https://gramoty.ru/birchbark/document/show/novgorod/507/,Новгород,1200‒1220 (с вероятным смещением назад),1200,1220,1210,13,Грамота №507,Фрагмент толкования на «Отче наш»,,… (ост)ав[и] (намъ) доло(г)[ꙑ] наша (…) клевету · зависть (·) ненавис(…)‐ т- навѣт[ꙑ] …,[UNK] остави намъ дологꙑ наша [UNK] клевету · зависть · ненавис [UNK] ‐ тнавѣтꙑ [UNK],15
546,508,https://gramoty.ru/birchbark/document/show/novgorod/508/,Новгород,1160‒1180 (с вероятным смещением вперёд),1160,1180,1170,12,Грамота №508,Список имен — церковные поминания и/или заказ на иконы,,иосиѳъ · оноуѳри ӏѡ҃ : милостиви [а]настиѧ соѳиѧ · ѳедосиѧ · ꙋлиѧна · пела‐ гиѧ · оборот (другой почерк): демитре павело оводокиѧ оѳимию гюрьги мироѳа,иосиѳъ · оноуѳри ӏѡ҃ : милостиви анастиѧ соѳиѧ · ѳедосиѧ · ꙋлиѧна · пелагиѧ · оборот другой почерк: демитре павело оводокиѧ оѳимию гюрьги мироѳа,26
547,509,https://gramoty.ru/birchbark/document/show/novgorod/509/,Новгород,1160‒1180 (с вероятным смещением назад),1160,1180,1170,12,Грамота №509,Долговой список с именем Бояна,‛У Воислава возьми 10 кун иста (собственно долга) и 5 кун в качестве процентов: он не дал процентов за два срока. У Нежаты возьми десять кун и гривну. У Будоты возьми гривну процентов. У Бояна в Озеревах возьми шесть кун процентов. А отроку дайте по куне с человека’.,оу воислава възьми :ӏ: коунъ истинь а :е: коунъ намомъ не въдале дъвоихъ намъ ⁞ оу нѣжѧть възьми десѧ‐ ть коунъ и гривьноу ⁞ оу боудоть възьми гривьноу на‐ мѣноую ⁞: оу боѧна възьми шестѣ коунъ намьноую озеревахъ а отрокоу въдаите по коунѣ моужь,оу воислава възьми :ӏ: коунъ истинь а :е: коунъ намомъ не въдале дъвоихъ намъ ⁞ оу нѣжѧть възьми десѧть коунъ и гривьноу ⁞ оу боудоть възьми гривьноу намѣноую ⁞: оу боѧна възьми шестѣ коунъ намьноую озеревахъ а отрокоу въдаите по коунѣ моужь,47
548,510,https://gramoty.ru/birchbark/document/show/novgorod/510/,Новгород,1220‒1240 (с вероятным смещением назад),1220,1240,1230,13,Грамота №510,Документ об обвинении Кузьмой Сдылы и Домажировича,"‛Вот обвинил Кузьма Сдылу и Домажировича. Вы (двое) торговали селом без меня, а я за то село поручитель. Вы развели [по новым местам] челядь и скотину и кобыл и [разделили] рожь, а Домажир бежал, не выкупивши [имущества] у Вячеслава из долга. Как вы (двое) торговали, так и [возместите] мой ущерб — шестьсот ({не указано, каких единиц, — вероятно,} гривен кун); в противном случае пошлите …’",сь сталь бьшь коузма на здꙑлоу и на домажировица торговала еста сьломь бьз мьнь а ѧ за то сьло по‐ роуцнь : и розвьли есть цьлѧдь и скотиноу и кобꙑль и рожь а домажирь побѣгль нь ѿкоупивъ оу вѧць‐ слава из долгоу : како жь еста торговала тако жь (исправит-) [ис]тьрю мою :ꙅ: сотъ пакꙑ жь ли по[сл]и‐ (та) … (…),сь сталь бьшь коузма на здꙑлоу и на домажировица торговала еста сьломь бьз мьнь а ѧ за то сьло пороуцнь : и розвьли есть цьлѧдь и скотиноу и кобꙑль и рожь а домажирь побѣгль нь ѿкоупивъ оу вѧцьслава из долгоу : како жь еста торговала тако жь исправитистьрю мою :ꙅ: сотъ пакꙑ жь ли послита [UNK],58
549,511,https://gramoty.ru/birchbark/document/show/novgorod/511/,Новгород,1160‒1180 (с вероятным смещением вперёд),1160,1180,1170,12,Грамота №511,Фрагмент письма от Лазоря,,ѿ лазорѧ : ко : от… сꙋконо свить : …,ѿ лазорѧ : ко : от [UNK] сꙋконо свить : [UNK],11
550,512,https://gramoty.ru/birchbark/document/show/novgorod/512/,Новгород,1180‒1200,1180,1200,1190,12,Грамота №512,Фрагмент неопределенного содержания,‛а кто и правда будет неверен…’,…а [кътъ] истинъ боудь ньвьрь(нъ) …,[UNK] а кътъ истинъ боудь ньвьрьнъ [UNK],7
551,513,https://gramoty.ru/birchbark/document/show/novgorod/513/,Новгород,1180‒1200 (с вероятным смещением назад),1180,1200,1190,12,Грамота №513,Фрагмент неопределенного содержания,,…жь нама [ѫ иль]-… … ѫ ньго …,[UNK] жь нама ѫ иль- [UNK] ѫ ньго [UNK],10
552,514,https://gramoty.ru/birchbark/document/show/novgorod/514/,Новгород,1300‒1320 (с вероятным смещением назад),1300,1320,1310,14,Грамота №514,Фрагмент с именем св. Иоанна Кущника,,…а · евана · коушьника,[UNK] а · евана · коушьника,6
553,515,https://gramoty.ru/birchbark/document/show/novgorod/515/,Новгород,1160‒1180 (с вероятным смещением назад),1160,1180,1170,12,Грамота №515,Загадка из Беседы трех святителей,,ѿ ѧков(а) … з з з з з …,ѿ ѧкова [UNK] з з з з з [UNK],9
554,516,https://gramoty.ru/birchbark/document/show/novgorod/516/,Новгород,1160‒1180 (с вероятным смещением назад),1160,1180,1170,12,Грамота №516,Долговой список с именем Бояна,"‛У Опаля в Молвотичах 6 кун, у Сновида в Молвотичах 7 кун, у Торчина 3 куны. У Бояна в Озеревах 6 кун. У Местка в Велимичах 2 куны’.",ѫ опалѧ :ꙅ҃: кѫнъ мълъвотицѣхъ ѫ сновида :з҃: кѫнъ мълъвотицѣхъ ѫ търъцина :г҃: кѫнѣ ѫ боѧна :ꙅ҃: кѫнъ озеревахъ ѫ мѣстък[а] :в҃: (кѫнѣ) ве[л]им[и]цѣхъ (…),ѫ опалѧ :ꙅ҃: кѫнъ мълъвотицѣхъ ѫ сновида :з҃: кѫнъ мълъвотицѣхъ ѫ търъцина :г҃: кѫнѣ ѫ боѧна :ꙅ҃: кѫнъ озеревахъ ѫ мѣстъка :в҃: кѫнѣ велимицѣхъ [UNK],40
555,517,https://gramoty.ru/birchbark/document/show/novgorod/517/,Новгород,1140‒1160,1140,1160,1150,12,Грамота №517,Фрагмент неопределенного содержания,,…рали а …прису‐ …,[UNK] рали а [UNK] прису‐ [UNK],7
556,518,https://gramoty.ru/birchbark/document/show/novgorod/518/,Новгород,1140‒1160,1140,1160,1150,12,Грамота №518,«Царствие небесное»,,(цѣсаръ)‐ ств[ъ]е небесъ(ное),цѣсаръствъе небесъное,2
557,521,https://gramoty.ru/birchbark/document/show/novgorod/521/,Новгород,1400‒1410 (с вероятным смещением назад или вперёд),1400,1410,1405,15,Грамота №521,Долговые списки // Заявление о грабеже // Любовный заговор,,Третья запись …ѣ ·г· цетверотк- (жита) оу (ѧ)[къ]шѣ ·г· цетверо‐ тки жита Четвертая запись оу тимошкѣ в гуслехь поторѣ коробьи ржи оу кюра ·г· цетвероткѣ ржи оув ꙑѥвка ·г· цет(ве)‐ ретки пшеницѣ ·г· це(твер)-‐ тки жита,Третья запись [UNK] ѣ ·г· цетвероткжита оу ѧкъшѣ ·г· цетверотки жита Четвертая запись оу тимошкѣ в гуслехь поторѣ коробьи ржи оу кюра ·г· цетвероткѣ ржи оув ꙑѥвка ·г· цетверетки пшеницѣ ·г· цетвер [UNK] тки жита,45
558,522,https://gramoty.ru/birchbark/document/show/novgorod/522/,Новгород,1180‒1200 (с вероятным смещением назад или вперёд),1180,1200,1190,12,Грамота №522,Список имен — церковные поминания и/или заказ на иконы,,пр|о|ко|пи|и семь|м- хр|ьс|ти|на мих ѳо|вр|о спири|(д)оно мариѧ г҃,пр|о|ко|пи|и семь|мхр|ьс|ти|на мих ѳо|вр|о спири|доно мариѧ г҃,31
559,523,https://gramoty.ru/birchbark/document/show/novgorod/523/,Новгород,1160‒1180,1160,1180,1170,12,Грамота №523,Список имен — церковные поминания и/или заказ на иконы,,…бѣ · хрьстина …,[UNK] бѣ · хрьстина [UNK],5
560,524,https://gramoty.ru/birchbark/document/show/novgorod/524/,Новгород,1160‒1180,1160,1180,1170,12,Грамота №524,Просьба о займе,"‛… Пришлите 30 гривен, а иначе возьму в Киеве 60 гривен’.",(…) … [прис]ли[те] :л҃: гривнъ олѧ възмꙋ кꙑеве :҃: гривнъ,[UNK] прислите :л҃: гривнъ олѧ възмꙋ кꙑеве :҃: гривнъ,15
561,525,https://gramoty.ru/birchbark/document/show/novgorod/525/,Новгород,1100‒1120 (с вероятным смещением назад),1100,1120,1110,12,Грамота №525,Письмо от Хрестила к Вышку,,+ ѿ хрьстила къ вꙑшькови · се оу насила есмь възѧлъ · -------- (г)[р]в҃не · а че[т]…,ѿ хрьстила къ вꙑшькови · се оу насила есмь възѧлъ · [UNK] грв҃не · а чет [UNK],19
562,526,https://gramoty.ru/birchbark/document/show/novgorod/526/,Новгород,1050‒1075 (с вероятным смещением назад),1050,1075,1062,11,Грамота №526,Долговой список,"‛За Бояном в Русе гривна. За Житобудом в Русе иста (т. е. собственно долга, без процентов) 13 кун и гривна. На Луге за Негорадом вместе с процентами 3 куны и гривна, за Добровитом с людьми 13 кун и гривна, за Нежком Прожневичем полгривны, за Сиромой без двух ногат гривна. На Шелони за Добромыслом 10 кун, за Животком в Крупом 2 гривны. На Селигере за Хмуном (или: Хмуной) и за Дроздом 5 гривен без куны, за Азгутом и за погощанами 6 гривен и 9 кун. В Дубровне за Хрипаном 2 гривны и 19 [кун]’.",на боѧнѣ въ роусѣ : грвна : на житоб(о)[у]дѣ въ роусѣ :г҃ї: коунѣ : и грвна истинѣ : на лоугѣ на нѣгорадѣ г҃: коунѣ и : грвна съ намꙑ : на добровитѣ : съ людьми :г҃ї: коунѣ и грвна : на нѣжькѣ на пръжневици : полъ : грвнѣ на сиромѣ : без дъвоу ногатоу грвна : на шелонѣ на добро‐ мꙑслѣ :ї҃ коунъ на живо{т}тъкѣ :в҃: грвнѣ кроупѣмь : серегѣри на хъ‐ моунѣ : и на дрозьдѣ ::е҃: грвнъ бес коунѣ : на азъгоутѣ и на погощахъ ѳ҃: коунъ семѣѣ грвнѣ :⁞ доубровьнѣ на хрипанѣ : :ѳ҃ї третьѣѣ грвнѣ :,на боѧнѣ въ роусѣ : грвна : на житобоудѣ въ роусѣ :г҃ї: коунѣ : и грвна истинѣ : на лоугѣ на нѣгорадѣ г҃: коунѣ и : грвна съ намꙑ : на добровитѣ : съ людьми :г҃ї: коунѣ и грвна : на нѣжькѣ на пръжневици : полъ : грвнѣ на сиромѣ : без дъвоу ногатоу грвна : на шелонѣ на добромꙑслѣ :ї҃ коунъ на животъкѣ :в҃: грвнѣ кроупѣмь : серегѣри на хъмоунѣ : и на дрозьдѣ ::е҃: грвнъ бес коунѣ : на азъгоутѣ и на погощахъ ѳ҃: коунъ семѣѣ грвнѣ :⁞ доубровьнѣ на хрипанѣ : :ѳ҃ї третьѣѣ грвнѣ :,143
563,527,https://gramoty.ru/birchbark/document/show/novgorod/527/,Новгород,1050‒1075 (с вероятным смещением назад),1050,1075,1062,11,Грамота №527,Письмо воеводы домой,"‛… Если будет война и на меня нападут, то проситесь через Гостяту к князю’.",…‐ д[ъ]шин[ѣ]и - - - - - - - ати боуде воина а на мѧ почъноу а молитесѧ гостѧтою къ кънѧзю,[UNK] ‐ дъшинѣи - - - - - - - ати боуде воина а на мѧ почъноу а молитесѧ гостѧтою къ кънѧзю,22
564,528,https://gramoty.ru/birchbark/document/show/novgorod/528/,Новгород,1360‒1380 (с вероятным смещением вперёд),1360,1380,1370,14,Грамота №528,К Олеска(н)дру от отца (указания по поводу продажи сыров и масла),"‛Отчий поклон к Олександру. Управился бы ты хорошенько: с теми, что у тебя, сырами; а масло бы продал с помощью Клима (или: [отправив] с Климом)’. {Или, несколько иначе:} ‛Если ты [уже] хорошо управился с теми, что у тебя, сырами, то продал бы ты [и] масло с помощью Клима’. {Далее:} ‛А я тебе кланяюсь: продавал бы ты Климу; [с Климом] Иевко, Степан с братом, Яков’.",от[о]ци поклонь к олоскадру [сто б]ꙑ [еси] д[об]‐ (рѣ дос)пѣле сто у тьбь сирꙑ то бꙑ еси ма[сло] то бꙑ еси продѧле с климомь а ѧ тобѣ клѧнаосѧ продѧва да бꙑ еси климу гиевькѧ стопанѧ братом ь гѧковѧ,отоци поклонь к олоскадру сто бꙑ еси добрѣ доспѣле сто у тьбь сирꙑ то бꙑ еси масло то бꙑ еси продѧле с климомь а ѧ тобѣ клѧнаосѧ продѧва да бꙑ еси климу гиевькѧ стопанѧ братом ь гѧковѧ,37
565,529,https://gramoty.ru/birchbark/document/show/novgorod/529/,Новгород,1380‒1400 (с вероятным смещением назад),1380,1400,1390,14,Грамота №529,Фрагмент неопределенного содержания,,… целовѣку …,[UNK] целовѣку [UNK],3
566,755,https://gramoty.ru/birchbark/document/show/novgorod/755/,Новгород,1420‒1430 (с вероятным смещением назад),1420,1430,1425,15,Грамота №755,Сообщение о претензиях Олексея на долю урожая,"‛Я должен сказать только вот что. Вызвал меня Олексей на гумно, из-за того что Осташка молотит яровую рожь. Олексей его спросил: «Почему молотишь без наших крестьян? Ведь нам принадлежит в земле половина и в урожае доля». [Осташка ответил:] «А велел мне молотить весь ваш хлеб ({букв.:} зерно и семенное и пищевое) старший мой — Иван»’.",толко за мною и словъ позвале мене ѡ̈лекьсѣи на гумно ажь ѡ̈сташька ѡ̈‐ вꙑдь молоти ѡ̈лекъсѣи [ѥг]о воспро‐ си цому молотишь безъ нашихъ сир‐ отъ а намъ в землѣ половина а верь‐ ши цасть и велѣлъ ми старѣшѣи мои и сѣмѧна и ѣмѧна молотить ваш‐ а иване,толко за мною и словъ позвале мене ѡ̈лекьсѣи на гумно ажь ѡ̈сташька ѡ̈‐ вꙑдь молоти ѡ̈лекъсѣи ѥго воспроси цому молотишь безъ нашихъ сиротъ а намъ в землѣ половина а верьши цасть и велѣлъ ми старѣшѣи мои и сѣмѧна и ѣмѧна молотить ваша иване,51
567,756,https://gramoty.ru/birchbark/document/show/novgorod/756/,Новгород,1360‒1380,1360,1380,1370,14,Грамота №756,Фрагмент письма к владыке,"‛[Поклон от такого-то] владыке. Что касается того, что [я пользовался (?) твоими] конями, то за это я, господин, [тебе (?)] вспахал на паровом поле [такой-то участок]. Кланяюсь тебе: дай, господин, ... — [земли (?)] нету’.",(поклоно ѿ … ко) [в]ладики цто есо‐ (мо … к)онми за то господи‐ (не) … возарало на паре‐ (нину … и кланѧ)юсѧ да·и· господине … …[л]и ниту,поклоно ѿ [UNK] ко владики цто есомо [UNK] конми за то господине [UNK] возарало на паренину [UNK] и кланѧюсѧ да·и· господине [UNK] ли ниту,27
568,757,https://gramoty.ru/birchbark/document/show/novgorod/757/,Новгород,1380‒1400 (с вероятным смещением вперёд),1380,1400,1390,14,Грамота №757,"От попа Тимофея к Есифу (о том, что губляне не принимают Федорка)",‛Господину Есифу благословление [и] челобитие от попа Тимофея. Губляне (жители деревни Губа или Губино) твоего слова не слушают — Федорка не принимают. Воля Божья и твоя’.,ѡсподину ѥсиф[у] блас҃ловл(ен)иѥ цел(о)‐ битиѥ ѡто попа ѿ тѣмофиѧ гублѧне твоѥго слова не слушають федорка не прии͘млюте волно бу҃ ӥ тоб[и],ѡсподину ѥсифу блас҃ловлениѥ целобитиѥ ѡто попа ѿ тѣмофиѧ гублѧне твоѥго слова не слушають федорка не прии͘млюте волно бу҃ ӥ тоби,26
569,758,https://gramoty.ru/birchbark/document/show/novgorod/758/,Новгород,1280‒1300 (с вероятным смещением вперёд),1280,1300,1290,13,Грамота №758,Запись о пролежавшем срок товаре,‛Пролежь — три гривны без пяти мордок’.,прольжь : три гривне бес пати мордоко,прольжь : три гривне бес пати мордоко,7
570,759,https://gramoty.ru/birchbark/document/show/novgorod/759/,Новгород,1280‒1300,1280,1300,1290,13,Грамота №759,Цифры и буквы,,а҃ : в҃ : г҃ : д҃ е҃ ѕ҃ [ъъ] [з] [ъз] еда[л] е ꙅ҃,а҃ : в҃ : г҃ : д҃ е҃ ѕ҃ ъъ з ъз едал е ꙅ҃,22
571,760,https://gramoty.ru/birchbark/document/show/novgorod/760/,Новгород,1380‒1400,1380,1400,1390,14,Грамота №760,Фрагмент письма,,… к намъ … …инила… …и · кони …,[UNK] к намъ [UNK] инила [UNK] и · кони [UNK],10
572,761,https://gramoty.ru/birchbark/document/show/novgorod/761/,Новгород,1280‒1300,1280,1300,1290,13,Грамота №761,Роспись податей,"‛На Жестове селище девяносто [гривен], а налицо [должна быть] третья часть. На Радошкове земле … гривен, а на Баране Бессынском 80 гривен. На Неговите сорок. На Хотиле 3 гривны. На …диле три с половиной гривны. У Греня гривна. У Пятши гривна. На Хвибовой земле 12 гривен. На Сен… 9 гривен. На Насилове 12 гривен. На Леске сорок. На Бабине гривна отсроченная (?). На Сальке 2 гривны’.",на жьстове селищь девѧносото а в оке третеѧ цасте на радошкове зе[м](ле :-:) грвно а на баране на бьсꙑньске :п: грвно на ньговить сороко на хотиль ·г: грвне на --‐ диль поло :д: грвне оу гренѧ грвна оу пѧтшь грвна на хвибовь земле :в·ӏ· грвне на сен--- :ѳ: грвно но насиловь :в:ӏ: грвне на льскь сороко на бабине грвна зарьць[н]-- на саль[к]ь в грвне,на жьстове селищь девѧносото а в оке третеѧ цасте на радошкове земле :-: грвно а на баране на бьсꙑньске :п: грвно на ньговить сороко на хотиль ·г: грвне на [UNK] диль поло :д: грвне оу гренѧ грвна оу пѧтшь грвна на хвибовь земле :в·ӏ· грвне на сен [UNK] :ѳ: грвно но насиловь :в:ӏ: грвне на льскь сороко на бабине грвна зарьцьн [UNK] на салькь в грвне,86
573,763,https://gramoty.ru/birchbark/document/show/novgorod/763/,Новгород,1220‒1240,1220,1240,1230,13,Грамота №763,Фрагмент письма,"{Можно понять, что автор желает услышать о здоровье адресата и кланяется ему}",…ослꙑ[ш]а[ти] ---(-) --[о]ров[ее и п]о[кл]анѧюсѧ,[UNK] ослꙑшати [UNK] оровее и покланѧюсѧ,6
574,764,https://gramoty.ru/birchbark/document/show/novgorod/764/,Новгород,1240‒1260 (с вероятным смещением назад или вперёд),1240,1260,1250,13,Грамота №764,Фрагмент неопределенного содержания,,…город…,[UNK] город [UNK],3
575,765,https://gramoty.ru/birchbark/document/show/novgorod/765/,Новгород,1240‒1260,1240,1260,1250,13,Грамота №765,От Данила к его брату Игнату (просьба о плаще и о выделении участка земли),"‛Поклон от Данила брату Игнату. Брат, позаботься обо мне: хожу ведь голый — ни плаща, ни иного чего! Пришли же буро-красный плащ, а я здесь деньги отдам. Да скинь, сколько дашь за сукно. А госпожа [мне ничего] не пожаловала. Умилосердись же, брат, дай мне место на задах: не на чем кормиться. Кланяюсь тебе’.",+ покланѧние ѿ данила ко брату к ꙑгнату брать попецѧлисѧ о мне хожю ти наго ни мѧт[л]ѧ ни иого цого [а] прислꙑ мѧтьле рудаво а седе кунꙑ дам[о] [а] сомеци колико даси на сукне ⁞ а госпожа не придала а уомилоседри[с]ѧ брать дае ми место зади не на цеме сѧ ко‐ рмити и кланѧю ти сѧ,покланѧние ѿ данила ко брату к ꙑгнату брать попецѧлисѧ о мне хожю ти наго ни мѧтлѧ ни иого цого а прислꙑ мѧтьле рудаво а седе кунꙑ дамо а сомеци колико даси на сукне ⁞ а госпожа не придала а уомилоседрисѧ брать дае ми место зади не на цеме сѧ кормити и кланѧю ти сѧ,54
576,766,https://gramoty.ru/birchbark/document/show/novgorod/766/,Новгород,1300‒1320 (с вероятным смещением назад),1300,1320,1310,14,Грамота №766,Фрагмент с упоминанием ограбления пасеки,,… возъ в… … себѣ которои взѧли бч(елꙑ) … мьрꙑ вꙑдерли въ [:](-:) … (гри)‐ внахъ : шест(ь) … взѧл[и] …,[UNK] возъ в [UNK] себѣ которои взѧли бчелꙑ [UNK] мьрꙑ вꙑдерли въ :-: [UNK] гривнахъ : шесть [UNK] взѧли [UNK],22
577,767,https://gramoty.ru/birchbark/document/show/novgorod/767/,Новгород,1200‒1220 (с вероятным смещением назад),1200,1220,1210,13,Грамота №767,Фрагмент с упоминанием Семьюна,,…[и]-[ь] [сь]м[ь]юн[ь] …,[UNK] иь сьмьюнь [UNK],4
578,768,https://gramoty.ru/birchbark/document/show/novgorod/768/,Новгород,1240‒1260,1240,1260,1250,13,Грамота №768,Фрагмент письма,,… во[х]о ли … (со)[вь]зли ко собе оутворо …[дь] · а тꙑ како велиши,[UNK] вохо ли [UNK] совьзли ко собе оутворо [UNK] дь · а тꙑ како велиши,15
579,769,https://gramoty.ru/birchbark/document/show/novgorod/769/,Новгород,1180‒1200,1180,1200,1190,12,Грамота №769,Фрагмент с упоминанием Маляты,,… [о]у малѧтѣ к[ѫ](на) …,[UNK] оу малѧтѣ кѫна [UNK],5
580,770,https://gramoty.ru/birchbark/document/show/novgorod/770/,Новгород,1180‒1200,1180,1200,1190,12,Грамота №770,Фрагмент долгового списка,,(оу) …новичь :з гривьнъ,оу [UNK] новичь :з гривьнъ,6
581,771,https://gramoty.ru/birchbark/document/show/novgorod/771/,Новгород,1300‒1320,1300,1320,1310,14,Грамота №771,От Офимьи (требование прислать гривну серебра за девку),"‛Офимья сообщает тебе весть. Пришли гривну серебра за девку. С ребенком пришли [об этом] весть. {Инструкция посыльному:} Если [тебе] придется долго медлить, то [тоже] пришли весть’.",оѳимиѧ каже весте къ тобе грв҃нꙋ серьбра прис‐ ли на дьвке ⁞ дѣтѧтию присли весте ажь долго бꙋде долго медлѧти присли весте,оѳимиѧ каже весте къ тобе грв҃нꙋ серьбра присли на дьвке ⁞ дѣтѧтию присли весте ажь долго бꙋде долго медлѧти присли весте,23
582,772,https://gramoty.ru/birchbark/document/show/novgorod/772/,Новгород,1300‒1320,1300,1320,1310,14,Грамота №772,Фрагмент письма с упоминанием построек,"{Упомянуты 17 гривен за некие хоромы. Возможно, это долг автора (если в тексте стояло за мною). Но возможны и другие варианты, например:} ‛такой-то заплатил передо мною за хоромы 17 гривен’ {(если в тексте стояло передо мною). Следующая фраза, по-видимому, означает:} ‛Так что пошли мне ...’",… мною [п]ро хороме з҃ї грвно тако поусти [м]н(е) …,[UNK] мною про хороме з҃ї грвно тако поусти мне [UNK],12
583,773,https://gramoty.ru/birchbark/document/show/novgorod/773/,Новгород,1160‒1180,1160,1180,1170,12,Грамота №773,Фрагмент письма,,…и ѿ п… … выпр(ави)… … (в)[ъ] треть … …моу- дьрж[и]… …ѣто поклан…,[UNK] и ѿ п [UNK] выправи [UNK] въ треть [UNK] моудьржи [UNK] ѣто поклан [UNK],15
584,774,https://gramoty.ru/birchbark/document/show/novgorod/774/,Новгород,1160‒1180,1160,1180,1170,12,Грамота №774,Фрагмент письма с упоминанием «перепелок»,"‛... взявши; так что себе возьми (или: возьму, возьмет) ..., потому что «перепелки» ...’",… възьмъши а тако собѣ възм… …[о]до пе[л]ьпьлоке на къ‐ …,[UNK] възьмъши а тако собѣ възм [UNK] одо пельпьлоке на къ‐ [UNK],13
585,775,https://gramoty.ru/birchbark/document/show/novgorod/775/,Новгород,1280‒1300,1280,1300,1290,13,Грамота №775,От Дрочилы к Поникарпу (сообщение о закупке зерна),"‛От Дрочилы к Поникарпу. Вот куплено (или: Куплено тебе) ржи восемнадцать полушек, а пшеницы пять полушек. А теперь вот [денег на] плату нет — а без денег не везут. Либо пришли деньги, либо договорись с кем-нибудь, либо это здесь возьмет, приехавши, Тит. А куплена рожь по полугривне, а пшеница по сорок [кун] без куны. А за коня (или: на коней) пришли (?) мне две гривны серебра. А я, человек небогатый, — кланяюсь (= прошу с поклоном): комиссионных-то [мне] хотя бы по восемь кун и по мордке’.",ѿ дроцили · ко поникаропу · куплено ти рожи · ѡсми надсѧте полушоко : а пешеници ·е· полушоко · а нинѧ · намово нету · а бес куно не везюте · любо же · присли кунꙑ · любо же · а смолови с кꙑмо [·] любо е · седе тите приеха возмете : а ку‐ плено по полу гривни роже · а пешеница · по сороку бес куни · а на кони приши·‐ ли ми ·в· гривни серебра · а ѧ муже небогатое кланѧюсѧ · нама ти хотѧ ти по ·и҃· куну и по мородоки,ѿ дроцили · ко поникаропу · куплено ти рожи · ѡсми надсѧте полушоко : а пешеници ·е· полушоко · а нинѧ · намово нету · а бес куно не везюте · любо же · присли кунꙑ · любо же · а смолови с кꙑмо · любо е · седе тите приеха возмете : а куплено по полу гривни роже · а пешеница · по сороку бес куни · а на кони приши·‐ ли ми ·в· гривни серебра · а ѧ муже небогатое кланѧюсѧ · нама ти хотѧ ти по ·и҃· куну и по мородоки,105
586,776,https://gramoty.ru/birchbark/document/show/novgorod/776/,Новгород,1140‒1160,1140,1160,1150,12,Грамота №776,От Ильи и от Дмитра во Псков к ливу Мостке (требование прислать деньги и угроза),"‛Грамота от Ильи и от Дмитра во Псков к ливу Мостке. Итак: плащ [ценой] в полгривны, одеяло в четыре куны, платок в три куны; ты занял у Теши (?) три куны. За это пришли шесть кун. Пришли же и мою малую нитку. Если же не пришлешь, то учиню тебе рубеж (конфискацию)’.",грамота отъ їли ї отъ дъмитра пльсковѫ ко либинѫ : ко мостокѣ то ти мѧтьль въ поло гривьнѣ · ложьнике въ це‐ тꙑри кѫнѣ юбрѫсе въ трьї кѫнѣ заѧле еси оу тьше трьї кѫнѣ а въ томь шесть кѫно присъли : присъли же мою ї малѫю нитокѫ ѣли не присолеши а рѫти тѧ хоцѫ :,грамота отъ їли ї отъ дъмитра пльсковѫ ко либинѫ : ко мостокѣ то ти мѧтьль въ поло гривьнѣ · ложьнике въ цетꙑри кѫнѣ юбрѫсе въ трьї кѫнѣ заѧле еси оу тьше трьї кѫнѣ а въ томь шесть кѫно присъли : присъли же мою ї малѫю нитокѫ ѣли не присолеши а рѫти тѧ хоцѫ :,54
587,777,https://gramoty.ru/birchbark/document/show/novgorod/777/,Новгород,1280‒1300 (с вероятным смещением назад),1280,1300,1290,13,Грамота №777,Фрагмент письма (о продаже села),"‛… Михалю. Не траться на село: если и продаст, то за 10 гривен и больше’.",(къ) м[и]ха[лю не росход](оуи)‐ сѧ про село аче и пр(ода то) (на гр)[ив]ьнъ ·ӏ҃· и бол[е] …,къ михалю не росходоуисѧ про село аче и прода то на гривьнъ ·ӏ҃· и боле [UNK],19
588,778,https://gramoty.ru/birchbark/document/show/novgorod/778/,Новгород,1200‒1220 (с вероятным смещением назад),1200,1220,1210,13,Грамота №778,Азбука,,а б в г д е ж ꙃ з и ї к л м н о п р с т оу ф х ѿ ц ч ш ъ ѣ ѫ  ю ѧ,а б в г д е ж ꙃ з и ї к л м н о п р с т оу ф х ѿ ц ч ш ъ ѣ ѫ  ю ѧ,33
589,779,https://gramoty.ru/birchbark/document/show/novgorod/779/,Новгород,1180‒1200 (с вероятным смещением вперёд),1180,1200,1190,12,Грамота №779,"От Добр… (просьба в связи с тем, что автор купил землю)",‛От Доброшки (?) [к] … [Займи (?)] у Офоноска (?) семян [столько-то кадей] … [хотя бы и под отдачу половины (?)] — я ведь купил землю [в] …ске. Не смей ослушаться’.,ѿ дъ[б]р… носъка сьмь[н]… ноу криль ти есмь зь[м](лю) ------‐ скь не моги сѧ ослоушати,ѿ дъбр [UNK] носъка сьмьн [UNK] ноу криль ти есмь зьмлю [UNK] скь не моги сѧ ослоушати,17
590,780,https://gramoty.ru/birchbark/document/show/novgorod/780/,Новгород,1180‒1200 (с вероятным смещением вперёд),1180,1200,1190,12,Грамота №780,Запись об изготовлении графьи для росписи храма,,графиѧ …е : сновиде : страшька по[л]оге,графиѧ [UNK] е : сновиде : страшька пологе,8
591,781,https://gramoty.ru/birchbark/document/show/novgorod/781/,Новгород,1220‒1240,1220,1240,1230,13,Грамота №781,Фрагмент письма с упоминанием Пскова,‛… что у вас делается … кто поедет … конь охромел …’,… цто сѧ оу васо дье посол… …цивши к[т]о [п]оедь (-)аѧ … …па конь сѧ охроми[л]ь бо… … о[п]ако посли · оже боуд… …инее ко пльсков(оу) … … (к)оромилице · обь… …котѣ шишѧ … … (сл)[о]вомо : и нам…,[UNK] цто сѧ оу васо дье посол [UNK] цивши кто поедьаѧ [UNK] па конь сѧ охромиль бо [UNK] опако посли · оже боуд [UNK] инее ко пльсковоу [UNK] коромилице · обь [UNK] котѣ шишѧ [UNK] словомо : и нам [UNK],40
592,783,https://gramoty.ru/birchbark/document/show/novgorod/783/,Новгород,1220‒1240,1220,1240,1230,13,Грамота №783,Азбука (неполная),,а б в г д е ж ѕ з,а б в г д е ж ѕ з,9
593,784,https://gramoty.ru/birchbark/document/show/novgorod/784/,Новгород,1200‒1220,1200,1220,1210,13,Грамота №784,Фрагмент письма,"{В первой строке скорее всего стояло ѧзъ ти забы(ле)} ‛я ведь забыл’. {Во второй строке, вероятно, читалось (на) двъръ приде} ‛придет на двор’; {далее следовало указание, с чем (или с кем) придет, или словоформа соли} ‛шли’.",…ею ѧзъ ти заб[ꙑ]… … (на) двъръ приде соли…,[UNK] ею ѧзъ ти забꙑ [UNK] на двъръ приде соли [UNK],11
594,785,https://gramoty.ru/birchbark/document/show/novgorod/785/,Новгород,1200‒1220,1200,1220,1210,13,Грамота №785,Фрагмент письма,,… [покл]анѧние,[UNK] покланѧние,2
595,786,https://gramoty.ru/birchbark/document/show/novgorod/786/,Новгород,1180‒1200 (с вероятным смещением назад),1180,1200,1190,12,Грамота №786,Фрагмент письма,,… въдадите -о… …мъ въдади…,[UNK] въдадитео [UNK] мъ въдади [UNK],6
596,788,https://gramoty.ru/birchbark/document/show/novgorod/788/,Новгород,1180‒1200,1180,1200,1190,12,Грамота №788,Распоряжения о жаловании дружинникам и о сборе недоимок,"‛… [таким-то жалованья столько-то] гривен. А гридям (княжеским дружинникам) две с половиной гривны жалованья же. И, пожалуйста, с Нивоши получи прошлогоднюю гривну. А [если] где недобирает Бездед, то [этим] ведаешь ты (т. е. за это отвечаешь ты)’.",… …ѣ гривьнѣ · а гриди полъ третье (гривь)н[ѣ] оклада же добрѣ же створѧ н нивоше въпра‐ ви же лоньскоую гривьноу · къде ти недоем[л]е безьдѣ‐ де тъ вѣдаеши,[UNK] ѣ гривьнѣ · а гриди полъ третье гривьнѣ оклада же добрѣ же створѧ н нивоше въправи же лоньскоую гривьноу · къде ти недоемле безьдѣде тъ вѣдаеши,27
597,789,https://gramoty.ru/birchbark/document/show/novgorod/789/,Новгород,1075‒1100,1075,1100,1087,11,Грамота №789,Долговой список,"‛В Шидовичах за Негосемом, Режковым зятем, гривна. В Шидовичах у Домана, Тудорова изгоя, 10 кун. В Городецке (Бежецком) в [волости] Волчине за Рокишем 6 кун в [деревне] Ламе’.",шидовицихъ на нѣгосѣмѣ на рьжьковѣ зѧ‐ ти грв҃на шидовицихъ ѫ домана ѫ тоудорова и‐ згоꙗ ї҃ коунъ городьцьскѣ вълъцинѣ на рокꙑши ꙅ҃ коун въ ламѣ,шидовицихъ на нѣгосѣмѣ на рьжьковѣ зѧти грв҃на шидовицихъ ѫ домана ѫ тоудорова изгоꙗ ї҃ коунъ городьцьскѣ вълъцинѣ на рокꙑши ꙅ҃ коун въ ламѣ,28
598,790,https://gramoty.ru/birchbark/document/show/novgorod/790/,Новгород,1180‒1200,1180,1200,1190,12,Грамота №790,Фрагмент письма,"{Ссылаясь на какое-то действие, совершенное «перед людьми», т. е. перед свидетелями, автор чем-то угрожал адресату в случае, если тот не вернет ему его пять гривен.}",… (пе)[р]-д[ъ л]юд[ь]ми ажь н[е] … …‐ [т]и мою п[ѧ]т[ь] г[р](ивьнъ) …,[UNK] пердъ людьми ажь не [UNK] ‐ ти мою пѧть гривьнъ [UNK],12
599,791,https://gramoty.ru/birchbark/document/show/novgorod/791/,Новгород,1180‒1200,1180,1200,1190,12,Грамота №791,Фрагмент неопределенного содержания,,… (ка)‐ [ко т]и сѧ за… н[е и]м…,[UNK] како ти сѧ за [UNK] не им [UNK],9
600,792,https://gramoty.ru/birchbark/document/show/novgorod/792/,Новгород,1180‒1200,1180,1200,1190,12,Грамота №792,Фрагмент неопределенного содержания,,…[е]ни-ѧзо… …о-есот[в]…,[UNK] ениѧзо [UNK] оесотв [UNK],5
601,793,https://gramoty.ru/birchbark/document/show/novgorod/793/,Новгород,1160‒1180 (с вероятным смещением вперёд),1160,1180,1170,12,Грамота №793,Хозяйственные указания с упоминанием Ильки,"‛… [возьми (?)] овса с воз и вези в село к Ра…, … у Ильки, Полюдова старосты. Если же [он будет возражать (?)], то ты сам не смей [ничего сказать (?)]’.",(…) … (о)[вь]са съ возъ и вези же въ село ко ра‐ … оу илькѣ оу полюжа старостѣ аче ти сѧ … …ти а [с]амъ не мог(и) … (…),[UNK] овьса съ возъ и вези же въ село ко ра‐ [UNK] оу илькѣ оу полюжа старостѣ аче ти сѧ [UNK] ти а самъ не моги [UNK],28
602,794,https://gramoty.ru/birchbark/document/show/novgorod/794/,Новгород,1160‒1180 (с вероятным смещением вперёд),1160,1180,1170,12,Грамота №794,"От Петра к Марене (что сказать князю, если он станет наделять купцов)","‛От Петра к Марене. Если станет князь наделять купцов и пришлет к тебе, то ты ему скажи: «Ты, князь, [этим] ведаешь. Кого из мужей мор прошлой зимой унес, те (тех, тем) …»’. {Другое возможное понимание:} «Ты, князь, знаешь, сколько мужей мор прошлой зимой унес …».",+ отъ петра к[ъ] маренѣ ци ти пъц[ь]‐ не кнѧзь кꙋпьцѣ надѣливати а‐ ци ти присъле къ тъбѣ а тꙑ емꙋ м‐ ълъви тꙑ кнѧже вѣдаешь цьт(ъ) мꙋжь мъ[р]е зимꙋси възѧле т[ъ] -- …,отъ петра къ маренѣ ци ти пъцьне кнѧзь кꙋпьцѣ надѣливати аци ти присъле къ тъбѣ а тꙑ емꙋ мълъви тꙑ кнѧже вѣдаешь цьтъ мꙋжь мъре зимꙋси възѧле тъ [UNK],29
603,795,https://gramoty.ru/birchbark/document/show/novgorod/795/,Новгород,1180‒1200 (с вероятным смещением назад),1180,1200,1190,12,Грамота №795,Фрагмент письма к Фоме,,… къ ѳоме …,[UNK] къ ѳоме [UNK],4
604,796,https://gramoty.ru/birchbark/document/show/novgorod/796/,Новгород,1180‒1200 (с вероятным смещением назад),1180,1200,1190,12,Грамота №796,Фрагмент с упоминанием продажи двора,,…‐ [се] дворо про… [ъмъ]…,[UNK] ‐ се дворо про [UNK] ъмъ [UNK],8
605,797,https://gramoty.ru/birchbark/document/show/novgorod/797/,Новгород,1180‒1200 (с вероятным смещением назад),1180,1200,1190,12,Грамота №797,Пробы начала адресной формулы,,ѿ отъ дъ…-тъ д- [м] д,ѿ отъ дъ [UNK] -тъ дм д,8
606,798,https://gramoty.ru/birchbark/document/show/novgorod/798/,Новгород,1160‒1180 (с вероятным смещением назад),1160,1180,1170,12,Грамота №798,От Завида к тетке (?) (указание отдать Марене дань зерном),"‛Поклон от Завида к … ({возможно,} к тетке). Тому из твоих сыновей, у которого есть зерно, прикажи, чтобы отдали дань Марене, поскольку я приду и ты тогда отдашь ({очевидно,} своему сыну) ({букв.:} отдай) назад зерном же. Кланяюсь тебе.’",(покла)[н]ѧние от завида къ те--(-)‐ кѣ оу котораго ти сꙑноу вьр[ь]‐ шь повели оти ѿъдадѧ дат‐ ть маренѣ оже ѧ придоу ти въ‐ дажь опѧть вьрьшью же и покланѧю ти сѧ,покланѧние от завида къ те [UNK] кѣ оу котораго ти сꙑноу вьрьшь повели оти ѿъдадѧ датть маренѣ оже ѧ придоу ти въдажь опѧть вьрьшью же и покланѧю ти сѧ,29
607,799,https://gramoty.ru/birchbark/document/show/novgorod/799/,Новгород,1160‒1180,1160,1180,1170,12,Грамота №799,Роспись расходов и долгов,"‛… [за то-то] резана. В среду за рыб 10 ({вероятно,} резан); в пятницу за рыб 10.’ {Последующий отрезок остается пока неясным. Конец:} ‛У Радяты не взято две с половиной гривны.’",… рѣзана въ середоу на рꙑба‐ хъ ·ї҃: въ пѧтьницоу на рꙑбахъ ·ї҃ на смолѣ в҃ї оушькъ положена коуна ѫ радѧтѣ не възѧто полъ третьѣ гривьнѣ,[UNK] рѣзана въ середоу на рꙑбахъ ·ї҃: въ пѧтьницоу на рꙑбахъ ·ї҃ на смолѣ в҃ї оушькъ положена коуна ѫ радѧтѣ не възѧто полъ третьѣ гривьнѣ,32
608,800,https://gramoty.ru/birchbark/document/show/novgorod/800/,Новгород,1160‒1180,1160,1180,1170,12,Грамота №800,Фрагмент («я поручился за погост»),‛[От … к] …у. Я поручился (взялся отвечать) за погост. Если что-нибудь мне …’,…-оу : ѧле ти сѧ [е]с[ь]мь за погосто : аци цьто ми …,[UNK] -оу : ѧле ти сѧ есьмь за погосто : аци цьто ми [UNK],15
609,803,https://gramoty.ru/birchbark/document/show/novgorod/803/,Новгород,1160‒1180,1160,1180,1170,12,Грамота №803,От Братилы к За…: «Умер в Полоцке Д…»,‛Поклон от Братилы к За… [Умер (?)] вот в Полоцке Д…’,(поклан)[ѧ]ние · о[тъ брат]илѣ · къ за… …тве ти полотьскѣ д… (…),покланѧние · отъ братилѣ · къ за [UNK] тве ти полотьскѣ д [UNK],13
610,804,https://gramoty.ru/birchbark/document/show/novgorod/804/,Новгород,1180‒1200 (с вероятным смещением назад),1180,1200,1190,12,Грамота №804,От Незнанка к Рюре (требование заплатить или ехать на суд в Новгород),"‛От Незнанка к Рюре. Собираешься ли платить 6 гривен? Если не собираешься, то поезжай [на суд] в город’.",отъ незнанъка къ рюрѣ хоцеши ли платити ·ꙅ҃· гривьнъ · али не хочеши а поеди въ городъ,отъ незнанъка къ рюрѣ хоцеши ли платити ·ꙅ҃· гривьнъ · али не хочеши а поеди въ городъ,20
611,805,https://gramoty.ru/birchbark/document/show/novgorod/805/,Новгород,1180‒1200 (с вероятным смещением назад),1180,1200,1190,12,Грамота №805,"Указания на случай, если Шишак откажется платить поралье","‛Хотославову землю, кроме Труфан(ова)’ … ‛Если же сбросит Шишак рало, то пошли …’ {Адресат в этом случае должен послать с--- (может быть, соху ‛небольшую крестьянскую общину’?) на житище, т. е. поле из-под ячменя, и велеть «отрокам» пахать лощину}. … ‛А я пшеницу пришлю. А отроков если Шишак начнет гнать, то посади [его] в Радкову башенку’. {Вариант:} ‛А отроков (пахарей), если Шишак [их] гонит [= не пускает в жилище, которое, видимо, было им арендовано вместе с землей], посели в шалаше/легкой постройке Радка’.",… люч(е) хото(сла)[в]лю [з]емлю кром[ѣ т]р[уфа](н)… ож[е] (т)[и] съв[ь]р[ь]ж[е](ть) шишакъ рало посъли же с‐ --- (на) житищ(е) ----- (от)[р]окомъ оти орють орогъ а ѧ пьшеничю · пр(а)[вл]ю · а отрок- оже ти шишакъ гонить · посади же въ радъко[в](ѣ) [в]ежькѣ,[UNK] люче хотославлю землю кромѣ труфан [UNK] оже ти съвьрьжеть шишакъ рало посъли же с‐ [UNK] на житище [UNK] отрокомъ оти орють орогъ а ѧ пьшеничю · правлю · а отрокоже ти шишакъ гонить · посади же въ радъковѣ вежькѣ,41
612,806,https://gramoty.ru/birchbark/document/show/novgorod/806/,Новгород,1160‒1180 (с вероятным смещением вперёд),1160,1180,1170,12,Грамота №806,Фрагмент письма (денежные дела),"{Последняя фраза:} ‛А Жи… ({вероятно,} Жирослав или Жирочка) заслал в весь погост такое [слово (?): … «столько-то] гривен — по три с половиной на месяц».’",Два срединных фрагмента (соответствие строк лишь предположительно): …езд[а]… мене борисе а повѣжь е[м](оу) … …[а]… хот[ѧ] · а поуст… … отъ степана къ бе… Фрагменты конечной части грамоты: то же ѧ даѧло коу(н)… а брате его добр… …оу а ж[и] ------- з[а](сла)ло въ пого‐ стъ въ въхъ то [с]… …(гри)вьнѣ а по пол(оу цетвь)рьтѣ н(а) мѣсѧчь,Два срединных фрагмента соответствие строк лишь предположительно: [UNK] езда [UNK] мене борисе а повѣжь емоу [UNK] а [UNK] хотѧ · а поуст [UNK] отъ степана къ бе [UNK] Фрагменты конечной части грамоты: то же ѧ даѧло коун [UNK] а брате его добр [UNK] оу а жи [UNK] заслало въ погостъ въ въхъ то с [UNK] гривьнѣ а по полоу цетвьрьтѣ на мѣсѧчь,64
613,807,https://gramoty.ru/birchbark/document/show/novgorod/807/,Новгород,1160‒1180 (с вероятным смещением вперёд),1160,1180,1170,12,Грамота №807,Фрагмент неопределенного содержания,,…е[ни]ѥ …деть а такоѥ же … исп[ꙑ]…,[UNK] ениѥ [UNK] деть а такоѥ же [UNK] испꙑ [UNK],10
614,808,https://gramoty.ru/birchbark/document/show/novgorod/808/,Новгород,1160‒1180,1160,1180,1170,12,Грамота №808,«Степан Бревно»,‛Степан Бревно’,{ст}стьпане бьрьвьнъ,стьпане бьрьвьнъ,2
615,809,https://gramoty.ru/birchbark/document/show/novgorod/809/,Новгород,1160‒1180,1160,1180,1170,12,Грамота №809,Заказ на жемчужные украшения и черную кошму,"‛… прикажи кому-нибудь, чтобы сделали … (какие-то украшения) жемчужные наподобие стрелок … И кланяюсь тебе’. {Приписка:} ‛Да купи черную полстку (т. е. коврик, кошму), да кру[жевами] … обшей. А что потратишь, то у Пятелея … ({может быть:} получишь обратно) деньги’.","(вероятно, основное письмо) … пъвели нѣкъмоу ѿ оуцинѧ[ть] … жемецюженѣ окънъ бꙑше стрѣ[лъкꙑ] … и кланѧю ти сѧ (вероятно, приписка) а полостецю крени церъноу а к[роу]… ошее же а цето истерѧешь а оу [пѧтьлѣ](ѧ) … вѣверицѣ","вероятно, основное письмо [UNK] пъвели нѣкъмоу ѿ оуцинѧть [UNK] жемецюженѣ окънъ бꙑше стрѣлъкꙑ [UNK] и кланѧю ти сѧ вероятно, приписка а полостецю крени церъноу а кроу [UNK] ошее же а цето истерѧешь а оу пѧтьлѣѧ [UNK] вѣверицѣ",39
616,810,https://gramoty.ru/birchbark/document/show/novgorod/810/,Новгород,1160‒1180 (с вероятным смещением назад),1160,1180,1170,12,Грамота №810,Фрагмент долгового списка,"‛… кадь, две осмины и четвертину — по сорока резан. С Тойлирича — [столько-то] …’",… … кадь · дови осмини (и четв)‐ ьртиноу а п сорокоу ризано : на тои[л]иричи …,[UNK] кадь · дови осмини и четвьртиноу а п сорокоу ризано : на тоилиричи [UNK],15
617,811,https://gramoty.ru/birchbark/document/show/novgorod/811/,Новгород,1160‒1180 (с вероятным смещением назад),1160,1180,1170,12,Грамота №811,Фрагмент неопределенного содержания,,…ъ дань… …кома се в… …авде о… …ъложа ест…,[UNK] ъ дань [UNK] кома се в [UNK] авде о [UNK] ъложа ест [UNK],14
618,812,https://gramoty.ru/birchbark/document/show/novgorod/812/,Новгород,1160‒1180 (с вероятным смещением вперёд),1160,1180,1170,12,Грамота №812,К Петру(?) и Якше (о сборе подати),"{Очевидно, автор жаловался Петру и Якше на то, что жители какой-то волости или округи не дают вирных денег. Далее, вероятно, говорилось, что если они этих денег так и не дадут, то следует направить к ним двух мужей от лица новгородской администрации.}",…[о]у и ко ѧкоше не дають вирьних‐ …[е] ти не во[дад]ѧт[ь] а то ти дова моу‐ …,[UNK] оу и ко ѧкоше не дають вирьних‐ [UNK] е ти не водадѧть а то ти дова моу‐ [UNK],21
619,813,https://gramoty.ru/birchbark/document/show/novgorod/813/,Новгород,1160‒1180 (с вероятным смещением вперёд),1160,1180,1170,12,Грамота №813,Фрагмент с упоминанием ногат и резан,,…[ѧт]и ногато и [рь](за)н…,[UNK] ѧти ногато и рьзан [UNK],6
620,814,https://gramoty.ru/birchbark/document/show/novgorod/814/,Новгород,1160‒1180 (с вероятным смещением вперёд),1160,1180,1170,12,Грамота №814,Фрагмент письма,,…е [т]и есмь а собꙑт[и] м[и] … свое,[UNK] е ти есмь а собꙑти ми [UNK] свое,9
621,815,https://gramoty.ru/birchbark/document/show/novgorod/815/,Новгород,1160‒1180,1160,1180,1170,12,Грамота №815,Фрагмент письма,"‛… выдам туда. Если же не дадут (?) … , то я могу (мне позволено) за девяносто … ’",… [в]ъдамъ тамо ажо ти не въда‐ … …[ов-л]ъ [л]ега ми е въ девѧно[с]ъ‐ (т)- … гривьнъ,[UNK] въдамъ тамо ажо ти не въда‐ [UNK] овлъ лега ми е въ девѧносът- [UNK] гривьнъ,18
622,816,https://gramoty.ru/birchbark/document/show/novgorod/816/,Новгород,1160‒1180,1160,1180,1170,12,Грамота №816,Фрагмент письма,,… (по)кланѧние въздое‐ (н)…,[UNK] покланѧние въздоен [UNK],4
623,817,https://gramoty.ru/birchbark/document/show/novgorod/817/,Новгород,1160‒1180,1160,1180,1170,12,Грамота №817,Фрагмент неопределенного содержания,,…ѧ …пра …:оу …ми предаво в[ꙑ] …иживохо,[UNK] ѧ [UNK] пра [UNK] :оу [UNK] ми предаво вꙑ [UNK] иживохо,13
624,818,https://gramoty.ru/birchbark/document/show/novgorod/818/,Новгород,1160‒1180,1160,1180,1170,12,Грамота №818,Черновик завещания (с упоминанием Завида),‛У Песковны 5 кун и гривна. У Фимы 5 кун. У Завида 5 гривен. В кубышке (в тайнике) 4 гривны серебра. Всё это я даю брату’.,оу пьсоковьнѣ е҃: коунъ и гривь‐ на · оу ѳимѣ е҃· коунъ · оу завида ·е҃· гривьнъ · въ тоулѣ ·д҃· гривь‐ нѣ серебра · а се даю въхо братоу,оу пьсоковьнѣ е҃: коунъ и гривьна · оу ѳимѣ е҃· коунъ · оу завида ·е҃· гривьнъ · въ тоулѣ ·д҃· гривьнѣ серебра · а се даю въхо братоу,38
625,819,https://gramoty.ru/birchbark/document/show/novgorod/819/,Новгород,1180‒1200 (с вероятным смещением назад),1180,1200,1190,12,Грамота №819,"От Боряты к Борису (о том, что Борисов отрок заслуживает доверия)",‛От Боряты к Борису. Доверяй своему отроку собирать сколько угодно [денег]: он прав. Шли же [его] на свод к селянам: он прав — я [это] расследовал. А те же две гривны возьми со Сватяты’.,ѿ борѧте къ борисꙋ : емли за свои о‐ трокъ колико ти годьно : правъ ти есть съли же на съводъ къ селѧномъ : правъ ти есть : и сочилъ есмь : и тѣ же ·в҃· гри‐ вьне на сватѧтѣ възьми,ѿ борѧте къ борисꙋ : емли за свои отрокъ колико ти годьно : правъ ти есть съли же на съводъ къ селѧномъ : правъ ти есть : и сочилъ есмь : и тѣ же ·в҃· гривьне на сватѧтѣ възьми,42
626,820,https://gramoty.ru/birchbark/document/show/novgorod/820/,Новгород,1160‒1180 (с вероятным смещением назад),1160,1180,1170,12,Грамота №820,Фрагмент делового письма,"‛… ее передо мною. Если же начнет тянуть [время] ({вариант:} давить), не верь. Судиле не угодно (?) …’",(…) …мале ю пропередъ мъною ачи то ти почьне п[ь]нати не їми вѣрѣ соу[д]и[лѣ] … …‐ годьно (…),[UNK] мале ю пропередъ мъною ачи то ти почьне пьнати не їми вѣрѣ соудилѣ [UNK] ‐ годьно [UNK],18
627,821,https://gramoty.ru/birchbark/document/show/novgorod/821/,Новгород,1160‒1180,1160,1180,1170,12,Грамота №821,"От Негла к Петроку и Якше (жалоба на соарендаторов, согнавших Негла с земли)","‛От Негла к Петроку и Якше. Взял в совместную аренду землю на 5 лет, а теперь соарендаторы пришли и согнали. Пусть же судит староста и Неслуй (?)’.",отъ нѣгъла къ петръкоу и къ ѧкъши сънаѧле зе‐ млоу на :е҃: лѣтъ а нꙑнѣ въкоупъникѣ пришъ и съгонилѣ и соуди староста и неслоуе,отъ нѣгъла къ петръкоу и къ ѧкъши сънаѧле землоу на :е҃: лѣтъ а нꙑнѣ въкоупъникѣ пришъ и съгонилѣ и соуди староста и неслоуе,26
628,822,https://gramoty.ru/birchbark/document/show/novgorod/822/,Новгород,1140‒1160 (с вероятным смещением вперёд),1140,1160,1150,12,Грамота №822,Фрагмент с упоминанием отрока,,…ч[ь]вѣ от[ро]к[ь] …,[UNK] чьвѣ отрокь [UNK],4
629,823,https://gramoty.ru/birchbark/document/show/novgorod/823/,Новгород,1160‒1180 (с вероятным смещением назад),1160,1180,1170,12,Грамота №823,Фрагмент письма с упоминанием Климяты,‛старое Климятино ...’ {или} ‛старое — Климяте’ {и т. п. Концовка письма:} ‛… жив-здоров и приветствую тебя’.,… [в]етъхъе клѣмѧ[т]… … (с)торове и чѣлоую т(ѧ),[UNK] ветъхъе клѣмѧт [UNK] сторове и чѣлоую тѧ,8
630,824,https://gramoty.ru/birchbark/document/show/novgorod/824/,Новгород,1140‒1160 (с вероятным смещением назад),1140,1160,1150,12,Грамота №824,От Жирка к Завиду (указания в связи с посланием Захарьи),"{Жирко сообщает Завиду о том, что Захарья прислал какую-то грамоту (или человека) — возможно, с каким=то требованием. В связи с этим Завид должен либо дать Жирку письменный ответ, либо сам к нему приехать. Письмо заключается фразой:} ‛Так позаботься же об этом’.",+ ѿ жиръка къ завидоу се въсълале заха‐ (рьѧ) … … в[ъсп]иши грамотоу къ мънѣ лоубо ли а са‐ (ме)… …‐ в[ь]рьти тобою а промꙑсли о томъ :,ѿ жиръка къ завидоу се въсълале захарьѧ [UNK] въспиши грамотоу къ мънѣ лоубо ли а саме [UNK] ‐ вьрьти тобою а промꙑсли о томъ :,25
631,825,https://gramoty.ru/birchbark/document/show/novgorod/825/,Новгород,1140‒1160 (с вероятным смещением вперёд),1140,1160,1150,12,Грамота №825,Фрагмент письма от Тудорка к Марене (?),,покланѧни ѿ тоудорока ко м[а]---- ше--…,покланѧни ѿ тоудорока ко ма [UNK] ше [UNK],8
632,826,https://gramoty.ru/birchbark/document/show/novgorod/826/,Новгород,1160‒1180 (с вероятным смещением назад),1160,1180,1170,12,Грамота №826,Фрагмент письма,,… [к]о мо[нѣ] … …тале есм[ь] …,[UNK] ко монѣ [UNK] тале есмь [UNK],7
633,827,https://gramoty.ru/birchbark/document/show/novgorod/827/,Новгород,1140‒1160 (с вероятным смещением назад),1140,1160,1150,12,Грамота №827,Фрагмент с упоминанием «обоятника» или «объядника»,,… [лоуб]о [:] обоѧтьник[а :] …,[UNK] лоубо : обоѧтьника : [UNK],6
634,828,https://gramoty.ru/birchbark/document/show/novgorod/828/,Новгород,1140‒1160,1140,1160,1150,12,Грамота №828,Фрагмент делового содержания,,… [и грив]ена (о)[у] ога…,[UNK] и гривена оу ога [UNK],6
635,829,https://gramoty.ru/birchbark/document/show/novgorod/829/,Новгород,1160‒1180 (с вероятным смещением назад),1160,1180,1170,12,Грамота №829,Просьба к брату в связи с предстоящей поездкой в Киев,"‛… спешно: мне ведь ехать в Киев. Сделай же милость, брат, а я уж тебе отплачу. Приветствую тебя’.",(…) … (во бо)‐ рзѣхо ити ти ми к[ꙑ]е[в]ꙋ [б]ра[ть сот]вори жь ми добро а ѧзо ти сѧ отоплачꙋ а и чѣлꙋю тѧ,[UNK] во борзѣхо ити ти ми кꙑевꙋ брать сотвори жь ми добро а ѧзо ти сѧ отоплачꙋ а и чѣлꙋю тѧ,21
636,830,https://gramoty.ru/birchbark/document/show/novgorod/830/,Новгород,1160‒1180 (с вероятным смещением назад),1160,1180,1170,12,Грамота №830,Фрагмент с упоминанием земель Твердяты,,… (тв)[ьрдѧт]ины ти нив[ы] …,[UNK] твьрдѧтины ти нивы [UNK],5
637,831,https://gramoty.ru/birchbark/document/show/novgorod/831/,Новгород,1140‒1160 (с вероятным смещением назад),1140,1160,1150,12,Грамота №831,От Кузьмы и его детей к Рагуилу (упреки в несправедливых придирках и излишнем доверии к недоброжелателям автора) (черновик письма),"‛От Кузьмы и от его детей к «старшему» Рагуилу. [Я дал (?) коро]ву тебе ценой в полторы гривны; … [и] сыры — это я купил за гривну; да десять сигов и полоть в десять кун. Да попу твоему корову ценой в гривну. И отрокам твоим я оказывал почет и давал [им] дары. И вот [еще] ты забрал у меня рабыню и юношу-раба [совокупной] ценой в семь гривен и другую рабыню ценой в две гривны. Но [это] — благослови тебя Бог. А вот зачем ты придираешься ко мне и к моим детям? Если кто-то заводит тяжбу против меня [и моих детей, — упаси (?) тебя Бог] — это он уже подстрекает [тебя] против меня и моих детей. А ты из-за этого [наслал на меня и на моих детей] двух отроков. А я с детьми …’ {Далее, возможно, речь шла о том, что автор с детьми уплатил некую положенную сумму (подати или штрафа). Смысл последней строки лицевой стороны предположительно таков:} ‛[а из] денег пошло епископу в казну (букв.: во двор) [столько-то]’. ‛дескать, я тут от них от всех (т. е. от своих детей) посаднику с [епископом заплатил только] шесть (вероятно, гривен). А я тебе не колбяг, я тебе не «скудятина» (т. е. нищий)! А уж очень мне было туго (?) тогда. И благословляю тебя во всем. А ты, Степан, переписав на пергамен, пошли’.",ѿтъ коузьме и отъ дети его къ рагоуилови ко старьшоум[о](у) ------- (ко)[р](ъ)‐ воу тобе во полоуторь [гривь](не) ------------------[и сире] а то гривьною кри‐ (лъ есмь и) [дьс]ѧ[ть сиг]ово и пол[ъ]ть во дьсѧть коуно а попови твоемоу коръвоу во [гривь]ноу а троке тво[е ч]истило есмь и даѧлъ дарꙑ а сь еси поѧлъ оу мьне роубоу и паръбоко во сьми гривьно а дроугоую робоу во довоу гривьноу да бласло‐ ви тѧ бо҃го а сь на мѧ чето воздираеши и на мое дети кото ли на мѧ тѧжоу дь‐ ет[ь] --------------[тѧ бъ҃] пострьчьть оужь на мѧ и на мое дети а во то еси -----------------------[и] дова отрока а ѧ съ дьтьми то къ----------- -- [к]оуно дош[ь]-[ъ] писк-(-)[п]оу во дворо ---------т[ъ]к… … … отъ по… боудьть да то тоу боудоу ото нхо посадь[ник]о(у) [с]о [пи]… ото весьхо шьсть а ни ѧ тобе кобѧжанино ни ѧ то[бь] скоу[дь]тина а и горъзно ми [бе]шь тоу---- тъгда да надо вь‐ сьмь тѧ бласловило а тꙑ спе‐ пане пьрьпесаво на хароти‐ тию посъли жь (…),ѿтъ коузьме и отъ дети его къ рагоуилови ко старьшоумоу [UNK] коръвоу тобе во полоуторь гривьне [UNK] и сире а то гривьною крилъ есмь и дьсѧть сигово и полъть во дьсѧть коуно а попови твоемоу коръвоу во гривьноу а троке твое чистило есмь и даѧлъ дарꙑ а сь еси поѧлъ оу мьне роубоу и паръбоко во сьми гривьно а дроугоую робоу во довоу гривьноу да бласлови тѧ бо҃го а сь на мѧ чето воздираеши и на мое дети кото ли на мѧ тѧжоу дьеть [UNK] тѧ бъ҃ пострьчьть оужь на мѧ и на мое дети а во то еси [UNK] и дова отрока а ѧ съ дьтьми то къ [UNK] коуно дошьъ писк [UNK] поу во дворо [UNK] тък [UNK] отъ по [UNK] боудьть да то тоу боудоу ото нхо посадьникоу со пи [UNK] ото весьхо шьсть а ни ѧ тобе кобѧжанино ни ѧ тобь скоудьтина а и горъзно ми бешь тоу [UNK] тъгда да надо вьсьмь тѧ бласловило а тꙑ спепане пьрьпесаво на харотитию посъли жь [UNK],171
638,832,https://gramoty.ru/birchbark/document/show/novgorod/832/,Новгород,1140‒1160 (с вероятным смещением вперёд),1140,1160,1150,12,Грамота №832,Фрагмент письма,,…а--да[т]… … [въ] съто : къде ми [л]ю[бо :] а там(о) …,[UNK] а [UNK] дат [UNK] въ съто : къде ми любо : а тамо [UNK],15
639,833,https://gramoty.ru/birchbark/document/show/novgorod/833/,Новгород,1140‒1160 (с вероятным смещением вперёд),1140,1160,1150,12,Грамота №833,Фрагмент долгового списка,,… (коу)не и гривьна оу … … (коу)не оу медовеника десѧть коуно (оу) …[ж]ѧнина поло десѧте коуне,[UNK] коуне и гривьна оу [UNK] коуне оу медовеника десѧть коуно оу [UNK] жѧнина поло десѧте коуне,17
640,834,https://gramoty.ru/birchbark/document/show/novgorod/834/,Новгород,1140‒1160 (с вероятным смещением назад),1140,1160,1150,12,Грамота №834,К Ильке (жалоба на несправедливое обвинение),"‛Вот, Илька, меня обвинили. А погост судебно преследует меня, заставляя принести роту (или: А погост приносит роту, направленную против меня). А я не должен ни векши. Пошли же на погост того отрока, перед которым ты отдал (или: отдашь)’.",+ се илько пок[л](епали т)и мѧ · а въходить мѧ погосте ротѣ а не виновате есьмъ · ни вѣк(ъ)шею · а посъли отрокъ на погостъ · (п)[ер]е[дъ кꙑ](мъ боуде)[ш]и въд[а]ле,се илько поклепали ти мѧ · а въходить мѧ погосте ротѣ а не виновате есьмъ · ни вѣкъшею · а посъли отрокъ на погостъ · передъ кꙑмъ боудеши въдале,29
641,835,https://gramoty.ru/birchbark/document/show/novgorod/835/,Новгород,1140‒1160 (с вероятным смещением назад),1140,1160,1150,12,Грамота №835,Фрагмент с упоминанием Петра,,… (к)[ъ] иваноу то ти за петръмъ п[ол]ъ …,[UNK] къ иваноу то ти за петръмъ полъ [UNK],9
642,836,https://gramoty.ru/birchbark/document/show/novgorod/836/,Новгород,1140‒1160 (с вероятным смещением назад),1140,1160,1150,12,Грамота №836,Фрагмент письма с просьбой защитить детей автора,‛защити деток моих’,…ад[ьлъ] бери… … (об)[ъ]рънь [д]ѣтъкъ мъихъ …,[UNK] адьлъ бери [UNK] обърънь дѣтъкъ мъихъ [UNK],8
643,837,https://gramoty.ru/birchbark/document/show/novgorod/837/,Новгород,1140‒1160,1140,1160,1150,12,Грамота №837,Фрагмент: «а мы шли шли же» (с рисунком птиц),,…оу а мꙑ шьли ш[ь]ли же …,[UNK] оу а мꙑ шьли шьли же [UNK],8
644,838,https://gramoty.ru/birchbark/document/show/novgorod/838/,Новгород,1140‒1160,1140,1160,1150,12,Грамота №838,Фрагмент неопределенного содержания,,…[о]-адо·о-е[стер]и…,[UNK] оадо·оестери [UNK],5
645,839,https://gramoty.ru/birchbark/document/show/novgorod/839/,Новгород,1140‒1160,1140,1160,1150,12,Грамота №839,"Просьба сообщить, если Дмитр пошлет грамоту князю","‛… Петроку. Ты же, [если окажется, что] послал Дмитр грамоту … князю, то, ради Бога, потрудись ({букв.:} отяготи себя), [напиши мне (об этом)] грамоту. Кланяюсь тебе’.",…ръкоу тꙑ же о‐ …(съ)[л]алъ дъмитръ грамотоу …(кън)ѧзю а ба҃ дѣлѧ отъгъци‐ … (гра)мотоу и покланѧю ти сѧ,[UNK] ръкоу тꙑ же о‐ [UNK] сълалъ дъмитръ грамотоу [UNK] кънѧзю а ба҃ дѣлѧ отъгъци‐ [UNK] грамотоу и покланѧю ти сѧ,24
646,840,https://gramoty.ru/birchbark/document/show/novgorod/840/,Новгород,1140‒1160,1140,1160,1150,12,Грамота №840,Фрагмент неопределенного содержания,,…[л]ъза… …коуша…,[UNK] лъза [UNK] коуша [UNK],5
647,841,https://gramoty.ru/birchbark/document/show/novgorod/841/,Новгород,1120‒1140 (с вероятным смещением вперёд),1120,1140,1130,12,Грамота №841,Фрагмент письма,"‛… не забывай моего [добродеяния (?)] … пожалуйста, попроси … ’",… [нь] забꙑваи моего … (до)[бр]ѣ [с]т[вор]ѧ помо[ли] …,[UNK] нь забꙑваи моего [UNK] добрѣ створѧ помоли [UNK],9
648,842,https://gramoty.ru/birchbark/document/show/novgorod/842/,Новгород,1120‒1140 (с вероятным смещением вперёд),1120,1140,1130,12,Грамота №842,От дьяка и от Ильки (сообщение о посланных припасах),"‛От дьяка и от Ильки. Вот мы [двое] послали 16 лукон ({очевидно,} меда), а масла три горшка. А в среду две свиньи, два хребта ({видимо,} хребтовая часть туши), да три зайца и тетеревов и колбасу, да два коня. У нас все в порядке’.",`+ ѿ дьѧка и ѿ илькѣ се посълаховѣ лоукънъ ·ѕ· на ·ӏ҃· а масла ·г҃· молоствѣ а середѣ ·в҃· свиньи хрьбьта ·в҃· а ·г҃· заѧцѣи тетеревѣ · и кълъбасоу а конѧ ·в҃· и сторова,ѿ дьѧка и ѿ илькѣ се посълаховѣ лоукънъ ·ѕ· на ·ӏ҃· а масла ·г҃· молоствѣ а середѣ ·в҃· свиньи хрьбьта ·в҃· а ·г҃· заѧцѣи тетеревѣ · и кълъбасоу а конѧ ·в҃· и сторова,54
649,843,https://gramoty.ru/birchbark/document/show/novgorod/843/,Новгород,1140‒1160 (с вероятным смещением назад),1140,1160,1150,12,Грамота №843,Фрагмент письма,‛… оба сорочка (товарно-денежная единица) за семь гривен. А если же чего-либо …’,…м[ь] оба сор[о](ка) [н]а семи гривьно а цего ти хотѧ ------- ни собь …,[UNK] мь оба сорока на семи гривьно а цего ти хотѧ [UNK] ни собь [UNK],15
650,844,https://gramoty.ru/birchbark/document/show/novgorod/844/,Новгород,1140‒1160 (с вероятным смещением назад),1140,1160,1150,12,Грамота №844,Фрагмент письма жителей Имоволожского погоста,"‛От имоволожан к … положено с тем, чтобы не было …’",(…) (отъ и)[м]оволожѧн[ъ къ] … … [п]окладено о[ть] не буд[еть] …,[UNK] отъ имоволожѧнъ къ [UNK] покладено оть не будеть [UNK],10
651,846,https://gramoty.ru/birchbark/document/show/novgorod/846/,Новгород,1140‒1160 (с вероятным смещением назад),1140,1160,1150,12,Грамота №846,От Дмитра (просьба выдать «роспись служебную» с книгами),‛Просьба от Дмитра к … Отыщи «роспись служебную» и выдай Кубице вместе с книгами’.,ѿ дъмитра мольба къ [п]… попꙑтаї съчетъкѣ слоужь[б](ьн)… и коубицѣ въдаї съ къни(гами),ѿ дъмитра мольба къ п [UNK] попꙑтаї съчетъкѣ слоужьбьн [UNK] и коубицѣ въдаї съ кънигами,15
652,847,https://gramoty.ru/birchbark/document/show/novgorod/847/,Новгород,1140‒1160 (с вероятным смещением назад),1140,1160,1150,12,Грамота №847,Фрагмент письма (хозяйственные указания),,Первый фрагмент … дворъ шьдъ нарѧди жо … … …[ов]ѣ [сор]оубѣ ед… Второй фрагмент …‐ дъ по[ѣди] … ними пъвозъ · ѧ бꙑ[хъ] … … н[и] ----(-) ни молодога а … … за то …,Первый фрагмент [UNK] дворъ шьдъ нарѧди жо [UNK] овѣ сороубѣ ед [UNK] Второй фрагмент [UNK] ‐ дъ поѣди [UNK] ними пъвозъ · ѧ бꙑхъ [UNK] ни [UNK] ни молодога а [UNK] за то [UNK],34
653,849,https://gramoty.ru/birchbark/document/show/novgorod/849/,Новгород,1140‒1160,1140,1160,1150,12,Грамота №849,"От Петра к Демше (выдать деньги Микуле Кишке, взяв их у Марены)","‛Приветствие от Петра к Демше. Дай Микуле Кишке гривен шесть, взявши у Марены. Приведя его сам, дай в присутствии Марены. А если попросит Ярко, то тому не давай. Приветствую тебя. Сделай же милость, исполни сам’.",цѣлъвъ ѿ петра къ дьмъшѣ даи микоулѣ кꙑшькѣ гривьнъ ·ꙅ· възьмѧ оу маренѣ · самъ же привед(-)[ѧ] его даи же передъ мареною · ци ти ѧръко въ‐ [сп]росить а томоу не даи · и цѣлоую тѧ добрѣ же створѧ исправи же сам[ъ],цѣлъвъ ѿ петра къ дьмъшѣ даи микоулѣ кꙑшькѣ гривьнъ ·ꙅ· възьмѧ оу маренѣ · самъ же приведѧ его даи же передъ мареною · ци ти ѧръко въспросить а томоу не даи · и цѣлоую тѧ добрѣ же створѧ исправи же самъ,43
654,850,https://gramoty.ru/birchbark/document/show/novgorod/850/,Новгород,1140‒1160,1140,1160,1150,12,Грамота №850,"От Борза, от Путьши и от всей дружины к Петроку (о данной авторам земле, с упоминанием князя Святополка)","‛Поклон от Борза, Путьши и всей дружины Петроку. Вот ты дал нам землю … {(далее упомянут князь} Святополк); а теперь …’ {(вероятно, следовало сообщение о том, что некто пытается эту землю отнять).}",покланѧнье ѿ бъръза и отъ поутеши и отъ въхоѣ дроужи‐ нѣ къ петръкоу се еси въдале землю н[а](мъ) -------- в[о] и свѧтопъ(лъ)къ а нꙑнѣ п… … …‐ [го б]оуде [в]ъ тобѣ оправ[ь]и нꙑ бг҃а дѣлѧ али о‐ ------------ поуть а жѧдѣ[н]оу въда[ѣ] (-)е …,покланѧнье ѿ бъръза и отъ поутеши и отъ въхоѣ дроужинѣ къ петръкоу се еси въдале землю намъ [UNK] во и свѧтопълъкъ а нꙑнѣ п [UNK] ‐ го боуде въ тобѣ оправьи нꙑ бг҃а дѣлѧ али о‐ [UNK] поуть а жѧдѣноу въдаѣе [UNK],45
655,851,https://gramoty.ru/birchbark/document/show/novgorod/851/,Новгород,1140‒1160,1140,1160,1150,12,Грамота №851,О денежных делах (с упоминанием князя и варягов),"‛… У Жирочки [вирных денег (?)] тринадцать гривен [без куны (?)]. [Чьих-то ({например,} Ивановых, немчиновых)] денег у Говши [столько-то] гривен. А князь [повелел такому-то], чтобы он вел Го[вшу (?) на свод (?) от] тебя к дружине [и (далее) с отроком (?)] …киным ({например,} Лукиным) — к варяжским [купцам (?)]. Приветствую тебя’",… …стилѣ оу жиръцкѣ ви‐ … (т)ри на десѧ гривнѣ бе …нѧ скъта оу гъвъшѣ … [гр]ивнѣ а кънѧзꙑ … [д]ати ведете гъ‐ … [т]ебе къ дроужинѣ …[к]инъмъ къ варѧж‐ … (и цѣ)[л]оую тѧ,[UNK] стилѣ оу жиръцкѣ ви‐ [UNK] три на десѧ гривнѣ бе [UNK] нѧ скъта оу гъвъшѣ [UNK] гривнѣ а кънѧзꙑ [UNK] дати ведете гъ‐ [UNK] тебе къ дроужинѣ [UNK] кинъмъ къ варѧж‐ [UNK] и цѣлоую тѧ,39
656,852,https://gramoty.ru/birchbark/document/show/novgorod/852/,Новгород,1120‒1140 (с вероятным смещением вперёд),1120,1140,1130,12,Грамота №852,"«… а если будет князь здоров и благополучен, то и о вас позаботимся»","‛А если князь будет здоров и благополучен, то и о вас позаботимся ({букв.:} пусть-ка мы [тогда] и о вас позаботимся)’.",... ...дасть же [ни] о[с]... ---------[те] мое н[ѣ]------а----ако-е (конец письма) …‐ мъ а боуде сторовъ кнѧзь дать да о васъ промꙑслимъ,[UNK] дасть же ни ос [UNK] те мое нѣ [UNK] а [UNK] акое конец письма [UNK] ‐ мъ а боуде сторовъ кнѧзь дать да о васъ промꙑслимъ,27
657,854,https://gramoty.ru/birchbark/document/show/novgorod/854/,Новгород,1140‒1160 (с вероятным смещением вперёд),1140,1160,1150,12,Грамота №854,Деловые указания (с упоминанием Гюргия),"‛… отроков и ловца ({т. е.} охотника или рыболова) … привезут себе «парома», в другой раз (?) — Гургию (Гюргию) … Из деревни ({букв.:} с пахоты {или} с пахотного поля) напиши-ка мне в ответ грамотку о своем здоровье и о детях. А ловца … во время лова … собьют ({возможно,} белок или птиц) … мы забыли ({т. е.} простили) Гюргию …’",…ен… … (о)[тръ]къ и лъ[вьц]а о-- (п)‐ ривезꙋть събѣ пъръма дрꙋ[г]-[ѣ] гꙋрьгеви : из ъръмице ка въсп(и)ши ми грамътицю о свъемъ стъ[р](ъ)вь‐ е и о дѣтьхъ а ловьца н--(-)о‐ -----(-) [в]ъ ловитвахъ ---- п----‐ [з]ꙋть [с]обѣ сотепꙋть ---н-- (гри)‐ вьн[ѣ] забꙑли есме гюрьгеви --- и--зи со дѣт[ь]ми а вво клѣти (----) (…),[UNK] ен [UNK] отръкъ и лъвьца о [UNK] привезꙋть събѣ пъръма дрꙋгѣ гꙋрьгеви : из ъръмице ка въспиши ми грамътицю о свъемъ стъръвье и о дѣтьхъ а ловьца н [UNK] о‐ [UNK] въ ловитвахъ [UNK] п [UNK] зꙋть собѣ сотепꙋть [UNK] н [UNK] гривьнѣ забꙑли есме гюрьгеви [UNK] и [UNK] зи со дѣтьми а вво клѣти [UNK],58
658,855,https://gramoty.ru/birchbark/document/show/novgorod/855/,Новгород,1140‒1160,1140,1160,1150,12,Грамота №855,Дело об избиении и выбитом зубе,"‛… [следовало бы ехать] ныне в город, но не позволяет дьяк. А выбит зуб. Нежатины отроки били их шестерых. А [что касается] штрафа за ущерб, то я выплачу им (или: я соберу, или: я расследую/рассужу)’.",(…) … н[ꙑ]не [въ горъ]дъ но не лего ѿ дьа : а зоубь вꙑбить а нежѧтиници отроки били шьсть : ӏ:хъ а доу‐ жебоу а испралоу : ӏ:мъ,[UNK] нꙑне въ горъдъ но не лего ѿ дьа : а зоубь вꙑбить а нежѧтиници отроки били шьсть : ӏ:хъ а доужебоу а испралоу : ӏ:мъ,30
659,856,https://gramoty.ru/birchbark/document/show/novgorod/856/,Новгород,1140‒1160 (с вероятным смещением назад),1140,1160,1150,12,Грамота №856,Фрагмент («припугни…»),,…да : а огрози нꙑ…,[UNK] да : а огрози нꙑ [UNK],7
660,857,https://gramoty.ru/birchbark/document/show/novgorod/857/,Новгород,1140‒1160 (с вероятным смещением назад),1140,1160,1150,12,Грамота №857,Фрагмент долгового списка,,…------ (:)и: коу(нъ оу) … …а :е҃: коунъ : оу [п]-…,[UNK] :и: коунъ оу [UNK] а :е҃: коунъ : оу п- [UNK],19
661,858,https://gramoty.ru/birchbark/document/show/novgorod/858/,Новгород,1120‒1140 (с вероятным смещением вперёд),1120,1140,1130,12,Грамота №858,Фрагмент письма,‛… у себя держи. Приветствую тебя’.,…-----[в]ъ : ко[г]о … …ронꙑ и оу себе дьрьжи : и челоую те,[UNK] въ : кого [UNK] ронꙑ и оу себе дьрьжи : и челоую те,14
662,859,https://gramoty.ru/birchbark/document/show/novgorod/859/,Новгород,1140‒1160 (с вероятным смещением вперёд),1140,1160,1150,12,Грамота №859,Фрагмент неопределенного содержания,,… мънѣ -ъ…,[UNK] мънѣъ [UNK],3
663,862,https://gramoty.ru/birchbark/document/show/novgorod/862/,Новгород,1100‒1120,1100,1120,1110,12,Грамота №862,Фрагмент письма с угрозой,"‛(Отдай) … гривны. Если же не отдашь, то я пошлю на тебя (судебного исполнителя)’.",… гривьнѣ не въдаси ли а посълю на тѧ …,[UNK] гривьнѣ не въдаси ли а посълю на тѧ [UNK],10
664,863,https://gramoty.ru/birchbark/document/show/novgorod/863/,Новгород,1120‒1140,1120,1140,1130,12,Грамота №863,"Реестр натурального обложения (овес, пшеница, солод)","‛… [столько-то] кадей овса [и малая кадь (?)] пшеницы. У Хотьши, Войняты, Нежика и Хотена по кади солода. А с Городна две кади солода. А у Нежизна и у Тотова две кади солода. А у Раховича две кади солода’.",… д[ъв]… … д[ѣ]жѣ о‐ вьс(а) --------[аѧ пь]шениц[ѣ] · оу хотьшѣ оу воинѧ‐ тѣ · оу нѣжика · оу хотѣна · по дѣжѣ молодога · а съ городьна дъвѣ дѣжѣ молодога · а оу нѣжизна и оу тотова дъвѣ джѣ молодога · а оу раховица дъ‐ вѣ дѣжѣ молодога,[UNK] дъв [UNK] дѣжѣ овьса [UNK] аѧ пьшеницѣ · оу хотьшѣ оу воинѧтѣ · оу нѣжика · оу хотѣна · по дѣжѣ молодога · а съ городьна дъвѣ дѣжѣ молодога · а оу нѣжизна и оу тотова дъвѣ джѣ молодога · а оу раховица дъвѣ дѣжѣ молодога,47
665,864,https://gramoty.ru/birchbark/document/show/novgorod/864/,Новгород,1120‒1140,1120,1140,1130,12,Грамота №864,Фрагмент письма,‛… с собою взял …’,… [и съ] собоѭ възьль : …,[UNK] и съ собоѭ възьль : [UNK],7
666,865,https://gramoty.ru/birchbark/document/show/novgorod/865/,Новгород,1140‒1160 (с вероятным смещением назад),1140,1160,1150,12,Грамота №865,Упражнение в письме: попытка записать азбуку,,а г (-) д ¦ е ж з к - м [н] п и и дм в,а гд ¦ е ж з км н п и и дм в,13
667,866,https://gramoty.ru/birchbark/document/show/novgorod/866/,Новгород,1120‒1140 (с вероятным смещением назад),1120,1140,1130,12,Грамота №866,Запись о ценах кружев,"‛…дорогие (?): двое кружев больших по восьми гривен, кружево меньшее — шесть гривен…’",… -- (до)ро[г]а[ѧ] [к]руж[ивѣ б]ол[ъ]шии по осми гривъ‐ въно круживо мьнешее шъстъ гри‐ вън[о] (…),[UNK] дорогаѧ круживѣ болъшии по осми гривъвъно круживо мьнешее шъстъ гривъно [UNK],12
668,867,https://gramoty.ru/birchbark/document/show/novgorod/867/,Новгород,1140‒1160 (с вероятным смещением назад),1140,1160,1150,12,Грамота №867,От Негла и Говена к Дюрдию,,отъ [не]гола и ото говѣна ко дурьдѣв… п[р]иш-------- [въдаи х]… (…),отъ негола и ото говѣна ко дурьдѣв [UNK] приш [UNK] въдаи х [UNK],13
669,869,https://gramoty.ru/birchbark/document/show/novgorod/869/,Новгород,1120‒1140 (с вероятным смещением назад),1120,1140,1130,12,Грамота №869,Фрагмент с упоминанием «селища»,,… селища · а…,[UNK] селища · а [UNK],5
670,870,https://gramoty.ru/birchbark/document/show/novgorod/870/,Новгород,1120‒1140 (с вероятным смещением вперёд),1120,1140,1130,12,Грамота №870,От «всех людей» к Петру и Якше,"‛Поклон от всех людей Петру и Якше. Вот мы слышали, что грамоты …’",пъкланѧние отъ вьсѣхъ лоудье къ петръ‐ ви и къ ѧкъшѣ се есме слꙑ[шали о]же грамът[ѣ] …,пъкланѧние отъ вьсѣхъ лоудье къ петръви и къ ѧкъшѣ се есме слꙑшали оже грамътѣ [UNK],15
671,871,https://gramoty.ru/birchbark/document/show/novgorod/871/,Новгород,1180‒1200 (с вероятным смещением вперёд),1180,1200,1190,12,Грамота №871,Фрагмент реестра,,… [с]ꙑн[ъ]мъ ¦ помет… … бриханици три [с]л…,[UNK] сꙑнъмъ ¦ помет [UNK] бриханици три сл [UNK],9
672,872,https://gramoty.ru/birchbark/document/show/novgorod/872/,Новгород,1140‒1160,1140,1160,1150,12,Грамота №872,От жабнян к князю и Петроку,"‛От жабнян к князю и к Петроку. Поскольку мы выдали Мезо…’ {(вероятно, человека по имени Мѣзоша).}",[+] ѿ ж[ѧбьнѧ]нъ къ кнѧзоу и къ петръкоу ѧко то есмꙑ вꙑдали мѣзо… …,+ ѿ жѧбьнѧнъ къ кнѧзоу и къ петръкоу ѧко то есмꙑ вꙑдали мѣзо [UNK],14
673,873,https://gramoty.ru/birchbark/document/show/novgorod/873/,Новгород,1140‒1160,1140,1160,1150,12,Грамота №873,Фрагмент неопределенного содержания,,… нꙑнѣ …,[UNK] нꙑнѣ [UNK],3
674,874,https://gramoty.ru/birchbark/document/show/novgorod/874/,Новгород,1120‒1140,1120,1140,1130,12,Грамота №874,Записи Марты: фрагмент,,… … : [оу] --д[ие] : … …[е :] а то в[а]… …,[UNK] : оу [UNK] дие : [UNK] е : а то ва [UNK],13
675,875,https://gramoty.ru/birchbark/document/show/novgorod/875/,Новгород,1120‒1140,1120,1140,1130,12,Грамота №875,Фрагмент неопределенного содержания,,…шар[ъ]щинъ перьдъ къ‐ …,[UNK] шаръщинъ перьдъ къ‐ [UNK],6
676,876,https://gramoty.ru/birchbark/document/show/novgorod/876/,Новгород,1120‒1140 (с вероятным смещением назад),1120,1140,1130,12,Грамота №876,Фрагмент с упоминанием Яжелбиц,‛… люди. А из Яжелбиц …’,…-[ьз]-м[ь л]оу[ди а изъ ѧ]жь[л]ъби‐ (ць) …,[UNK] -ьзмь лоуди а изъ ѧжьлъбиць [UNK],8
677,878,https://gramoty.ru/birchbark/document/show/novgorod/878/,Новгород,1100‒1120 (с вероятным смещением вперёд),1100,1120,1110,12,Грамота №878,Фрагмент с упоминанием Полюда,,… а ѧ ж(е о)[б]а[г]орю ва[съ] а за полоу[д]а … …и[л]и ѥсте …,[UNK] а ѧ же обагорю васъ а за полоуда [UNK] или ѥсте [UNK],13
678,879,https://gramoty.ru/birchbark/document/show/novgorod/879/,Новгород,1120‒1140 (с вероятным смещением вперёд),1120,1140,1130,12,Грамота №879,От Жиряты к Радяте (выдать подателю грамоты зерно),"‛Поклон от Жиряты Радяте. Выдай подателю сего то, что он скажет ({букв.:} что он сказал), — то зернецо’.",ѿ жирѧть покланѧние ко радѧть водаи семꙋ еже рькло вьрьшцю тꙋ,ѿ жирѧть покланѧние ко радѧть водаи семꙋ еже рькло вьрьшцю тꙋ,11
679,880,https://gramoty.ru/birchbark/document/show/novgorod/880/,Новгород,1120‒1140 (с вероятным смещением назад),1120,1140,1130,12,Грамота №880,Фрагмент неопределенного содержания,,…--о-[е с]ѧ… …о не въда[д]ѧ …,[UNK] ое сѧ [UNK] о не въдадѧ [UNK],8
680,881,https://gramoty.ru/birchbark/document/show/novgorod/881/,Новгород,1120‒1140 (с вероятным смещением назад),1120,1140,1130,12,Грамота №881,Фрагмент с упоминанием Валтыра («пощепавши грамоту»),,…ъ валътꙑроу бого сѧ боѧ идоу … …и по[щ]епав[ш]и грамотоу …,[UNK] ъ валътꙑроу бого сѧ боѧ идоу [UNK] и пощепавши грамотоу [UNK],16
681,882,https://gramoty.ru/birchbark/document/show/novgorod/882/,Новгород,1140‒1160,1140,1160,1150,12,Грамота №882,Запись расходов,"‛За соль резана. За рыб резана. На выплату ({очевидно,} наемному работнику) примерно четыре векши’.",на соли резана : на рꙑбахъ резана : на копоу съ :д: ве‐ къше : на ро,на соли резана : на рꙑбахъ резана : на копоу съ :д: векъше : на ро,18
682,883,https://gramoty.ru/birchbark/document/show/novgorod/883/,Новгород,1140‒1160,1140,1160,1150,12,Грамота №883,Фрагмент реестра,,… (гри)‐ вну а рад… гривн…,[UNK] гривну а рад [UNK] гривн [UNK],7
683,884,https://gramoty.ru/birchbark/document/show/novgorod/884/,Новгород,1140‒1160,1140,1160,1150,12,Грамота №884,Оберег: контаминация цитат из псалма 54,,азъ же ги҃ [к]…,азъ же ги҃ к [UNK],6
684,885,https://gramoty.ru/birchbark/document/show/novgorod/885/,Новгород,1140‒1160,1140,1160,1150,12,Грамота №885,От имоволожан и от жаблян к Петру и Якше (о походе на Млёв),"‛От имоволожан и жаблян к Петру и Якше. Мы пошли на Млёв, а Иван к нам не …’",отъ имоволожѧнъ и отъ жѧблѧнъ къ петру и къ ѧ‐ къшѣ шьли мꙑ на мълевъ а и[ва]не [къ] намъ не [съ]‐ …,отъ имоволожѧнъ и отъ жѧблѧнъ къ петру и къ ѧкъшѣ шьли мꙑ на мълевъ а иване къ намъ не съ‐ [UNK],22
685,886,https://gramoty.ru/birchbark/document/show/novgorod/886/,Новгород,1100‒1120 (с вероятным смещением вперёд),1100,1120,1110,12,Грамота №886,Фрагмент письма с упоминанием князя,‛… перед князем объявив … без вас. Если же вы меня держите за … (или: Если же он меня держит за ...)’.,… (пере)‐ д[ъ] к[ъ]нѧз[ьмь] о[б]а[в](и)[в]… … ни без васъ али мѧ имѣе[т]…,[UNK] передъ кънѧзьмь обавив [UNK] ни без васъ али мѧ имѣет [UNK],12
686,887,https://gramoty.ru/birchbark/document/show/novgorod/887/,Новгород,1140‒1160 (с вероятным смещением вперёд),1140,1160,1150,12,Грамота №887,"«Господи, помози рабу своему»",,… (помоз)и раб(о)[у] свое(моу) … … [р](а)[б]оу с(воемоу) …,[UNK] помози рабоу своемоу [UNK] рабоу своемоу [UNK],8
687,888,https://gramoty.ru/birchbark/document/show/novgorod/888/,Новгород,1140‒1160 (с вероятным смещением назад),1140,1160,1150,12,Грамота №888,Фрагмент письма,,… (до)[бр]ѣ сът[в]ори [и] кл(а)нѧю ти с(ѧ) --------- ---[т]ѧ-еме боудише же‐ … …,[UNK] добрѣ сътвори и кланѧю ти сѧ [UNK] тѧеме боудише же‐ [UNK],13
688,889,https://gramoty.ru/birchbark/document/show/novgorod/889/,Новгород,1120‒1140 (с вероятным смещением назад),1120,1140,1130,12,Грамота №889,Фрагмент письма от Добрилы к Петру,"‛От Добрилы к Петру. Бога ради, ...’",(…) (ѿ д)ъбрилѣ · къ п[ь]троу [· бг](а) дѣлѧ …,[UNK] ѿ дъбрилѣ · къ пьтроу · бга дѣлѧ [UNK],12
689,890,https://gramoty.ru/birchbark/document/show/novgorod/890/,Новгород,1140‒1160,1140,1160,1150,12,Грамота №890,"Фрагмент письма, вероятно, адресованного князю (просьба отдать нужное распоряжение Якову)","‛… деньги тебе (?) в прошлом году, а они этим пренебрегают. Так [пошли же (?)] …ка ({возможно,} Петрока) с дружиной или же прикажи Якову, чтобы арестовал (?) …’",… [вьв]ериц------[бе] лони а того не берьгоу [а] … ка со дроужиною алѧ [ѧ]ковоу повели ати прие[м]… …,[UNK] вьвериц [UNK] бе лони а того не берьгоу а [UNK] ка со дроужиною алѧ ѧковоу повели ати прием [UNK],20
690,891,https://gramoty.ru/birchbark/document/show/novgorod/891/,Новгород,1120‒1140,1120,1140,1130,12,Грамота №891,От Петра к Володену (просьба прислать в город коня),"‛От Петра к Володену. Кто раньше всех поедет в город, тому придай коня (т. е. с тем отправь в город коня)’.",ѿ петра къ вълъдѣноу кетъ ти бъръже поидеть въ гъ‐ ръдъ к(ъ) тъмоу же пристави къ‐ не,ѿ петра къ вълъдѣноу кетъ ти бъръже поидеть въ гъръдъ къ тъмоу же пристави къне,15
691,892,https://gramoty.ru/birchbark/document/show/novgorod/892/,Новгород,1120‒1140,1120,1140,1130,12,Грамота №892,От Домки к Нежате (денежные дела),"‛Грамота от Демки к Нежате. … я вложил в подволоки (?) [по стольку-то] ногат. По такой цене и от[дай, если] спросят. А от покровцев … [на столько-то] резан. [У меня] все в порядке’.",грамота : отъ дьмъкꙑ къ ньжѧть … есмь : въклъчилъ : въ подъв… ногатъ : по толику и от… просѧть : а отъ покровь[ц](ь) … рьзан : съдоровъ,грамота : отъ дьмъкꙑ къ ньжѧть [UNK] есмь : въклъчилъ : въ подъв [UNK] ногатъ : по толику и от [UNK] просѧть : а отъ покровьць [UNK] рьзан : съдоровъ,30
692,893,https://gramoty.ru/birchbark/document/show/novgorod/893/,Новгород,1120‒1140 (с вероятным смещением вперёд),1120,1140,1130,12,Грамота №893,Записи Марты: литературное произведение (поучение об управлении домом),"{Строка 1:} ‛… пшеницы две осмины …’ {Строка 2:} ‛… [делай] сам. Если же ведаешь домом, то рано встань, а поздно ляг. А я …’ {Строка 3:} ‛… [рыбу солите как] есть — и потроха, и всё. Если же [окажется, что] вы не солили суща, [а где] случаем сведаете — испробовав, [купите] …’ {Строка 4:} ‛… ради; если же они (родители) [уже] не могут трудиться, то найми для них работника’.",Строка 1: (…) …[е :] (п)[ьшьниць :в: осмине и] … Строка 2: самь абьно же : промꙑшлаѧ : въ домоу : рано : въстани : а поздо л[ѧги : а] ѧзо [ти : есм](ь) … Строка 3: … [ти : б]оу[д]оуть : и чьревие : и въхо : ачи ти не боудьть : солили : соущ[а] -(---) [п]рисовесть : [съпꙑ]‐ (та)… Строка 4: …[б]е [д]ь[л]ѧ : али ти : [не д]ьлаета : а наеми : въ нѧ : наимито :,Строка 1: [UNK] е : пьшьниць :в: осмине и [UNK] Строка 2: самь абьно же : промꙑшлаѧ : въ домоу : рано : въстани : а поздо лѧги : а ѧзо ти : есмь [UNK] Строка 3: [UNK] ти : боудоуть : и чьревие : и въхо : ачи ти не боудьть : солили : соуща [UNK] присовесть : съпꙑта [UNK] Строка 4: [UNK] бе дьлѧ : али ти : не дьлаета : а наеми : въ нѧ : наимито :,87
693,894,https://gramoty.ru/birchbark/document/show/novgorod/894/,Новгород,1120‒1140 (с вероятным смещением вперёд),1120,1140,1130,12,Грамота №894,Фрагмент неопределенного содержания,,… тетꙑнѣ по…,[UNK] тетꙑнѣ по [UNK],4
694,895,https://gramoty.ru/birchbark/document/show/novgorod/895/,Новгород,1120‒1140,1120,1140,1130,12,Грамота №895,Фрагмент неопределенного содержания,,…[исѧ] · а оп…,[UNK] исѧ · а оп [UNK],6
695,896,https://gramoty.ru/birchbark/document/show/novgorod/896/,Новгород,1120‒1140 (с вероятным смещением назад),1120,1140,1130,12,Грамота №896,Фрагмент с упоминанием князя,,…еши кнѧзю … а ѧзъ ти …,[UNK] еши кнѧзю [UNK] а ѧзъ ти [UNK],8
696,897,https://gramoty.ru/birchbark/document/show/novgorod/897/,Новгород,1120‒1140 (с вероятным смещением назад),1120,1140,1130,12,Грамота №897,Фрагмент с упоминанием Ивана,"‛… на него, Ивана. Выведай же … даст за [такого-то], молясь (или: прося) (или: … даст, за [такого-то] молясь) …’",… на нь на ивана а и вꙑвѣдаи(…) … [д]а[с]т[ь з]а (-)-----оу молѧсѧ (…),[UNK] на нь на ивана а и вꙑвѣдаи [UNK] дасть за [UNK] оу молѧсѧ [UNK],15
697,899,https://gramoty.ru/birchbark/document/show/novgorod/899/,Новгород,1120‒1140 (с вероятным смещением назад),1120,1140,1130,12,Грамота №899,Фрагмент письма к Петроку,"‛От такого-то к Петроку. Тот, кто ходил …’",…тръкоу : ижь то ход…,[UNK] тръкоу : ижь то ход [UNK],7
698,900,https://gramoty.ru/birchbark/document/show/novgorod/900/,Новгород,1120‒1140 (с вероятным смещением назад),1120,1140,1130,12,Грамота №900,От гобничей к старосте (требование наложить штраф на Хотьжера),‛От гобничей (или: гибничей) к старосте. Наложи штраф на Хотьжера: не можем его терпеть …’; {после лакуны:} ‛… в селе гривна …’,отъ гъбъницъ къ старостѣ прадаи хотъжъръ не можемъ его тищат(и) … -[в]ъ се[л]ѣ гривън- -та… (…),отъ гъбъницъ къ старостѣ прадаи хотъжъръ не можемъ его тищати [UNK] -въ селѣ гривън- -та [UNK],19
699,901,https://gramoty.ru/birchbark/document/show/novgorod/901/,Новгород,1100‒1120,1100,1120,1110,12,Грамота №901,Фрагмент письма,"‛… если избавлюсь от этого …, мзда тебе будет от Бога …’",…‐ же ти избоудоу сего : ис[к]… (мь)[зд]а ти ѡтъ ба҃ боу[д]ет[ь] …,[UNK] ‐ же ти избоудоу сего : иск [UNK] мьзда ти ѡтъ ба҃ боудеть [UNK],16
700,902,https://gramoty.ru/birchbark/document/show/novgorod/902/,Новгород,1100‒1120 (с вероятным смещением назад),1100,1120,1110,12,Грамота №902,От Домагостя к Хотену (о ходе сбора податей в Езьске),"‛От Домагостя к Хотену. В Езьске разверстали сорок пять гривен. Да я вот сижу тут, а в Волчино-то пошли другого человека’.",ѿ домагости къ хотѣноу ѣзьскѣ роздроубили полъ пѧта десѧте гривьнъ да ѧзъ ти тоу сѣжоу а вълъчиноу си по‐ съли моужь инъ :,ѿ домагости къ хотѣноу ѣзьскѣ роздроубили полъ пѧта десѧте гривьнъ да ѧзъ ти тоу сѣжоу а вълъчиноу си посъли моужь инъ :,22
701,903,https://gramoty.ru/birchbark/document/show/novgorod/903/,Новгород,1075‒1100 (с вероятным смещением вперёд),1075,1100,1087,11,Грамота №903,Фрагмент с упоминанием Ивана,‛… скажи Ивану: дал Тудо[р] … (или: дай Тудо[ру])’,…[оу] --(-)[ѣ]ж[ъ] : иван : въда тдо‐ (р)-…,[UNK] оу [UNK] ѣжъ : иван : въда тдор- [UNK],14
702,904,https://gramoty.ru/birchbark/document/show/novgorod/904/,Новгород,1100‒1120 (с вероятным смещением вперёд),1100,1120,1110,12,Грамота №904,От Тютки к Нежате (денежные дела),‛От Тютки к Нежате. Дай Коснятину шесть гривен’. {Вторая часть:} ‛А ты дай [столько-то] Дрочену’.,ѿ тюткꙑ къ нѣжѧтѣ д[а]------ (-) тиноу :ꙅ: гривьнъ : а тꙑ д---- (-) роценови,ѿ тюткꙑ къ нѣжѧтѣ да [UNK] - тиноу :ꙅ: гривьнъ : а тꙑ д [UNK] - роценови,19
703,905,https://gramoty.ru/birchbark/document/show/novgorod/905/,Новгород,1075‒1100,1075,1100,1087,11,Грамота №905,Долговая запись,‛У Ретки гривна. У Хвалиса гривна. У Тешаты 5 [гривен]’.,оу рьтъкѣ : грин : оу хва‐ лиса : грин ⁞ оу тѣшадѣ ·е·,оу рьтъкѣ : грин : оу хвалиса : грин ⁞ оу тѣшадѣ ·е·,17
704,906,https://gramoty.ru/birchbark/document/show/novgorod/906/,Новгород,1075‒1100 (с вероятным смещением вперёд),1075,1100,1087,11,Грамота №906,Ключевые слова отпуста (среди святых — Борис и Глеб),,ха҃ : бц҃ѣ : петра и пл҃а козмадьмьѧна : оч҃а васильѧ : и бориса и глѣ‐ ба : и свѣхъ ст҃хъ,ха҃ : бц҃ѣ : петра и пл҃а козмадьмьѧна : оч҃а васильѧ : и бориса и глѣба : и свѣхъ ст҃хъ,29
705,907,https://gramoty.ru/birchbark/document/show/novgorod/907/,Новгород,1100‒1120 (с вероятным смещением назад),1100,1120,1110,12,Грамота №907,Письмо к посаднику Гюряте — От Тука к Гюряте (расследование дела о краже),"‛Грамота от Тука к Гюряте. Крали-то братнины холопы, [крали] у брата. А теперь он (хозяин дома), сговорившись с родственниками, свалил [всё] на эту кражу, вместо [того, чтобы объявить] о той краже. А у него (в его ведомстве) действительно украдено, ан ведь он взял (за свое молчание) у Иванкова смерда три гривны, а кражу княжеского имущества скрыл’.",грамота ѿ тоука : къ гюрѧтѣ : крали ти братъни холопи а оу брата а нънѣ ти сѧ съмълъвивъ съ близокъ : вътъкале въ [т]оу татъбоу въ тоѣ мѣсто татъбѣ а оу него ти крадено атъ ти възѧлъ оу иванъ‐ кова съмъръда :г҃ гривнъ : а татъбоу кънѧжоу потаилъ а оу него ти к,грамота ѿ тоука : къ гюрѧтѣ : крали ти братъни холопи а оу брата а нънѣ ти сѧ съмълъвивъ съ близокъ : вътъкале въ тоу татъбоу въ тоѣ мѣсто татъбѣ а оу него ти крадено атъ ти възѧлъ оу иванъкова съмъръда :г҃ гривнъ : а татъбоу кънѧжоу потаилъ а оу него ти к,55
706,908,https://gramoty.ru/birchbark/document/show/novgorod/908/,Новгород,1075‒1100 (с вероятным смещением назад),1075,1100,1087,11,Грамота №908,Деловая запись «за день четыре постава»,‛За день четыре постава (сукна и т. п.)’ {или:} ‛В течение дня четыре блюда’.,о дьнь :д҃: посдави,о дьнь :д҃: посдави,7
707,909,https://gramoty.ru/birchbark/document/show/novgorod/909/,Новгород,1075‒1100,1075,1100,1087,11,Грамота №909,Фрагмент письма к Хотену,,…[т]ѣнови оже ми еси при‐ …вѫ ·д҃· гривьнꙑ то вꙑме‐ … [гри]вьноу да даи т[врд]ѧтѣ …и не [д]ъ… (…),[UNK] тѣнови оже ми еси при‐ [UNK] вѫ ·д҃· гривьнꙑ то вꙑме‐ [UNK] гривьноу да даи тврдѧтѣ [UNK] и не дъ [UNK],27
708,910,https://gramoty.ru/birchbark/document/show/novgorod/910/,Новгород,1075‒1100,1075,1100,1087,11,Грамота №910,Запись о сборе «медового»,"‛Медового — 5 сорочков и 3 годовалых бобра; 5 {(не указано, каких единиц)} [сбора] с денег’.",мьдвьнаго :е҃: соръчьць и :г҃: ѧрци :е: съ кно,мьдвьнаго :е҃: соръчьць и :г҃: ѧрци :е: съ кно,17
709,911,https://gramoty.ru/birchbark/document/show/novgorod/911/,Новгород,1075‒1100,1075,1100,1087,11,Грамота №911,Фрагмент военного предписания,‛Поклон от … Да иди сам [с гарнизоном] в сорок [человек] с женами и с детьми до …’,по[к](ланѧние ѿ) … … да иди сам[ъ въ] со[р](окѣ) … … (съ же)нам[и] и съ дѣтьми и до … … …ѣта[ю] ни м-… … …-и р[о]т-…,покланѧние ѿ [UNK] да иди самъ въ сорокѣ [UNK] съ женами и съ дѣтьми и до [UNK] ѣтаю ни м- [UNK] -и рот- [UNK],27
710,912,https://gramoty.ru/birchbark/document/show/novgorod/912/,Новгород,1050‒1075,1050,1075,1062,11,Грамота №912,От Людьслава к Хотену (просьба прислать деньги),"‛Грамота от Людьслава к Хотену. Пришли мне деньги. Даже если не пошлешь Свеня, всё равно пришли’.",грамота ѿ [л]юдьславъ хотѣноу присъли ми вѣверичѣ : оже ти свѣнѧ не поустѧ : а присъли,грамота ѿ людьславъ хотѣноу присъли ми вѣверичѣ : оже ти свѣнѧ не поустѧ : а присъли,16
711,913,https://gramoty.ru/birchbark/document/show/novgorod/913/,Новгород,1050‒1075,1050,1075,1062,11,Грамота №913,"Перечень церковных праздников, приходящихся на осень и начало зимы",,на ржьство бц҃ѣ : на въ‐ звиженье крс҃та : лоу‐ кꙑ : дьмитрью : коу‐ змꙑ дьмьѧ : миха‐ ила и гаври : фили‐ па : врръварѣ : на рожьство хв҃о : на о‐ брѣзанье : на крщ҃нье,на ржьство бц҃ѣ : на възвиженье крс҃та : лоукꙑ : дьмитрью : коузмꙑ дьмьѧ : михаила и гаври : филипа : врръварѣ : на рожьство хв҃о : на обрѣзанье : на крщ҃нье,40
712,914,https://gramoty.ru/birchbark/document/show/novgorod/914/,Новгород,1050‒1075,1050,1075,1062,11,Грамота №914,Ключевые слова отпуста,,ха҃ : бц҃и : николꙑ : м[р]… : климта : възнесениѧ : дъмитр… волоса : петр… павла : всх҃ъ ст҃ꙑх : маръѳ[ꙑ],ха҃ : бц҃и : николꙑ : мр [UNK] : климта : възнесениѧ : дъмитр [UNK] волоса : петр [UNK] павла : всх҃ъ ст҃ꙑх : маръѳꙑ,32
713,915,https://gramoty.ru/birchbark/document/show/novgorod/915/,Новгород,1050‒1075,1050,1075,1062,11,Грамота №915,От Рожнета к Коснятину (требование прислать деньги и угроза),"‛От Рожнета к Коснятину. Ты взял в Киеве у моего отрока гривну серебра. Пришли деньги. Если же не пришлешь, то [это станет займом] в половину (т. е. под 50% роста)’.",ѿ : ро:жнѣ:та : къ : къ:снѧ:ти:ноу : вь:зѧ‐ лъ : е:си : оу : о:тро:{к}ка : мо:е:го : кꙑ:е:вѣ гри:вь:ноу : се:ре:бра : при:съ:ли : коу:нꙑ о:же : ли : не : при:съ:ле:ши то : ти : въ : по:лꙑ,ѿ : ро:жнѣ:та : къ : къ:снѧ:ти:ноу : вь:зѧлъ : е:си : оу : о:тро:ка : мо:е:го : кꙑ:е:вѣ гри:вь:ноу : се:ре:бра : при:съ:ли : коу:нꙑ о:же : ли : не : при:съ:ле:ши то : ти : въ : по:лꙑ,90
714,916,https://gramoty.ru/birchbark/document/show/novgorod/916/,Новгород,1280‒1300 (с вероятным смещением вперёд),1280,1300,1290,13,Грамота №916,Тропарь,"‛Сие говорит Иосиф девице: «Мария! Что это за дело, что я тебя [такою] вижу? Недоумеваю и дивлюсь и умом ужасаюсь! Тайно (без огласки) прочь от меня немедленно! И было [так]: от церкви и от иереев как Господню я тебя принял (или: А ты была от церкви и от иереев, как Господню я тебя принял). Ты [же] хулу мне принесла за честь, срам за веселье, скорбь вместо того, чтобы [мне] хвалиться»’.",[си] глт҃ь есиѳ[о] (ко) дьвць марие : цто дьло се ежь ть‐ бь ви:жю ньдоꙋмью и дивлюсѧ и ꙋмомь ꙋжѧса‐ юсѧ : таї ѿ мьнь бꙋди скоро и бꙑ ѿ цр҃кви и ѿ ерьи ѧко гн҃ю тѧ приѧхо хꙋлꙋ ми приньсла еси за цьсть срамꙋтꙋ за вьсьлье скорбь за нь хвалитисѧ,си глт҃ь есиѳо ко дьвць марие : цто дьло се ежь тьбь ви:жю ньдоꙋмью и дивлюсѧ и ꙋмомь ꙋжѧсаюсѧ : таї ѿ мьнь бꙋди скоро и бꙑ ѿ цр҃кви и ѿ ерьи ѧко гн҃ю тѧ приѧхо хꙋлꙋ ми приньсла еси за цьсть срамꙋтꙋ за вьсьлье скорбь за нь хвалитисѧ,57
715,918,https://gramoty.ru/birchbark/document/show/novgorod/918/,Новгород,1320‒1340 (с вероятным смещением назад или вперёд),1320,1340,1330,14,Грамота №918,Надпись на донце берестяного туеска («Посадник Оксинтий»),,посаднике ѡкс‐ интии,посаднике ѡксинтии,2
716,919,https://gramoty.ru/birchbark/document/show/novgorod/919/,Новгород,1180‒1200 (с вероятным смещением назад),1180,1200,1190,12,Грамота №919,Долговая запись,‛У Глебца [долга] 12 гривен’.,ꙋ глебьцѧ :в҃ї: гривь‐ ни:,ꙋ глебьцѧ :в҃ї: гривьни:,9
717,920,https://gramoty.ru/birchbark/document/show/novgorod/920/,Новгород,1180‒1200 (с вероятным смещением назад),1180,1200,1190,12,Грамота №920,Фрагмент хозяйственных распоряжений,"‛… А пойди в город срочно. А ржи не продавай. Что (или: Если что-то) ты…л, то …’",… [а пои]д[и во] городо боро‐ з[о] а рожи не продаи цето е[си с]-----‐ ль ано пе[ре]…,[UNK] а поиди во городо борозо а рожи не продаи цето еси с [UNK] ль ано пере [UNK],18
718,921,https://gramoty.ru/birchbark/document/show/novgorod/921/,Новгород,1180‒1200 (с вероятным смещением назад),1180,1200,1190,12,Грамота №921,Фрагмент письма,{Фрагмент …[и]цоу — конец какого-то отчества или слова типа пьшеницоу. Далее стояло:} ‛а я …’,…[и]цоу : а ѧзо …,[UNK] ицоу : а ѧзо [UNK],6
719,922,https://gramoty.ru/birchbark/document/show/novgorod/922/,Новгород,1180‒1200 (с вероятным смещением назад),1180,1200,1190,12,Грамота №922,Фрагмент (денежные дела),‛… [столько-то кун] и 2 гривны; а дано 9 кун и [столько-то гривен] …’,… [и :]в: гривнь а водано :ѳ: кно и …,[UNK] и :в: гривнь а водано :ѳ: кно и [UNK],14
720,923,https://gramoty.ru/birchbark/document/show/novgorod/923/,Новгород,1180‒1200 (с вероятным смещением назад),1180,1200,1190,12,Грамота №923,Фрагмент реестра,‛У такого-то (названного по отчеству) взято…’,… (уо) …[о]вича возѧто на …,[UNK] уо [UNK] овича возѧто на [UNK],7
721,924,https://gramoty.ru/birchbark/document/show/novgorod/924/,Новгород,1180‒1200 (с вероятным смещением назад),1180,1200,1190,12,Грамота №924,Фрагмент акта со списком свидетелей,"‛… нет дела ни до чего. Поп, Радила [и] Шеломына послухи (букв.: послухами)’. {Но возможно также и иное понимание:} ‛поп Радила’.",…[оуже не н]а‐ (добе ниц)[ето же попо р]адила шеломꙑна послоухꙑ,[UNK] оуже не надобе ницето же попо радила шеломꙑна послоухꙑ,10
722,925,https://gramoty.ru/birchbark/document/show/novgorod/925/,Новгород,1180‒1200 (с вероятным смещением назад),1180,1200,1190,12,Грамота №925,Фрагмент неопределенного содержания,‛перемерь’ {или} ‛перемерив’,… [п]ер[е]мер[и]во но[жо]…,[UNK] перемериво ножо [UNK],4
723,926,https://gramoty.ru/birchbark/document/show/novgorod/926/,Новгород,1180‒1200 (с вероятным смещением назад),1180,1200,1190,12,Грамота №926,Смета расходов,‛Четыре гривны за Техонова коня. Сыну его гривна. Микифору пять с половиной кун и гривна. Гюлопиничу семь кун. Псковитину восемь с половиной кун. Домашку восемь с половиной резан. За соль куна. За рыбу ({букв.:} рыб) две куны. За рыбий жир девять. От [цены] рыбьих внутренностей четыре векши’.,·д· грвнѣ на т[ѣ]хони кони · сн҃оу ѥго · грвна · микиѳороу полъ ·ꙅ· кнѣ и грвна · гюлопиницю ·з· кнъ · пльсковитиноу полъ ·ѳ· кнѣ домашкоу · полъ ·ѳ· рѣзанѣ · на соли кна · на рꙑбахъ ·в· кнѣ · на салѣ ·ѳ҃· ѡ церевии ·д· вѣкш,·д· грвнѣ на тѣхони кони · сн҃оу ѥго · грвна · микиѳороу полъ ·ꙅ· кнѣ и грвна · гюлопиницю ·з· кнъ · пльсковитиноу полъ ·ѳ· кнѣ домашкоу · полъ ·ѳ· рѣзанѣ · на соли кна · на рꙑбахъ ·в· кнѣ · на салѣ ·ѳ҃· ѡ церевии ·д· вѣкш,67
724,927,https://gramoty.ru/birchbark/document/show/novgorod/927/,Новгород,1180‒1200 (с вероятным смещением назад),1180,1200,1190,12,Грамота №927,Об уплате за сукно для иноческого облачения,‛А вот за водмолец монашеский пять с половиной кун’.,:+ а сь на водмолчь пло :ѕ҃: куо‐ нь на їночььмо,:+ а сь на водмолчь пло :ѕ҃: куонь на їночььмо,14
725,928,https://gramoty.ru/birchbark/document/show/novgorod/928/,Новгород,1430‒1450 (с вероятным смещением назад),1430,1450,1440,15,Грамота №928,Фрагмент раздельной грамоты,"‛… [по такую-то] границу …’. {После разрыва:} ‛… в еловую. Из еловой [границы] на островскую дорогу. Островской дорогой до островской межи. По островской меже с махновской межи на большую дорогу, старой межой в ручей Лубницу и вверх на болотце. С болотца на верховье Дубницкого ручья. Дубницким ручьем вниз до Семенова ручья. Семеновым ручьем, с Семенова ручья на лог’. {После разрыва:} ‛… луговой еланью (прогалиной)’.",…‐ ю [гр]аницю ѥлов… и вь ѥловую изь ѥловои на путь и на ѡстровескои ѡстрове‐ скимъ путемъ до ѡстровескои межи {ѡ[с]} по ѡстровескои ме‐ жи с махновескои межи на великеи путь старои межеи в лубьницю в руцеи верх{о}ъ на болоце з болоцьца на верхо‐ вьѥ дубницкого руцьѧ дубницкимъ руцьѥмь в низъ до см‐ (енова ру)[цьѧ] сменовимъ руцьѥмъ {в} сменова руцьѧ на логъ … …----- [л]уговою ѥлан[ь](ю) …,[UNK] ‐ ю границю ѥлов [UNK] и вь ѥловую изь ѥловои на путь и на ѡстровескои ѡстровескимъ путемъ до ѡстровескои межи по ѡстровескои межи с махновескои межи на великеи путь старои межеи в лубьницю в руцеи верхъ на болоце з болоцьца на верховьѥ дубницкого руцьѧ дубницкимъ руцьѥмь в низъ до сменова руцьѧ сменовимъ руцьѥмъ сменова руцьѧ на логъ [UNK] луговою ѥланью [UNK],62
726,929,https://gramoty.ru/birchbark/document/show/novgorod/929/,Новгород,1280‒1300 (с вероятным смещением вперёд),1280,1300,1290,13,Грамота №929,Сообщение о вызове на судебное разбирательство,"{В версии «а»:} ‛И позвал нас господин на Комель (или: И [он] позвал нас, господин, на Комель), и мы пошли на Комейне (Комельне) с Максом после [этой] речи (т. е. после устного извещения о вызове). И Макс подкинет’. {В версии «б»:} ‛И позвал нас господин на Комель (или: И [он] позвал нас, господин, на Комель), и мы пошли на Комейне (Комельне) с Максом. И после разбирательства ({букв.:] речей) Макс подкинет’.",и позвале насъ · господине на комелъ и пошли єсме на ко‐ мѣине с максомъ росле ре[ц]и Оборот и макее {при}‐ прикинѣ да,и позвале насъ · господине на комелъ и пошли єсме на комѣине с максомъ росле реци Оборот и макееприкинѣ да,20
727,930,https://gramoty.ru/birchbark/document/show/novgorod/930/,Новгород,1400‒1410 (с вероятным смещением назад или вперёд),1400,1410,1405,15,Грамота №930,Заговор-молитва против лихорадки («Сисиниева легенда»),"‛Святой Сисиний и Сихаил сидели ({букв.:} сидя) на горах Синайских, смотря на море. И был шум с небес, велик и страшен. И увидел ангела, летящего с неба, — святого Сисиния и Сихаила, носящего наручни (части воинского доспеха) ледяные, а в руках держащего оружие пламенное. И тут взволновалось море, и вышли семь жен простоволосых, окаянные на вид; они были схвачены силою невидимого царя. И сказали святой Сисиний и Сихаил: «Откуда [идете?..]»’",ст҃ꙑи сисинѣи и сихаилъ сѣдѧщ- (н)[а] горахъ си‐ наистии смотрѧще на море · и [бѣ] шюмъ с не‐ бесѣ велико · и страшно · и види анг҃ла летѧ‐ ща с нб҃сѣ ст҃го сисиниѧ · и сиха(ила) [н]ару‐ ци имуще ледѧнꙑ · а в руку · д[ѣ](ржа)ща ꙩ‐ ружьꙗ пламена [·] но аби(ѥ) [въ]змути‐ сѧ море · изиидоша ·з· женъ · простовла‐ сꙑхъ · ꙩкании · видѣниѥмъ · изꙑм‐ анꙑ бꙑша силою · невимаго цр҃ѧ · и рѣ‐ ша ст҃ꙑ[и сис](инии) [и] сихаилъ ѿ(ку)[д]у г(рѧ‐) (дете) …,ст҃ꙑи сисинѣи и сихаилъ сѣдѧщна горахъ синаистии смотрѧще на море · и бѣ шюмъ с небесѣ велико · и страшно · и види анг҃ла летѧща с нб҃сѣ ст҃го сисиниѧ · и сихаила наруци имуще ледѧнꙑ · а в руку · дѣржаща ꙩружьꙗ пламена · но абиѥ възмутисѧ море · изиидоша ·з· женъ · простовласꙑхъ · ꙩкании · видѣниѥмъ · изꙑманꙑ бꙑша силою · невимаго цр҃ѧ · и рѣша ст҃ꙑи сисинии и сихаилъ ѿкуду грѧдете [UNK],89
728,931,https://gramoty.ru/birchbark/document/show/novgorod/931/,Новгород,1400‒1410 (с вероятным смещением назад или вперёд),1400,1410,1405,15,Грамота №931,К Семену от жены (совет прекратить конфликт и ждать ее возвращения),‛Наказ Семену от жены. Утихомирил бы ты [всех] попросту и ждал бы меня. А я тебе челом бью’.,приказъ къ смену ꙩ же‐ ни ꙩ женѣ цо бꙑ ѥси оуго‐ мон{о}ъ доспѣлъ по про‐ сту а мене здуци а ѧзъ тобѣ целомъ бѣю,приказъ къ смену ꙩ жени ꙩ женѣ цо бꙑ ѥси оугомонъ доспѣлъ по просту а мене здуци а ѧзъ тобѣ целомъ бѣю,22
729,932,https://gramoty.ru/birchbark/document/show/novgorod/932/,Новгород,1400‒1410 (с вероятным смещением назад или вперёд),1400,1410,1405,15,Грамота №932,Грамота с упоминанием посадника Самсона Ивановича — список вызываемых свидетелей,"‛Константина Остафьина, Самсона Иванова, Кузьму Сильванова с детьми’.",костанина ꙩста‐ фнина самсона иван{ав}ова кузм‐ у з дитми силв{н}а‐ нова,костанина ꙩстафнина самсона иванова кузму з дитми силванова,8
730,933,https://gramoty.ru/birchbark/document/show/novgorod/933/,Новгород,1400‒1410 (с вероятным смещением назад или вперёд),1400,1410,1405,15,Грамота №933,Грамота посадника Ивана — отказ ездить вместо игумена на поселье,"‛Наказ от посадника Ивана игумену и всей пастве. Зачем нам ездить от вас на село, если нам [всё равно] земли не досмотреть и крестьянских [дел] не рассмотреть?’",приказъ [ѿ] (посадн)‐ ика ѿ ивана к [и]‐ гумну и ко все‐ му стаду по цт‐ о намъ ѥ{д}здити ѿ васъ на посе‐ льѥ аже нмъ зе‐ мли не досмотрит‐ ь сиротъ не росм‐ отритъ н,приказъ ѿ посадника ѿ ивана к игумну и ко всему стаду по цто намъ ѥздити ѿ васъ на посельѥ аже нмъ земли не досмотрить сиротъ не росмотритъ н,28
731,934,https://gramoty.ru/birchbark/document/show/novgorod/934/,Новгород,1140‒1160 (с вероятным смещением вперёд),1140,1160,1150,12,Грамота №934,От Домашки к Братиле (об освобождении Братилова сына),‛От Домашки к Братиле. Иди немедленно в город: я выручил твоего ({букв.:} тебе) сына с Гавшей’.,:+: ѿ дъмашеке къ братиле иди ѡко стоѧ во гъродъ вꙑправиле ти есмѣ сꙑно съ гавошею,:+: ѿ дъмашеке къ братиле иди ѡко стоѧ во гъродъ вꙑправиле ти есмѣ сꙑно съ гавошею,18
732,935,https://gramoty.ru/birchbark/document/show/novgorod/935/,Новгород,1180‒1200 (с вероятным смещением вперёд),1180,1200,1190,12,Грамота №935,Реестр некоего сбора,"‛У Федора 20, у Василя 10, у [другого] Федора 8, у Гаврилы 4, у Сидора 4, у смердов 4, у Сутимира 10, у Гюргиева старосты 10. А у Бориса 5, у Гречина 4, у Якима 24, у Григи с Радятой 30’.",ꙋ ѳьдора ¦к¦ ꙋ василѧ ¦ӏ¦ ꙋ ѳьдора ¦и¦ ꙋ гавориле ¦д¦ ꙋ сидора ¦д¦ ꙋ смьрьдо ¦д¦ ꙋ соутимира ¦ӏ¦ ꙋ гюрьгева старости ¦ӏ¦ а ꙋ бориса ¦е¦ ꙋ {ꙋ} грицина ¦д¦ ꙋ ѧкима ¦к¦д¦ ꙋ григе со радѧ‐ тою ¦л¦,ꙋ ѳьдора ¦к¦ ꙋ василѧ ¦ӏ¦ ꙋ ѳьдора ¦и¦ ꙋ гавориле ¦д¦ ꙋ сидора ¦д¦ ꙋ смьрьдо ¦д¦ ꙋ соутимира ¦ӏ¦ ꙋ гюрьгева старости ¦ӏ¦ а ꙋ бориса ¦е¦ ꙋ грицина ¦д¦ ꙋ ѧкима ¦к¦д¦ ꙋ григе со радѧтою ¦л¦,66
733,936,https://gramoty.ru/birchbark/document/show/novgorod/936/,Новгород,1160‒1180,1160,1180,1170,12,Грамота №936,От Ивана к Мирошке (с упоминанием Луки),"‛От Ивана к Мирошке же. Теперь (?)…’ ‛в …вицах взятое мне, Луке, Т… [надлежит принять (получить, раздать) и т.п.]’; {или:} ‛в …вицах взятое мне Луке т[еперь надлежит передать]’; {или:} ‛а это мне, Луке, Т… [положено, обещано и т.п.]’.",отъ ивана къ мирошекѣ же то[пь](рьво) … …‐ вицѧ[хо] -т[ое] монѣ [л]оукѣ т…,отъ ивана къ мирошекѣ же топьрьво [UNK] ‐ вицѧхотое монѣ лоукѣ т [UNK],13
734,937,https://gramoty.ru/birchbark/document/show/novgorod/937/,Новгород,1380‒1400 (с вероятным смещением назад),1380,1400,1390,14,Грамота №937,"Письмо к тысяцкому (позднее посаднику) Василию Носу — От Юрия к Носу (о посылке ста коробей [возможно, солода])",‛От Юрия к Носу. Я послал тебе с Михалкой сто коробей …’,ѿ юреѧ к носу послале ѥсемъ [с] михалъкою сто коробѣи м‐ …,ѿ юреѧ к носу послале ѥсемъ с михалъкою сто коробѣи м‐ [UNK],13
735,938,https://gramoty.ru/birchbark/document/show/novgorod/938/,Новгород,1380‒1400 (с вероятным смещением назад),1380,1400,1390,14,Грамота №938,Долговой список,"‛У Саввы Пачина за землю полкоробьи ржи, у племянника [его] полкоробьи ржи’.",у савѣ у пацина полъ коробьи ржи в землѣ у братана полъ коробьи ржи,у савѣ у пацина полъ коробьи ржи в землѣ у братана полъ коробьи ржи,14
736,939,https://gramoty.ru/birchbark/document/show/novgorod/939/,Новгород,1380‒1400 (с вероятным смещением назад),1380,1400,1390,14,Грамота №939,Фрагмент распоряжений,,…‐ ку со женои даи коро[бь]ю рж[и] а … …,[UNK] ‐ ку со женои даи коробью ржи а [UNK],10
737,940,https://gramoty.ru/birchbark/document/show/novgorod/940/,Новгород,1140‒1160 (с вероятным смещением вперёд),1140,1160,1150,12,Грамота №940,Фрагмент письма от Сдеслава,,отъ сьдеслав… … …[в]и[л]и …,отъ сьдеслав [UNK] вили [UNK],5
738,942,https://gramoty.ru/birchbark/document/show/novgorod/942/,Новгород,1380‒1400 (с вероятным смещением назад),1380,1400,1390,14,Грамота №942,К Ульяне от мужа: «Поиди сюда немедленно»,‛[Наказ от] …я к жене своей Ульяне. Пойди сюда немедленно’.,…[ꙗ къ] жени своѥи ульꙗни по‐ идь симь какъ стоꙗ,[UNK] ꙗ къ жени своѥи ульꙗни поидь симь какъ стоꙗ,10
739,943,https://gramoty.ru/birchbark/document/show/novgorod/943/,Новгород,1180‒1200 (с вероятным смещением назад),1180,1200,1190,12,Грамота №943,Фрагмент (распоряжение о покупке зерна),"‛[От Х-а к Y-у. Что касается того, чтобы] купить рожь, то купи там, а здесь не надейся’. {После лакуны (где, вероятно, указывалась цена на рожь):} ‛… [по] девяти резан, а ячмень по две ногаты. И всё [это] тебе [следует] … ({может быть: } привезти)’.",… (р)ожь куопити то куопи тамо а сьмо сѧ нь надьи … (по дь)[в]ѧти рьза а жито по двь ногать [а в]охо ти …,[UNK] рожь куопити то куопи тамо а сьмо сѧ нь надьи [UNK] по дьвѧти рьза а жито по двь ногать а вохо ти [UNK],24
740,944,https://gramoty.ru/birchbark/document/show/novgorod/944/,Новгород,1140‒1160 (с вероятным смещением назад),1140,1160,1150,12,Грамота №944,Письмо к женщине о распределении имущества,"‛… (А) про имущество, так это на руки (т. е. в распоряжение и ответственность) Богу и тебе, [то же] и про села. А про села ты сама знаешь. А на то [свидетель] Бог’.",… [п]р‐ о{о} живото а то бг҃ови и тобь на руци и п‐ ро села а про села сама веси а на то бо҃го,[UNK] про живото а то бг҃ови и тобь на руци и про села а про села сама веси а на то бо҃го,26
741,945,https://gramoty.ru/birchbark/document/show/novgorod/945/,Новгород,1180‒1200 (с вероятным смещением назад),1180,1200,1190,12,Грамота №945,Фрагмент с упоминанием Гостяты,"‛… иную работу дома, а это тебе Гостята…’",…‐ съ иноу роботоу дома а то тобѣ [г]о[стѧта] …,[UNK] ‐ съ иноу роботоу дома а то тобѣ гостѧта [UNK],11
742,946,https://gramoty.ru/birchbark/document/show/novgorod/946/,Новгород,1180‒1200 (с вероятным смещением назад),1180,1200,1190,12,Грамота №946,Фрагмент письма,‛не вздумай’,…а-- не моги …,[UNK] а [UNK] не моги [UNK],6
743,947,https://gramoty.ru/birchbark/document/show/novgorod/947/,Новгород,1140‒1160 (с вероятным смещением назад),1140,1160,1150,12,Грамота №947,Фрагмент письма Бране (?) с предписанием взыскать долг,"‛От X-а к Бране (или ...бране). Возьми у Y-а полгривны Гюряты (или Гюрятинича), а если [Y] не даст, пошли [к нему] отрока’.",… бранѣ възь[ми] … (п)олъ гривьнѣ гюрѣти‐ … … (н)е въда · да пристави отрокъ,[UNK] бранѣ възьми [UNK] полъ гривьнѣ гюрѣти‐ [UNK] не въда · да пристави отрокъ,15
744,948,https://gramoty.ru/birchbark/document/show/novgorod/948/,Новгород,1360‒1380 (с вероятным смещением вперёд),1360,1380,1370,14,Грамота №948,От Парфея к Еремею (о ржи и о гончей),"‛Наказ от Парфея Еремею (или: Еремье). Что касается ржи …’ {Конец второй строки надежно восстановить не удается; можно предполагать, в частности: мину[л](осѧ) не хо(ди)} ‛[то эта нужда] миновала — не ходи’. {Далее:} ‛А насчет гончего щенка: я пошлю [его] с Оксентием к Остафье. Если (или: Что) ты не отдал …’",приказъ ѿ пареѳеѧ (къ) ѥрем-- цто про роже мину[л]--- не хо(ди) (--) да про вꙑжлѧ посл[ю] (ѡк)сент[и]ѥмо к остаѳеи · [ѥ]же буде[ш]е не ѿда‐ (л)…,приказъ ѿ пареѳеѧ къ ѥрем [UNK] цто про роже минул [UNK] не ходи [UNK] да про вꙑжлѧ послю ѡксентиѥмо к остаѳеи · ѥже будеше не ѿдал [UNK],27
745,949,https://gramoty.ru/birchbark/document/show/novgorod/949/,Новгород,1360‒1380 (с вероятным смещением назад или вперёд),1360,1380,1370,14,Грамота №949,"От Петра к Семену, Якову, Еремею и Степану (денежные дела)","‛Поклон от Петра Семену, Якову, Еремье (Еремею) и Степану. Жаловали бы вы меня за ваши деньги. Вот теперь [так] меня пожалуйте: возьмите два рубля …’",поклонъ ѿ потра ко смону и ко ꙗковоу и ко ѥремъи · и степаноу что бꙑ мѧ ѥсте жаловалѣ про своѥ коунѣ и нꙑ‐ [н]ѣ [мѧ] жалоуите възмите два роу‐ (блѧ) … …и [поуз]‐ …,поклонъ ѿ потра ко смону и ко ꙗковоу и ко ѥремъи · и степаноу что бꙑ мѧ ѥсте жаловалѣ про своѥ коунѣ и нꙑнѣ мѧ жалоуите възмите два роублѧ [UNK] и поуз‐ [UNK],34
746,950,https://gramoty.ru/birchbark/document/show/novgorod/950/,Новгород,1100‒1120,1100,1120,1110,12,Грамота №950,"Фрагмент письма к отцу (просьба передать нечто князю, хозяйственные указания)","{Отрезок …[ц]оу — возможно, конец наименования адресата; это могло быть, в частности, къ отьцоу. Далее сказано:} ‛Дал бы (ты [?]) князю …’. {После разрыва:} ‛А поп-то молился…’ {(ти — усилительная частица) или} ‛А поп тебя просил… ’ {(ти — ‛тебе’). На обороте:} ‛… сенник продай. А что (или: а что тебе) на нем (или: за ним; или: за него) … , то я ему выправлю …’ {После разрыва:} ‛А я тебе кланяюсь. Мы у вас {(двойств. число, dativus ethicus)} благополучны (т. е. у нас все в порядке)’. {Если последняя фраза имела продолжение, то она могла значить, например,} ‛Мы у вас благополучно дошли’ или ‛Мы вам благополучно товар доставили’ и т. п.",…[ц]оу въдалъ бꙑ кънѧзоу …[ити а] поп[ъ] ти [сѧ м]о[л]и[л]ъ Оборот … а сеньникъ продаи а чьто ти на немь …[с]ано а оно ѧзъ в[ꙑ]правлоу емоу и не ве(--) … (ѧ)[зъ] т[и] сѧ пок[ла]н[ѧю по] сторовоу ва есмꙑ (…),[UNK] цоу въдалъ бꙑ кънѧзоу [UNK] ити а попъ ти сѧ молилъ Оборот [UNK] а сеньникъ продаи а чьто ти на немь [UNK] сано а оно ѧзъ вꙑправлоу емоу и не ве [UNK] ѧзъ ти сѧ покланѧю по сторовоу ва есмꙑ [UNK],42
747,951,https://gramoty.ru/birchbark/document/show/novgorod/951/,Новгород,1120‒1140 (с вероятным смещением назад или вперёд),1120,1140,1130,12,Грамота №951,Фрагмент неопределенного содержания,,…[ок]азаль плоуто‐ [ре],[UNK] оказаль плоуторе,3
748,952,https://gramoty.ru/birchbark/document/show/novgorod/952/,Новгород,1160‒1180 (с вероятным смещением назад),1160,1180,1170,12,Грамота №952,От Радка к отцу (об убийстве Путилы и критическом положении автора); от Вячешки к Лазарю (сообщение об отправке вьючного коня),"‛От Радка поклон отцу. Товарец я послал в Смоленск. А Путилу-то убили. А нас с Вячешкой хотят арестовать за Фому — говорят: «Заплатите четыреста гривен или же зовите сюда Фому. Если же нет, то всадим вас в погреб (темницу)». И поклон от Вячешки Лазорю. Я послал коня вьючного, а сам готов (приготовился)’.",ѿ радъка къ отьцьви покланѧние товарьць есьмо посълаль смольньскоу а поутилоу ти оубили а хотѧть нꙑ ѧти въ ѳо‐ моу съ вѧцьшькою а мълъвѧ заплатите четꙑри съта гривьнъ или а зовите ѳомоу сѣмо пакꙑ ли да въсадимо вꙑ въ погрьбо и покланѧние ѿ вѧцьшькѣ къ лазорьви послаль есмь конь юковоуцько а самь есмь доспѣль,ѿ радъка къ отьцьви покланѧние товарьць есьмо посълаль смольньскоу а поутилоу ти оубили а хотѧть нꙑ ѧти въ ѳомоу съ вѧцьшькою а мълъвѧ заплатите четꙑри съта гривьнъ или а зовите ѳомоу сѣмо пакꙑ ли да въсадимо вꙑ въ погрьбо и покланѧние ѿ вѧцьшькѣ къ лазорьви послаль есмь конь юковоуцько а самь есмь доспѣль,53
749,953,https://gramoty.ru/birchbark/document/show/novgorod/953/,Новгород,1160‒1180 (с вероятным смещением назад),1160,1180,1170,12,Грамота №953,От Игната (фрагмент письма),‛От Игната … возьмите (?) арендную плату…’,ѿ игната … …тот… …мите наемꙑ …,ѿ игната [UNK] тот [UNK] мите наемꙑ [UNK],8
750,954,https://gramoty.ru/birchbark/document/show/novgorod/954/,Новгород,1120‒1140 (с вероятным смещением назад),1120,1140,1130,12,Грамота №954,От Жирочка и Тешка к Вдовину (распоряжение передать Шильцу обвинение в «пошибании» свиней),‛Грамота от Жирочка и от Тешка к Вдовину. Скажи Шильцу: «Зачем ты портишь чужих свиней? А писал(а) [это] из села Ноздрька. Ты осрамил весь Людин конец: с того берега грамота. Она была про коней — что ты с ними то же сотворил»’,грамота · ѿ жирочька и ѿ тѣшька къ вьдъвиноу · млви шильцеви · це‐ моу пошибаеши свиньѣ цюжѣ · а пь и села нъдрька · а еси посоромилъ ко‐ ньць въхъ людинь · со оного полоу грамата · про къни же та бꙑс оже е‐ си тако сътворилъ ·,грамота · ѿ жирочька и ѿ тѣшька къ вьдъвиноу · млви шильцеви · цемоу пошибаеши свиньѣ цюжѣ · а пь и села нъдрька · а еси посоромилъ коньць въхъ людинь · со оного полоу грамата · про къни же та бꙑс оже еси тако сътворилъ ·,49
751,955,https://gramoty.ru/birchbark/document/show/novgorod/955/,Новгород,1140‒1160 (с вероятным смещением назад),1140,1160,1150,12,Грамота №955,От Милуши к Марене (о предстоящем браке дочери Марены и Сновида),{Основная часть:} ‛От Милуши к Марене. Большой Косе — пойти бы ей замуж за Сновида. Маренка! Пусть же напьется (набухнет) рождающее лоно!’ {Дополнительная часть:} ‛Говорит тебе Милуша: дай две гривны вчерашние’.,Основная часть Ѿ милоушѣ къ марьнѣ коси вѣ‐ ликее пъехати бъ е‐ и за сновида Маренко пеи пизда и сѣкꙑле Дополнительная часть Рѣкла ти такъ милоушѧ въдаи :в҃: гриве‐ не вецѣрашенеи,Основная часть Ѿ милоушѣ къ марьнѣ коси вѣликее пъехати бъ еи за сновида Маренко пеи пизда и сѣкꙑле Дополнительная часть Рѣкла ти такъ милоушѧ въдаи :в҃: гривене вецѣрашенеи,31
752,956,https://gramoty.ru/birchbark/document/show/novgorod/956/,Новгород,1140‒1160 (с вероятным смещением назад),1140,1160,1150,12,Грамота №956,От Михаля (денежные дела),"‛От Михаля к [Х-у. У Y‑a] деньгами взяв 9 гривен, [сделай то-то]’",ото [ми]ха[лѧ ко] … (вѣве)‐ рицѧми въземо ѳ҃ г[ри]в[ь]н…,ото михалѧ ко [UNK] вѣверицѧми въземо ѳ҃ гривьн [UNK],10
753,957,https://gramoty.ru/birchbark/document/show/novgorod/957/,Новгород,1100‒1120,1100,1120,1110,12,Грамота №957,Надпись «Воибудино луконце» (с проклятием злоумышленнику),"‛Войбудино луконце (= лукошко). Кто его украл или украдет, да проклят будет или будут. А писал Шевко’.",воибоудино лоукъньчо иже е уклъдеть да пр‐ оклѧтъ боудеоуть а шьвъко ѱлъ,воибоудино лоукъньчо иже е уклъдеть да проклѧтъ боудеоуть а шьвъко ѱлъ,13
754,958,https://gramoty.ru/birchbark/document/show/novgorod/958/,Новгород,1075‒1100,1075,1100,1087,11,Грамота №958,Фрагмент долгового списка,‛… Пять гривен на …ах. На Влищеве гривна [и] три гривны и семь с половиной кун. На Дуйцине гривна и полторы гривны’.,… [е҃ г]ри(в) (на) …‐ хъ на вълищевѣ грив ·г҃· грив и пол ·и҃· коун ·на дѫеци‐ нѣ грив и пол ·в҃· грив,[UNK] е҃ грив на [UNK] ‐ хъ на вълищевѣ грив ·г҃· грив и пол ·и҃· коун ·на дѫецинѣ грив и пол ·в҃· грив,34
755,959,https://gramoty.ru/birchbark/document/show/novgorod/959/,Новгород,1075‒1100,1075,1100,1087,11,Грамота №959,От Станигостя к Олуче (жалоба на несправедливую конфискацию кобылы),‛От Станигостя к Олуче. Вот ты конфисковал у меня кобылу. А я в этом [деле] не виноват. А тебе доносил про табун Жирнежко — так оштрафуй [его] на три гривны’.,ѿ станигости къ олоучи то ти (еси пор)оуб[л](ъ) оу мене кобꙑлоу а ѧзъ не в[и](новат)[ъ] въ (то)‐ мъ а тобѣ съказъвалъ (про ста)до ж[и]‐ рънѣжъко а продаи на ·[г҃](· гривън)ꙑ,ѿ станигости къ олоучи то ти еси пороублъ оу мене кобꙑлоу а ѧзъ не виноватъ въ томъ а тобѣ съказъвалъ про стадо жирънѣжъко а продаи на ·г҃· гривънꙑ,31
756,960,https://gramoty.ru/birchbark/document/show/novgorod/960/,Новгород,1160‒1180 (с вероятным смещением назад или вперёд),1160,1180,1170,12,Грамота №960,Фрагмент письма с упоминанием Якуна,"‛(от) Якуна то, что сверх [указанного], забери’.",… [ѧ]коуна изб[ътъ]к[ъ] приими …,[UNK] ѧкоуна избътъкъ приими [UNK],5
757,962,https://gramoty.ru/birchbark/document/show/novgorod/962/,Новгород,1430‒1450,1430,1450,1440,15,Грамота №962,"От Олексея к Софонтею и Тимофею (изложение обстоятельств конфликта с попом из покоса, просьба прислать официальную грамоту)","‛Челом бьет Олексей от Заболотья (?) Софонтию и Тимофею. Что [касается того, что] вы поручили мне свою землю, то я теперь пораздавал пожни от вашего имени. Поп говорит: «Предъяви грамоту, на основании которой ты давал». Олексей [говорит]: «Приказали мне старшие (старосты), и я давал». А теперь поп говорит так: «Ты давал пожни в наймы, а кто будет те пожни косить, тех я схвачу, да траву на шею привяжу и поведу в город (то есть в Новгород)». Как, господа, теперь обо мне позаботитесь? А я вам, своим господам, челом бью. Если, господа, меня пожалуете, то отошлите, господа, ко мне грамотку до Петрова дня, потому что, господа, сено косят на Петров день’.",{п}чоломъ бьѥть ꙩлексеі + ѻ заболотьѧ · софонтею · тимоф[ѣ]ю · чо есте приказали мнѣ · свою землю · нонѣ · ӧсподо подовалъ ѥси пожни вашимъ здоровьѥмь · попъ молвить положи · гра‐ моту по чому еси давалъ олесеі приказали ми старѣшии · и ѧзъ давалъ · а нонѣ попъ повѣс‐ туть такъ д[а]валъ ѥси пожн[и в наим]ꙑ ї хто іметь тꙑи пожни косить · и ѧзъ тꙑхъ поимаю да траву на воротъ взвѧжю да ихъ веду в городъ нонѣ ӧсподо какъ ѻ мнѣ сѧ печалутесѧ : а ѧзъ вамъ свои ѻсподе чоло‐ мъ бью · толко ӧспо имете мене жаловать · ѻѿтошлите ѻ̈сподо {п} ко мнѣ грамотьку · до петрова дн҃и · занежь · ӧсподо сено косѧть ӧ петрове дни,чоломъ бьѥть ꙩлексеі + ѻ заболотьѧ · софонтею · тимофѣю · чо есте приказали мнѣ · свою землю · нонѣ · ӧсподо подовалъ ѥси пожни вашимъ здоровьѥмь · попъ молвить положи · грамоту по чому еси давалъ олесеі приказали ми старѣшии · и ѧзъ давалъ · а нонѣ попъ повѣстуть такъ давалъ ѥси пожни в наимꙑ ї хто іметь тꙑи пожни косить · и ѧзъ тꙑхъ поимаю да траву на воротъ взвѧжю да ихъ веду в городъ нонѣ ӧсподо какъ ѻ мнѣ сѧ печалутесѧ : а ѧзъ вамъ свои ѻсподе чоломъ бью · толко ӧспо имете мене жаловать · ѻѿтошлите ѻ̈сподо ко мнѣ грамотьку · до петрова дн҃и · занежь · ӧсподо сено косѧть ӧ петрове дни,130
758,963,https://gramoty.ru/birchbark/document/show/novgorod/963/,Новгород,1410‒1420,1410,1420,1415,15,Грамота №963,Челобитная архиепископу Семену жителей Ошевского погоста с просьбой о поставлении дьякона в церкви св. Богородицы в Ошеве,"‛Господину архиепископу новгородскому владыке Семену крестьяне твои, Святой Богородицы уезд, Ошевский погост, ржевичи, тебе, господарю, челом бьют все от мала и до велика. Мы послали, господин, дьяка Олексадра, потому что и отец и дед его пел у Святой Богородицы в Ошеве. И ты бы, господин, к Святой Богородице того дьяка поставил попом (а с ним мы послали от погоста Труфана), потому что церковь стоит без пения (= без службы). А другое [дело], господин святой владыка: престол в церкви от… Как, господин, о том укажешь? … … … Освяти же престол, господин’.",ꙩсподину · архи·ѥпискупу новъгоцкому · влд҃кѣ семену ст҃‐ ѣ҃ · бц҃и · оуѥздъ · сиротѣ твои ꙩшевьски погостъ ржевици · тебѣ ломъ · бьютъ вси · ѿ мала и до велика · ꙩсподарю · послали · ѥсме ꙩсп‐ одине · дьѧка · ꙩлекъсадра за[нежѣ и ѿѣць] и дѣдъ · ѥго · пѣлъ · оу ст҃ѣ · бц҃и · в ошевѣ · и цто бꙑ ѥси ꙩсподине · к ст҃ѣ бц҃и · того · дьѧка поставилъ попомъ · а с нимъ · ѥсме послали труфана ѿ погоста · занежѣ цѣркв҃ъ · стоить бес пѣтьѧ · а другоѥ · ꙩсподине ст҃ꙑ влд҃ко престолъ · в[о цѣр](кв҃ѣ) [ѿ]-----(-) какъ ꙩсподине · ꙩ томъ оукаже‐ (шь) ---------------------- (ꙩсвѣ)[т҃иж] п[рестолъ гсдине],ꙩсподину · архи·ѥпискупу новъгоцкому · влд҃кѣ семену ст҃‐ ѣ҃ · бц҃и · оуѥздъ · сиротѣ твои ꙩшевьски погостъ ржевици · тебѣ ломъ · бьютъ вси · ѿ мала и до велика · ꙩсподарю · послали · ѥсме ꙩсподине · дьѧка · ꙩлекъсадра занежѣ и ѿѣць и дѣдъ · ѥго · пѣлъ · оу ст҃ѣ · бц҃и · в ошевѣ · и цто бꙑ ѥси ꙩсподине · к ст҃ѣ бц҃и · того · дьѧка поставилъ попомъ · а с нимъ · ѥсме послали труфана ѿ погоста · занежѣ цѣркв҃ъ · стоить бес пѣтьѧ · а другоѥ · ꙩсподине ст҃ꙑ влд҃ко престолъ · во цѣркв҃ѣ ѿ [UNK] какъ ꙩсподине · ꙩ томъ оукажешь [UNK] ꙩсвѣт҃иж престолъ гсдине,142
759,964,https://gramoty.ru/birchbark/document/show/novgorod/964/,Новгород,1360‒1380 (с вероятным смещением вперёд),1360,1380,1370,14,Грамота №964,К Елизару (сопроводительная записка при посылке рыбы),"‛Господину Елизару челом бью. Я послал к тебе, господин, с Ларионцем 100 лещей. Пошли, господин, …’",ꙩгн҃у · ѥлизару · много челомъ бию послалъ · ѥмь · ꙩгн҃е · к тобѣ · с лариѡнь‐ (цем)[ъ :р҃]· клещевъ · пошли · ѡсподине …,ꙩгн҃у · ѥлизару · много челомъ бию послалъ · ѥмь · ꙩгн҃е · к тобѣ · с лариѡньцемъ :р҃· клещевъ · пошли · ѡсподине [UNK],32
760,965,https://gramoty.ru/birchbark/document/show/novgorod/965/,Новгород,1340‒1360 (с вероятным смещением вперёд),1340,1360,1350,14,Грамота №965,Фрагмент с упоминанием рыболовного закола (яза),,…(ѥ)си полъжилъ на ѣзи,[UNK] ѥси полъжилъ на ѣзи,5
761,966,https://gramoty.ru/birchbark/document/show/novgorod/966/,Новгород,1240‒1260 (с вероятным смещением назад или вперёд),1240,1260,1250,13,Грамота №966,"Долговая запись // Проба пера (буквы, цифры, литургический фрагмент)",,…[н]адо никомоу ж[ь ѿ]… (положи)‐ [ло] есме :д҃: на милосвави :г҃: гривини ѿ мариѧка в остро[в]… ложило есмъ ӓдиноу гривоноу · ѿ наш(е)ка · нии пол(ожи)‐… ло есмъ ·҃: гривоно,[UNK] надо никомоу жь ѿ [UNK] положило есме :д҃: на милосвави :г҃: гривини ѿ мариѧка в остров [UNK] ложило есмъ ӓдиноу гривоноу · ѿ нашека · нии положи‐ [UNK] ло есмъ ·҃: гривоно,45
762,967,https://gramoty.ru/birchbark/document/show/novgorod/967/,Новгород,1240‒1260 (с вероятным смещением назад или вперёд),1240,1260,1250,13,Грамота №967,Начало письма от тиуна,,·:·ѿ тиоуна ѡ те…,·:·ѿ тиоуна ѡ те [UNK],8
763,968,https://gramoty.ru/birchbark/document/show/novgorod/968/,Новгород,1340‒1360 (с вероятным смещением вперёд),1340,1360,1350,14,Грамота №968,Фрагмент письма с упоминанием владыки,,…доу · говори в[д]ц҃ѣ · ка[к]…,[UNK] доу · говори вдц҃ѣ · как [UNK],10
764,969,https://gramoty.ru/birchbark/document/show/novgorod/969/,Новгород,1340‒1360 (с вероятным смещением вперёд),1340,1360,1350,14,Грамота №969,Фрагмент неопределенного содержания,,…аболо[ш]…,[UNK] аболош [UNK],3
765,971,https://gramoty.ru/birchbark/document/show/novgorod/971/,Новгород,1320‒1340 (с вероятным смещением назад),1320,1340,1330,14,Грамота №971,Фрагмент письма,,поклоно… …ьс… …ад… племьне[м]… …ща …ли… …ьв… …иѥх[о]…,поклоно [UNK] ьс [UNK] ад [UNK] племьнем [UNK] ща [UNK] ли [UNK] ьв [UNK] иѥхо [UNK],16
766,972,https://gramoty.ru/birchbark/document/show/novgorod/972/,Новгород,1320‒1340 (с вероятным смещением назад),1320,1340,1330,14,Грамота №972,Жалоба на поборы,{а)} ‛… так еще не бывало (или: такой [дани] и не бывало на нас) …’ {б)} ‛… [черны]х боров. В плаче …’ {в)} ‛… а теперь еще не ведаем [что будет дальше] …’,тако и не бꙑвало на н… …‐ хъ боровъ · оу плаци … сѧ а нꙑнѣ ѥше не вѣ[д]…,тако и не бꙑвало на н [UNK] ‐ хъ боровъ · оу плаци [UNK] сѧ а нꙑнѣ ѥше не вѣд [UNK],21
767,974,https://gramoty.ru/birchbark/document/show/novgorod/974/,Новгород,1180‒1200 (с вероятным смещением назад),1180,1200,1190,12,Грамота №974,Фрагмент долговой записи,"‛[У того-то], Верина племянника, за солод куна. У Войгостя 7 резан. У бабки (или: у человека по прозвищу Баба) [столько-то] кун … У Насты 7 кун …’",…[а] ·:· уо вьрина сьсричича на молодогь уо воигости ·з҃·· куона рьзно ·:· уо [б]а[бь] -҃ [кно]----он… [у]о наст[ь] ·з҃· кно · нь…,[UNK] а ·:· уо вьрина сьсричича на молодогь уо воигости ·з҃·· куона рьзно ·:· уо бабь -҃ кно [UNK] он [UNK] уо насть ·з҃· кно · нь [UNK],40
768,975,https://gramoty.ru/birchbark/document/show/novgorod/975/,Новгород,1180‒1200 (с вероятным смещением назад),1180,1200,1190,12,Грамота №975,Фрагмент с именем «Георгий»,,…е георег(и) …,[UNK] е геореги [UNK],4
769,976,https://gramoty.ru/birchbark/document/show/novgorod/976/,Новгород,1180‒1200 (с вероятным смещением назад),1180,1200,1190,12,Грамота №976,Фрагмент долговой записи,‛… восемнадцать гривен без восьми кун. А Олекшино … А у [такого-то столько-то]’.,------- [о]смь на дьсѧть гривно бьз осми куоно ·:· алькшин[о]… + а уо…,[UNK] осмь на дьсѧть гривно бьз осми куоно ·:· алькшино [UNK] + а уо [UNK],17
770,977,https://gramoty.ru/birchbark/document/show/novgorod/977/,Новгород,1180‒1200 (с вероятным смещением назад),1180,1200,1190,12,Грамота №977,Памятная записка о порядке гласов в тропаре на «Бог Господь»,,...................................: глс҃о :в҃: [ег]д[а]........................ -[лс҃о :г҃:] да вьсьлѧтьсѧ н҃б : г[лс҃о] :[д҃:]....................... : глс҃о :е҃: со бьзначѧль о : глс҃о :ѕ҃:· англскꙑѧ силꙑ :· : глс҃о :з҃: раздрруоши : глс҃о : глс҃о :и҃: со вꙑшнхо с{но}ни,[UNK] ..: глс҃о :в҃: егда [UNK] -лс҃о :г҃: да вьсьлѧтьсѧ н҃б : глс҃о :д҃: [UNK] .. : глс҃о :е҃: со бьзначѧль о : глс҃о :ѕ҃:· англскꙑѧ силꙑ :· : глс҃о :з҃: раздрруоши : глс҃о : глс҃о :и҃: со вꙑшнхо сни,85
771,978,https://gramoty.ru/birchbark/document/show/novgorod/978/,Новгород,1180‒1200 (с вероятным смещением назад),1180,1200,1190,12,Грамота №978,Фрагмент долговой записи,"‛(У) Дорожинежичей двадцать пять локтей, по 7 в резане…’. {На обороте:} ‛У Ждана размера …’.",(уо д)орожиньжичь пло трьтиѧ дьсѧ л[к]то а п ·з҃· в рьзнь·----[о]го·-҃… Оборот уо ждана розм…,уо дорожиньжичь пло трьтиѧ дьсѧ лкто а п ·з҃· в рьзнь· [UNK] ого·-҃ [UNK] Оборот уо ждана розм [UNK],26
772,979,https://gramoty.ru/birchbark/document/show/novgorod/979/,Новгород,1180‒1200 (с вероятным смещением назад),1180,1200,1190,12,Грамота №979,От Якима к Милославе (начало письма),‛От Якима к Милославе. Пошли …’.,`+ ѿ ѧкма ко млославь посоли на ож…,ѿ ѧкма ко млославь посоли на ож [UNK],8
773,981,https://gramoty.ru/birchbark/document/show/novgorod/981/,Новгород,1180‒1200 (с вероятным смещением назад),1180,1200,1190,12,Грамота №981,Фрагмент делового содержания,‛… дал ({вероятно:} продал) ведь 5 ему …’.,… да[л]е ти ·е· [е]м[о](у)…,[UNK] дале ти ·е· емоу [UNK],8
774,982,https://gramoty.ru/birchbark/document/show/novgorod/982/,Новгород,1180‒1200 (с вероятным смещением назад),1180,1200,1190,12,Грамота №982,Запись «За клобук куна»,‛А вот за клобук куна’.,`+ а сь на клобуокь кна,а сь на клобуокь кна,5
775,983,https://gramoty.ru/birchbark/document/show/novgorod/983/,Новгород,1180‒1200 (с вероятным смещением назад),1180,1200,1190,12,Грамота №983,Хозяйственная запись,‛… а хлеб мой. А меду…’ {После разрыва:} ‛… пять с половиной. А всем четыре с половиной пуда и берковец моего [меда?]’. {Далее упомянуто 10 каких-то единиц и полберковца.},а [х]льбь мои¦ а мьдуо…‐ дино пло :ѕ҃:· а вохмо пло :е҃: пта пуодуо и брковьскь моего :ӏ҃: … [пл](о) (-) (бьрков)[ь]ска,а хльбь мои¦ а мьдуо [UNK] ‐ дино пло :ѕ҃:· а вохмо пло :е҃: пта пуодуо и брковьскь моего :ӏ҃: [UNK] плобьрковьска,33
776,984,https://gramoty.ru/birchbark/document/show/novgorod/984/,Новгород,1180‒1200 (с вероятным смещением назад),1180,1200,1190,12,Грамота №984,Фрагмент письма с угрозой,‛если же не исполнишь…’.,…н[ь пакꙑ ли] не [исп]равиш[и] … После разрыва --- [въз]ѧ[ле оу] …,[UNK] нь пакꙑ ли не исправиши [UNK] После разрыва [UNK] възѧле оу [UNK],13
777,985,https://gramoty.ru/birchbark/document/show/novgorod/985/,Новгород,1180‒1200 (с вероятным смещением назад),1180,1200,1190,12,Грамота №985,Фрагмент (хозяйственные распоряжения),"‛… купи для ларя (т. е. для того, чтобы вложить в ларь)’.",…[а] к[о ла]рю крени,[UNK] а ко ларю крени,5
778,986,https://gramoty.ru/birchbark/document/show/novgorod/986/,Новгород,1180‒1200 (с вероятным смещением назад),1180,1200,1190,12,Грамота №986,Фрагмент хозяйственной записи,‛[за] … две куны; за сено две резаны; а за масло (сметану и т. п.) две резаны’.,…[ь двь к]нь на сьнь двь знь а на волгь двь знь,[UNK] ь двь кнь на сьнь двь знь а на волгь двь знь,13
779,987,https://gramoty.ru/birchbark/document/show/novgorod/987/,Новгород,1180‒1200 (с вероятным смещением назад),1180,1200,1190,12,Грамота №987,Деловые указания (с упоминанием Завида),‛… на Завиде. А ты возьми три гривны на Петрово говенье…’.,… (на з)[ав]иде а (т)ꙑ въземи три гривене на петрово [го]‐ (вѣнье) …,[UNK] на завиде а тꙑ въземи три гривене на петрово говѣнье [UNK],12
780,988,https://gramoty.ru/birchbark/document/show/novgorod/988/,Новгород,1180‒1200 (с вероятным смещением назад),1180,1200,1190,12,Грамота №988,Фрагмент письма (с указанием отдать грамоту Якиму),‛… полкуны. Ты заслал (послал) …’ ‛… а [если ты] продал …’ ‛берестяную грамоту отдай Якиму сам’.,…а[л]о-[отаи]-… -[еред]… … (п)[ол]о коу‐ не [:] засолале еси … … ж[е]--… …-о а про[дал]… … (б)ересто водаи ѧкимоу сам[е] (…),[UNK] алоотаи- [UNK] -еред [UNK] поло коуне : засолале еси [UNK] же [UNK] -о а продал [UNK] бересто водаи ѧкимоу саме [UNK],25
781,989,https://gramoty.ru/birchbark/document/show/novgorod/989/,Новгород,1180‒1200 (с вероятным смещением назад),1180,1200,1190,12,Грамота №989,От Якима к Нежиле и Милославе (денежные дела),"‛От Якима к Нежиле и к Милославе. Вот я Гавриле … ({вероятно:} отдал, заплатил или послал) две с половиной гривны, а Милославе … ’.",+ ѿ ѧкима ко ньжиль и ко милославь то ти есмо гаври‐ (ль) ------------- п[ло] трьтие гривнь а милославь,ѿ ѧкима ко ньжиль и ко милославь то ти есмо гавриль [UNK] пло трьтие гривнь а милославь,17
782,990,https://gramoty.ru/birchbark/document/show/novgorod/990/,Новгород,1160‒1180 (с вероятным смещением вперёд),1160,1180,1170,12,Грамота №990,Фрагмент с упоминанием (Ч)удизна,,…цитъ тиша ост… …оудизьн[о]мъ- … … :м: гривьнъ :а: -[а]…,[UNK] цитъ тиша ост [UNK] оудизьномъ- [UNK] :м: гривьнъ :а: -а [UNK],18
783,991,https://gramoty.ru/birchbark/document/show/novgorod/991/,Новгород,1160‒1180 (с вероятным смещением вперёд),1160,1180,1170,12,Грамота №991,Фрагмент неопределенного содержания,,…р-ь--ь:в:…,[UNK] рь [UNK] ь:в: [UNK],8
784,992,https://gramoty.ru/birchbark/document/show/novgorod/992/,Новгород,1180‒1200 (с вероятным смещением назад),1180,1200,1190,12,Грамота №992,Фрагмент деловой записи (с упоминанием пергамена),‛… А я у попа на Городище (?) … А за 5 локтей червленицы гривна. А за пергамен ({вероятно:} гривна) …’,[+] а [ѧ у]о попа на [гр]од[и]… + а на :е҃: лкто на чрми грвна : а на хартиѧхо [г]…,+ а ѧ уо попа на гроди [UNK] + а на :е҃: лкто на чрми грвна : а на хартиѧхо г [UNK],25
785,993,https://gramoty.ru/birchbark/document/show/novgorod/993/,Новгород,1160‒1180 (с вероятным смещением вперёд),1160,1180,1170,12,Грамота №993,Фрагмент с упоминанием Ратши,,…[т]ою а ратеше :н҃ и …,[UNK] тою а ратеше :н҃ и [UNK],9
786,994,https://gramoty.ru/birchbark/document/show/novgorod/994/,Новгород,1180‒1200 (с вероятным смещением назад),1180,1200,1190,12,Грамота №994,Денежные дела,"‛… резаны, а трех резан не возьму (или: не возьмут)’.",… [рьз]ан[ь] : а :[г҃]: рьзно нь имуо :· на …,[UNK] рьзань : а :г҃: рьзно нь имуо :· на [UNK],15
787,995,https://gramoty.ru/birchbark/document/show/novgorod/995/,Новгород,1180‒1200 (с вероятным смещением назад),1180,1200,1190,12,Грамота №995,Запись: «За масло 6 кун»,‛А вот за масло (древяное) 6 кун’.,`+ а сь на мсль :ѕ҃: кно,а сь на мсль :ѕ҃: кно,9
788,997,https://gramoty.ru/birchbark/document/show/novgorod/997/,Новгород,1140‒1160 (с вероятным смещением назад),1140,1160,1150,12,Грамота №997,От Негожира к Тешену (о продаже Луке двух жеребцов); на обороте денежные указания,"{лицевая сторона:} ‛От Негожира к Тешену. Мои два жеребца свободны от всякого долга ({то есть} я за них никому ничего не остался должен). А продал я {(подразумевается:} их) Луке’ {оборот:} ‛Да возьми у Тешена гривну Жизномиру, для Тешена у Ра... 2 куны’.",(ѿ н)[ѣ]го[жир]а къ тѣшеноу : моѧ же‐ [ребе]цѧ не виновата никомоу ж‐ [е] а продале есем[ъ] лоукѣ Оборот [да] (-) (въз)ем[и] : ѫ [тѣ]шена гриве‐ [н]оу [ж](и)[зн]омироу : тѣшеноу ѫ ра‐ ------- {[тѣ]шеноу} :[в]: коун[ѣ],ѿ нѣгожира къ тѣшеноу : моѧ жеребецѧ не виновата никомоу же а продале есемъ лоукѣ Оборот давъземи : ѫ тѣшена гривеноу жизномироу : тѣшеноу ѫ ра‐ [UNK] :в: коунѣ,33
789,998,https://gramoty.ru/birchbark/document/show/novgorod/998/,Новгород,1180‒1200 (с вероятным смещением назад),1180,1200,1190,12,Грамота №998,Денежные дела (фрагмент),"‛… 4 берковца, по одиннадцати кун’.",… -(к)[у]она[хо] -- (:)д:: бьрковьскь а по одинои на дьсѧть кн[ь],[UNK] -куонахо [UNK] :д:: бьрковьскь а по одинои на дьсѧть кнь,16
790,1000,https://gramoty.ru/birchbark/document/show/novgorod/1000/,Новгород,1140‒1160 (с вероятным смещением назад),1140,1160,1150,12,Грамота №1000,"От Кияса и Жирочки к Твердяте и Ивану (сообщение о том, что у авторов все благополучно)",‛От Кыяса и Жирочка Твердяте и Ивану. У нас (двоих) всё в порядке’.,ѿ къѧса ї ѿ жироцька къ твьрдѧте ї къ їваноу стова ти есве,ѿ къѧса ї ѿ жироцька къ твьрдѧте ї къ їваноу стова ти есве,13
791,1001,https://gramoty.ru/birchbark/document/show/novgorod/1001/,Новгород,1140‒1160 (с вероятным смещением назад),1140,1160,1150,12,Грамота №1001,"Фрагмент письма к двум лицам с угрозой, что к ним может явиться «продажник» (сборщик штрафов)","‛…Семке. А иначе вы (двое) потом не жалуйтесь, если к вам явится продажник (т. е. судебный исполнитель, взимающий штрафы)’.",…а семоке алѧ по[с]леде не жѧлоуӏта оже ва продаженике поӏде,[UNK] а семоке алѧ последе не жѧлоуӏта оже ва продаженике поӏде,11
792,1002,https://gramoty.ru/birchbark/document/show/novgorod/1002/,Новгород,1140‒1160 (с вероятным смещением назад),1140,1160,1150,12,Грамота №1002,"Фрагмент письма с упоминанием денег, не выплаченных за челядь",‛… За челядь он не заплатил денег пятнадцать гривен. А теперь взяли по куне на неделю. А теперь …’.,… на чьлѧди [вь]вьричь не [п]лат[и]л[е] :е: на дьсѧте гривьно ѧ нꙑнько‐ во ѧли по коунь на ньдьлоу а нꙑнꙑ …,[UNK] на чьлѧди вьвьричь не платиле :е: на дьсѧте гривьно ѧ нꙑньково ѧли по коунь на ньдьлоу а нꙑнꙑ [UNK],22
793,1003,https://gramoty.ru/birchbark/document/show/novgorod/1003/,Новгород,1140‒1160 (с вероятным смещением назад),1140,1160,1150,12,Грамота №1003,Фрагмент с упоминанием дня Успения,"‛… Госпожин день, либо…’.",… (оспо)жино дене лоубо …омоти-[е]…,[UNK] оспожино дене лоубо [UNK] омотие [UNK],7
794,1004,https://gramoty.ru/birchbark/document/show/novgorod/1004/,Новгород,1140‒1160 (с вероятным смещением назад),1140,1160,1150,12,Грамота №1004,От Луки к отцу (указание взять деньги с наемного лодейщика за проданный ему товар),"‛От Луки к отцу. Вот не отдал работник, который меня вез, денег за кожи, да я продал ему на шесть ногат сковород — итого полных две [гривны]. А он идет в ладье с товаром. Возьми же у него две гривны. А если отвертится, то объявив ему [об этом], введи его [в долг] в три [гривны]’. {Приписка на обороте:} ‛А это Гоймер. Ну который в Чернигове, с женой — не помню имя’. {Вторая приписка:} ‛И вот 10 резан с [этим] берестяным письмом’.","+ ѿ лоукꙑ къ ѿтьцеви : то ти : не въдало наїмить ӏже то мѧ везе:ль : на кожахъ вевѣрице : а продалъ ти есемо емоу на ѕ҃сти ногатъ сковородъ : то ти пълънѣ в҃е : а ӏдеть ти во лодие съ товаромо воземи же ѫ него в҃е гривене : а‐ ли ти сѧ ӏзмотаеть : а моловиво емоу поусти же ї во три Оборот а) с поворотом на 180° + ѿ лоу (т. е. автор сперва собирался начать письмо с этой стороны, но передумал) б) в левой части а то гоїмере а ӏже то чьрени[г]ове {с}со женою не поменю їмѧ в) в правой части а се ти ї҃ р‐ е ьзано со бере‐ стомо","ѿ лоукꙑ къ ѿтьцеви : то ти : не въдало наїмить ӏже то мѧ везе:ль : на кожахъ вевѣрице : а продалъ ти есемо емоу на ѕ҃сти ногатъ сковородъ : то ти пълънѣ в҃е : а ӏдеть ти во лодие съ товаромо воземи же ѫ него в҃е гривене : али ти сѧ ӏзмотаеть : а моловиво емоу поусти же ї во три Оборот а с поворотом на 180° + ѿ лоу т. е. автор сперва собирался начать письмо с этой стороны, но передумал б в левой части а то гоїмере а ӏже то чьренигове со женою не поменю їмѧ в в правой части а се ти ї҃ ре ьзано со берестомо",124
795,1005,https://gramoty.ru/birchbark/document/show/novgorod/1005/,Новгород,1140‒1160 (с вероятным смещением назад),1140,1160,1150,12,Грамота №1005,"От Луки к отцу (сообщение об отправке вина и стеклянной посуды из Великих Лук, сообщение о высоких пошлинах на волоке)",‛От Луки поклон отцу. Вот вино из Великих Лук повезли двое. А стеклянных бокалов 30. А мы (двое) сами сидим в Великих Луках…’ {На обороте:} ‛[А по] Косогору (т. е. за перевоз по Косогору) просят по пятнадцати кун от берковца — мы (двое) изумились! А жителей волока (?) …’,× ѿ лоукѣ: покланѧн[и](е ко оть)‐ цьви : то ти вино съ лоук[о вь]з[л]а : в҃: а стьклѧниць ти л҃те :: а с‐ ама ти сѣдивь на лоуках[о] … Оборот ----- (к)осогорѫ п[р]осѧ по пѧ‐ [ти на] десѧте кѫнъ а изѫ‐ мѣла сѧ есвѣ : ѿ бьрько‐ вьск[а] : [а] во[лоца](н)[о] -҃ …,× ѿ лоукѣ: покланѧние ко отьцьви : то ти вино съ лоуко вьзла : в҃: а стьклѧниць ти л҃те :: а сама ти сѣдивь на лоукахо [UNK] Оборот [UNK] косогорѫ просѧ по пѧти на десѧте кѫнъ а изѫмѣла сѧ есвѣ : ѿ бьрьковьска : а волоцано -҃ [UNK],55
796,1006,https://gramoty.ru/birchbark/document/show/novgorod/1006/,Новгород,1140‒1160 (с вероятным смещением назад),1140,1160,1150,12,Грамота №1006,От Луки к отцу (записка при отправке воза с товаром),"‛От Луки к отцу. Вот это груз на две гривны восемнадцать кун, и с провозом’. {Приписка на обороте:} ‛А этому (то есть подателю сего) дай восемь ногат’.",× ѿ лоукь грамота ко ѿтечьви то ти товозо во осмь на десѧть коуно ӏ в҃ гриве‐ нѣ ӏ со провозомо Оборот а семоу вода‐ ӏ осмь ногато,× ѿ лоукь грамота ко ѿтечьви то ти товозо во осмь на десѧть коуно ӏ в҃ гривенѣ ӏ со провозомо Оборот а семоу водаӏ осмь ногато,27
797,1007,https://gramoty.ru/birchbark/document/show/novgorod/1007/,Новгород,1140‒1160 (с вероятным смещением назад),1140,1160,1150,12,Грамота №1007,"От Сновида к Суляте (сообщение об отъезде, просьба прислать походное снаряжение)","‛От Сновида грамота к Суляте. Мы уехали …’ {После разрыва:} ‛… сёдла, стрелы, сапоги, узды. Пусть спросит Кул[отка] (?) (или: Кул[отку]) …’.",ѿ сновида грамота къ соулѧтѣ ѿшелѣ ти есме -… седьла стрѣлъ скорене оуздѣ оти пътаеть коул…,ѿ сновида грамота къ соулѧтѣ ѿшелѣ ти есме - [UNK] седьла стрѣлъ скорене оуздѣ оти пътаеть коул [UNK],18
798,1009,https://gramoty.ru/birchbark/document/show/novgorod/1009/,Новгород,1140‒1160 (с вероятным смещением назад),1140,1160,1150,12,Грамота №1009,"От Луки и Ивана к отцу (сообщение о том, что авторам не удалось купить греческого товара, просьба поискать «заморского» товара )","‛От Луки и Ивана (Иванна) к Сновиду. У нас (двоих) всё в порядке. Мы уже [свое] подраспродали, а греческого товара не купили. Так что приищи заморского товарца’.",(ѿ) [лѫкꙑ и] отъ иванна къ снови‐ дѫ сторова{а} ти есвѣ ѫже ти сѧ е‐ свѣ под[ъ](п)р[од]ала а товара ти есвѣ грьчьскаго не кѫпила а товарь‐ ча напꙑтаи заморьскаго,ѿ лѫкꙑ и отъ иванна къ сновидѫ сторова ти есвѣ ѫже ти сѧ есвѣ подъпродала а товара ти есвѣ грьчьскаго не кѫпила а товарьча напꙑтаи заморьскаго,26
799,1010,https://gramoty.ru/birchbark/document/show/novgorod/1010/,Новгород,1140‒1160 (с вероятным смещением назад),1140,1160,1150,12,Грамота №1010,Фрагмент письма,,…а даи … тобѣ …[и]де[ш]и,[UNK] а даи [UNK] тобѣ [UNK] идеши,7
800,1011,https://gramoty.ru/birchbark/document/show/novgorod/1011/,Новгород,1140‒1160 (с вероятным смещением назад),1140,1160,1150,12,Грамота №1011,"Перечень сумм, выплаченных или вырученных за товар (иглы, ножи, ожерелья)",,… (на) [иг]олахо поло пѧте резанѣ на ножѧхо пол… … [дьвѧ]тѣ коунѣ : на ожерьлиѧхо поло шесть [к]…,[UNK] на иголахо поло пѧте резанѣ на ножѧхо пол [UNK] дьвѧтѣ коунѣ : на ожерьлиѧхо поло шесть к [UNK],19
801,1012,https://gramoty.ru/birchbark/document/show/novgorod/1012/,Новгород,1140‒1160 (с вероятным смещением назад),1140,1160,1150,12,Грамота №1012,От Луки (?) к отцу (в ожидании разгрузки торгового каравана из Византии),"‛[От Луки (?)] поклон отцу. У меня всё в порядке. А товар … А сам коплю ногаты — выгрузку … какой ни на есть (?)’. {На обороте:} ‛… к Сновиду, а сам-то я жду гречника’.",(ѿ … покланѧ)[н]ие [:] к отьцеви сторово ти есм[ь :] а товар… …ъ : а сам[ъ] ти ногатѣ коплѫ : [в]ꙑмьток… Для остатков следующей строки можно предложить ненадежную реконструкцию: …[:] (а) [къи] н[и е] … Оборот … ко сновидо[ви] а самь ти грьц[ь]ника жидоу,ѿ [UNK] покланѧние : к отьцеви сторово ти есмь : а товар [UNK] ъ : а самъ ти ногатѣ коплѫ : вꙑмьток [UNK] Для остатков следующей строки можно предложить ненадежную реконструкцию: [UNK] : а къи ни е [UNK] Оборот [UNK] ко сновидови а самь ти грьцьника жидоу,48
802,1013,https://gramoty.ru/birchbark/document/show/novgorod/1013/,Новгород,1140‒1160 (с вероятным смещением назад),1140,1160,1150,12,Грамота №1013,Запись: «Борисовы 8 кун…»,"‛Борисовы 8 кун’; {далее либо} ‛а 9 …’, {либо} ‛а Федоровы …’.",борисова ои҃ коу‐ но а ѳ[ь]--(…),борисова ои҃ коуно а ѳь [UNK],7
803,1014,https://gramoty.ru/birchbark/document/show/novgorod/1014/,Новгород,1140‒1160 (с вероятным смещением назад),1140,1160,1150,12,Грамота №1014,Фрагмент письма с упоминанием поездки «к Соли»,"‛а если ты пойдешь к Соли, то …’",…[и]мь ти отъ зоу [ос]м[ию на] д[е]… … (ко)[у]н[ахъ] а идеши къ соли а та… …-тъгꙑд[ъ]…,[UNK] имь ти отъ зоу осмию на де [UNK] коунахъ а идеши къ соли а та [UNK] -тъгꙑдъ [UNK],20
804,1015,https://gramoty.ru/birchbark/document/show/novgorod/1015/,Новгород,1140‒1160 (с вероятным смещением назад),1140,1160,1150,12,Грамота №1015,Фрагмент с упоминанием Якши и Сольмирца,‛… Якша Сольмирцу. А куплено по четыре куны’.,… ѧк[ъ]ша с[оль]мирцоу · а коуплено ти по цетꙑри коун-,[UNK] ѧкъша сольмирцоу · а коуплено ти по цетꙑри коун-,11
805,1016,https://gramoty.ru/birchbark/document/show/novgorod/1016/,Новгород,1240‒1260,1240,1260,1250,13,Грамота №1016,Фрагмент письма (о взыскании долга Радослава).,"‛… не отпускай Радослава. Приставь детских (или: детского), получи (вытребуй) с него деньги’.",…‐ стити радослава проче настави [д]еские въправи куне на немо,[UNK] ‐ стити радослава проче настави деские въправи куне на немо,11
806,1017,https://gramoty.ru/birchbark/document/show/novgorod/1017/,Новгород,1240‒1260 (с вероятным смещением назад),1240,1260,1250,13,Грамота №1017,Фрагмент письма с упоминанием продажи двора,‛двор продай’… ‛за парубка (слугу)’ … ‛поклон’.,дворъ продаи… на паробке в… покланѧни ѿ…‐ лите детѧ п-…,дворъ продаи [UNK] на паробке в [UNK] покланѧни ѿ [UNK] ‐ лите детѧ п- [UNK],16
807,1018,https://gramoty.ru/birchbark/document/show/novgorod/1018/,Новгород,1240‒1260,1240,1260,1250,13,Грамота №1018,Фрагмент неопределенного содержания,‛четырнадцать’.,…чьтꙑри на дьс[ѧ]…,[UNK] чьтꙑри на дьсѧ [UNK],5
808,1019,https://gramoty.ru/birchbark/document/show/novgorod/1019/,Новгород,1200‒1220 (с вероятным смещением назад),1200,1220,1210,13,Грамота №1019,Фрагмент неопределенного содержания,,мипож… Второй фрагмент: …еѧ[т]…,мипож [UNK] Второй фрагмент: [UNK] еѧт [UNK],8
809,1020,https://gramoty.ru/birchbark/document/show/novgorod/1020/,Новгород,1160‒1180 (с вероятным смещением вперёд),1160,1180,1170,12,Грамота №1020,От Олекши к Жадену (предписание забрать корову в счет долга умершего Хотослава),"‛От Олекши к Жадену. Зерно дай (выдай). У Хотослава мне следовало взять гривну; а говорят, что он преставился. Так вы (двое) выправьте [это дело]: корова, сказывают, [есть] у него’.",ѿ олькшѣ :· къ жѧдѣнꙋ : вере[ш]ь: въдае : оу хотъсла:ва ми бꙑло гривн възѧти : а творѧть и пеставивъше а вꙑправита : коровꙋ : повѣдаю оу не‐ го :,ѿ олькшѣ :· къ жѧдѣнꙋ : верешь: въдае : оу хотъсла:ва ми бꙑло гривн възѧти : а творѧть и пеставивъше а вꙑправита : коровꙋ : повѣдаю оу него :,33
810,1021,https://gramoty.ru/birchbark/document/show/novgorod/1021/,Новгород,1180‒1200 (с вероятным смещением назад),1180,1200,1190,12,Грамота №1021,"Запись сумм, уплаченных за три тысячи беличьих шкурок",‛А заплачено за беличьи шкурки моих сорок пять ({подразумевается:} гривен) и две ногаты. А Борис заплатил сорок четыре гривны и пять с половиной кун. А всего беличьих шкурок три тысячи и два с половиной сорочка без … [такого-то числа]’,`+ а заплачьно на бьль пло пѧта дьсѧть и двь ногать моѧ ·:· а борись заплатиль сороко гривно и :д҃: гривнь и пло шьсть куонь ·:· а бьль вохои :г҃: тꙑсѧчь и пло трьтиѧ сорочка бь…,а заплачьно на бьль пло пѧта дьсѧть и двь ногать моѧ ·:· а борись заплатиль сороко гривно и :д҃: гривнь и пло шьсть куонь ·:· а бьль вохои :г҃: тꙑсѧчь и пло трьтиѧ сорочка бь [UNK],46
811,1022,https://gramoty.ru/birchbark/document/show/novgorod/1022/,Новгород,1160‒1180 (с вероятным смещением вперёд),1160,1180,1170,12,Грамота №1022,Заговор от лихорадки с упоминанием ангела Сихаила,"‛Христос воскресши [{или:} воскрес], смертью на смерть наступил. Сихаил-ангел, Сихаил-ангел, Сихаил-ангел. Прогоняет тебя Господь, злая болезнь лихорадка’.",[+ хс҃ъ] : въскрьсъмьртию на съмьрть на‐ стоупи сихаилъ англ҃ъ : сихаилъ англъ сихаилъ анл҃ъ : проганѧеть тѧ г҃ь злаѧ болѣзни трѧсавице,+ хс҃ъ : въскрьсъмьртию на съмьрть настоупи сихаилъ англ҃ъ : сихаилъ англъ сихаилъ анл҃ъ : проганѧеть тѧ г҃ь злаѧ болѣзни трѧсавице,29
812,1023,https://gramoty.ru/birchbark/document/show/novgorod/1023/,Новгород,1180‒1200 (с вероятным смещением назад),1180,1200,1190,12,Грамота №1023,Документ хозяйственного учета,"‛У Стоюты оставлено семян: 10 с половиной дежей овса, 7 мер бобов, 4 с половиной меры гороха, 9 мер ячменя, 7 мер льняного семени. А у поповича Наслава два берковца соли по 10 кун. Если он возьмет больше, то это [в равной мере касается] обоих, и если меньше возьмет, то [тоже] обоих. У Нежаты Худочевича 4 дежи овса за водмол и полстога ржи не обмолочено. 5 дежей овса без двух мер у Наслава’.",`+ уо стоють осталѣно сьмьно поло одинои на дьсѧть дьжь овьса ·:· а бобуо :з҃: мьро ·:· ·:· а горохуо пло пть мьрь ·:· а жита :ф҃: мьро ·:· а лнѧнаго сьмьни :з҃: мьрь ·:· а уо наслава уо поповича два бьрковьска соли а по дьсѧти кно ажь боль возмь а бьма али мьнь возмь а бьма ·:· уо ньжать уо хуодочьвича ·д҃: дьжь овьса на водмоль ·:· и рожи нь тьпьно пло стога стога :е҃: дьжь овса уо наслва бьз Вуо мьруо,уо стоють осталѣно сьмьно поло одинои на дьсѧть дьжь овьса ·:· а бобуо :з҃: мьро ·:· ·:· а горохуо пло пть мьрь ·:· а жита :ф҃: мьро ·:· а лнѧнаго сьмьни :з҃: мьрь ·:· а уо наслава уо поповича два бьрковьска соли а по дьсѧти кно ажь боль возмь а бьма али мьнь возмь а бьма ·:· уо ньжать уо хуодочьвича ·д҃: дьжь овьса на водмоль ·:· и рожи нь тьпьно пло стога стога :е҃: дьжь овса уо наслва бьз Вуо мьруо,113
813,1024,https://gramoty.ru/birchbark/document/show/novgorod/1024/,Новгород,1180‒1200 (с вероятным смещением назад),1180,1200,1190,12,Грамота №1024,Документ хозяйственного учета,‛А ячменя посеяно: от Ставины ячмень [привезен]; [другая дежа — от того-то привезена]; а третья от Олекши привезена; а 4-я от Зуя привезена’. {После разрыва:} ‛А овса 4 дежи привезено; а от [того-то столько-то] дежей [привезено]’.,+ а жита восьѧно ѿ с[т]авинь жи[то] … а трьтиѧѧ ѿ о[ль]кшь привьзьна : а :д҃:ѧ ѿ зуоѧ привьна … а вьса :д҃: дьжи ѿ ньжѧть привьзно : а ѿ … дьж…,а жита восьѧно ѿ ставинь жито [UNK] а трьтиѧѧ ѿ олькшь привьзьна : а :д҃:ѧ ѿ зуоѧ привьна [UNK] а вьса :д҃: дьжи ѿ ньжѧть привьзно : а ѿ [UNK] дьж [UNK],39
814,1025,https://gramoty.ru/birchbark/document/show/novgorod/1025/,Новгород,1180‒1200 (с вероятным смещением назад),1180,1200,1190,12,Грамота №1025,Фрагмент письма с упоминанием матери и Якима,‛… свояка. А мать-то [этого человека] знает; и этот Яким. А где вот (или: где вот тебе) он покажет …’.,…[чи] а -----------[тин]а своѧка а мати ти [зн]а[е]т[ь] и ѧкиме сь а къде ти пакъ покажеть …,[UNK] чи а [UNK] тина своѧка а мати ти знаеть и ѧкиме сь а къде ти пакъ покажеть [UNK],19
815,1026,https://gramoty.ru/birchbark/document/show/novgorod/1026/,Новгород,1160‒1180 (с вероятным смещением назад),1160,1180,1170,12,Грамота №1026,От Нежилы к Семке (фрагмент письма с упоминанием хромой рабыни),"‛От Нежилы к Семке. Вот ({конъектура:} мы [двое] совершали куплю). А я взял твою девку. Если девка хрома, то вези [ее] к моей …’. {На обороте:} ‛От Нежилы к Семке’.",ѿ нежиле къ сьмъке · [се ес]-- [де]ѧ-------(о)[у] · а ѧзъ поѧле девъкоу твою · оли девъка · хрома · а в[е]зи ко [моеи] … Оборот отъ нежиле къ сьмъке,ѿ нежиле къ сьмъке · се ес [UNK] деѧ [UNK] оу · а ѧзъ поѧле девъкоу твою · оли девъка · хрома · а вези ко моеи [UNK] Оборот отъ нежиле къ сьмъке,33
816,1027,https://gramoty.ru/birchbark/document/show/novgorod/1027/,Новгород,1180‒1200 (с вероятным смещением назад),1180,1200,1190,12,Грамота №1027,Фрагмент деловой записи с упоминанием Стоюты,‛А ячменя 10 дежей… У Стоюты полдежи…’,… а жита ·ӏ҃· дь[ж]… уо стоють пло джь …,[UNK] а жита ·ӏ҃· дьж [UNK] уо стоють пло джь [UNK],14
817,1028,https://gramoty.ru/birchbark/document/show/novgorod/1028/,Новгород,1180‒1200 (с вероятным смещением назад),1180,1200,1190,12,Грамота №1028,Фрагмент грамоты Якима (хозяйственная запись),,[в]а-[о]·-҃·аз… кнь : ·,вао·-҃·аз [UNK] кнь : ·,10
818,1030,https://gramoty.ru/birchbark/document/show/novgorod/1030/,Новгород,1180‒1200 (с вероятным смещением назад),1180,1200,1190,12,Грамота №1030,Документ хозяйственного учета,,… [д]ьжь и пло т[рь]… дьжь а то во т[р]…,[UNK] дьжь и пло трь [UNK] дьжь а то во тр [UNK],12
819,1031,https://gramoty.ru/birchbark/document/show/novgorod/1031/,Новгород,1160‒1180 (с вероятным смещением вперёд),1160,1180,1170,12,Грамота №1031,От Нежка к Будку (упреки в невыполнении денежных обязательств),"‛От Нежка к Будку. Почему не отдаешь деньги? А я [именно] с тебя взимаю деньги. Ты сказал [взять] у Хотуры, а тот не отдал. Ты послал с Гюрком, а тот не отдал. 10 гривен [теперь] лежат [как заем] в треть. Ты дал одерень (в полную собственность) паробка, а он теперь рвется на волю за пять гривен. Размысли же: это ли твое благодеяние мне, которое ты мне сулил?’",отъ нѣжька къ боудъкоу : цемоу дьрьжиши коунѣ а ѧ на то[бѣ е]млю [к]оун[ѣ] оу хотоурѣ еси казалъ атъ не въделе : съ гюръкъм[ъ еси] п[ри]сълале а те не въдале ·ӏ҃·: грв҃нъ : лежить въ трет[ь] пар[об]ъкъ еси одь[р]ь‐ нь въдале а нꙑнѣ сѧ вꙑпирае на пѧти грв҃нъ а п[ро]мꙑшлеи то ли твоѧ бологодѣть мнѣ [ц]ьто ми соули Оборот (…)ѧб-----мъ (…)[е]моу(-)[х]отоупо[р]… (…)намоуисемоусво(-)моу (…)[сꙑн-в-]----зальг…,отъ нѣжька къ боудъкоу : цемоу дьрьжиши коунѣ а ѧ на тобѣ емлю коунѣ оу хотоурѣ еси казалъ атъ не въделе : съ гюръкъмъ еси присълале а те не въдале ·ӏ҃·: грв҃нъ : лежить въ треть паробъкъ еси одьрьнь въдале а нꙑнѣ сѧ вꙑпирае на пѧти грв҃нъ а промꙑшлеи то ли твоѧ бологодѣть мнѣ цьто ми соули Оборот [UNK] ѧб [UNK] мъ [UNK] емоухотоупор [UNK] намоуисемоусвомоу [UNK] сꙑнв [UNK] зальг [UNK],79
820,1032,https://gramoty.ru/birchbark/document/show/novgorod/1032/,Новгород,1180‒1200 (с вероятным смещением назад),1180,1200,1190,12,Грамота №1032,Запись «А вот за водмол за 20 локтей без шести»,‛А вот за водмол за 20 локтей без шести …’.,`+ а сь на вомоль на ·к· лко бь сти …,а сь на вомоль на ·к· лко бь сти [UNK],12
821,1033,https://gramoty.ru/birchbark/document/show/novgorod/1033/,Новгород,1180‒1200 (с вероятным смещением назад),1180,1200,1190,12,Грамота №1033,Распоряжение взять берковец соли или 5 кун,"‛А у [Х-а (имя)] старого берковец (или 3, или 4 берковца); или же 5 кун возьми. А Лях [этого человека] знает’.",а уо [ло]------- (бьр)ковьскь уо стараго луобо :е҃: кно возми а лѧх ти зн[ае],а уо ло [UNK] бьрковьскь уо стараго луобо :е҃: кно возми а лѧх ти знае,18
822,1034,https://gramoty.ru/birchbark/document/show/novgorod/1034/,Новгород,1180‒1200 (с вероятным смещением назад),1180,1200,1190,12,Грамота №1034,Хозяйственная запись,‛… пять; за два пуда 5 кун и гривна и 2 векши …’.,… пѧть на [д](вуо) пуодуо п:е҃: куоно [и г]рн[а] и ·в· вькшь -----ць,[UNK] пѧть на двуо пуодуо п:е҃: куоно и грна и ·в· вькшь [UNK] ць,20
823,1036,https://gramoty.ru/birchbark/document/show/novgorod/1036/,Новгород,1180‒1200 (с вероятным смещением назад),1180,1200,1190,12,Грамота №1036,Фрагмент письма Якима,,…ѧки… …ил… …им… …си…,[UNK] ѧки [UNK] ил [UNK] им [UNK] си [UNK],9
824,1037,https://gramoty.ru/birchbark/document/show/novgorod/1037/,Новгород,1180‒1200 (с вероятным смещением назад),1180,1200,1190,12,Грамота №1037,Хозяйственная запись,‛А Якунова ячменя пятьдесят мер и 2 малых меры’.,а ѧкуонѧ жита пѧть дьсѧ мьро и :в҃: мьркь,а ѧкуонѧ жита пѧть дьсѧ мьро и :в҃: мьркь,12
825,1038,https://gramoty.ru/birchbark/document/show/novgorod/1038/,Новгород,1180‒1200 (с вероятным смещением назад),1180,1200,1190,12,Грамота №1038,Фрагмент деловой записи (о 3 локтях ткани),,…[ь :г:] лкти прь…,[UNK] ь :г: лкти прь [UNK],8
826,1039,https://gramoty.ru/birchbark/document/show/novgorod/1039/,Новгород,1180‒1200 (с вероятным смещением назад),1180,1200,1190,12,Грамота №1039,Хозяйственная запись,"{Если утрат не было, текст (без нескольких начальных букв) означает:} ‛… дал 9 кун и две; в Молодище 2 [куны] дали’. {Если утраты были, он означает:} ‛… дал 9 кун; и две в Моло… ({например,} в Мологе); [и в] …дище ({например,} в Городище) 2 [куны] дали’.",…[ѧ]но в(да)ль :ѳ҃: кно и двь :· а во м[оло](…)‐ дищь :в҃: вдали,[UNK] ѧно вдаль :ѳ҃: кно и двь :· а во моло [UNK] ‐ дищь :в҃: вдали,23
827,1040,https://gramoty.ru/birchbark/document/show/novgorod/1040/,Новгород,1180‒1200 (с вероятным смещением назад),1180,1200,1190,12,Грамота №1040,Запись: «А вот за шесть пудов 3 резаны и сорочок»,‛А вот за 6 пудов 3 резаны и сорочок’.,`+ а сь на :ѕ҃: пуодово :г҃: рьзнь и сроко,а сь на :ѕ҃: пуодово :г҃: рьзнь и сроко,15
828,1041,https://gramoty.ru/birchbark/document/show/novgorod/1041/,Новгород,1180‒1200 (с вероятным смещением назад),1180,1200,1190,12,Грамота №1041,Запись: «А вот за мешок резана»,‛А вот за мешок резана’.,[+] а [сь н]а [м]хь рьзн[а],+ а сь на мхь рьзна,6
829,1042,https://gramoty.ru/birchbark/document/show/novgorod/1042/,Новгород,1180‒1200 (с вероятным смещением назад),1180,1200,1190,12,Грамота №1042,Запись: «А вот по две куны»,‛А вот по две куны’.,а сь по :в҃: куонь,а сь по :в҃: куонь,8
830,1043,https://gramoty.ru/birchbark/document/show/novgorod/1043/,Новгород,1160‒1180 (с вероятным смещением вперёд),1160,1180,1170,12,Грамота №1043,Фрагмент делового содержания,,…и во :г҃: грив… …опр…,[UNK] и во :г҃: грив [UNK] опр [UNK],11
831,1044,https://gramoty.ru/birchbark/document/show/novgorod/1044/,Новгород,1160‒1180 (с вероятным смещением вперёд),1160,1180,1170,12,Грамота №1044,Фрагмент письма,‛… и поклон. Рожь-то …’.,…[ъ]та и покланѧние [р]ож ти [и]…,[UNK] ъта и покланѧние рож ти и [UNK],8
832,1045,https://gramoty.ru/birchbark/document/show/novgorod/1045/,Новгород,1140‒1160 (с вероятным смещением назад),1140,1160,1150,12,Грамота №1045,"От Луки и Микулы к Сновиду (о несостоявшейся покупке беличьего меха из Заволочья, просьба отдать деньги Савве Гюровичу)","‛От Луки и от Микулы к Сновиду. Мы (двое) не купили ничего: заволочская белка (беличья пушнина) — 8 гривен. А ты дай нам (двоим) какую-нибудь весть поскорее. Мы бы уже были дома, да распутица! И приветствую вас. Домке отдайте денег ({добавлено над строкой:} 14 кун) из семи гривен для Саввы Гюровича. Подсуньте до моего приезда, скажите, что вы участвуете [в деле]’.",+ ѿ лоукѣ : и ѿ микоулѣ : къ сновидоу не коупила ти есевь ницего же : заволъ‐ цескаѧ бела :и҃: гривенъ : а възди на весть : какоу любо во бъ‐ ръзѣ : ѫже бꙑховь дома : нъ роспоутие : и челоую вꙑ : дом‐ ъкѣ [·д·ї·]коун[е] вꙑправить вевьриц : и семи гривенъ савь гюровицю при‐ соунить до мене : творитьсѧ вонемъш{ш}и Оборот ѿ л,ѿ лоукѣ : и ѿ микоулѣ : къ сновидоу не коупила ти есевь ницего же : заволъцескаѧ бела :и҃: гривенъ : а възди на весть : какоу любо во бъръзѣ : ѫже бꙑховь дома : нъ роспоутие : и челоую вꙑ : домъкѣ ·д·ї·коуне вꙑправить вевьриц : и семи гривенъ савь гюровицю присоунить до мене : творитьсѧ вонемъши Оборот ѿ л,69
833,1046,https://gramoty.ru/birchbark/document/show/novgorod/1046/,Новгород,1140‒1160 (с вероятным смещением назад),1140,1160,1150,12,Грамота №1046,От Уйца (фрагменты письма),,[+] отъ оуеца к[ъ] ............................................... .................съ...........................за--уфо............. о.....................[л]ив[е]..............езмѣнъ ати---- наюв.............туив...............[о]ни бра своего по‐ неже-............жив........................рати оу мене буде...........[т]ибꙑ.............на Малые фрагменты (их место в составе грамоты установить не удается): а) …мъи … …али … б) … моем… в) …оми … г) …о[и]… д) …[ж]…,+ отъ оуеца къ [UNK] .. [UNK] ..съ [UNK] за [UNK] уфо [UNK] . о [UNK] ливе [UNK] ..езмѣнъ ати [UNK] наюв [UNK] .туив [UNK] они бра своего понеже- [UNK] жив [UNK] рати оу мене буде [UNK] ..тибꙑ [UNK] .на Малые фрагменты их место в составе грамоты установить не удается: а [UNK] мъи [UNK] али [UNK] б [UNK] моем [UNK] в [UNK] оми [UNK] г [UNK] ои [UNK] д [UNK] ж [UNK],83
834,1047,https://gramoty.ru/birchbark/document/show/novgorod/1047/,Новгород,1100‒1120 (с вероятным смещением вперёд),1100,1120,1110,12,Грамота №1047,От Домка к Сновиду (просьба разыскать должника Уйца),"‛От Домка к Сновиду. Поищи Уйца: тут ли [этот] мой должник? Если он тут, возьми с него две гривны. Если его тут нет, то так мне и дай [знать] (т. е. сообщи об этом)’.",`+ ѿ дъмъка : къ сновидови попътаи оуѥча ѥ ли тоу мои дълъженикъ : али ти ѥстѣ тоу а възѣми на нѣмѣ дъвѣ гривенѣ : али ти ѥго нѣ тоу : а тако зе ми възъдаи,ѿ дъмъка : къ сновидови попътаи оуѥча ѥ ли тоу мои дълъженикъ : али ти ѥстѣ тоу а възѣми на нѣмѣ дъвѣ гривенѣ : али ти ѥго нѣ тоу : а тако зе ми възъдаи,35
835,1048,https://gramoty.ru/birchbark/document/show/novgorod/1048/,Новгород,1100‒1120 (с вероятным смещением вперёд),1100,1120,1110,12,Грамота №1048,Фрагмент письма,,…авъка грамо… …и братиѧ ми с-…,[UNK] авъка грамо [UNK] и братиѧ ми с- [UNK],10
836,1049,https://gramoty.ru/birchbark/document/show/novgorod/1049/,Новгород,1100‒1120 (с вероятным смещением вперёд),1100,1120,1110,12,Грамота №1049,Фрагмент письма с упоминанием Словяты,‛… тебе отдам’; ‛а через Словяту купи мне’; ‛2 куны’.,…нъ ти отъда[мь] а [жи]… …боуди а словѧто крьни ми …брѣ :в҃: коун[е] а,[UNK] нъ ти отъдамь а жи [UNK] боуди а словѧто крьни ми [UNK] брѣ :в҃: коуне а,20
837,1050,https://gramoty.ru/birchbark/document/show/novgorod/1050/,Новгород,1100‒1120 (с вероятным смещением вперёд),1100,1120,1110,12,Грамота №1050,"От Словяты к Гюрцу (предложение взыскать деньги с Микулы и лесных жителей, отправив к ним отрока; сообщение о том , что Славомир не отдал денег, предложение направить отрока к Славомиру)","‛От Словяты грамота к Гюрцу. Выведя (т. е. вызвав) отрока на Микулу и на лесных жителей ({менее вероятно:} на Лешана), возьми четыре с половиной гривны: Славомир здесь не дает. А если вы [Микула и лесные жители] правы, вы выведете (вызовете) отрока на Славомира’",о словѧтѣ грамота къ гюрьцеви вꙑведъ отрокъ на микоулоу и на лѣшѧнъ възьми полъ питѣ грв҃нѣ славомире сьде не въда а есте прави а вꙑведете отрокъ на славомиръ,о словѧтѣ грамота къ гюрьцеви вꙑведъ отрокъ на микоулоу и на лѣшѧнъ възьми полъ питѣ грв҃нѣ славомире сьде не въда а есте прави а вꙑведете отрокъ на славомиръ,30
838,1051,https://gramoty.ru/birchbark/document/show/novgorod/1051/,Новгород,1320‒1340 (с вероятным смещением назад или вперёд),1320,1340,1330,14,Грамота №1051,Фрагмент с упоминанием мордок и рубля,"‛семь мордок, полрубля’. {Возможно, имелось сочетание:} ‘четверть {вероятно, ржи} сборщику дани’",… (пов)[о]знико цетверете бор‐ (…) …ю и семь мордоко поло рꙋ‐ (блѧ) (…),[UNK] повознико цетверете бор‐ [UNK] ю и семь мордоко поло рꙋблѧ [UNK],13
839,1053,https://gramoty.ru/birchbark/document/show/novgorod/1053/,Новгород,1320‒1340 (с вероятным смещением назад или вперёд),1320,1340,1330,14,Грамота №1053,"От Оноса к Даниле (просьба прислать сорочку, полотенце, портки, повод, а также полотна для сестры; обещание расплатиться)","‛От Оноса поклон Даниле, сыну моему. Пришли мне сорочку, полотенце (или -нца), портки, повод. Сестре моей пришли полотна. А буду жив — расплачусь’.",ѿ онос[а] покл(он)о · ко (да)нил(ѣ с)ꙑнꙋ м(ое)‐ мꙋ при[ш]и м[и] сор--ю по(ло)тене(це) по(р)от(о)ки · [п]овод(о) сестр(ѣ) мое · п-- пришли полотена · а бꙋдꙋ жив(о) заполацюсѧ,ѿ оноса поклоно · ко данилѣ сꙑнꙋ моемꙋ приши ми сор [UNK] ю полотенеце поротоки · поводо сестрѣ мое · п [UNK] пришли полотена · а бꙋдꙋ живо заполацюсѧ,29
840,1054,https://gramoty.ru/birchbark/document/show/novgorod/1054/,Новгород,1260‒1280 (с вероятным смещением назад или вперёд),1260,1280,1270,13,Грамота №1054,"От Миты к Луке и Фралю (сообщение об отправке в ладье двух связок кож, коробьи и круга воска, а также связки кож для Кура; обращение к Куру: «Дай гривну и 3 куны»)","‛Поклон от Миты Луке и Фралю. В ладье 2 беремени кож, коробья, круг воску; и Курово малое беремя кож. Кур! Дай гривну и 3 куны. [Сыну? м]оему полторы гривны’. {Вполне возможно, что текст на лицевой стороне на этом кончался. Оборот:} ‛У кого грамота, у того полторы гривны’.",поклонъ ѿ митъ к луке ӏ ко ѳр‐ алю у лодиӏ ·в· беремене ко‐ жь ӏ коробиюѧ ӏ кругъ воску ӏ курово беремѧ кожь ма‐ лое куре даӏ грѣвну ӏ ·г· кунъ -----[о е]му полуторъ грѣ(вни) (…) Оборот у кого грамота у того полуторъ грѣвни,поклонъ ѿ митъ к луке ӏ ко ѳралю у лодиӏ ·в· беремене кожь ӏ коробиюѧ ӏ кругъ воску ӏ курово беремѧ кожь малое куре даӏ грѣвну ӏ ·г· кунъ [UNK] о ему полуторъ грѣвни [UNK] Оборот у кого грамота у того полуторъ грѣвни,51
841,1055,https://gramoty.ru/birchbark/document/show/novgorod/1055/,Новгород,1260‒1280 (с вероятным смещением назад или вперёд),1260,1280,1270,13,Грамота №1055,"Фрагмент письма с упоминанием Розважи улицы, просьба отдать кожу дьякону Остафье.","‛[Поклон от такого-то такому-то] на Розваже улице. Отдай кожу Остафье-дьякону, а я с тобою сам рассчитаюсь. Кожа мне нужна’.",…[у]- на розва‐ [ж]и · уличи · вдаи · кожю ѡстафьи · деꙗкону · а ꙗзъ с тобою ⁘ саме сѧ в‐ едаю · кожѧ ми надобе,[UNK] уна розважи · уличи · вдаи · кожю ѡстафьи · деꙗкону · а ꙗзъ с тобою ⁘ саме сѧ ведаю · кожѧ ми надобе,25
842,1056,https://gramoty.ru/birchbark/document/show/novgorod/1056/,Новгород,1075‒1100,1075,1100,1087,11,Грамота №1056,"Надпись «Данилово лукошко, Петрило шил»","‛[Д]анилово л[укошко, a] Петрило шил’",(д)анилово л(оукъшько) [или: л(оукъньце)] (а) петрило ши(ле) л,данилово лоукъшько или: лоукъньце а петрило шиле л,9
843,1057,https://gramoty.ru/birchbark/document/show/novgorod/1057/,Новгород,1160‒1180,1160,1180,1170,12,Грамота №1057,Запись о покупке сукна для пошива снаряжения.,"‛За водмол тридцать одна гривна и 10 кун. Семьсот пятьдесят ({очевидно,} локтей водмола) на снаряжение — пять с половиной гривен’. {Вариант:} ‛За водмол тридцать одна гривна и 10 кун — семьсот пятьдесят ({очевидно}, локтей); за снаряжение пять с половиной гривен’",на въдъмолѣ :г҃: десѧте гривьнъ и гивьна и :ӏ҃: коунъ полъ осма съта : на съкроудоу полъ шестѣ гривьн[ѣ],на въдъмолѣ :г҃: десѧте гривьнъ и гивьна и :ӏ҃: коунъ полъ осма съта : на съкроудоу полъ шестѣ гривьнѣ,25
844,1058,https://gramoty.ru/birchbark/document/show/novgorod/1058/,Новгород,1160‒1180 (с вероятным смещением вперёд),1160,1180,1170,12,Грамота №1058,От Сдила к Радку (денежные дела),‛От Сдила к Радку …’,ѿ содила ко радокоу мꙑсла… коуноу :в҃: гривен[е] … :в҃: гривене а оу …,ѿ содила ко радокоу мꙑсла [UNK] коуноу :в҃: гривене [UNK] :в҃: гривене а оу [UNK],21
845,1059,https://gramoty.ru/birchbark/document/show/novgorod/1059/,Новгород,1160‒1180 (с вероятным смещением назад или вперёд),1160,1180,1170,12,Грамота №1059,От Перенега к Голчану (предписание взять почестье и подрядить Семолика),"‛От Перенега к Голчану. Возьми почестье, как ты условился со мной. Подряди и Семолика. Сколько возьмут [за его услуги], дам я’.",ѿ перьнѣга къ гълочаноу въ‐ земи почьстѣе ѧкъ тъ еси мъло‐ виль съ мно въсади же и семъ‐ лика кълико въземоу въдамъ ѧзъ,ѿ перьнѣга къ гълочаноу въземи почьстѣе ѧкъ тъ еси мъловиль съ мно въсади же и семълика кълико въземоу въдамъ ѧзъ,21
846,1060,https://gramoty.ru/birchbark/document/show/novgorod/1060/,Новгород,1160‒1180 (с вероятным смещением назад или вперёд),1160,1180,1170,12,Грамота №1060,"Фрагмент письма (упрек в неприсылке денег, предложение взять у автора «месячное» и отдать госпоже)","‛… я (ходил) к роте (?) … … грамоту послал, а ты мне не присылаешь денег — семи гривен и 17 резан. Забрав (получив) у меня месячное (?), отдай госпоже’.",… (т)[и е]см[ъ р]о[т]е … (грам)[оту] посълалъ а тꙑ мъне не [присъ]л[е]ши кунъ сем[и] гривънъ и зї [резанъ] п[о]им[а]‐ въ у мен[е] м[сч]ън[ое] (в)[ъда]ж[ъ] госпо(ж)и ·,[UNK] ти есмъ роте [UNK] грамоту посълалъ а тꙑ мъне не присълеши кунъ семи гривънъ и зї резанъ поимавъ у мене мсчъное въдажъ госпожи ·,28
847,1061,https://gramoty.ru/birchbark/document/show/novgorod/1061/,Новгород,1160‒1180 (с вероятным смещением назад или вперёд),1160,1180,1170,12,Грамота №1061,"Фрагмент письма («А попортишь, так будет ни тебе, ни мне»)","‛А попортишь, так будет ни тебе, ни мне. И приветствую тебя’.",…--- а попърътишь да боудь ни то‐ бе ни мъне и целю та ·:,[UNK] а попърътишь да боудь ни тобе ни мъне и целю та ·:,14
848,1062,https://gramoty.ru/birchbark/document/show/novgorod/1062/,Новгород,1120‒1140,1120,1140,1130,12,Грамота №1062,Фрагмент письма,‛А теперь в воскресенье хотим пойти…’.,…ть [и] д[о] д[рож]… а нꙑнѣ на недѣлю хо[ч]емъ поити · н…,[UNK] ть и до дрож [UNK] а нꙑнѣ на недѣлю хочемъ поити · н [UNK],15
849,1063,https://gramoty.ru/birchbark/document/show/novgorod/1063/,Новгород,1180‒1200,1180,1200,1190,12,Грамота №1063,Долговой список,,…[д--ѧть] : оу пьтра поло пѧта дьсѧть : оу станѧтѣ [п]… …са дьвѧть оу волохва шьсть [д]-сѧтъ оу сонови… …[а] шьсть дьсѧто сигово : оу солого[в]-и дова дьсѧт… …-[рад]---- [д]ьсѧть оу дан[ьш]…,[UNK] д [UNK] ѧть : оу пьтра поло пѧта дьсѧть : оу станѧтѣ п [UNK] са дьвѧть оу волохва шьсть дсѧтъ оу сонови [UNK] а шьсть дьсѧто сигово : оу сологови дова дьсѧт [UNK] -рад [UNK] дьсѧть оу даньш [UNK],41
850,1064,https://gramoty.ru/birchbark/document/show/novgorod/1064/,Новгород,1260‒1280 (с вероятным смещением назад или вперёд),1260,1280,1270,13,Грамота №1064,Долговой список,,…[а]---… … [гривна :]оу [:]о·лексе :д҃: коне :и: гривна [:]оу[:] -… коуно ·и· гривна :оу: ѳларѧ :е҃: {коу}коуно … коуно ·и· [г]ривна :оу: теренет(еѧ :) ------- (:-: гри)[в]н[е] :оу с[т]епана :ӏ: коун … [а :]з: … … п[о] -----ила ⁞ михале :о:ретемеѧ : еване василе :о:сипе : вареге [:]онисиме лагине нестере,[UNK] а [UNK] гривна :оу :о·лексе :д҃: коне :и: гривна :оу: - [UNK] коуно ·и· гривна :оу: ѳларѧ :е҃: коуно [UNK] коуно ·и· гривна :оу: теренетеѧ : [UNK] :-: гривне :оу степана :ӏ: коун [UNK] а :з: [UNK] по [UNK] ила ⁞ михале :о:ретемеѧ : еване василе :о:сипе : вареге :онисиме лагине нестере,91
851,1065,https://gramoty.ru/birchbark/document/show/novgorod/1065/,Новгород,1380‒1400 (с вероятным смещением назад или вперёд),1380,1400,1390,14,Грамота №1065,Фрагмент челобитной,"‛Посади меня, господин, на участке лучанина (или: лужанина)’. {Перед этим, вероятно, стояло:} ‛Челобитье от такого-то к …у’.",…у [п]ос[а](д)и мѧ гне на лу‐ (чѧ)ниновѣ · мѣстѣ …,[UNK] у посади мѧ гне на лучѧниновѣ · мѣстѣ [UNK],12
852,1066,https://gramoty.ru/birchbark/document/show/novgorod/1066/,Новгород,1340‒1360 (с вероятным смещением назад или вперёд),1340,1360,1350,14,Грамота №1066,Договор о распределении каких-то прав или функций,"‛… (первую соху Х-у) с внуками, а мне-то и моим детям вторую соху … (и нужно грамо)ту писать и по справедливости получить. А если вы …’",внуцат[ꙑ] а мнѣ ть и моимъ дѣтьмъ · ·в҃· со[х]у … та псать · и правда взѧть а будет[е] … т------------…,внуцатꙑ а мнѣ ть и моимъ дѣтьмъ · ·в҃· соху [UNK] та псать · и правда взѧть а будете [UNK] т [UNK],25
853,1068,https://gramoty.ru/birchbark/document/show/novgorod/1068/,Новгород,1340‒1360 (с вероятным смещением назад или вперёд),1340,1360,1350,14,Грамота №1068,Отчетный документ сборщика налога,"‛… (У Х-а нечто) за 4 гривны, вос(емьдесят кадец ячменя) за тридцать [гривен], пятнадцать кадец овса за три гривны [и деньгами] две с половиной гривны. У Тимошки четыре кадцы ржи за две гривны, у [его] детей в деревеньке (или на речке) Берёза за полгривны — кожу, полотна десять локтей, холста отрез, за полгривны — пять овчин промятых’.",-а-[ск]о… за д гривꙑ ӧс(мь десѧтъ кадьць жита) за трицѧть пѧтьнацѧть кадь‐ ць ӧвса за три грвꙑ по[л](ъ трет)[и]ѥ гривънꙑ оу тимошки цьтꙑрь катци ржи за дви гривнꙑ оу дитьи на берези кожю за полъ гривнꙑ полотна десѧть ло‐ котъ холоста веретищь за полъ гривнꙑ пѧть ӧвцино мѧтꙑхъ,-аско [UNK] за д гривꙑ ӧсмь десѧтъ кадьць жита за трицѧть пѧтьнацѧть кадьць ӧвса за три грвꙑ полъ третиѥ гривънꙑ оу тимошки цьтꙑрь катци ржи за дви гривнꙑ оу дитьи на берези кожю за полъ гривнꙑ полотна десѧть локотъ холоста веретищь за полъ гривнꙑ пѧть ӧвцино мѧтꙑхъ,54
854,1069,https://gramoty.ru/birchbark/document/show/novgorod/1069/,Новгород,1300‒1320 (с вероятным смещением вперёд),1300,1320,1310,14,Грамота №1069,Фрагмент реестра,‛… коробья ячменя’.,…-и коробь жита …,[UNK] -и коробь жита [UNK],6
855,1070,https://gramoty.ru/birchbark/document/show/novgorod/1070/,Новгород,1300‒1320,1300,1320,1310,14,Грамота №1070,Фрагмент челобитной,"‛… пуда. А тебе, м(оему господину) бьет челом Фома: (у него) дело с то(бой) …’.",ю - -[н]е- -… поудоу · а тоби · [м]… бье · целомо · ѳо[м]… ороудие · с то… ю,ю - -не- - [UNK] поудоу · а тоби · м [UNK] бье · целомо · ѳом [UNK] ороудие · с то [UNK] ю,26
856,1072,https://gramoty.ru/birchbark/document/show/novgorod/1072/,Новгород,1200‒1220 (с вероятным смещением назад),1200,1220,1210,13,Грамота №1072,Список сумм у (или для) разных лиц,‛Степановы полторы [гривны]. Илье полгривны. Тимошке полгривны. Полторы Олисею. Василю семница. Ушку семница. Всего 4 [гривны] золотников и две [гривны] серебра’.,степанова полутори илие по‐ ло гривнꙑ тимощи поло гри‐ внꙑ полутори лисею василю сьмницѧ ꙋшку семницѧ вхого д҃: золотнко и дви серебра,степанова полутори илие поло гривнꙑ тимощи поло гривнꙑ полутори лисею василю сьмницѧ ꙋшку семницѧ вхого д҃: золотнко и дви серебра,23
857,1073,https://gramoty.ru/birchbark/document/show/novgorod/1073/,Новгород,1260‒1280 (с вероятным смещением назад или вперёд),1260,1280,1270,13,Грамота №1073,От Гаврилы к Кондрату: «Пойди сюда»,‛От Гаврилы к Кондрату. Пойди сюда’.,ѿ г{р}аврили ко канадратоу поиди симо,ѿ гаврили ко канадратоу поиди симо,6
858,1074,https://gramoty.ru/birchbark/document/show/novgorod/1074/,Новгород,1380‒1400 (с вероятным смещением назад или вперёд),1380,1400,1390,14,Грамота №1074,Фрагмент челобитной,,…-ъ сꙑнъ [ви]… [к]а[к]о [и т]ы а нонь ѡсп… … …мѣ подаите …,[UNK] -ъ сꙑнъ ви [UNK] како и ты а нонь ѡсп [UNK] мѣ подаите [UNK],16
859,1075,https://gramoty.ru/birchbark/document/show/novgorod/1075/,Новгород,1380‒1400 (с вероятным смещением назад или вперёд),1380,1400,1390,14,Грамота №1075,От Юрья к Онании (распоряжение взять деньги у Фомки),,левая колонка: а оу фом‐ ки в‐ зми полт‐ иноу ӏ · коуни правая колонка: приказъ ѿ ю(рьѧ … к она)‐ ни·ӏ т за т … идоую · ӏ · про[м](ꙑсли) … сака к с … ъ полтин … дахта … прода …,левая колонка: а оу фомки взми полтиноу ӏ · коуни правая колонка: приказъ ѿ юрьѧ [UNK] к онани·ӏ т за т [UNK] идоую · ӏ · промꙑсли [UNK] сака к с [UNK] ъ полтин [UNK] дахта [UNK] прода [UNK],43
860,1076,https://gramoty.ru/birchbark/document/show/novgorod/1076/,Новгород,1340‒1360 (с вероятным смещением вперёд),1340,1360,1350,14,Грамота №1076,"Господину Якову и Ивану от крестьян (о пожалованном им рубле, который до них не дошел)","‛Поклон господину Якову и Ивану от крестьян. Что до того, господин, что ты в прошлом году (?) пожаловал нас рублем, то до нас тот рубль не дошел. Допроси, господин, …’",поклонъ ѡсподину ѧкову и ивану ѿ сирътъ что ѥси ꙩс[по](д)[и](не пожаловалъ) (л)[они р]убльмо насъ тъто рубль не дошелъ[д]о насъ в[ъ]с[пр]о[с]и ѡсподине …,поклонъ ѡсподину ѧкову и ивану ѿ сирътъ что ѥси ꙩсподине пожаловалъ лони рубльмо насъ тъто рубль не дошелъдо насъ въспроси ѡсподине [UNK],22
861,1077,https://gramoty.ru/birchbark/document/show/novgorod/1077/,Новгород,1380‒1400 (с вероятным смещением назад или вперёд),1380,1400,1390,14,Грамота №1077,Завещание Афанаса,,во имѧ ꙩца · и сн҃а · и сгто дха · се азъ рабъ б҃и · афанасъ пишю рукописаниѥ · при своѥмь животѣ · приказꙑваю живо‐ тъ свои · сн҃у · своѥму · ꙩндрѣю · взѧти ми · оу ꙩафоноса оу дьꙗка оу кузмодемьꙗньско · полъ шести коробьи ржи · оу конища полъ четверти кобьи ржи да ет· ꙩвсѧ · оув о‐ нисимка оу шадрина ·ѕ҃· коробе ржи · оу степанка оу комарова коробьꙗ ржи · оу логꙑновꙑхъ дѣт· оу кудри‐ нихъ коробьꙗ · ржи · оу коста полъ гривни да нога‐ та : оу зѧтѧ оу ѥрмолѣ полтѣнакоробьꙗ оу дыда шюба бара[н] · оу грѣшкѣ оу комара ·з҃· к[о](робеи ржи) … После разрыва: … полт[ѣ]ну а дру‐ га за мною,во имѧ ꙩца · и сн҃а · и сгто дха · се азъ рабъ б҃и · афанасъ пишю рукописаниѥ · при своѥмь животѣ · приказꙑваю животъ свои · сн҃у · своѥму · ꙩндрѣю · взѧти ми · оу ꙩафоноса оу дьꙗка оу кузмодемьꙗньско · полъ шести коробьи ржи · оу конища полъ четверти кобьи ржи да ет· ꙩвсѧ · оув онисимка оу шадрина ·ѕ҃· коробе ржи · оу степанка оу комарова коробьꙗ ржи · оу логꙑновꙑхъ дѣт· оу кудринихъ коробьꙗ · ржи · оу коста полъ гривни да ногата : оу зѧтѧ оу ѥрмолѣ полтѣнакоробьꙗ оу дыда шюба баран · оу грѣшкѣ оу комара ·з҃· коробеи ржи [UNK] После разрыва: [UNK] полтѣну а друга за мною,131
862,1078,https://gramoty.ru/birchbark/document/show/novgorod/1078/,Новгород,1380‒1400 (с вероятным смещением назад или вперёд),1380,1400,1390,14,Грамота №1078,Фрагмент завещания,,(во имѧ) [ѡ]ц҃а ӏ съ҃на ӏ св҃ѧ[т]о‐ (го дх҃а) …---ѳн,во имѧ ѡц҃а ӏ съ҃на ӏ св҃ѧтого дх҃а [UNK] ѳн,18
863,1079,https://gramoty.ru/birchbark/document/show/novgorod/1079/,Новгород,1380‒1400 (с вероятным смещением назад или вперёд),1380,1400,1390,14,Грамота №1079,"От Семена и его детей и от Моисея к Михею, Федору, Есифу и Юрию (просьба вызвать позовником в суд Вичка, Иванца Дроздова и Ивана Онцифорова)","‛Поклон от Смёна и его детей и от Моисея к Михею, Федору, Есифу и Юрию. Пошлите позовника за Вичком, за Иванцем Дроздовым и за Онцифоровым Иваном’.",поклонъ · ѿ смена и ѿ ѥго дѣтеи · и ѿ м‐ оисиѧ · к михию · и к федору · и к неси‐ фу · и к нюрню · пошли{ли}те · позовн‐ икъ · по вицка · и по иванца по дро‐ здова · и по ꙩнцифорова · ивана,поклонъ · ѿ смена и ѿ ѥго дѣтеи · и ѿ моисиѧ · к михию · и к федору · и к несифу · и к нюрню · пошлите · позовникъ · по вицка · и по иванца по дроздова · и по ꙩнцифорова · ивана,46
864,1080,https://gramoty.ru/birchbark/document/show/novgorod/1080/,Новгород,1360‒1380 (с вероятным смещением назад или вперёд),1360,1380,1370,14,Грамота №1080,Фрагмент неопределенного содержания,,…[онъ]камъ …ку[ц]ньжоно,[UNK] онъкамъ [UNK] куцньжоно,4
865,1081,https://gramoty.ru/birchbark/document/show/novgorod/1081/,Новгород,1320‒1340,1320,1340,1330,14,Грамота №1081,Долговой список,,… (с)[оц]кли [ӏ] … … у ѡлькси ·з҃ӏ· бьлъ у вилива …ото в лембъви бьла у дмитра … ув ънъдрьѧ,[UNK] соцкли ӏ [UNK] у ѡлькси ·з҃ӏ· бьлъ у вилива [UNK] ото в лембъви бьла у дмитра [UNK] ув ънъдрьѧ,24
866,1082,https://gramoty.ru/birchbark/document/show/novgorod/1082/,Новгород,1320‒1340 (с вероятным смещением вперёд),1320,1340,1330,14,Грамота №1082,«У Ортемьи-посака 3 берковца»,"‛У Ортемьи-посака (или: Посака) три берковца [{вероятно,} соли]’.",уов ортимие уо посака три берековесеке,уов ортимие уо посака три берековесеке,6
867,1083,https://gramoty.ru/birchbark/document/show/novgorod/1083/,Новгород,1180‒1200 (с вероятным смещением вперёд),1180,1200,1190,12,Грамота №1083,От Радила к Радонегу (указание ювелира подмастерью изготовить две цепочки),"‛От Радила к Радонегу. Делай две цепи, обе одинаковые; развесь [сырье], не замутняя меди {(в варианте 1)} (или: не примешивая меди – {в варианте 2}), — нам [предстоит] плавить добротно. Теперь [уж] к празднику твердо’.",`+ ѿ радила къ радонѣгоу дѣлаи цепи дъвои обои ладьнѣ не моутѧ мѣди розвѣсѧ намъ ти пожигати добрѣ нꙑнѣ къ свѧтъкоу двьръдо,ѿ радила къ радонѣгоу дѣлаи цепи дъвои обои ладьнѣ не моутѧ мѣди розвѣсѧ намъ ти пожигати добрѣ нꙑнѣ къ свѧтъкоу двьръдо,21
868,1084,https://gramoty.ru/birchbark/document/show/novgorod/1084/,Новгород,1320‒1340,1320,1340,1330,14,Грамота №1084,Долговой список,,… марка ·з҃· бьлъ …[л]ици ·д҃· бьли …ла · у павшици …или бьла у [р]а-…,[UNK] марка ·з҃· бьлъ [UNK] лици ·д҃· бьли [UNK] ла · у павшици [UNK] или бьла у ра- [UNK],26
869,1085,https://gramoty.ru/birchbark/document/show/novgorod/1085/,Новгород,1340‒1360,1340,1360,1350,14,Грамота №1085,Проба пера («пробую»),‛Пробую’.,покоушаю другой фрагмент той же бересты: на ꙗ ꙗко,покоушаю другой фрагмент той же бересты: на ꙗ ꙗко,10
870,1086,https://gramoty.ru/birchbark/document/show/novgorod/1086/,Новгород,1340‒1360,1340,1360,1350,14,Грамота №1086,О доставке пшеницы и об устройстве толоки,‛… (пришлите [?]) сюда кадь пшеницы ({менее вероятно:} проса). А толоку устроить [предстоит до] святок ({или:} на праздник)’.,… (пше)‐ нкѣ сѣмо : кадь · а толока · гоши[ти] (…) … (св)‐ [ѧ]т[окъ],[UNK] пшенкѣ сѣмо : кадь · а толока · гошити [UNK] свѧтокъ,12
871,1087,https://gramoty.ru/birchbark/document/show/novgorod/1087/,Новгород,1140‒1160 (с вероятным смещением назад),1140,1160,1150,12,Грамота №1087,От Олекши к Демьянку (о долге бежавшего внука),"‛От Олекши к Демьянку. Так как ты считаешь, что за мной куна (и столько-то гривен), а за внучком [моим] 9 кун — [так] показал Данило, — то бе(ри?) … ({вероятный общий смысл:} весь этот долг с меня); возьми же на него (внучка) в треть (= возьми сумму долга, приходящуюся на внучка, по ставке в 33%, то есть с увеличением на треть). А я … ({вероятный общий смысл:} выплачу) две гривны. А внучек бежал … ({возможно:} туда-то, ко мне не) являясь [{вариант:} (нигде не объ)являясь]’.",+ ѿлькъшь къ дьмьѧнъкоу какъ ты за мъною творишь коун[о](у) … за въноухъцью ти :ѳ: коунъ показаль ти данило ем… възьми жь на нь въ трьть а ѧзъ ти с[ъ з]--[на]… внь дъвь гривнѣ а въноухъцѧ бьжѧл… ѧвлѧѧсѧ,ѿлькъшь къ дьмьѧнъкоу какъ ты за мъною творишь коуноу [UNK] за въноухъцью ти :ѳ: коунъ показаль ти данило ем [UNK] възьми жь на нь въ трьть а ѧзъ ти съ з [UNK] на [UNK] внь дъвь гривнѣ а въноухъцѧ бьжѧл [UNK] ѧвлѧѧсѧ,44
872,1088,https://gramoty.ru/birchbark/document/show/novgorod/1088/,Новгород,1200‒1220 (с вероятным смещением назад или вперёд),1200,1220,1210,13,Грамота №1088,Список людей (неясного предназначения),,… (съ бр)атомо косноти{ти}ни : съди{ли}ла не сережере ма‐ тие геще вълъдеславе лареене ме:ке сереге (г)ри[г]а {л} ѳедоре со братею бори‐ {си}се съ братомо{мо} сепоне оленьце ѳедере сънъмн съмене съ братъмъ,[UNK] съ братомо коснотини : съдила не сережере матие геще вълъдеславе лареене ме:ке сереге грига ѳедоре со братею борисе съ братомо сепоне оленьце ѳедере сънъмн съмене съ братъмъ,32
873,1089,https://gramoty.ru/birchbark/document/show/novgorod/1089/,Новгород,1360‒1380 (с вероятным смещением назад или вперёд),1360,1380,1370,14,Грамота №1089,"Пробы пера (обрывок молитвы, фрагмент азбуки, фраза из письма)",‛Много я согрешил (или: мы согрешили). Семена (Смёна) у нас забирают на поруки…’,[м]ного сгрѣш{х}их[ъ](…) [ст]уфхѿѻцчшъ[ѣ](…) -[мо]на у насъ [ӏ]м[утъ] … --ру… …ѻм[у]…,много сгрѣшихъ [UNK] стуфхѿѻцчшъѣ [UNK] -мона у насъ ӏмутъ [UNK] ру [UNK] ѻму [UNK],15
874,1090,https://gramoty.ru/birchbark/document/show/novgorod/1090/,Новгород,1180‒1200,1180,1200,1190,12,Грамота №1090,Фрагмент письма,,…[у?] при[с]ли … ти есмь попоу о[т]…,[UNK] у? присли [UNK] ти есмь попоу от [UNK],10
875,1091,https://gramoty.ru/birchbark/document/show/novgorod/1091/,Новгород,1180‒1200 (с вероятным смещением вперёд),1180,1200,1190,12,Грамота №1091,"Список людей (неясного предназначения), включающий Якима","Фома и его жена ({возможно, по имени} Стеша, т. е. Степанида), Миха и его мать, Янка и ее мачеха. {Кроме того, участвуют} Яким и Микула.",¦ ѧнока ¦ мацеха ¦ ѧкиме + ѳома ¦ стш жена ¦ м-[х]а ¦ мати мику[ла] ¦,¦ ѧнока ¦ мацеха ¦ ѧкиме + ѳома ¦ стш жена ¦ мха ¦ мати микула ¦,17
876,1092,https://gramoty.ru/birchbark/document/show/novgorod/1092/,Новгород,1320‒1340,1320,1340,1330,14,Грамота №1092,Фрагмент с упоминанием князя Константина,‛Что ходили люди [в такой-то местности на кунью] и соболиную [охоту] …’. {В конце в качестве приписки имелась также какая-то форма ссылки на волю князя Константина.},цто ходилъ пѣшь чл҃в… и соболинъ · ѡ[да]… кнѧжъ кост-н…,цто ходилъ пѣшь чл҃в [UNK] и соболинъ · ѡда [UNK] кнѧжъ костн [UNK],15
877,1093,https://gramoty.ru/birchbark/document/show/novgorod/1093/,Новгород,1380‒1400 (с вероятным смещением вперёд),1380,1400,1390,14,Грамота №1093,Фрагмент письма к феодалу,"{Это маленький фрагмент письма к феодалу. В тексте упоминался, в частности, вариант решения какого-то делового вопроса путем выплаты полтины.}",`--- любо · полтину … … кланѧець своему ѻс(подину) …,[UNK] любо · полтину [UNK] кланѧець своему ѻсподину [UNK],9
878,1094,https://gramoty.ru/birchbark/document/show/novgorod/1094/,Новгород,1380‒1400 (с вероятным смещением вперёд),1380,1400,1390,14,Грамота №1094,"От Волоса к Офоносу и к Михале (жалоба на Василка, который избил сына автора и арестовал его)","‛Челобитье от Волоса к господину Офоносу и к Михале. Сперва он избил моего сына, а теперь Василко забирает вам (для вас) еще и Еська. Так что теперь, господин, о том позаботьтесь. А еще он на меня похваляется’. {Вариант для первой фразы:} ‛Сперва он избил моего сына, а теперь забирает [его] вам (для вас); {уточнение, о ком идет речь:} Василко, Иеська (Еська-то)’.",челобѣтьѥ ѿ волоса ги҃ну к ъфо‐ носу и къ михалѣ · первоѥ · оу‐ бѣле сꙑна моѥго · а нꙑноцо вам ѥне · васѣлъке · и ѥска · а нꙑнь · ги҃‐ не · ꙩт томъ пецалтесь · а ѥще на м‐ ене похупаѥтсѧ,челобѣтьѥ ѿ волоса ги҃ну к ъфоносу и къ михалѣ · первоѥ · оубѣле сꙑна моѥго · а нꙑноцо вам ѥне · васѣлъке · и ѥска · а нꙑнь · ги҃‐ не · ꙩт томъ пецалтесь · а ѥще на мене похупаѥтсѧ,45
879,1095,https://gramoty.ru/birchbark/document/show/novgorod/1095/,Новгород,1380‒1400 (с вероятным смещением вперёд),1380,1400,1390,14,Грамота №1095,Фрагмент письма с упоминанием выкупа,,…-[ома] а н[е ѻ̈]купаѥ … худо буде а на то у … (дѣ)теи и своихъ хоромо …не у те[бе ѻ̈]…,[UNK] -ома а не ѻ̈купаѥ [UNK] худо буде а на то у [UNK] дѣтеи и своихъ хоромо [UNK] не у тебе ѻ̈ [UNK],27
880,1096,https://gramoty.ru/birchbark/document/show/novgorod/1096/,Новгород,1380‒1400 (с вероятным смещением вперёд),1380,1400,1390,14,Грамота №1096,От Климентия и от Марьи к Пятку Опарину,"{грамота № 1096 почти наверное адресована брату. Возможно, это было семейное приглашение (или поздравление и т. п.)}",поклонъ ѿ климентѣꙗ ӏ ѿ марьӏ къ п[ѧ]тк[у къ] оп[ар]ин[у] а… оборот … ӏване …,поклонъ ѿ климентѣꙗ ӏ ѿ марьӏ къ пѧтку къ опарину а [UNK] оборот [UNK] ӏване [UNK],16
881,1097,https://gramoty.ru/birchbark/document/show/novgorod/1097/,Новгород,1360‒1380 (с вероятным смещением вперёд),1360,1380,1370,14,Грамота №1097,От Михаила к Офоносу и к Терентию (просьба постоять в некоем деле за двух родственников),"‛От Михаила поклон к Офоносу и к Терентию. Господин, постойте в том деле за родича моего Терентия и за племянника (или: двоюродного брата) его. А что будет им надобно, то им и дать’.",ѿ миханла поклоно к офоносу и к те{е}ретнию ѡсподине по‐ ст[о]ить в орюдии томъ за родника моѥго теретиѧ и за брата‐ на ѥго а цто буть имъ надоби а то им ꙑ дать,ѿ миханла поклоно к офоносу и к теретнию ѡсподине постоить в орюдии томъ за родника моѥго теретиѧ и за братана ѥго а цто буть имъ надоби а то им ꙑ дать,31
882,1098,https://gramoty.ru/birchbark/document/show/novgorod/1098/,Новгород,1360‒1380,1360,1380,1370,14,Грамота №1098,От Терентия к Онтону и к Моисею (требование прислать к воскресенью процентные деньги и рыбу с угрозой прислать биричей),"‛Поклон от Терентия к Онтону и к Моисею. Я к вам шлю уже третью грамоту, а вы мне не присылаете ни процентных денег, ни рыбы ({букв.:} рыб). А теперь если не пришлете к воскресенью ни процентных денег, ни рыбы, то мне [остается] слать на вас биричей, а на меня не жалуйтесь’.",поклонъ ѿ тереньтеѧ к онътону и к моӏсию оуж[ь] к вамъ шлю третьюю грамоту а вꙑ ко мни не пришлете накладьного се‐ ребра ни рꙑбъ нꙑни не пришлете к недили накладъного серебра ни рꙑбъ ӏ слат[ь] ми по васъ [би]‐ Оборот: рици а на ме сѧ не жальте,поклонъ ѿ тереньтеѧ к онътону и к моӏсию оужь к вамъ шлю третьюю грамоту а вꙑ ко мни не пришлете накладьного серебра ни рꙑбъ нꙑни не пришлете к недили накладъного серебра ни рꙑбъ ӏ слать ми по васъ биОборот: рици а на ме сѧ не жальте,47
883,1099,https://gramoty.ru/birchbark/document/show/novgorod/1099/,Новгород,1360‒1380 (с вероятным смещением назад или вперёд),1360,1380,1370,14,Грамота №1099,От Семена и от Мордки к Офоносу (просьба постоять за своих испольщиков),‛Поклон от Семена к Офоносу и от Мордки к господину моему. Что испольщиков ты посадил — так теперь постой за них’.,поклоно ѿ смена к офоносу и ѿ мортки к осподину · моѥму цто половники · посажени · твоскии а нꙑни · постои за нихъ,поклоно ѿ смена к офоносу и ѿ мортки к осподину · моѥму цто половники · посажени · твоскии а нꙑни · постои за нихъ,24
884,1100,https://gramoty.ru/birchbark/document/show/novgorod/1100/,Новгород,1360‒1380 (с вероятным смещением назад или вперёд),1360,1380,1370,14,Грамота №1100,"«Кондрат, Павел, Протасий»",,кодратъ павле протасеӏ,кодратъ павле протасеӏ,3
885,1101,https://gramoty.ru/birchbark/document/show/novgorod/1101/,Новгород,1340‒1360,1340,1360,1350,14,Грамота №1101,Реестр денежного сбора,"{Документ представляет собой реестр некоего большого денежного сбора, в котором участвуют следующие лица:} 1) Иванко Кузьмин, 2) Ортемий, 3) Шуст с Федком, 4) Савва с Притыкой, 5) Июда, 6) Самсон, 7) Микула, 8) Федорко Бошаров, 9) Осип Мшилов, 10) Кукла, 11) Минка Кулотин с Зарубой, 12) Денесей и Олисей. {Общая сумма сбора — 10 рублей с полтиной.}",иванко кузминъ далъ рбль у ѡртемьѧ взѧтъ рбль · шюстъ с федкомъ далъ рбль · сава съ притꙑкою далъ рбль июда далъ рубль самсонъ далъ · рбл[ь] микула далъ полътину · федърко бъшаровъ плтину далъ · ꙩсипъ мшилъво плтину далъ кукла далъ рубль · минка ку‐ лотинъ зарубою рубль дал[ъ] деньсеи · ѻлисѣи рубль дали Оборот: абвгде жѕзиӏ{и}к,иванко кузминъ далъ рбль у ѡртемьѧ взѧтъ рбль · шюстъ с федкомъ далъ рбль · сава съ притꙑкою далъ рбль июда далъ рубль самсонъ далъ · рбль микула далъ полътину · федърко бъшаровъ плтину далъ · ꙩсипъ мшилъво плтину далъ кукла далъ рубль · минка кулотинъ зарубою рубль далъ деньсеи · ѻлисѣи рубль дали Оборот: абвгде жѕзиӏк,58
886,1102,https://gramoty.ru/birchbark/document/show/novgorod/1102/,Новгород,1340‒1360 (с вероятным смещением вперёд),1340,1360,1350,14,Грамота №1102,"От Лукерьи к матери (об устройстве поминок и других делах, связанных со смертью родственника)","‘Поклон от Лукерьи к матери. Кутьецы (кутейки) оставь. А рубль свой возьми, а полтину пришли. Проси про полтину, свари там. А что до одежды — приходи (или: приезжай) сама сюда. Шлю к тебе на бегу. Или с сестрой пришли’",поклоно ѿ лукерии ки макти коли[в]ка ѡста‐ ви ѧ рубили свои возми а потину пришли кланисѧ про потиноу сварити а це ремиѧ приди сама симо слю ти бижа любо сесру пришли {о}хои,поклоно ѿ лукерии ки макти коливка ѡстави ѧ рубили свои возми а потину пришли кланисѧ про потиноу сварити а це ремиѧ приди сама симо слю ти бижа любо сесру пришли хои,31
887,1103,https://gramoty.ru/birchbark/document/show/novgorod/1103/,Новгород,1160‒1180 (с вероятным смещением назад или вперёд),1160,1180,1170,12,Грамота №1103,Фрагмент письма,‛я дал (?) Местаку хорошую пашню’.,…мъ мистакоу добриноу … …д[ьни]коу задѣ,[UNK] мъ мистакоу добриноу [UNK] дьникоу задѣ,7
888,1105,https://gramoty.ru/birchbark/document/show/novgorod/1105/,Новгород,1160‒1180 (с вероятным смещением назад или вперёд),1160,1180,1170,12,Грамота №1105,От Суботки к Гюре (требование вернуть проданного в холопы сына),"‛Это [грамота] от Суботки к Гюре. Вот ты продал мое дитя. А теперь веди его сюда, найдя. Если не найдешь и не приведешь ко мне, то я обращусь к князю с жалобой на тебя’.",се ѿ соуботъкѣ къ гюрѣ се еси прода(ле) дѣтѧ мое а нꙑнѣ веди с[ѣ]мо налѣз[ъ] не налѣзеши ли ни приведеши къ мънѣ а ѧзъ хоцоу къ кнѧзоу на тѧ,се ѿ соуботъкѣ къ гюрѣ се еси продале дѣтѧ мое а нꙑнѣ веди сѣмо налѣзъ не налѣзеши ли ни приведеши къ мънѣ а ѧзъ хоцоу къ кнѧзоу на тѧ,29
889,1106,https://gramoty.ru/birchbark/document/show/novgorod/1106/,Новгород,1160‒1180 (с вероятным смещением назад или вперёд),1160,1180,1170,12,Грамота №1106,Фрагмент письма с упоминанием поездки в Смоленск и Луки «биричевича»,"‛... пяти гривен попу ... ..., а позаботься [об этом]. А я отправился в Смоленск. А у Ло... [возьми] шубы на Городище. А у Луки Биричевича возьми...’",…[и пѧти гривь]но [п]о[пѫ] --[к]--[а]… (…)шь а промъсли а ѧзъ ти шьль смольньскѫ : а ѫ ло‐ … (ко)[ж]ѫхѣ на городищи а ѫ лѫкѣ ѫ бирицьвичѧ възь‐ (ми …),[UNK] и пѧти гривьно попѫ [UNK] к [UNK] а [UNK] шь а промъсли а ѧзъ ти шьль смольньскѫ : а ѫ ло‐ [UNK] кожѫхѣ на городищи а ѫ лѫкѣ ѫ бирицьвичѧ възьми [UNK],34
890,1107,https://gramoty.ru/birchbark/document/show/novgorod/1107/,Новгород,1360‒1380,1360,1380,1370,14,Грамота №1107,Фрагмент с упоминанием покоса,,... ѥго гдѣ б[уд]... --не покощено : ѻди[н-]...,[UNK] ѥго гдѣ буд [UNK] не покощено : ѻдин- [UNK],11
891,1108,https://gramoty.ru/birchbark/document/show/novgorod/1108/,Новгород,1160‒1180 (с вероятным смещением вперёд),1160,1180,1170,12,Грамота №1108,Фрагмент письма Якима с упоминанием Бориса и Фомы Стоянича,"‛… (шести) гривен. А сам, как говорили, должен … (Если не) приплывет в воскресенье, поеду к нему. А у Бориса эти шесть гривен получить непросто. … о нем, то пришлите (мне весть). {Оборот:} … из города Фома Стоянич, … они пренебрегают. А Харя из денег за солод скрыл тринадцать с половиной кун’.",… [грив]но а самомуо творѧ[х]уо [в]о ньдьл[уо] … … (во)‐ [зидь в]о нь[дьл]уо ти + ко ньмуо едуо а уо бориса ти :ѕ҃:[с]ти тои гривьно нь лап[ь] в[озѧти] а из… …[ти о] нь[мо] а восол[и]та оборот: … (п)[рисл]а[в]о [ти из г]орода стоѧничь фома … [бьрьг]уо [а х]арѧ на молодогь сокриль поло чьтвьрть на дьсѧть куонь,[UNK] гривно а самомуо творѧхуо во ньдьлуо [UNK] возидь во ньдьлуо ти + ко ньмуо едуо а уо бориса ти :ѕ҃:сти тои гривьно нь лапь возѧти а из [UNK] ти о ньмо а восолита оборот: [UNK] приславо ти из города стоѧничь фома [UNK] бьрьгуо а харѧ на молодогь сокриль поло чьтвьрть на дьсѧть куонь,59
892,1109,https://gramoty.ru/birchbark/document/show/novgorod/1109/,Новгород,1340‒1360 (с вероятным смещением вперёд),1340,1360,1350,14,Грамота №1109,Реестр натурального сбора,"‛У Радошка пять кадей ржи, кадь ячменя, кадь овса, зобница пшеницы. У Пянтелея пять кадей ржи, две с половиной кади овса, ячменя две кади и зобница, зобница семян, зобница пшеницы. У Офоноса кадь ржи, три кади прошлогоднего овса. У Жихна пять с половиной кадей ржи, пять [кадей] овса, три зобницы гороха, полкади пшеницы. {Оборот:} У Охна полторы кади ржи. У Зубка пять кадей овса, пять зобниц ячменя’.",… (де)‐ жѧ у радошка пѧть деже рожи · жита дежѧ ꙩвса дежѧ пшеници зобни‐ ца · у пѧнтелеѧ · пѧть деже рожи · ꙩвса полотретиӏ дежи жита ·в· дежи · ӏ зо‐ бница семени зобница· пшеници · зобница у ꙩфоноса рожи дежѧ ꙩвса · лоне‐ ского три дежи · у жихна · поло шестꙑ дежи рожи · ꙩвса пѧ·ть· горох[у] три зобници · пшеници · поло дежи Оборот: {у} у ꙩхна · полоутори · дижи · рожи · у зубка пѧте деже ꙩвса · жита пѧ зобниче,[UNK] дежѧ у радошка пѧть деже рожи · жита дежѧ ꙩвса дежѧ пшеници зобница · у пѧнтелеѧ · пѧть деже рожи · ꙩвса полотретиӏ дежи жита ·в· дежи · ӏ зобница семени зобница· пшеници · зобница у ꙩфоноса рожи дежѧ ꙩвса · лонеского три дежи · у жихна · поло шестꙑ дежи рожи · ꙩвса пѧ·ть· гороху три зобници · пшеници · поло дежи Оборот: у ꙩхна · полоутори · дижи · рожи · у зубка пѧте деже ꙩвса · жита пѧ зобниче,90
893,1110,https://gramoty.ru/birchbark/document/show/novgorod/1110/,Новгород,1160‒1180 (с вероятным смещением назад или вперёд),1160,1180,1170,12,Грамота №1110,От Рощены к Якиму (распоряжение купить шубу и воротники из паволоки),‛От Рощёны к Якиму. Купи шубу за гривну и четыре воротника из паволоки. Дай [это] Ивану Негодорожичу. А деньги получишь с ладьей’.,отъ рощенѣ къ ѧкимоу: крьнь кожоу‐ хъ гривьною : и цетꙑри ожьрелиѧ па‐ волоцита въда иваноу нѣгодорожи‐ цоу а : коунѣ ти въ лодие боудѫть,отъ рощенѣ къ ѧкимоу: крьнь кожоухъ гривьною : и цетꙑри ожьрелиѧ паволоцита въда иваноу нѣгодорожицоу а : коунѣ ти въ лодие боудѫть,23
894,1112,https://gramoty.ru/birchbark/document/show/novgorod/1112/,Новгород,1140‒1160,1140,1160,1150,12,Грамота №1112,Фрагмент письма о взыскании долгов,"‛если кто-то запирается, то, сосчитав, оставь за ним долг в треть до моего приезда’.",… все… сѧ кто пьри а съць[тъ о]… въ треть до мене : оу домаслав-ѧ : …,[UNK] все [UNK] сѧ кто пьри а съцьтъ о [UNK] въ треть до мене : оу домаславѧ : [UNK],19
895,1113,https://gramoty.ru/birchbark/document/show/novgorod/1113/,Новгород,1180‒1200,1180,1200,1190,12,Грамота №1113,От Ивана и Мирославы к Ивану и неизвестному адресату (просьба передать падчерице требование прислать холст),"‛Поклон от Иванка и от Мирославы Иванку и … . Сделайте милость, моя падчерица [находится] на Радятине улице, скажите [ей]: «Пошли, вражина, чужой холст: мне нужно сейчас заплатить 18 кун, а я с пустыми руками. А что ты обманом выпросила у Иванка гривну — так пришли с того хоть золотник Полепе. Зачем тебе так поступать? Не ослушайся, пошли же скорее».",[ѿ и]ванка и ѿ мирослав[ѣ] къ иванкоу и къ ---ѣ покланѧние створита добро : моѧ падцерица : на радѧтинѣ оулице а мълвита : посли вороже : цужу хълъстиноу : мнѣ нꙑ‐ нѣ : платити :и:҃ӏ: коунъ : а тъщѣ : роукѣ : а оно ти еси вꙑ‐ лгала оу иванка гривноу : а на то : любо си золотни‐ къ : присли полѣпѣ : цемоу тобѣ тако дѣѧти не о‐ слоушаи же сѧ : посли въ бързѣ,ѿ иванка и ѿ мирославѣ къ иванкоу и къ [UNK] ѣ покланѧние створита добро : моѧ падцерица : на радѧтинѣ оулице а мълвита : посли вороже : цужу хълъстиноу : мнѣ нꙑнѣ : платити :и:҃ӏ: коунъ : а тъщѣ : роукѣ : а оно ти еси вꙑлгала оу иванка гривноу : а на то : любо си золотникъ : присли полѣпѣ : цемоу тобѣ тако дѣѧти не ослоушаи же сѧ : посли въ бързѣ,79
896,1114,https://gramoty.ru/birchbark/document/show/novgorod/1114/,Новгород,1120‒1140,1120,1140,1130,12,Грамота №1114,Хозяйственные распоряжения,"‛... (заплатите) ячменьком 17 лукон за сукна, а жеребчика не продавайте’.",… … (·)[з](·) на ·ӏ·[сть л]оу[к]ън(ъ) жицемъ на соукънѣхъ а жеребъка не продаите,[UNK] ·з· на ·ӏ·сть лоукънъ жицемъ на соукънѣхъ а жеребъка не продаите,17
897,1115,https://gramoty.ru/birchbark/document/show/novgorod/1115/,Новгород,1120‒1140 (с вероятным смещением вперёд),1120,1140,1130,12,Грамота №1115,Записка при посылке,‛Сдослав прислал’,сьдославе присълале,сьдославе присълале,2
898,1116,https://gramoty.ru/birchbark/document/show/novgorod/1116/,Новгород,1120‒1140 (с вероятным смещением вперёд),1120,1140,1130,12,Грамота №1116,Указния о продаже товаров (в том числе тюленьих шкур),‛От Х-а к Y-у. Сукно продай Сновиду — там сукна на (такую-то сумму). Денег никому не отдавай. А тюленьи кожи продай Z-у — там тюленьих кож на (такую-то сумму)’,… …къновидоу продаже то ти в(ъ) … … не даи же скота никомоу[ж](е) … …же то ти въ въръвонѣ--…,[UNK] къновидоу продаже то ти въ [UNK] не даи же скота никомоуже [UNK] же то ти въ въръвонѣ [UNK],19
899,1117,https://gramoty.ru/birchbark/document/show/novgorod/1117/,Новгород,1280‒1300 (с вероятным смещением вперёд),1280,1300,1290,13,Грамота №1117,Список имен,"‛Дементий, Яков, Илья, Захарья и Туфтей Балины’.",демен[тѣ]·‐ и ꙗково и‐ леꙗ · захаре‐ ꙗ туфтѣи балинꙑ,дементѣ·‐ и ꙗково илеꙗ · захареꙗ туфтѣи балинꙑ,10
900,1118,https://gramoty.ru/birchbark/document/show/novgorod/1118/,Новгород,1280‒1300 (с вероятным смещением вперёд),1280,1300,1290,13,Грамота №1118,Запись сборщика податей,"‛... (у такого-то подать) взяли [мы] вдвоем c Лазарем, шесть с половиной белок, у Боткова сына семь белок, у Олексы шесть с половиной белок, у Обакши шесть белок, у Дорофея [взята] гривна, у Нездилы за двоих тринадцать [белок]’.",(…) на (…)‐ ть взѧлѣ с лазоремъ другъ полъ семѣ бѣлѣ оу боткова сꙑна :з: бѣлъ оув олекси полъ семѣ бѣлѣ оув обакши :ѕ: бѣлъ оу дороѳѣѧ гривна оу нездилѣ на дву :г:ӏ: … малый фрагмент …[г]омъ шест[ь] бѣлъ …,[UNK] на [UNK] ‐ ть взѧлѣ с лазоремъ другъ полъ семѣ бѣлѣ оу боткова сꙑна :з: бѣлъ оув олекси полъ семѣ бѣлѣ оув обакши :ѕ: бѣлъ оу дороѳѣѧ гривна оу нездилѣ на дву :г:ӏ: [UNK] малый фрагмент [UNK] гомъ шесть бѣлъ [UNK],50
901,1120,https://gramoty.ru/birchbark/document/show/novgorod/1120/,Новгород,1120‒1140 (с вероятным смещением назад или вперёд),1120,1140,1130,12,Грамота №1120,"От …на к Илье (просьба не посылать отрока, торговые дела)",‛От …на к Илье. Не посылай отрока: (я?) пошел … … погрузить товарец на …’,… [н]а къ или не съли отро{ӏ}ка шъле … … лони товаръ[ц]а [възло]жити на [мѧ] … …,[UNK] на къ или не съли отрока шъле [UNK] лони товаръца възложити на мѧ [UNK],15
902,1121,https://gramoty.ru/birchbark/document/show/novgorod/1121/,Новгород,1120‒1140 (с вероятным смещением назад),1120,1140,1130,12,Грамота №1121,Протокол судебного заседания,‛…и я украл бобров (про дань — 8 гривен в бобровых шкурах). А вот украли 20 шкур у Мило… … сам вор …’,… … [: и ѧ]з[ъ] крале бебрꙑ : про дан[ь] :и: грн҃ве : въ беб[ръ]хъ : а се крали :[к]: мѣ[х]ъ ѫ мило‐ ---- --мъ тать въ(…)(грв)[н҃оу] .:,[UNK] : и ѧзъ крале бебрꙑ : про дань :и: грн҃ве : въ бебръхъ : а се крали :к: мѣхъ ѫ мило‐ [UNK] мъ тать въ [UNK] грвн҃оу .:,39
903,1124,https://gramoty.ru/birchbark/document/show/novgorod/1124/,Новгород,1380‒1400 (с вероятным смещением назад или вперёд),1380,1400,1390,14,Грамота №1124,Долговой список,"‛У Х-а 6 семниц [денег за коня (?)]. У Y-а на Городище 3 белки. У Z-а с зятем Родиваном [столько-то]. У Якова [отчество (?)], кожевника, рубль с полтиной. У его брата [имя, столько-то]’.",… (·)ѕ· семниць кон… …а на городищи ·г҃· бѣлк- … … (зѧ)темъ родиваномъ … …[о]ва оу кожевника оу … … (по)лтиною брата ево …,[UNK] ·ѕ· семниць кон [UNK] а на городищи ·г҃· бѣлк- [UNK] зѧтемъ родиваномъ [UNK] ова оу кожевника оу [UNK] полтиною брата ево [UNK],29
904,1125,https://gramoty.ru/birchbark/document/show/novgorod/1125/,Новгород,1380‒1400 (с вероятным смещением вперёд),1380,1400,1390,14,Грамота №1125,От Ивана к Давыду (?),,поклонъ ѿ е[в]ана к- … ду цто с литошни[м]- … [ть]---ни не мо[л]… (…),поклонъ ѿ евана к- [UNK] ду цто с литошним- [UNK] ть [UNK] ни не мол [UNK],18
905,1126,https://gramoty.ru/birchbark/document/show/novgorod/1126/,Новгород,1380‒1400,1380,1400,1390,14,Грамота №1126,От Тимофея к господину (о сельских работах),"‛Господину [имя и отчество] [ключник/староста] Тимофей [бьет челом]. [Нивы твои, господин], одни [готовы], а другие [не вспаханы]. И нужны [семена, господин]. И ты … [позаботься] прислать мне [твою пшеницу]. [А если крестьяне] в поля не пойдут, то сам [поезжай сюда, господин]. А не хочешь — как тебе угодно. И ты бы, [господин], позаботился [о своем] хлебе: … [продают ячмень] по 12 белок [коробью/кадь] …’. {Оборот:} ‛да пришли палаточку’.",ꙩспод(ину)… (ти)‐ моѳи… …‐ ови а ин--------ни а … … (н)‐ адобь и тꙑ [ѿ]----ина … ка къ мни правити т… ни в землу не поиду а са(м)… а не хошь какъ тоби лу(бо) … иби попецаловалесе б… це по дви наца билки [к]… оборот: … … да шатришко пришли,ꙩсподину [UNK] тимоѳи [UNK] ‐ ови а ин [UNK] ни а [UNK] надобь и тꙑ ѿ [UNK] ина [UNK] ка къ мни правити т [UNK] ни в землу не поиду а сам [UNK] а не хошь какъ тоби лубо [UNK] иби попецаловалесе б [UNK] це по дви наца билки к [UNK] оборот: [UNK] да шатришко пришли,57
906,1127,https://gramoty.ru/birchbark/document/show/novgorod/1127/,Новгород,1380‒1400 (с вероятным смещением вперёд),1380,1400,1390,14,Грамота №1127,Деловые распоряжения,,при(казъ)… те п[о]… ину ѡ… у куд… коле… ю а ш… рова… ржи оу… оборот …ъ мѣ …а мѣр …авге …ь ип …,приказъ [UNK] те по [UNK] ину ѡ [UNK] у куд [UNK] коле [UNK] ю а ш [UNK] рова [UNK] ржи оу [UNK] оборот [UNK] ъ мѣ [UNK] а мѣр [UNK] авге [UNK] ь ип [UNK],35
907,1128,https://gramoty.ru/birchbark/document/show/novgorod/1128/,Новгород,1320‒1340 (с вероятным смещением вперёд),1320,1340,1330,14,Грамота №1128,Документ о конфликте из-за запруды,"{реконструкция}: '[Х поставил мельницу (?), устроив запруду. Вода от запруды уже залила пахотную (?)] землю и [заливает] поле из-под овса (?) и … [А Х] запрудную воду [отказывается] спустить. И утверждает, что запруду [устроил по договору. Это он] воистину [лжет]. А тому свидетели:…'",… …землю · и ѡв… …ньскѣи · бер… …оудную воду… …дити · а проу… …рить · поистин… …[аѥть · а] на то р… …,[UNK] землю · и ѡв [UNK] ньскѣи · бер [UNK] оудную воду [UNK] дити · а проу [UNK] рить · поистин [UNK] аѥть · а на то р [UNK],29
908,1129,https://gramoty.ru/birchbark/document/show/novgorod/1129/,Новгород,1340‒1360 (с вероятным смещением назад),1340,1360,1350,14,Грамота №1129,От попа (о конфликте вокруг аренды),,блгословльниѥ · и покл(онъ) … далъ · пожню · мни … ви (дит)[и] · коунꙑ · носѧ(ть) … … … (по)[ж]нѧ лежить · а коу(нꙑ во)з… …ни · пришли ми · … … мои · ·в҃· грв҃ни · и ꙗзъ · возмоу оу --[р]---вꙑхъ · дитьи … …ни · или не пришльши · ·в· грв҃нѣ [пен]ѧ · оуцинитсѧ · … … (вѣ)даѥши .:.,блгословльниѥ · и поклонъ [UNK] далъ · пожню · мни [UNK] ви дити · коунꙑ · носѧть [UNK] пожнѧ лежить · а коунꙑ воз [UNK] ни · пришли ми · [UNK] мои · ·в҃· грв҃ни · и ꙗзъ · возмоу оу [UNK] р [UNK] вꙑхъ · дитьи [UNK] ни · или не пришльши · ·в· грв҃нѣ пенѧ · оуцинитсѧ · [UNK] вѣдаѥши .:.,74
909,1130,https://gramoty.ru/birchbark/document/show/novgorod/1130/,Новгород,1320‒1340 (с вероятным смещением вперёд),1320,1340,1330,14,Грамота №1130,Записка при посылке осетрины,"‛Вот послал Иван (Олександ)ру осетрину — 19 балыков, с Филипом (таким-то) и с …тком Олисеевым’.",се посла и[ва](н)… …ру ѡсетри‐ ну ·[к҃·] [х](ре)[бтовъ безъ] · ѡдного с филипо‐ (мъ съ) … (и съ) …[тко]‐ мъ со ѡлисѣѥвꙑмъ,се посла иван [UNK] ру ѡсетрину ·к҃· хребтовъ безъ · ѡдного с филипомъ съ [UNK] и съ [UNK] ткомъ со ѡлисѣѥвꙑмъ,24
910,1131,https://gramoty.ru/birchbark/document/show/novgorod/1131/,Новгород,1320‒1340 (с вероятным смещением вперёд),1320,1340,1330,14,Грамота №1131,От Юрия Жидилова к Александру (Жидилову?): адресная формула и глоссолалический набор слогов,,поклонъ ѿ юриѧ ѿ жидилова ко ѡлеѯсанду жидиколосакажи паганнананоланажаасовосаюжо [кака]сакакасасꙋсакун[н]анаканаака сахогасокосиа[к]оноасаанаасававо,поклонъ ѿ юриѧ ѿ жидилова ко ѡлеѯсанду жидиколосакажи паганнананоланажаасовосаюжо какасакакасасꙋсакуннанаканаака сахогасокосиаконоасаанаасававо,11
911,1132,https://gramoty.ru/birchbark/document/show/novgorod/1132/,Новгород,1360‒1380 (с вероятным смещением назад или вперёд),1360,1380,1370,14,Грамота №1132,"Челобитная с просьбой сообщить, пойдет ли рать за Волок","‛… Филипова двора. И ты бы, господин, позаботился о том, чтобы было письменное известие, пойдет ли рать за Волок, — [чтобы мы знали], остерегаться нам рати или не остерегаться. А я тебе, своему господину, бью челом’.",… … [фили]пова двора да цто бꙑ еси господи(не) … лилесь ци поидеть рать за волокъ цто бꙑ вѣ{ѥ}стка бꙑла напс(ана бл‐) устисе ль намъ рати ци не блустись азъ тобѣ своему годину цело[м](ъ бью),[UNK] филипова двора да цто бꙑ еси господине [UNK] лилесь ци поидеть рать за волокъ цто бꙑ вѣстка бꙑла напсана блустисе ль намъ рати ци не блустись азъ тобѣ своему годину целомъ бью,33
912,1133,https://gramoty.ru/birchbark/document/show/novgorod/1133/,Новгород,1340‒1360,1340,1360,1350,14,Грамота №1133,От Степана (о пользовании землей),‛От Степана к … … все твое… … серой куницей … … -ушковых детей … … пашешь пар’.,(ѿ ст)епана къ … … [в]хо т[в](ое) … …(к)уно(ӏ с)ѣроӏ … …ушковꙑхъ дѣтеӏ оу]----[з]-[ѿ]реӏ - -- (на паре)[н]ину ꙩрешь,ѿ степана къ [UNK] вхо твое [UNK] куноӏ сѣроӏ [UNK] ушковꙑхъ дѣтеӏ оу [UNK] зѿреӏ - [UNK] на паренину ꙩрешь,20
913,1134,https://gramoty.ru/birchbark/document/show/novgorod/1134/,Новгород,1340‒1360,1340,1360,1350,14,Грамота №1134,От Олексея к брату,‛… от Олексея к брату …’.,… ꙩльксеѧ къ бр(а)[т]… …,[UNK] ꙩльксеѧ къ брат [UNK],5
914,1136,https://gramoty.ru/birchbark/document/show/novgorod/1136/,Новгород,1400‒1410,1400,1410,1405,15,Грамота №1136,Фрагмент челобитной с упоминанием перелога,"{Авторы челобитной могли сообщать, что у них отнимают пашню, а пахать перелог они не смеют без разрешения господина}",…‐ маєть а мꙑ г[н](е) перелогъ …,[UNK] ‐ маєть а мꙑ гне перелогъ [UNK],10
915,1137,https://gramoty.ru/birchbark/document/show/novgorod/1137/,Новгород,1400‒1410,1400,1410,1405,15,Грамота №1137,Письмо о вывозе пойманного вора за пределы Новгородской земли,"‛…Задержали (?), господин, вора над …, и перевезли, господин, за границу до Хотуня, и нельзя, господин, их достать. А вора у них отобрали — как бы [взяли] на поруки, но силой. И срок назначили им явиться на суд в субботу. Так что, господин, прискачи ко мне…’",… …‐ ли гнь ∙ татѧ ∙ над -арин[овꙑ]… …‐ скомъ ∙ ӏ пьрьмчали гн҃ь за робьжь до хоту[нѧ ӏ н]‐ ѣ гн҃ь ∙ ети ӏхъ да татѧ оу [н]и вꙑнѧли рькшь на поруку ано силою да [с]рокъ оучинили в суботу (с)тати ӏмо ӏ нѣ гн҃ь ∙ прискочи ко мнѣ [ӏ] … ю крьсть[цн](ую) …,[UNK] ‐ ли гнь ∙ татѧ ∙ надариновꙑ [UNK] ‐ скомъ ∙ ӏ пьрьмчали гн҃ь за робьжь до хотунѧ ӏ нѣ гн҃ь ∙ ети ӏхъ да татѧ оу ни вꙑнѧли рькшь на поруку ано силою да срокъ оучинили в суботу стати ӏмо ӏ нѣ гн҃ь ∙ прискочи ко мнѣ ӏ [UNK] ю крьстьцную [UNK],62
916,801/802,https://gramoty.ru/birchbark/document/show/novgorod/801/802/,Новгород,1180‒1200,1180,1200,1190,12,Грамота №801/802,Фрагмент письма,"‛От Марты грамота [к …]; … у тебя, выписав из {[такой-то книги] }…’",(покла)нѧнье (ѿ) …[е] къ ж… …- искоу[п]… …съ …- обѣсти…,покланѧнье ѿ [UNK] е къ ж [UNK] - искоуп [UNK] съ [UNK] - обѣсти [UNK],15
917,853/898,https://gramoty.ru/birchbark/document/show/novgorod/853/898/,Новгород,1120‒1140 (с вероятным смещением вперёд),1120,1140,1130,12,Грамота №853/898,Записи Марты: начало письма от Марты,,:+: ѿ мароть грам[от](а) … оу тебе : ис[пь]савъ : и[с] … … …аи т[а]… (…) городьшине,:+: ѿ мароть грамота [UNK] оу тебе : испьсавъ : ис [UNK] аи та [UNK] городьшине,18
918,877/572,https://gramoty.ru/birchbark/document/show/novgorod/877/572/,Новгород,1120‒1140 (с вероятным смещением вперёд),1120,1140,1130,12,Грамота №877/572,"К Петроку (о том, что собрать долги с должников не удалось)","‛От … к Петроку. Ты мне велел взять у Розвадича гривну, [но] он запирается, [говоря]: «[Разве] я (или: [Не] я) совершал с тобой торговые операции! Это [делали] полудикие (= кочевые?) люди, за ними [и] деньги». А я к людям ходил, а люди [денег не] дают. А в Славне (?) не приносит роты ни[кто (?). А что касается того, что] ты велел дать …’ {После разрыва:} ‛… возьми грамоту (или: грамоты) …’",(ѿ) ----- (къ) [пет]ръкоу велѣлъ ми еси оу розвадицѧ възѧ[ти гр](ивьноу) ---(-) (с)ѧ запирае -- [ѧ съ] тобою коуплъ дѣѧлъ то дикати людъе а за ними скотъ а ѧ къ людъмъ хо[д]илъ а лю[дъе] ----- (не въд)[адѧ] а славънъ не ходи ротѣ ни ----------- [ес]и вел[ѣл](ъ) [въда]‐ (ти) … … (въ)[зъм]и грамо(тоу) … (…),ѿ [UNK] къ петръкоу велѣлъ ми еси оу розвадицѧ възѧти гривьноу [UNK] сѧ запирае [UNK] ѧ съ тобою коуплъ дѣѧлъ то дикати людъе а за ними скотъ а ѧ къ людъмъ ходилъ а людъе [UNK] не въдадѧ а славънъ не ходи ротѣ ни [UNK] еси велѣлъ въдати [UNK] възъми грамотоу [UNK],51
919,999,https://gramoty.ru/birchbark/document/show/novgorod/999/,Новгород,1140‒1160 (с вероятным смещением назад),1140,1160,1150,12,Грамота №999,От Луки к отцу (указание высыпать посланное зерно на усадьбе Тудора и продать его в распутицу),"‛От Луки к отцу. Ссыпь зерно у Тудора (т. е. на его усадьбе), а две гривны отдай Якше — возьми две гривны у Тудоровой жены (или вдовы). Да прикажи, чтобы Ляшко продал в распутицу, Тудоров Ляшко. Новоторжских жита и ржи 18 больших котлов, а пшеницы 13 котлов. Измерь же, правильно ли [всё]. И приветствую тебя. А работнику дано … [столько-то и такому-то] 2 ногаты’.",ѿ лоукѣ ко отьцеви вꙑсꙑпли вьрьшь оу тоу‐ дора а :в҃: гривьнѣ въдаи ꙗкъшѣ оу тоудоровѣи [:в҃: г]р[ив]нѣ [възьми] а повели оти прода лѧшьке въ роспоутье тоудорове лѧшьке новотъръжьскꙑхъ и жита и ръжи :и҃:ї: котьлъ великꙑхъ а пшеницѣ г҃ї котьлѣ мѣри же право ли ти есть и цѣлоую тѧ а наимитоу въда[но] -҃----[то]-----------[оу :]в҃: ногатѣ,ѿ лоукѣ ко отьцеви вꙑсꙑпли вьрьшь оу тоудора а :в҃: гривьнѣ въдаи ꙗкъшѣ оу тоудоровѣи :в҃: гривнѣ възьми а повели оти прода лѧшьке въ роспоутье тоудорове лѧшьке новотъръжьскꙑхъ и жита и ръжи :и҃:ї: котьлъ великꙑхъ а пшеницѣ г҃ї котьлѣ мѣри же право ли ти есть и цѣлоую тѧ а наимитоу въдано -҃ [UNK] то [UNK] оу :в҃: ногатѣ,75
920,1029/980,https://gramoty.ru/birchbark/document/show/novgorod/1029/980/,Новгород,1180‒1200 (с вероятным смещением назад),1180,1200,1190,12,Грамота №1029/980,Документ хозяйственного учета,"‛У Жирослава 6 [и] у мужа [Жирославова] взял кадь. У Лазоря кадь. У попа Иванка кадь. У Несды кадь. У ---тковой жены кадь. У Настасьи 2 (или 3, или 4) кадцы. У Семьюновой жены кадь. У Коскиной жены 2 кади. У Нежи 4 кади’.",+ уо жирослава :ѕ҃:: уо муожа возѧль кадь : уо лазорѧ кадь :: уо иванка кдь уо попа :: уо ньсдь кдь : (уо) ---тковье кадь : уо настасие :-҃: кад[ч]ь уо сьмьюнье кдь : уо коскинье :в҃: кади :: уо ньжи :д҃: кди,уо жирослава :ѕ҃:: уо муожа возѧль кадь : уо лазорѧ кадь :: уо иванка кдь уо попа :: уо ньсдь кдь : уо [UNK] тковье кадь : уо настасие :-҃: кадчь уо сьмьюнье кдь : уо коскинье :в҃: кади :: уо ньжи :д҃: кди,60
921,1122/1123,https://gramoty.ru/birchbark/document/show/novgorod/1122/1123/,Новгород,1420‒1430 (с вероятным смещением назад или вперёд),1420,1430,1425,15,Грамота №1122/1123,Черновик завещания Прокопия,"{Должниками Прокопия выступают:} 1) Есип, сын Василия, 2) Илинарх и Иван, дети Иева c Черницыной улицы, 3) Костка, сын Онании, 4) Пугвица с детьми, 5) Осташка с детьми, 6) [неизвестный], брат Максимка, 7) Овдотья, сестра завещателя, 8) Мавура, жена Ены.",прокопью · на єсипи на васильєви снꙑ · полъ четворта рублѧ · на черницини оулици · на илинархи и на єго брати на ивани на ивлелихъ дитехъ · три рубли на костьки · на ѻнаньини дви гривни · да лубъ соли · па[т]ерике да два полти · на пугвици · на є̈и дѣтехъ · полтина · да коробьꙗ ржи · на ѻсташки на єго дѣтехъ · полтина … … …к‐ (- на м)а[кс]имкови б[ра](т)и полторꙑ гривнꙑ кунъ на сести на м[о]є[и] на ꙩвдотьи · полтина (· а) [прик]азꙑваю зѧтю своєму мартушу · на є̈нини жени на мавури · полтори гривни полъ третьи гривнꙑ ⁘,прокопью · на єсипи на васильєви снꙑ · полъ четворта рублѧ · на черницини оулици · на илинархи и на єго брати на ивани на ивлелихъ дитехъ · три рубли на костьки · на ѻнаньини дви гривни · да лубъ соли · патерике да два полти · на пугвици · на є̈и дѣтехъ · полтина · да коробьꙗ ржи · на ѻсташки на єго дѣтехъ · полтина [UNK] к‐ - на максимкови брати полторꙑ гривнꙑ кунъ на сести на моєи на ꙩвдотьи · полтина · а приказꙑваю зѧтю своєму мартушу · на є̈нини жени на мавури · полтори гривни полъ третьи гривнꙑ ⁘,108
922,1138,https://gramoty.ru/birchbark/document/show/novgorod/1138/,Новгород,1320‒1340 (с вероятным смещением назад),1320,1340,1330,14,Грамота №1138,От Селефонта к Спирку (упрек должнику),"‛От Селефонта к Спирку. [Те деньги] с половины рубля, о которых ты объявил, почему до сих пор не прислал [их]?’",ѿ селефо∙нта ∙ къ ∙ спирку что ∙ ѥси ∙ запо∙вѣдалъ ∙ с по∙лу ру‐ блѧ чему ∙ еси не прислалъ,ѿ селефо∙нта ∙ къ ∙ спирку что ∙ ѥси ∙ запо∙вѣдалъ ∙ с по∙лу рублѧ чему ∙ еси не прислалъ,26
923,1139,https://gramoty.ru/birchbark/document/show/novgorod/1139/,Новгород,1100‒1120,1100,1120,1110,12,Грамота №1139,От Коснятина к Пёке (передача взыскания долга),"‛От Коснятина к Пёке. Ты дал Гюряте 5 сорочков, а у меня Гюрята взял 5 сорочков. А возьми там ты [вcю cумму] у Гюряты, а я возьму у тебя’.",отъ къснѧтина къ пькѣ : се въдале еси гюрѧтѣ :е҃: сорочькъ а гюрѧта оу мене възѧле :е҃: сороцькъ : а възьми та‐ мо оу гюрѧтѣ тꙑ а ѧзъ хоцю оу тебе възѧти,отъ къснѧтина къ пькѣ : се въдале еси гюрѧтѣ :е҃: сорочькъ а гюрѧта оу мене възѧле :е҃: сороцькъ : а възьми тамо оу гюрѧтѣ тꙑ а ѧзъ хоцю оу тебе възѧти,37
924,1140,https://gramoty.ru/birchbark/document/show/novgorod/1140/,Новгород,1180‒1200 (с вероятным смещением вперёд),1180,1200,1190,12,Грамота №1140,Фрагмент коллективной петиции с упоминанием голода,"‛… голод, и в лесу нет охоты. Так что нам не с чем было его послать …’",… … …[к]- [голод]е ни [в]о л[ь]с[ь] ло‐ ва а нꙑньча намо н[ь] со чимо его [бꙑ]ло пꙋсти‐ (ти) …,[UNK] кголоде ни во льсь лова а нꙑньча намо нь со чимо его бꙑло пꙋстити [UNK],16
925,1142,https://gramoty.ru/birchbark/document/show/novgorod/1142/,Новгород,1400‒1410 (с вероятным смещением назад или вперёд),1400,1410,1405,15,Грамота №1142,Рядная грамота с упоминанием посулов,,… … [ѡмъ сл]… … (гр)амотѣ и вз… (н)а посулехъ уведаш(асѧ)…и а по семъ … …удьѣ ниц… …,[UNK] ѡмъ сл [UNK] грамотѣ и вз [UNK] на посулехъ уведашасѧ [UNK] и а по семъ [UNK] удьѣ ниц [UNK],20
926,1143,https://gramoty.ru/birchbark/document/show/novgorod/1143/,Новгород,1400‒1410 (с вероятным смещением назад или вперёд),1400,1410,1405,15,Грамота №1143,Сообщение о конфликте,"‘…И Павел взял мех и пошел со двора, [говоря]: “не сердись!”. А Гу(став), осердясь, схватил Павла за волосы…’.",… животъ и павле м[ѣх]- … съ двора не сварись и гу… сѧ да павла за в… …,[UNK] животъ и павле мѣх- [UNK] съ двора не сварись и гу [UNK] сѧ да павла за в [UNK],20
927,1144,https://gramoty.ru/birchbark/document/show/novgorod/1144/,Новгород,1160‒1180 (с вероятным смещением назад),1160,1180,1170,12,Грамота №1144,От Боричка (или Борички) к Доброше (просьба сообщить цену за услуги чиновника),"‛От Боричка (или Борички) грамота к Доброше. Напиши мне грамоту, за сколько дашь отрока’.",отъ борицк грамота къ добро‐ ши на коликѣ хоцеши въдати отрокъ а въспиши ми грамота,отъ борицк грамота къ доброши на коликѣ хоцеши въдати отрокъ а въспиши ми грамота,14
928,1145,https://gramoty.ru/birchbark/document/show/novgorod/1145/,Новгород,1420‒1430 (с вероятным смещением назад или вперёд),1420,1430,1425,15,Грамота №1145,Фрагмент с упоминанием Панея,,… иванович пан[ѣи] … …и здѣсе изꙑмал …,[UNK] иванович панѣи [UNK] и здѣсе изꙑмал [UNK],8
929,1146,https://gramoty.ru/birchbark/document/show/novgorod/1146/,Новгород,1420‒1430 (с вероятным смещением назад или вперёд),1420,1430,1425,15,Грамота №1146,Долговая запись,,... (кор)‐ (об)[иӏ] ржи на петрѣ на [в](аси)‐ левѣ на велицковѣ ру[бль] на смонкѣ на захарьӏнѣ [за] мхомъ полътора рублѧ на на‐ умѣ на курилови полътора р‐ ублѧ на молвот[и](цехъ),[UNK] коробиӏ ржи на петрѣ на василевѣ на велицковѣ рубль на смонкѣ на захарьӏнѣ за мхомъ полътора рублѧ на наумѣ на курилови полътора рублѧ на молвотицехъ,26
930,1147,https://gramoty.ru/birchbark/document/show/novgorod/1147/,Новгород,1420‒1430 (с вероятным смещением назад или вперёд),1420,1430,1425,15,Грамота №1147,"Обещание вернуть долг, деловые указания","‘…Дай его Фёфану. А то, что я тебе должен, — пять с половиной семниц, — это тебе будет. А я тебе бью челом’.",… даӏ ѥго [∙] фофану ∙ а цимъ ∙ ѥсмь ∙ тоби виновате ∙ пол[ъ] шести (∙) семниц‐ и ∙ а то тебе ∙ буде ∙ а [к] тоби ∙ цоло би‐ ю ∙:∙,[UNK] даӏ ѥго ∙ фофану ∙ а цимъ ∙ ѥсмь ∙ тоби виновате ∙ полъ шести ∙ семници ∙ а то тебе ∙ буде ∙ а к тоби ∙ цоло бию ∙:∙,34
931,1148,https://gramoty.ru/birchbark/document/show/novgorod/1148/,Новгород,1420‒1430 (с вероятным смещением назад или вперёд),1420,1430,1425,15,Грамота №1148,Список имен для раздачи рыбы,"‘Сергию лосось, Юрью лосось, [попу] Микулиньскому лосось. Лазарю коробочка икры и форель, Зехну форель и сушеной рыбы, и Федору форель. Чернице лосось, Степаниде лосось, сторожу Семену лосось’.",серькию ∙ лосось ∙ юрью лосось [мику]‐ линьскому лосось лазорю короб‐ оцка ӏкри да торпица зехъну торпицѧ да сухꙑхъ ∙ да федору т‐ орпицѧ церници{ѧ} лосось ∙ степани‐ ди лосось ∙ сторожю смену лосось,серькию ∙ лосось ∙ юрью лосось микулиньскому лосось лазорю коробоцка ӏкри да торпица зехъну торпицѧ да сухꙑхъ ∙ да федору торпицѧ церници лосось ∙ степаниди лосось ∙ сторожю смену лосось,30
932,1149,https://gramoty.ru/birchbark/document/show/novgorod/1149/,Новгород,1420‒1430 (с вероятным смещением назад),1420,1430,1425,15,Грамота №1149,Поручение зайти в дом автора в его отсутствие,"‘…над печкой. И возьми [2-4] деньги за дверьми. И кланяйся всем (моим братьям), а у шурина своего Павла возьми полтора (рубля)'.",… … [на]д[ъ п](е)[ць]к[о]- … … (де)‐ [ньг]и за дверьми а вхо[ӏ] клани(сѧ) … а у павла в шурина своего возми полътора …,[UNK] надъ пецько- [UNK] деньги за дверьми а вхоӏ кланисѧ [UNK] а у павла в шурина своего возми полътора [UNK],21
933,1150,https://gramoty.ru/birchbark/document/show/novgorod/1150/,Новгород,1180‒1200 (с вероятным смещением назад или вперёд),1180,1200,1190,12,Грамота №1150,Фрагмент списка с упоминанием чаши,,[ꙋ] фелара чаша . ꙋ брата его [ч]… (…),ꙋ фелара чаша . ꙋ брата его ч [UNK],9
934,1151,https://gramoty.ru/birchbark/document/show/novgorod/1151/,Новгород,1160‒1180 (с вероятным смещением назад или вперёд),1160,1180,1170,12,Грамота №1151,"От Волилы к Ставру (упрек адресатам, уехавшим из города не расплатившись)","‘От Волилы к Ставру. Вы уехали из города, не заплатив денег. А надо было вам (заплатить) деньги… {далее возможна реконструкция:} и (забрать) вашего сына. (Если не пришлете) мне деньги, я возьму деньги с (такого-то)’.",+ ѡ : волиле ко ста[в](орови по)‐ шеле есте из города (коуно не) водавоше а вамо б(ꙑло вода)‐ ти коу во [г](о)[роде да] … ваше с… мне коун- … коуне : во…,ѡ : волиле ко ставорови пошеле есте из города коуно не водавоше а вамо бꙑло водати коу во городе да [UNK] ваше с [UNK] мне коун- [UNK] коуне : во [UNK],32
935,1152,https://gramoty.ru/birchbark/document/show/novgorod/1152/,Новгород,1160‒1180 (с вероятным смещением назад или вперёд),1160,1180,1170,12,Грамота №1152,Мытная запись о товаре торопчанина,‘У торопчанина на двух возах по пяти пудов и по три берковца…’.,оу торопьчанина на довоу во[з]оу по п[ѧти] поу[дово] и по три бь[р]ьк[овьск]- ---------оч[ьк]- …,оу торопьчанина на довоу возоу по пѧти поудово и по три бьрьковьск- [UNK] очьк- [UNK],17
936,1153,https://gramoty.ru/birchbark/document/show/novgorod/1153/,Новгород,1260‒1280 (с вероятным смещением назад),1260,1280,1270,13,Грамота №1153,"От жены к Борису (сообщение о задержании семьи Бориса князем, требование прибыть к сроку на судебное разбирательство)","‘Поклон от жены к Борису. Прибудь сюда к [назначенному] сроку на Воздвижение. Если не прибудешь, [знай:] жену и детей захватил князь. А вызволил меня, поручившись, зять (при другой трактовке: Нежата), и Лазарь, и Глеб, и срок назначили. Прибудь сюда’. {Приписка на обороте:} ‘А князь говорит так: «Я совершу суд, уменьшив [размер наказания]’.",поклоно ѿ женꙑ ко борисоу боу[ди] семо (ко) зарокоу на воздвижение ажь тꙑ не боуши [си] жоноу ӏ дети {к}кнѧжь поӏмало а вꙑроуцило не зѧт- ӏ лазаре ӏ глебо ӏ зароко оуцинили боуди сьм[о] на обороте: ӏли не а кнѧже молви тако ѧ срѧжю а оуме[н]‐ ша,поклоно ѿ женꙑ ко борисоу боуди семо ко зарокоу на воздвижение ажь тꙑ не боуши си жоноу ӏ дети кнѧжь поӏмало а вꙑроуцило не зѧтӏ лазаре ӏ глебо ӏ зароко оуцинили боуди сьмо на обороте: ӏли не а кнѧже молви тако ѧ срѧжю а оуменша,46
937,1155,https://gramoty.ru/birchbark/document/show/novgorod/1155/,Новгород,1420‒1430 (с вероятным смещением назад или вперёд),1420,1430,1425,15,Грамота №1155,Фрагмент челобитной «господарю» о непосильном оброке,"‘…а нам, господин, дать [это] силы нет. А мы тебе, своему господарю, много бьем челом’.",… … а намъ ꙩспо[д]ене дать силѣ нѣтъ . а … (сво)[е]му ꙩсподарю мно[г]о целомь бь[ѥ](мъ),[UNK] а намъ ꙩсподене дать силѣ нѣтъ . а [UNK] своему ꙩсподарю много целомь бьѥмъ,15
938,1156,https://gramoty.ru/birchbark/document/show/novgorod/1156/,Новгород,1400‒1410 (с вероятным смещением назад),1400,1410,1405,15,Грамота №1156,Деловые указания,"‘…, ты об этом позаботься: веди… . А что будет расходов, это (я тебе возмещу)’",… …о . ӏ тꙑ ꙩ томо попецалуӏ . веди … [цто д]оспиѥц протор(ово) . в томо (…),[UNK] о . ӏ тꙑ ꙩ томо попецалуӏ . веди [UNK] цто доспиѥц проторово . в томо [UNK],18
939,1157,https://gramoty.ru/birchbark/document/show/novgorod/1157/,Новгород,1240‒1260 (с вероятным смещением вперёд),1240,1260,1250,13,Грамота №1157,"Список ремесленных изделий, причитающихся с разных лиц","‘У жены Хотьжира — 2 бусины, у жены Спиридона — два локтя домотканого холста, у Прокши с Михеем — две пары передков’.",ꙋ ходжировѣи ⋮в⋮ глазнѣча ꙋ спиридано‐ вѣи ⋮в⋮ локти непрѣ ꙋ прокшѣ со михѣеме ¦в¦и передкѣ,ꙋ ходжировѣи ⋮в⋮ глазнѣча ꙋ спиридановѣи ⋮в⋮ локти непрѣ ꙋ прокшѣ со михѣеме ¦в¦и передкѣ,22
940,1158,https://gramoty.ru/birchbark/document/show/novgorod/1158/,Новгород,1380‒1400 (с вероятным смещением назад),1380,1400,1390,14,Грамота №1158,От Онуфрия к Петру (или Дмитру) (просьба приехать за зерном),"{Возможная реконструкция:} ‘Приказ от Онуфрия к Петру. Озаботься, …, приезжай Великим постом, дам тебе пшеницы’",(п)рик[а](з)о [ѿ] ꙩнуѳр(иѧ к) …‐ тру понабол[ьс](ѧ) … …‐ [є]ди жь [ꙩ] вели по… пшьници тоби,приказо ѿ ꙩнуѳриѧ к [UNK] ‐ тру понабольсѧ [UNK] ‐ єди жь ꙩ вели по [UNK] пшьници тоби,18
941,1159,https://gramoty.ru/birchbark/document/show/novgorod/1159/,Новгород,1400‒1410,1400,1410,1405,15,Грамота №1159,Фрагмент купчей грамоты,,…[л]ому [го]роду [и] капусту … [н]а то послухо,[UNK] лому городу и капусту [UNK] на то послухо,9
942,1160,https://gramoty.ru/birchbark/document/show/novgorod/1160/,Новгород,1430‒1450,1430,1450,1440,15,Грамота №1160,Фрагмент документа с именем Демьяна Яковлича,Демьян Яковлич,… … демь·ѧне ѧколиць,[UNK] демь·ѧне ѧколиць,5
943,1161,https://gramoty.ru/birchbark/document/show/novgorod/1161/,Новгород,1280‒1300,1280,1300,1290,13,Грамота №1161,Фрагмент с именем Микифора,,… [м]икифо(р)… … …мене [а] ѡ…,[UNK] микифор [UNK] мене а ѡ [UNK],7
944,1162,https://gramoty.ru/birchbark/document/show/novgorod/1162/,Новгород,1280‒1300 (с вероятным смещением вперёд),1280,1300,1290,13,Грамота №1162,Фрагмент письма к феодалу,‘… У нас занемог Микула… … будем все (?) у тебя на поле…’.,… [ꙋ н]асо неможете микула … (б)[у]демо ꙋ тебе на поли в… …адꙑ т[в]…,[UNK] ꙋ насо неможете микула [UNK] будемо ꙋ тебе на поли в [UNK] адꙑ тв [UNK],16
945,1163,https://gramoty.ru/birchbark/document/show/novgorod/1163/,Новгород,1300‒1320 (с вероятным смещением вперёд),1300,1320,1310,14,Грамота №1163,От Ондрея к Ивану и Микифору (просьба заплатить компенсацию за крестьян),"‘Поклон от Ондрея к Ивану и к Микифору. Про деньги: заплати за нас выкуп, господин: деньги твои не пропадут. А я тебе бью челом’.",поклоне ѿ ꙩндреꙗ · к ѥва · и к микифору про · [с](е)‐ [ре]бро · ѡкупи · ꙩсподине · насъ · сере[б](р)о (тв‐ оѥ) [н]е погинеть · а ꙗзъ · тоб(ѣ чело бию),поклоне ѿ ꙩндреꙗ · к ѥва · и к микифору про · серебро · ѡкупи · ꙩсподине · насъ · серебро твоѥ не погинеть · а ꙗзъ · тобѣ чело бию,31
946,1164,https://gramoty.ru/birchbark/document/show/novgorod/1164/,Новгород,1340‒1360,1340,1360,1350,14,Грамота №1164,Разверстка податных участков,"‘От Родивана (Родиона) до Луки — 10, от Матфея до Коленца — 10, от Пантелея до Курьего — 10, от Курьего до Перекола — 10, от Перекола до святого Ильи — 10, от Святого Ильи до Вожан — 10, от Вожан до села Федора Жидкого — 10’.",ѿ родивана до луки ·ӏ҃· ѿ матфиѧ до колинца ·ӏ҃· · ѿ пѧнтелиꙗ̈ · до курьѥго ӏ҃ : ѿ курьѥго · до перькола ·ӏ҃ : ѿ перекола до ӥлиӥ ст҃ого ӏ҃· ѿ ӥлиӥ ст҃го · до вожанъ · ӏ҃· ѿ вожанъ до федорова села житкого ·ӏ҃·,ѿ родивана до луки ·ӏ҃· ѿ матфиѧ до колинца ·ӏ҃· · ѿ пѧнтелиꙗ̈ · до курьѥго ӏ҃ : ѿ курьѥго · до перькола ·ӏ҃ : ѿ перекола до ӥлиӥ ст҃ого ӏ҃· ѿ ӥлиӥ ст҃го · до вожанъ · ӏ҃· ѿ вожанъ до федорова села житкого ·ӏ҃·,73
947,1165,https://gramoty.ru/birchbark/document/show/novgorod/1165/,Новгород,1450‒1500 (с вероятным смещением вперёд),1450,1500,1475,15,Грамота №1165,Долговой список,"‘У Овсея четвертка ржи, у … три четвертки ржи, у Степка [прозвище] три четвертки ржи, у Павловых детей, у Федора [прозвище] две коробьи ржи, у Игната четвертка ржи, у Попка (?) четвертка ржи’",ув ов[си]ꙗ [це](тве)[рк](а) [рж](и) … три цетверки ржи у степка у … (т)‐ ри цетверки ржи у п[авл]овꙑх[ъ] … (т)‐ ри ц[е]тверки ржи у федора (у … д)‐ ви коробьѥ ржи ув ꙑгна[т](а цетвер)‐ ка ржи у п-[п]-- [це](тверка ржи),ув овсиꙗ цетверка ржи [UNK] три цетверки ржи у степка у [UNK] три цетверки ржи у павловꙑхъ [UNK] три цетверки ржи у федора у [UNK] дви коробьѥ ржи ув ꙑгната цетверка ржи у пп [UNK] цетверка ржи,37
948,1166,https://gramoty.ru/birchbark/document/show/novgorod/1166/,Новгород,1300‒1320 (с вероятным смещением назад или вперёд),1300,1320,1310,14,Грамота №1166,Фрагмент с именем Пянтелеевой жены,"‘… жена (вдова) Пантелея, жена (вдова) Осипа…’ ({менее вероятно}: ‘жена (вдова) Пантелея Осипова’)",… пѧн[е]тьлиѥваѧ ѡсипо[в]а(ѧ) (…) …[оуха]…,[UNK] пѧнетьлиѥваѧ ѡсиповаѧ [UNK] оуха [UNK],6
949,1168,https://gramoty.ru/birchbark/document/show/novgorod/1168/,Новгород,1360‒1380 (с вероятным смещением вперёд),1360,1380,1370,14,Грамота №1168,Фрагмент документа с перечнем свидетелей,"‘… Давыд Парфин с двоюродным братом, Лука Иванов’",… (дав)‐ ꙑдъ парфинъ з братаномъ лука ванов(-),[UNK] давꙑдъ парфинъ з братаномъ лука ванов-,8
950,1169,https://gramoty.ru/birchbark/document/show/novgorod/1169/,Новгород,1360‒1380 (с вероятным смещением назад или вперёд),1360,1380,1370,14,Грамота №1169,"Послание к «помужникам и скотникам» (о том, что посыльного было не с чем отправить)","‘…, к … детям, и к Якуновым детям, и к Иевлевым детям, и ко всем помужникам и ко всем скотникам. Много кланяемся вам в связи с тем, что в этот раз посыльный к вам не поехал, поскольку нет у нас ни денег, ни чего иного. А мы…’",… детемъ · и ко ꙗкуновꙑмъ · детем(ъ · и ко иѥ)‐ [л]имъ детемъ · и ко{и} всимъ · помужьникамъ · и к(о всимъ) скотника · вамъ · ѡ̈ томъ · много · кланѧѥмсѧ [ѥ](же) ---- ѥстьчь · не ѥхале · занеже · кунъ · у насъ (нету ни иного) [цего] а мꙑ …,[UNK] детемъ · и ко ꙗкуновꙑмъ · детемъ · и ко иѥлимъ детемъ · и ко всимъ · помужьникамъ · и ко всимъ скотника · вамъ · ѡ̈ томъ · много · кланѧѥмсѧ ѥже [UNK] ѥстьчь · не ѥхале · занеже · кунъ · у насъ нету ни иного цего а мꙑ [UNK],54
951,1170,https://gramoty.ru/birchbark/document/show/novgorod/1170/,Новгород,1380‒1400,1380,1400,1390,14,Грамота №1170,Протокол судебного заседания перед боярами,"{С конъектурами:} ‘…[Федо]р сказал: этот Сим[он] (сказал … ) перед боярами: «Я не был вязан и [бит]». Если не бит и заявил об этом, то я теперь (поеду) в город и, дорядив рядцов, … ’",… …‐ ръ рьце сеи си… педъ боѧрꙑ не вѧзанъ ѥсмь ни … …‐ лъ ѡже не битъ а реклъ тако ꙗ… …‐ не в городъ и дорѧд… …‐ цевъ … …,[UNK] ‐ ръ рьце сеи си [UNK] педъ боѧрꙑ не вѧзанъ ѥсмь ни [UNK] ‐ лъ ѡже не битъ а реклъ тако ꙗ [UNK] ‐ не в городъ и дорѧд [UNK] ‐ цевъ [UNK],34
952,1171,https://gramoty.ru/birchbark/document/show/novgorod/1171/,Новгород,1420‒1430 (с вероятным смещением назад),1420,1430,1425,15,Грамота №1171,От Трухи и бродских крестьян госпоже Анне и господам Ондрею и Олександру (жалоба на посадничьего человека Степанца),"‘Госпоже Анне, и господину Андрею, и Александру бьет челом Труха и крестьяне бродские. Господа, нам нанес ущерб посадничий Степанец: схватив Кондратка, взял с него (рубль), а с Онуфрейка три рубля…’",гж҃е · анѣ целомъ бие · труха · и хрт҃нѣ · бр‐ оцкии ·· и гн҃у · ѻ·ндрѣю и · ѻ·лександру · ѻ·спо‐ до изъбижени есмѧ · ѻт · степанца · ѻт · поса‐ дница · изима·въ кондратка · взѧлъ на немъ · ---- (а на ѻ)[нуфр]ѣикѣ ·г· рубри ро…,гж҃е · анѣ целомъ бие · труха · и хрт҃нѣ · броцкии ·· и гн҃у · ѻ·ндрѣю и · ѻ·лександру · ѻ·сподо изъбижени есмѧ · ѻт · степанца · ѻт · посадница · изима·въ кондратка · взѧлъ на немъ · [UNK] а на ѻнуфрѣикѣ ·г· рубри ро [UNK],65
953,1172,https://gramoty.ru/birchbark/document/show/novgorod/1172/,Новгород,1180‒1200,1180,1200,1190,12,Грамота №1172,От Тудора к Олекше (просьба продать шелк),"‘От Тудора к Олекше. Продай [весь] шелк, на подходе большая партия’.",`+ ѿ тоудора к алѣкъши продае шидоу [в]… идеть ти монаго,ѿ тоудора к алѣкъши продае шидоу в [UNK] идеть ти монаго,11
